INSERT INTO Modifiers(ModifierId, ModifierType, OwnerRequirementSetId, SubjectRequirementSetId) VALUES
('SLTH_VAULT_EMPTY_AMENITY_MODIFIER', 'MODIFIER_PLAYER_CITIES_ADJUST_POLICY_AMENITY', NULL, 'SLTH_VAULT_EMPTY_REQ_SET'),
('SLTH_VAULT_LOW_AMENITY_MODIFIER', 'MODIFIER_PLAYER_CITIES_ADJUST_POLICY_AMENITY', NULL, 'SLTH_VAULT_LOW_REQ_SET'),
('SLTH_VAULT_STOCKED_AMENITY_MODIFIER', 'MODIFIER_PLAYER_CITIES_ADJUST_POLICY_AMENITY', NULL, 'SLTH_VAULT_STOCKED_REQ_SET'),
('SLTH_VAULT_ABUNDANT_PROD_MODIFIER', 'MODIFIER_PLAYER_CITIES_ADJUST_CITY_YIELD_MODIFIER', NULL, 'SLTH_VAULT_ABUNDANT_REQ_SET'),
('SLTH_VAULT_ABUNDANT_AMENITY_MODIFIER', 'MODIFIER_PLAYER_CITIES_ADJUST_POLICY_AMENITY', NULL, 'SLTH_VAULT_ABUNDANT_REQ_SET'),
('SLTH_VAULT_FULL_PROD_MODIFIER', 'MODIFIER_PLAYER_CITIES_ADJUST_CITY_YIELD_MODIFIER', NULL, 'SLTH_VAULT_FULL_REQ_SET'),
('SLTH_VAULT_OVERFLOWING_PROD_MODIFIER', 'MODIFIER_PLAYER_CITIES_ADJUST_CITY_YIELD_MODIFIER', NULL, 'SLTH_VAULT_OVERFLOWING_REQ_SET'),
('SLTH_VAULT_OVERFLOWING_AMENITY_MODIFIER', 'MODIFIER_PLAYER_CITIES_ADJUST_POLICY_AMENITY', NULL, 'SLTH_VAULT_OVERFLOWING_REQ_SET'),
('SLTH_VAULT_OVERFLOWING_GPP_MODIFIER', 'MODIFIER_PLAYER_CITIES_ADJUST_GREAT_PERSON_POINT_BONUS', NULL, 'SLTH_VAULT_OVERFLOWING_REQ_SET');

INSERT INTO ModifierArguments(ModifierId, Name, Type, Value) VALUES
('SLTH_VAULT_ABUNDANT_PROD_MODIFIER', 'YieldType', 'ARGTYPE_IDENTITY', 'YIELD_PRODUCTION'),
('SLTH_VAULT_ABUNDANT_PROD_MODIFIER', 'Amount', 'ARGTYPE_IDENTITY', '10'),
('SLTH_VAULT_FULL_PROD_MODIFIER', 'YieldType', 'ARGTYPE_IDENTITY', 'YIELD_PRODUCTION'),
('SLTH_VAULT_FULL_PROD_MODIFIER', 'Amount', 'ARGTYPE_IDENTITY', '15'),
('SLTH_VAULT_OVERFLOWING_PROD_MODIFIER', 'YieldType', 'ARGTYPE_IDENTITY', 'YIELD_PRODUCTION'),
('SLTH_VAULT_OVERFLOWING_PROD_MODIFIER', 'Amount', 'ARGTYPE_IDENTITY', '15'),
('SLTH_VAULT_EMPTY_AMENITY_MODIFIER', 'Amount', 'ARGTYPE_IDENTITY', '-2'),
('SLTH_VAULT_LOW_AMENITY_MODIFIER', 'Amount', 'ARGTYPE_IDENTITY', '-1'),
('SLTH_VAULT_STOCKED_AMENITY_MODIFIER', 'Amount', 'ARGTYPE_IDENTITY', '1'),
('SLTH_VAULT_ABUNDANT_AMENITY_MODIFIER', 'Amount', 'ARGTYPE_IDENTITY', '1'),
('SLTH_VAULT_OVERFLOWING_AMENITY_MODIFIER', 'Amount', 'ARGTYPE_IDENTITY', '1'),
('SLTH_VAULT_OVERFLOWING_GPP_MODIFIER', 'Amount', 'ARGTYPE_IDENTITY', '25');

INSERT INTO TraitModifiers(TraitType, ModifierId) VALUES
('SLTH_TRAIT_CIVILIZATION_KHAZAD_COOL', 'SLTH_VAULT_EMPTY_AMENITY_MODIFIER'),
('SLTH_TRAIT_CIVILIZATION_KHAZAD_COOL', 'SLTH_VAULT_LOW_AMENITY_MODIFIER'),
('SLTH_TRAIT_CIVILIZATION_KHAZAD_COOL', 'SLTH_VAULT_STOCKED_AMENITY_MODIFIER'),
('SLTH_TRAIT_CIVILIZATION_KHAZAD_COOL', 'SLTH_VAULT_ABUNDANT_AMENITY_MODIFIER'),
('SLTH_TRAIT_CIVILIZATION_KHAZAD_COOL', 'SLTH_VAULT_ABUNDANT_PROD_MODIFIER'),
('SLTH_TRAIT_CIVILIZATION_KHAZAD_COOL', 'SLTH_VAULT_FULL_PROD_MODIFIER'),
('SLTH_TRAIT_CIVILIZATION_KHAZAD_COOL', 'SLTH_VAULT_OVERFLOWING_PROD_MODIFIER'),
('SLTH_TRAIT_CIVILIZATION_KHAZAD_COOL', 'SLTH_VAULT_OVERFLOWING_AMENITY_MODIFIER'),
('SLTH_TRAIT_CIVILIZATION_KHAZAD_COOL', 'SLTH_VAULT_OVERFLOWING_GPP_MODIFIER');

INSERT INTO RequirementSets(RequirementSetId, RequirementSetType) VALUES
('SLTH_VAULT_EMPTY_REQ_SET', 'REQUIREMENTSET_TEST_ALL'),
('SLTH_VAULT_LOW_REQ_SET', 'REQUIREMENTSET_TEST_ALL'),
('SLTH_VAULT_STOCKED_REQ_SET', 'REQUIREMENTSET_TEST_ALL'),
('SLTH_VAULT_ABUNDANT_REQ_SET', 'REQUIREMENTSET_TEST_ALL'),
('SLTH_VAULT_FULL_REQ_SET', 'REQUIREMENTSET_TEST_ALL'),
('SLTH_VAULT_OVERFLOWING_REQ_SET', 'REQUIREMENTSET_TEST_ALL');

INSERT INTO RequirementSetRequirements(RequirementSetId, RequirementId) VALUES
('SLTH_VAULT_EMPTY_REQ_SET', 'SLTH_REQUIREMENT_VAULT_EMPTY'),
('SLTH_VAULT_EMPTY_REQ_SET', 'SLTH_REQUIREMENT_VAULT_NOT_LOW'),
('SLTH_VAULT_LOW_REQ_SET', 'SLTH_REQUIREMENT_VAULT_LOW'),
('SLTH_VAULT_LOW_REQ_SET', 'SLTH_REQUIREMENT_VAULT_NOT_NORMAL'),
('SLTH_VAULT_STOCKED_REQ_SET', 'SLTH_REQUIREMENT_VAULT_STOCKED'),
('SLTH_VAULT_ABUNDANT_REQ_SET', 'SLTH_REQUIREMENT_VAULT_ABUNDANT'),
('SLTH_VAULT_FULL_REQ_SET', 'SLTH_REQUIREMENT_VAULT_FULL'),
('SLTH_VAULT_OVERFLOWING_REQ_SET', 'SLTH_REQUIREMENT_VAULT_OVERFLOWING');

INSERT INTO Requirements(RequirementId, RequirementType) VALUES
('SLTH_REQUIREMENT_VAULT_EMPTY', 'REQUIREMENT_PLOT_PROPERTY_MATCHES'),
('SLTH_REQUIREMENT_VAULT_LOW', 'REQUIREMENT_PLOT_PROPERTY_MATCHES'),
('SLTH_REQUIREMENT_VAULT_NORMAL', 'REQUIREMENT_PLOT_PROPERTY_MATCHES'),
('SLTH_REQUIREMENT_VAULT_STOCKED', 'REQUIREMENT_PLOT_PROPERTY_MATCHES'),
('SLTH_REQUIREMENT_VAULT_ABUNDANT', 'REQUIREMENT_PLOT_PROPERTY_MATCHES'),
('SLTH_REQUIREMENT_VAULT_FULL', 'REQUIREMENT_PLOT_PROPERTY_MATCHES'),
('SLTH_REQUIREMENT_VAULT_OVERFLOWING', 'REQUIREMENT_PLOT_PROPERTY_MATCHES');

INSERT INTO RequirementArguments(RequirementId, Name, Value) VALUES
('SLTH_REQUIREMENT_VAULT_EMPTY', 'PropertyName','vault_level'),
('SLTH_REQUIREMENT_VAULT_EMPTY', 'PropertyMinimum','1'),
('SLTH_REQUIREMENT_VAULT_LOW', 'PropertyName','vault_level'),
('SLTH_REQUIREMENT_VAULT_LOW', 'PropertyMinimum','2'),
('SLTH_REQUIREMENT_VAULT_NORMAL', 'PropertyName','vault_level'),
('SLTH_REQUIREMENT_VAULT_NORMAL', 'PropertyMinimum','3'),
('SLTH_REQUIREMENT_VAULT_STOCKED', 'PropertyName','vault_level'),
('SLTH_REQUIREMENT_VAULT_STOCKED', 'PropertyMinimum','4'),
('SLTH_REQUIREMENT_VAULT_ABUNDANT', 'PropertyName','vault_level'),
('SLTH_REQUIREMENT_VAULT_ABUNDANT', 'PropertyMinimum','5'),
('SLTH_REQUIREMENT_VAULT_FULL', 'PropertyName','vault_level'),
('SLTH_REQUIREMENT_VAULT_FULL', 'PropertyMinimum','6'),
('SLTH_REQUIREMENT_VAULT_OVERFLOWING', 'PropertyName','vault_level'),
('SLTH_REQUIREMENT_VAULT_OVERFLOWING', 'PropertyMinimum','7');

INSERT INTO Requirements(RequirementId, RequirementType, Inverse) VALUES
('SLTH_REQUIREMENT_VAULT_NOT_LOW', 'REQUIREMENT_PLOT_PROPERTY_MATCHES', 1),
('SLTH_REQUIREMENT_VAULT_NOT_NORMAL', 'REQUIREMENT_PLOT_PROPERTY_MATCHES', 1);

INSERT INTO RequirementArguments(RequirementId, Name, Value) VALUES
('SLTH_REQUIREMENT_VAULT_NOT_LOW', 'PropertyName','vault_level'),
('SLTH_REQUIREMENT_VAULT_NOT_LOW', 'PropertyMinimum','2'),
('SLTH_REQUIREMENT_VAULT_NOT_NORMAL', 'PropertyName','vault_level'),
('SLTH_REQUIREMENT_VAULT_NOT_NORMAL', 'PropertyMinimum','3');