-- Attempt at tagging units for mana spells
INSERT INTO TraitModifiers(TraitType, ModifierId) VALUES
('TRAIT_LEADER_MAJOR_CIV', 'MODIFIER_RESOURCE_MANA_DEATH'),
('TRAIT_LEADER_MAJOR_CIV', 'TRAIT_RESOURCE_MANA_DEATH_ABILITY_GRANT_SPELL'),
('TRAIT_LEADER_MAJOR_CIV', 'MODIFIER_RESOURCE_MANA_FIRE'),
('TRAIT_LEADER_MAJOR_CIV', 'TRAIT_RESOURCE_MANA_FIRE_ABILITY_GRANT_SPELL'),
('TRAIT_LEADER_MAJOR_CIV', 'MODIFIER_RESOURCE_MANA_AIR'),
('TRAIT_LEADER_MAJOR_CIV', 'TRAIT_RESOURCE_MANA_AIR_ABILITY_GRANT_SPELL'),
('TRAIT_LEADER_MAJOR_CIV', 'MODIFIER_RESOURCE_MANA_BODY'),
('TRAIT_LEADER_MAJOR_CIV', 'TRAIT_RESOURCE_MANA_BODY_ABILITY_GRANT_SPELL'),
('TRAIT_LEADER_MAJOR_CIV', 'MODIFIER_RESOURCE_MANA_CHAOS'),
('TRAIT_LEADER_MAJOR_CIV', 'TRAIT_RESOURCE_MANA_CHAOS_ABILITY_GRANT_SPELL'),
('TRAIT_LEADER_MAJOR_CIV', 'MODIFIER_RESOURCE_MANA_EARTH'),
('TRAIT_LEADER_MAJOR_CIV', 'TRAIT_RESOURCE_MANA_EARTH_ABILITY_GRANT_SPELL'),
('TRAIT_LEADER_MAJOR_CIV', 'MODIFIER_RESOURCE_MANA_ENCHANTMENT'),
('TRAIT_LEADER_MAJOR_CIV', 'TRAIT_RESOURCE_MANA_ENCHANTMENT_ABILITY_GRANT_SPELL'),
('TRAIT_LEADER_MAJOR_CIV', 'MODIFIER_RESOURCE_MANA_ENTROPY'),
('TRAIT_LEADER_MAJOR_CIV', 'TRAIT_RESOURCE_MANA_ENTROPY_ABILITY_GRANT_SPELL'),
('TRAIT_LEADER_MAJOR_CIV', 'MODIFIER_RESOURCE_MANA_ICE'),
('TRAIT_LEADER_MAJOR_CIV', 'TRAIT_RESOURCE_MANA_ICE_ABILITY_GRANT_SPELL'),
('TRAIT_LEADER_MAJOR_CIV', 'MODIFIER_RESOURCE_MANA_LAW'),
('TRAIT_LEADER_MAJOR_CIV', 'TRAIT_RESOURCE_MANA_LAW_ABILITY_GRANT_SPELL'),
('TRAIT_LEADER_MAJOR_CIV', 'MODIFIER_RESOURCE_MANA_LIFE'),
('TRAIT_LEADER_MAJOR_CIV', 'TRAIT_RESOURCE_MANA_LIFE_ABILITY_GRANT_SPELL'),
('TRAIT_LEADER_MAJOR_CIV', 'MODIFIER_RESOURCE_MANA_METAMAGIC'),
('TRAIT_LEADER_MAJOR_CIV', 'TRAIT_RESOURCE_MANA_METAMAGIC_ABILITY_GRANT_SPELL'),
('TRAIT_LEADER_MAJOR_CIV', 'MODIFIER_RESOURCE_MANA_MIND'),
('TRAIT_LEADER_MAJOR_CIV', 'TRAIT_RESOURCE_MANA_MIND_ABILITY_GRANT_SPELL'),
('TRAIT_LEADER_MAJOR_CIV', 'MODIFIER_RESOURCE_MANA_NATURE'),
('TRAIT_LEADER_MAJOR_CIV', 'TRAIT_RESOURCE_MANA_NATURE_ABILITY_GRANT_SPELL'),
('TRAIT_LEADER_MAJOR_CIV', 'MODIFIER_RESOURCE_MANA_SPIRIT'),
('TRAIT_LEADER_MAJOR_CIV', 'TRAIT_RESOURCE_MANA_SPIRIT_ABILITY_GRANT_SPELL'),
('TRAIT_LEADER_MAJOR_CIV', 'MODIFIER_RESOURCE_MANA_WATER'),
('TRAIT_LEADER_MAJOR_CIV', 'TRAIT_RESOURCE_MANA_WATER_ABILITY_GRANT_SPELL'),
('TRAIT_LEADER_MAJOR_CIV', 'MODIFIER_RESOURCE_MANA_SUN'),
('TRAIT_LEADER_MAJOR_CIV', 'TRAIT_RESOURCE_MANA_SUN_ABILITY_GRANT_SPELL'),
('TRAIT_LEADER_MAJOR_CIV', 'MODIFIER_RESOURCE_MANA_SHADOW'),
('TRAIT_LEADER_MAJOR_CIV', 'TRAIT_RESOURCE_MANA_SHADOW_ABILITY_GRANT_SPELL'),
('TRAIT_LEADER_MAJOR_CIV', 'MODIFIER_RESOURCE_IRON');

INSERT INTO TypeTags(Type, Tag) VALUES
('CHANNELING_ABILITY_PROMOTION_CHANNELING1', 'CLASS_ADEPT'),
('CHANNELING_ABILITY_PROMOTION_CHANNELING2', 'CLASS_ADEPT'),
('CHANNELING_ABILITY_PROMOTION_CHANNELING3', 'CLASS_ADEPT'),
('CHANNELING_ABILITY_PROMOTION_DEXTEROUS', 'CLASS_RANGED'),
('RESOURCE_MANA_DEATH_ABILITY_GRANT_SPELL', 'CLASS_ADEPT'),
('RESOURCE_MANA_FIRE_ABILITY_GRANT_SPELL', 'CLASS_ADEPT'),
('RESOURCE_MANA_AIR_ABILITY_GRANT_SPELL', 'CLASS_ADEPT'),
('RESOURCE_MANA_BODY_ABILITY_GRANT_SPELL', 'CLASS_ADEPT'),
('RESOURCE_MANA_CHAOS_ABILITY_GRANT_SPELL', 'CLASS_ADEPT'),
('RESOURCE_MANA_EARTH_ABILITY_GRANT_SPELL', 'CLASS_ADEPT'),
('RESOURCE_MANA_ENCHANTMENT_ABILITY_GRANT_SPELL', 'CLASS_ADEPT'),
('RESOURCE_MANA_ENTROPY_ABILITY_GRANT_SPELL', 'CLASS_ADEPT'),
('RESOURCE_MANA_ICE_ABILITY_GRANT_SPELL', 'CLASS_ADEPT'),
('RESOURCE_MANA_LAW_ABILITY_GRANT_SPELL', 'CLASS_ADEPT'),
('RESOURCE_MANA_LIFE_ABILITY_GRANT_SPELL', 'CLASS_ADEPT'),
('RESOURCE_MANA_METAMAGIC_ABILITY_GRANT_SPELL', 'CLASS_ADEPT'),
('RESOURCE_MANA_MIND_ABILITY_GRANT_SPELL', 'CLASS_ADEPT'),
('RESOURCE_MANA_NATURE_ABILITY_GRANT_SPELL', 'CLASS_ADEPT'),
('RESOURCE_MANA_SPIRIT_ABILITY_GRANT_SPELL', 'CLASS_ADEPT'),
('RESOURCE_MANA_WATER_ABILITY_GRANT_SPELL', 'CLASS_ADEPT'),
('RESOURCE_MANA_SUN_ABILITY_GRANT_SPELL', 'CLASS_ADEPT'),
('RESOURCE_MANA_SHADOW_ABILITY_GRANT_SPELL', 'CLASS_ADEPT');

INSERT INTO UnitAbilityModifiers(UnitAbilityType, ModifierId) VALUES
('CHANNELING_ABILITY_PROMOTION_CHANNELING1', 'MODIFIER_CHANNELING_EXPERIENCE_PER_TURN'),
('CHANNELING_ABILITY_PROMOTION_CHANNELING2', 'MODIFIER_CHANNELING_EXPERIENCE_PER_TURN'),
('CHANNELING_ABILITY_PROMOTION_CHANNELING3', 'MODIFIER_CHANNELING_EXPERIENCE_PER_TURN'),
('CHANNELING_ABILITY_PROMOTION_DEXTEROUS', 'MODIFIER_CHANNELING_ABILITY_PROMOTION_DEXTEROUS'),
('RESOURCE_MANA_DEATH_ABILITY_GRANT_SPELL', 'MODIFIER_RESOURCE_MANA_DEATH_ABILITY_GRANT_SPELL'),
('RESOURCE_MANA_FIRE_ABILITY_GRANT_SPELL', 'MODIFIER_RESOURCE_MANA_FIRE_ABILITY_GRANT_SPELL'),
('RESOURCE_MANA_AIR_ABILITY_GRANT_SPELL', 'MODIFIER_RESOURCE_MANA_AIR_ABILITY_GRANT_SPELL'),
('RESOURCE_MANA_BODY_ABILITY_GRANT_SPELL', 'MODIFIER_RESOURCE_MANA_BODY_ABILITY_GRANT_SPELL'),
('RESOURCE_MANA_CHAOS_ABILITY_GRANT_SPELL', 'MODIFIER_RESOURCE_MANA_CHAOS_ABILITY_GRANT_SPELL'),
('RESOURCE_MANA_EARTH_ABILITY_GRANT_SPELL', 'MODIFIER_RESOURCE_MANA_EARTH_ABILITY_GRANT_SPELL'),
('RESOURCE_MANA_ENCHANTMENT_ABILITY_GRANT_SPELL', 'MODIFIER_RESOURCE_MANA_ENCHANTMENT_ABILITY_GRANT_SPELL'),
('RESOURCE_MANA_ENTROPY_ABILITY_GRANT_SPELL', 'MODIFIER_RESOURCE_MANA_ENTROPY_ABILITY_GRANT_SPELL'),
('RESOURCE_MANA_ICE_ABILITY_GRANT_SPELL', 'MODIFIER_RESOURCE_MANA_ICE_ABILITY_GRANT_SPELL'),
('RESOURCE_MANA_LAW_ABILITY_GRANT_SPELL', 'MODIFIER_RESOURCE_MANA_LAW_ABILITY_GRANT_SPELL'),
('RESOURCE_MANA_LIFE_ABILITY_GRANT_SPELL', 'MODIFIER_RESOURCE_MANA_LIFE_ABILITY_GRANT_SPELL'),
('RESOURCE_MANA_METAMAGIC_ABILITY_GRANT_SPELL', 'MODIFIER_RESOURCE_MANA_METAMAGIC_ABILITY_GRANT_SPELL'),
('RESOURCE_MANA_MIND_ABILITY_GRANT_SPELL', 'MODIFIER_RESOURCE_MANA_MIND_ABILITY_GRANT_SPELL'),
('RESOURCE_MANA_NATURE_ABILITY_GRANT_SPELL', 'MODIFIER_RESOURCE_MANA_NATURE_ABILITY_GRANT_SPELL'),
('RESOURCE_MANA_SPIRIT_ABILITY_GRANT_SPELL', 'MODIFIER_RESOURCE_MANA_SPIRIT_ABILITY_GRANT_SPELL'),
('RESOURCE_MANA_WATER_ABILITY_GRANT_SPELL', 'MODIFIER_RESOURCE_MANA_WATER_ABILITY_GRANT_SPELL'),
('RESOURCE_MANA_SUN_ABILITY_GRANT_SPELL', 'MODIFIER_RESOURCE_MANA_SUN_ABILITY_GRANT_SPELL'),
('RESOURCE_MANA_SHADOW_ABILITY_GRANT_SPELL', 'MODIFIER_RESOURCE_MANA_SHADOW_ABILITY_GRANT_SPELL');

INSERT INTO UnitAbilities(UnitAbilityType, Name, Description, Inactive, Permanent) VALUES
('CHANNELING_ABILITY_PROMOTION_CHANNELING1', 'LOC_SLTH_CHANNELING_ABILITY_PROMOTION_CHANNELING1_NAME', 'LOC_CHANNELING_ABILITY_PROMOTION_CHANNELING1_DESCRIPTION', '0', '1'),
('CHANNELING_ABILITY_PROMOTION_CHANNELING2', 'LOC_SLTH_CHANNELING_ABILITY_PROMOTION_CHANNELING2_NAME', 'LOC_CHANNELING_ABILITY_PROMOTION_CHANNELING2_DESCRIPTION', '0', '1'),
('CHANNELING_ABILITY_PROMOTION_CHANNELING3', 'LOC_SLTH_CHANNELING_ABILITY_PROMOTION_CHANNELING3_NAME', 'LOC_CHANNELING_ABILITY_PROMOTION_CHANNELING3_DESCRIPTION', '0', '1'),
('CHANNELING_ABILITY_PROMOTION_DEXTEROUS', 'LOC_SLTH_CHANNELING_ABILITY_PROMOTION_DEXTEROUS_NAME', 'LOC_CHANNELING_ABILITY_PROMOTION_DEXTEROUS_DESCRIPTION', '1', '1'),
('RESOURCE_MANA_DEATH_ABILITY_GRANT_SPELL', 'LOC_SLTH_RESOURCE_MANA_DEATH_ABILITY_GRANT_SPELL_NAME', 'LOC_RESOURCE_MANA_DEATH_ABILITY_GRANT_SPELL_DESCRIPTION', '1', '1'),
('RESOURCE_MANA_FIRE_ABILITY_GRANT_SPELL', 'LOC_SLTH_RESOURCE_MANA_FIRE_ABILITY_GRANT_SPELL_NAME', 'LOC_RESOURCE_MANA_FIRE_ABILITY_GRANT_SPELL_DESCRIPTION', '1', '1'),
('RESOURCE_MANA_AIR_ABILITY_GRANT_SPELL', 'LOC_SLTH_RESOURCE_MANA_AIR_ABILITY_GRANT_SPELL_NAME', 'LOC_RESOURCE_MANA_AIR_ABILITY_GRANT_SPELL_DESCRIPTION', '1', '1'),
('RESOURCE_MANA_BODY_ABILITY_GRANT_SPELL', 'LOC_SLTH_RESOURCE_MANA_BODY_ABILITY_GRANT_SPELL_NAME', 'LOC_RESOURCE_MANA_BODY_ABILITY_GRANT_SPELL_DESCRIPTION', '1', '1'),
('RESOURCE_MANA_CHAOS_ABILITY_GRANT_SPELL', 'LOC_SLTH_RESOURCE_MANA_CHAOS_ABILITY_GRANT_SPELL_NAME', 'LOC_RESOURCE_MANA_CHAOS_ABILITY_GRANT_SPELL_DESCRIPTION', '1', '1'),
('RESOURCE_MANA_EARTH_ABILITY_GRANT_SPELL', 'LOC_SLTH_RESOURCE_MANA_EARTH_ABILITY_GRANT_SPELL_NAME', 'LOC_RESOURCE_MANA_EARTH_ABILITY_GRANT_SPELL_DESCRIPTION', '1', '1'),
('RESOURCE_MANA_ENCHANTMENT_ABILITY_GRANT_SPELL', 'LOC_SLTH_RESOURCE_MANA_ENCHANTMENT_ABILITY_GRANT_SPELL_NAME', 'LOC_RESOURCE_MANA_ENCHANTMENT_ABILITY_GRANT_SPELL_DESCRIPTION', '1', '1'),
('RESOURCE_MANA_ENTROPY_ABILITY_GRANT_SPELL', 'LOC_SLTH_RESOURCE_MANA_ENTROPY_ABILITY_GRANT_SPELL_NAME', 'LOC_RESOURCE_MANA_ENTROPY_ABILITY_GRANT_SPELL_DESCRIPTION', '1', '1'),
('RESOURCE_MANA_ICE_ABILITY_GRANT_SPELL', 'LOC_SLTH_RESOURCE_MANA_ICE_ABILITY_GRANT_SPELL_NAME', 'LOC_RESOURCE_MANA_ICE_ABILITY_GRANT_SPELL_DESCRIPTION', '1', '1'),
('RESOURCE_MANA_LAW_ABILITY_GRANT_SPELL', 'LOC_SLTH_RESOURCE_MANA_LAW_ABILITY_GRANT_SPELL_NAME', 'LOC_RESOURCE_MANA_LAW_ABILITY_GRANT_SPELL_DESCRIPTION', '1', '1'),
('RESOURCE_MANA_LIFE_ABILITY_GRANT_SPELL', 'LOC_SLTH_RESOURCE_MANA_LIFE_ABILITY_GRANT_SPELL_NAME', 'LOC_RESOURCE_MANA_LIFE_ABILITY_GRANT_SPELL_DESCRIPTION', '1', '1'),
('RESOURCE_MANA_METAMAGIC_ABILITY_GRANT_SPELL', 'LOC_SLTH_RESOURCE_MANA_METAMAGIC_ABILITY_GRANT_SPELL_NAME', 'LOC_RESOURCE_MANA_METAMAGIC_ABILITY_GRANT_SPELL_DESCRIPTION', '1', '1'),
('RESOURCE_MANA_MIND_ABILITY_GRANT_SPELL', 'LOC_SLTH_RESOURCE_MANA_MIND_ABILITY_GRANT_SPELL_NAME', 'LOC_RESOURCE_MANA_MIND_ABILITY_GRANT_SPELL_DESCRIPTION', '1', '1'),
('RESOURCE_MANA_NATURE_ABILITY_GRANT_SPELL', 'LOC_SLTH_RESOURCE_MANA_NATURE_ABILITY_GRANT_SPELL_NAME', 'LOC_RESOURCE_MANA_NATURE_ABILITY_GRANT_SPELL_DESCRIPTION', '1', '1'),
('RESOURCE_MANA_SPIRIT_ABILITY_GRANT_SPELL', 'LOC_SLTH_RESOURCE_MANA_SPIRIT_ABILITY_GRANT_SPELL_NAME', 'LOC_RESOURCE_MANA_SPIRIT_ABILITY_GRANT_SPELL_DESCRIPTION', '1', '1'),
('RESOURCE_MANA_WATER_ABILITY_GRANT_SPELL', 'LOC_SLTH_RESOURCE_MANA_WATER_ABILITY_GRANT_SPELL_NAME', 'LOC_RESOURCE_MANA_WATER_ABILITY_GRANT_SPELL_DESCRIPTION', '1', '1'),
('RESOURCE_MANA_SUN_ABILITY_GRANT_SPELL', 'LOC_SLTH_RESOURCE_MANA_SUN_ABILITY_GRANT_SPELL_NAME', 'LOC_RESOURCE_MANA_SUN_ABILITY_GRANT_SPELL_DESCRIPTION', '1', '1'),
('RESOURCE_MANA_SHADOW_ABILITY_GRANT_SPELL', 'LOC_SLTH_RESOURCE_MANA_SHADOW_ABILITY_GRANT_SPELL_NAME', 'LOC_RESOURCE_MANA_SHADOW_ABILITY_GRANT_SPELL_DESCRIPTION', '1', '1');

INSERT INTO Modifiers(ModifierId, ModifierType, RunOnce, Permanent, OwnerRequirementSetId, SubjectRequirementSetId, OwnerStackLimit, SubjectStackLimit) VALUES
('MODIFIER_CHANNELING_EXPERIENCE_PER_TURN', 'MODIFIER_PLAYER_UNIT_ADJUST_GRANT_EXPERIENCE', '0', '0', NULL, NULL, NULL, NULL),
('MODIFIER_CHANNELING_ABILITY_PROMOTION_DEXTEROUS', 'MODIFIER_UNIT_ADJUST_COMBAT_STRENGTH', '0', '0', NULL, NULL, NULL, NULL),
('TRAIT_CHANNELING_ABILITY_PROMOTION_DEXTEROUS', 'MODIFIER_PLAYER_UNITS_GRANT_ABILITY', '0', '0', NULL, NULL, NULL, NULL),
('MODIFIER_RESOURCE_MANA_DEATH', 'MODIFIER_PLAYER_CAPITAL_CITY_ADJUST_CITY_YIELD_MODIFIER', '0', '0', NULL, 'PLAYER_HAS_RESOURCE_MANA_DEATH', NULL, NULL),
('MODIFIER_RESOURCE_MANA_DEATH_ABILITY_GRANT_SPELL', 'MODIFIER_PLAYER_UNIT_ADJUST_MOVEMENT', '0', '0', NULL, NULL, NULL, NULL),
('TRAIT_RESOURCE_MANA_DEATH_ABILITY_GRANT_SPELL', 'MODIFIER_PLAYER_UNITS_GRANT_ABILITY', '0', '0', NULL, 'PLAYER_HAS_RESOURCE_MANA_DEATH', NULL, NULL),
('MODIFIER_RESOURCE_MANA_FIRE', 'MODIFIER_PLAYER_CAPITAL_CITY_ADJUST_CITY_YIELD_MODIFIER', '0', '0', NULL, 'PLAYER_HAS_RESOURCE_MANA_FIRE', NULL, NULL),
('MODIFIER_RESOURCE_MANA_FIRE_ABILITY_GRANT_SPELL', 'MODIFIER_PLAYER_UNIT_ADJUST_MOVEMENT', '0', '0', NULL, NULL, NULL, NULL),
('TRAIT_RESOURCE_MANA_FIRE_ABILITY_GRANT_SPELL', 'MODIFIER_PLAYER_UNITS_GRANT_ABILITY', '0', '0', NULL, 'PLAYER_HAS_RESOURCE_MANA_FIRE', NULL, NULL),
('MODIFIER_RESOURCE_MANA_AIR', 'MODIFIER_PLAYER_CAPITAL_CITY_ADJUST_CITY_YIELD_MODIFIER', '0', '0', NULL, 'PLAYER_HAS_RESOURCE_MANA_AIR', NULL, NULL),
('MODIFIER_RESOURCE_MANA_AIR_ABILITY_GRANT_SPELL', 'MODIFIER_PLAYER_UNIT_ADJUST_MOVEMENT', '0', '0', NULL, NULL, NULL, NULL),
('TRAIT_RESOURCE_MANA_AIR_ABILITY_GRANT_SPELL', 'MODIFIER_PLAYER_UNITS_GRANT_ABILITY', '0', '0', NULL, 'PLAYER_HAS_RESOURCE_MANA_AIR', NULL, NULL),
('MODIFIER_RESOURCE_MANA_BODY', 'MODIFIER_PLAYER_CAPITAL_CITY_ADJUST_CITY_YIELD_MODIFIER', '0', '0', NULL, 'PLAYER_HAS_RESOURCE_MANA_BODY', NULL, NULL),
('MODIFIER_RESOURCE_MANA_BODY_ABILITY_GRANT_SPELL', 'MODIFIER_PLAYER_UNIT_ADJUST_MOVEMENT', '0', '0', NULL, NULL, NULL, NULL),
('TRAIT_RESOURCE_MANA_BODY_ABILITY_GRANT_SPELL', 'MODIFIER_PLAYER_UNITS_GRANT_ABILITY', '0', '0', NULL, 'PLAYER_HAS_RESOURCE_MANA_BODY', NULL, NULL),
('MODIFIER_RESOURCE_MANA_CHAOS', 'MODIFIER_PLAYER_CAPITAL_CITY_ADJUST_CITY_YIELD_MODIFIER', '0', '0', NULL, 'PLAYER_HAS_RESOURCE_MANA_CHAOS', NULL, NULL),
('MODIFIER_RESOURCE_MANA_CHAOS_ABILITY_GRANT_SPELL', 'MODIFIER_PLAYER_UNIT_ADJUST_MOVEMENT', '0', '0', NULL, NULL, NULL, NULL),
('TRAIT_RESOURCE_MANA_CHAOS_ABILITY_GRANT_SPELL', 'MODIFIER_PLAYER_UNITS_GRANT_ABILITY', '0', '0', NULL, 'PLAYER_HAS_RESOURCE_MANA_CHAOS', NULL, NULL),
('MODIFIER_RESOURCE_MANA_EARTH', 'MODIFIER_PLAYER_CAPITAL_CITY_ADJUST_CITY_YIELD_MODIFIER', '0', '0', NULL, 'PLAYER_HAS_RESOURCE_MANA_EARTH', NULL, NULL),
('MODIFIER_RESOURCE_MANA_EARTH_ABILITY_GRANT_SPELL', 'MODIFIER_PLAYER_UNIT_ADJUST_MOVEMENT', '0', '0', NULL, NULL, NULL, NULL),
('TRAIT_RESOURCE_MANA_EARTH_ABILITY_GRANT_SPELL', 'MODIFIER_PLAYER_UNITS_GRANT_ABILITY', '0', '0', NULL, 'PLAYER_HAS_RESOURCE_MANA_EARTH', NULL, NULL),
('MODIFIER_RESOURCE_MANA_ENCHANTMENT', 'MODIFIER_PLAYER_CAPITAL_CITY_ADJUST_CITY_YIELD_MODIFIER', '0', '0', NULL, 'PLAYER_HAS_RESOURCE_MANA_ENCHANTMENT', NULL, NULL),
('MODIFIER_RESOURCE_MANA_ENCHANTMENT_ABILITY_GRANT_SPELL', 'MODIFIER_PLAYER_UNIT_ADJUST_MOVEMENT', '0', '0', NULL, NULL, NULL, NULL),
('TRAIT_RESOURCE_MANA_ENCHANTMENT_ABILITY_GRANT_SPELL', 'MODIFIER_PLAYER_UNITS_GRANT_ABILITY', '0', '0', NULL, 'PLAYER_HAS_RESOURCE_MANA_ENCHANTMENT', NULL, NULL),
('MODIFIER_RESOURCE_MANA_ENTROPY', 'MODIFIER_PLAYER_CAPITAL_CITY_ADJUST_CITY_YIELD_MODIFIER', '0', '0', NULL, 'PLAYER_HAS_RESOURCE_MANA_ENTROPY', NULL, NULL),
('MODIFIER_RESOURCE_MANA_ENTROPY_ABILITY_GRANT_SPELL', 'MODIFIER_PLAYER_UNIT_ADJUST_MOVEMENT', '0', '0', NULL, NULL, NULL, NULL),
('TRAIT_RESOURCE_MANA_ENTROPY_ABILITY_GRANT_SPELL', 'MODIFIER_PLAYER_UNITS_GRANT_ABILITY', '0', '0', NULL, 'PLAYER_HAS_RESOURCE_MANA_ENTROPY', NULL, NULL),
('MODIFIER_RESOURCE_MANA_ICE', 'MODIFIER_PLAYER_CAPITAL_CITY_ADJUST_CITY_YIELD_MODIFIER', '0', '0', NULL, 'PLAYER_HAS_RESOURCE_MANA_ICE', NULL, NULL),
('MODIFIER_RESOURCE_MANA_ICE_ABILITY_GRANT_SPELL', 'MODIFIER_PLAYER_UNIT_ADJUST_MOVEMENT', '0', '0', NULL, NULL, NULL, NULL),
('TRAIT_RESOURCE_MANA_ICE_ABILITY_GRANT_SPELL', 'MODIFIER_PLAYER_UNITS_GRANT_ABILITY', '0', '0', NULL, 'PLAYER_HAS_RESOURCE_MANA_ICE', NULL, NULL),
('MODIFIER_RESOURCE_MANA_LAW', 'MODIFIER_PLAYER_CAPITAL_CITY_ADJUST_CITY_YIELD_MODIFIER', '0', '0', NULL, 'PLAYER_HAS_RESOURCE_MANA_LAW', NULL, NULL),
('MODIFIER_RESOURCE_MANA_LAW_ABILITY_GRANT_SPELL', 'MODIFIER_PLAYER_UNIT_ADJUST_MOVEMENT', '0', '0', NULL, NULL, NULL, NULL),
('TRAIT_RESOURCE_MANA_LAW_ABILITY_GRANT_SPELL', 'MODIFIER_PLAYER_UNITS_GRANT_ABILITY', '0', '0', NULL, 'PLAYER_HAS_RESOURCE_MANA_LAW', NULL, NULL),
('MODIFIER_RESOURCE_MANA_LIFE', 'MODIFIER_PLAYER_CAPITAL_CITY_ADJUST_CITY_YIELD_MODIFIER', '0', '0', NULL, 'PLAYER_HAS_RESOURCE_MANA_LIFE', NULL, NULL),
('MODIFIER_RESOURCE_MANA_LIFE_ABILITY_GRANT_SPELL', 'MODIFIER_PLAYER_UNIT_ADJUST_MOVEMENT', '0', '0', NULL, NULL, NULL, NULL),
('TRAIT_RESOURCE_MANA_LIFE_ABILITY_GRANT_SPELL', 'MODIFIER_PLAYER_UNITS_GRANT_ABILITY', '0', '0', NULL, 'PLAYER_HAS_RESOURCE_MANA_LIFE', NULL, NULL),
('MODIFIER_RESOURCE_MANA_METAMAGIC', 'MODIFIER_PLAYER_CAPITAL_CITY_ADJUST_CITY_YIELD_MODIFIER', '0', '0', NULL, 'PLAYER_HAS_RESOURCE_MANA_METAMAGIC', NULL, NULL),
('MODIFIER_RESOURCE_MANA_METAMAGIC_ABILITY_GRANT_SPELL', 'MODIFIER_PLAYER_UNIT_ADJUST_MOVEMENT', '0', '0', NULL, NULL, NULL, NULL),
('TRAIT_RESOURCE_MANA_METAMAGIC_ABILITY_GRANT_SPELL', 'MODIFIER_PLAYER_UNITS_GRANT_ABILITY', '0', '0', NULL, 'PLAYER_HAS_RESOURCE_MANA_METAMAGIC', NULL, NULL),
('MODIFIER_RESOURCE_MANA_MIND', 'MODIFIER_PLAYER_CAPITAL_CITY_ADJUST_CITY_YIELD_MODIFIER', '0', '0', NULL, 'PLAYER_HAS_RESOURCE_MANA_MIND', NULL, NULL),
('MODIFIER_RESOURCE_MANA_MIND_ABILITY_GRANT_SPELL', 'MODIFIER_PLAYER_UNIT_ADJUST_MOVEMENT', '0', '0', NULL, NULL, NULL, NULL),
('TRAIT_RESOURCE_MANA_MIND_ABILITY_GRANT_SPELL', 'MODIFIER_PLAYER_UNITS_GRANT_ABILITY', '0', '0', NULL, 'PLAYER_HAS_RESOURCE_MANA_MIND', NULL, NULL),
('MODIFIER_RESOURCE_MANA_NATURE', 'MODIFIER_PLAYER_CAPITAL_CITY_ADJUST_CITY_YIELD_MODIFIER', '0', '0', NULL, 'PLAYER_HAS_RESOURCE_MANA_NATURE', NULL, NULL),
('MODIFIER_RESOURCE_MANA_NATURE_ABILITY_GRANT_SPELL', 'MODIFIER_PLAYER_UNIT_ADJUST_MOVEMENT', '0', '0', NULL, NULL, NULL, NULL),
('TRAIT_RESOURCE_MANA_NATURE_ABILITY_GRANT_SPELL', 'MODIFIER_PLAYER_UNITS_GRANT_ABILITY', '0', '0', NULL, 'PLAYER_HAS_RESOURCE_MANA_NATURE', NULL, NULL),
('MODIFIER_RESOURCE_MANA_SPIRIT', 'MODIFIER_PLAYER_CAPITAL_CITY_ADJUST_CITY_YIELD_MODIFIER', '0', '0', NULL, 'PLAYER_HAS_RESOURCE_MANA_SPIRIT', NULL, NULL),
('MODIFIER_RESOURCE_MANA_SPIRIT_ABILITY_GRANT_SPELL', 'MODIFIER_PLAYER_UNIT_ADJUST_MOVEMENT', '0', '0', NULL, NULL, NULL, NULL),
('TRAIT_RESOURCE_MANA_SPIRIT_ABILITY_GRANT_SPELL', 'MODIFIER_PLAYER_UNITS_GRANT_ABILITY', '0', '0', NULL, 'PLAYER_HAS_RESOURCE_MANA_SPIRIT', NULL, NULL),
('MODIFIER_RESOURCE_MANA_WATER', 'MODIFIER_PLAYER_CAPITAL_CITY_ADJUST_CITY_YIELD_MODIFIER', '0', '0', NULL, 'PLAYER_HAS_RESOURCE_MANA_WATER', NULL, NULL),
('MODIFIER_RESOURCE_MANA_WATER_ABILITY_GRANT_SPELL', 'MODIFIER_PLAYER_UNIT_ADJUST_MOVEMENT', '0', '0', NULL, NULL, NULL, NULL),
('TRAIT_RESOURCE_MANA_WATER_ABILITY_GRANT_SPELL', 'MODIFIER_PLAYER_UNITS_GRANT_ABILITY', '0', '0', NULL, 'PLAYER_HAS_RESOURCE_MANA_WATER', NULL, NULL),
('MODIFIER_RESOURCE_MANA_SUN', 'MODIFIER_PLAYER_CAPITAL_CITY_ADJUST_CITY_YIELD_MODIFIER', '0', '0', NULL, 'PLAYER_HAS_RESOURCE_MANA_SUN', NULL, NULL),
('MODIFIER_RESOURCE_MANA_SUN_ABILITY_GRANT_SPELL', 'MODIFIER_PLAYER_UNIT_ADJUST_MOVEMENT', '0', '0', NULL, NULL, NULL, NULL),
('TRAIT_RESOURCE_MANA_SUN_ABILITY_GRANT_SPELL', 'MODIFIER_PLAYER_UNITS_GRANT_ABILITY', '0', '0', NULL, 'PLAYER_HAS_RESOURCE_MANA_SUN', NULL, NULL),
('MODIFIER_RESOURCE_MANA_SHADOW', 'MODIFIER_PLAYER_CAPITAL_CITY_ADJUST_CITY_YIELD_MODIFIER', '0', '0', NULL, 'PLAYER_HAS_RESOURCE_MANA_SHADOW', NULL, NULL),
('MODIFIER_RESOURCE_MANA_SHADOW_ABILITY_GRANT_SPELL', 'MODIFIER_PLAYER_UNIT_ADJUST_MOVEMENT', '0', '0', NULL, NULL, NULL, NULL),
('TRAIT_RESOURCE_MANA_SHADOW_ABILITY_GRANT_SPELL', 'MODIFIER_PLAYER_UNITS_GRANT_ABILITY', '0', '0', NULL, 'PLAYER_HAS_RESOURCE_MANA_SHADOW', NULL, NULL),
('MODIFIER_RESOURCE_IRON', 'MODIFIER_PLAYER_CAPITAL_CITY_ADJUST_CITY_YIELD_MODIFIER', '0', '0', NULL, 'PLAYER_HAS_RESOURCE_IRON', NULL, NULL);

INSERT INTO ModifierArguments(ModifierId, Name, Type, Value, Extra, SecondExtra) VALUES
('MODIFIER_CHANNELING_EXPERIENCE_PER_TURN', 'Amount', 'ARGTYPE_IDENTITY', '20', NULL, NULL),
('MODIFIER_CHANNELING_ABILITY_PROMOTION_DEXTEROUS', 'Amount', 'ARGTYPE_IDENTITY', '5', NULL, NULL),
('TRAIT_CHANNELING_ABILITY_PROMOTION_DEXTEROUS', 'AbilityType', 'ARGTYPE_IDENTITY', 'CHANNELING_ABILITY_PROMOTION_DEXTEROUS', NULL, NULL),
('MODIFIER_RESOURCE_MANA_DEATH', 'Amount', 'ARGTYPE_IDENTITY', '10', NULL, NULL),
('MODIFIER_RESOURCE_MANA_DEATH', 'YieldType', 'ARGTYPE_IDENTITY', 'YIELD_PRODUCTION', NULL, NULL),
('MODIFIER_RESOURCE_MANA_DEATH_ABILITY_GRANT_SPELL', 'Amount', 'ARGTYPE_IDENTITY', '1', NULL, NULL),
('TRAIT_RESOURCE_MANA_DEATH_ABILITY_GRANT_SPELL', 'AbilityType', 'ARGTYPE_IDENTITY', 'RESOURCE_MANA_DEATH_ABILITY_GRANT_SPELL', NULL, NULL),
('MODIFIER_RESOURCE_MANA_FIRE', 'Amount', 'ARGTYPE_IDENTITY', '10', NULL, NULL),
('MODIFIER_RESOURCE_MANA_FIRE', 'YieldType', 'ARGTYPE_IDENTITY', 'YIELD_PRODUCTION', NULL, NULL),
('MODIFIER_RESOURCE_MANA_FIRE_ABILITY_GRANT_SPELL', 'Amount', 'ARGTYPE_IDENTITY', '1', NULL, NULL),
('TRAIT_RESOURCE_MANA_FIRE_ABILITY_GRANT_SPELL', 'AbilityType', 'ARGTYPE_IDENTITY', 'RESOURCE_MANA_FIRE_ABILITY_GRANT_SPELL', NULL, NULL),
('MODIFIER_RESOURCE_MANA_AIR', 'Amount', 'ARGTYPE_IDENTITY', '10', NULL, NULL),
('MODIFIER_RESOURCE_MANA_AIR', 'YieldType', 'ARGTYPE_IDENTITY', 'YIELD_PRODUCTION', NULL, NULL),
('MODIFIER_RESOURCE_MANA_AIR_ABILITY_GRANT_SPELL', 'Amount', 'ARGTYPE_IDENTITY', '1', NULL, NULL),
('TRAIT_RESOURCE_MANA_AIR_ABILITY_GRANT_SPELL', 'AbilityType', 'ARGTYPE_IDENTITY', 'RESOURCE_MANA_AIR_ABILITY_GRANT_SPELL', NULL, NULL),
('MODIFIER_RESOURCE_MANA_BODY', 'Amount', 'ARGTYPE_IDENTITY', '10', NULL, NULL),
('MODIFIER_RESOURCE_MANA_BODY', 'YieldType', 'ARGTYPE_IDENTITY', 'YIELD_PRODUCTION', NULL, NULL),
('MODIFIER_RESOURCE_MANA_BODY_ABILITY_GRANT_SPELL', 'Amount', 'ARGTYPE_IDENTITY', '1', NULL, NULL),
('TRAIT_RESOURCE_MANA_BODY_ABILITY_GRANT_SPELL', 'AbilityType', 'ARGTYPE_IDENTITY', 'RESOURCE_MANA_BODY_ABILITY_GRANT_SPELL', NULL, NULL),
('MODIFIER_RESOURCE_MANA_CHAOS', 'Amount', 'ARGTYPE_IDENTITY', '10', NULL, NULL),
('MODIFIER_RESOURCE_MANA_CHAOS', 'YieldType', 'ARGTYPE_IDENTITY', 'YIELD_PRODUCTION', NULL, NULL),
('MODIFIER_RESOURCE_MANA_CHAOS_ABILITY_GRANT_SPELL', 'Amount', 'ARGTYPE_IDENTITY', '1', NULL, NULL),
('TRAIT_RESOURCE_MANA_CHAOS_ABILITY_GRANT_SPELL', 'AbilityType', 'ARGTYPE_IDENTITY', 'RESOURCE_MANA_CHAOS_ABILITY_GRANT_SPELL', NULL, NULL),
('MODIFIER_RESOURCE_MANA_EARTH', 'Amount', 'ARGTYPE_IDENTITY', '10', NULL, NULL),
('MODIFIER_RESOURCE_MANA_EARTH', 'YieldType', 'ARGTYPE_IDENTITY', 'YIELD_PRODUCTION', NULL, NULL),
('MODIFIER_RESOURCE_MANA_EARTH_ABILITY_GRANT_SPELL', 'Amount', 'ARGTYPE_IDENTITY', '1', NULL, NULL),
('TRAIT_RESOURCE_MANA_EARTH_ABILITY_GRANT_SPELL', 'AbilityType', 'ARGTYPE_IDENTITY', 'RESOURCE_MANA_EARTH_ABILITY_GRANT_SPELL', NULL, NULL),
('MODIFIER_RESOURCE_MANA_ENCHANTMENT', 'Amount', 'ARGTYPE_IDENTITY', '10', NULL, NULL),
('MODIFIER_RESOURCE_MANA_ENCHANTMENT', 'YieldType', 'ARGTYPE_IDENTITY', 'YIELD_PRODUCTION', NULL, NULL),
('MODIFIER_RESOURCE_MANA_ENCHANTMENT_ABILITY_GRANT_SPELL', 'Amount', 'ARGTYPE_IDENTITY', '1', NULL, NULL),
('TRAIT_RESOURCE_MANA_ENCHANTMENT_ABILITY_GRANT_SPELL', 'AbilityType', 'ARGTYPE_IDENTITY', 'RESOURCE_MANA_ENCHANTMENT_ABILITY_GRANT_SPELL', NULL, NULL),
('MODIFIER_RESOURCE_MANA_ENTROPY', 'Amount', 'ARGTYPE_IDENTITY', '10', NULL, NULL),
('MODIFIER_RESOURCE_MANA_ENTROPY', 'YieldType', 'ARGTYPE_IDENTITY', 'YIELD_PRODUCTION', NULL, NULL),
('MODIFIER_RESOURCE_MANA_ENTROPY_ABILITY_GRANT_SPELL', 'Amount', 'ARGTYPE_IDENTITY', '1', NULL, NULL),
('TRAIT_RESOURCE_MANA_ENTROPY_ABILITY_GRANT_SPELL', 'AbilityType', 'ARGTYPE_IDENTITY', 'RESOURCE_MANA_ENTROPY_ABILITY_GRANT_SPELL', NULL, NULL),
('MODIFIER_RESOURCE_MANA_ICE', 'Amount', 'ARGTYPE_IDENTITY', '10', NULL, NULL),
('MODIFIER_RESOURCE_MANA_ICE', 'YieldType', 'ARGTYPE_IDENTITY', 'YIELD_PRODUCTION', NULL, NULL),
('MODIFIER_RESOURCE_MANA_ICE_ABILITY_GRANT_SPELL', 'Amount', 'ARGTYPE_IDENTITY', '1', NULL, NULL),
('TRAIT_RESOURCE_MANA_ICE_ABILITY_GRANT_SPELL', 'AbilityType', 'ARGTYPE_IDENTITY', 'RESOURCE_MANA_ICE_ABILITY_GRANT_SPELL', NULL, NULL),
('MODIFIER_RESOURCE_MANA_LAW', 'Amount', 'ARGTYPE_IDENTITY', '10', NULL, NULL),
('MODIFIER_RESOURCE_MANA_LAW', 'YieldType', 'ARGTYPE_IDENTITY', 'YIELD_PRODUCTION', NULL, NULL),
('MODIFIER_RESOURCE_MANA_LAW_ABILITY_GRANT_SPELL', 'Amount', 'ARGTYPE_IDENTITY', '1', NULL, NULL),
('TRAIT_RESOURCE_MANA_LAW_ABILITY_GRANT_SPELL', 'AbilityType', 'ARGTYPE_IDENTITY', 'RESOURCE_MANA_LAW_ABILITY_GRANT_SPELL', NULL, NULL),
('MODIFIER_RESOURCE_MANA_LIFE', 'Amount', 'ARGTYPE_IDENTITY', '10', NULL, NULL),
('MODIFIER_RESOURCE_MANA_LIFE', 'YieldType', 'ARGTYPE_IDENTITY', 'YIELD_PRODUCTION', NULL, NULL),
('MODIFIER_RESOURCE_MANA_LIFE_ABILITY_GRANT_SPELL', 'Amount', 'ARGTYPE_IDENTITY', '1', NULL, NULL),
('TRAIT_RESOURCE_MANA_LIFE_ABILITY_GRANT_SPELL', 'AbilityType', 'ARGTYPE_IDENTITY', 'RESOURCE_MANA_LIFE_ABILITY_GRANT_SPELL', NULL, NULL),
('MODIFIER_RESOURCE_MANA_METAMAGIC', 'Amount', 'ARGTYPE_IDENTITY', '10', NULL, NULL),
('MODIFIER_RESOURCE_MANA_METAMAGIC', 'YieldType', 'ARGTYPE_IDENTITY', 'YIELD_PRODUCTION', NULL, NULL),
('MODIFIER_RESOURCE_MANA_METAMAGIC_ABILITY_GRANT_SPELL', 'Amount', 'ARGTYPE_IDENTITY', '1', NULL, NULL),
('TRAIT_RESOURCE_MANA_METAMAGIC_ABILITY_GRANT_SPELL', 'AbilityType', 'ARGTYPE_IDENTITY', 'RESOURCE_MANA_METAMAGIC_ABILITY_GRANT_SPELL', NULL, NULL),
('MODIFIER_RESOURCE_MANA_MIND', 'Amount', 'ARGTYPE_IDENTITY', '10', NULL, NULL),
('MODIFIER_RESOURCE_MANA_MIND', 'YieldType', 'ARGTYPE_IDENTITY', 'YIELD_PRODUCTION', NULL, NULL),
('MODIFIER_RESOURCE_MANA_MIND_ABILITY_GRANT_SPELL', 'Amount', 'ARGTYPE_IDENTITY', '1', NULL, NULL),
('TRAIT_RESOURCE_MANA_MIND_ABILITY_GRANT_SPELL', 'AbilityType', 'ARGTYPE_IDENTITY', 'RESOURCE_MANA_MIND_ABILITY_GRANT_SPELL', NULL, NULL),
('MODIFIER_RESOURCE_MANA_NATURE', 'Amount', 'ARGTYPE_IDENTITY', '10', NULL, NULL),
('MODIFIER_RESOURCE_MANA_NATURE', 'YieldType', 'ARGTYPE_IDENTITY', 'YIELD_PRODUCTION', NULL, NULL),
('MODIFIER_RESOURCE_MANA_NATURE_ABILITY_GRANT_SPELL', 'Amount', 'ARGTYPE_IDENTITY', '1', NULL, NULL),
('TRAIT_RESOURCE_MANA_NATURE_ABILITY_GRANT_SPELL', 'AbilityType', 'ARGTYPE_IDENTITY', 'RESOURCE_MANA_NATURE_ABILITY_GRANT_SPELL', NULL, NULL),
('MODIFIER_RESOURCE_MANA_SPIRIT', 'Amount', 'ARGTYPE_IDENTITY', '10', NULL, NULL),
('MODIFIER_RESOURCE_MANA_SPIRIT', 'YieldType', 'ARGTYPE_IDENTITY', 'YIELD_PRODUCTION', NULL, NULL),
('MODIFIER_RESOURCE_MANA_SPIRIT_ABILITY_GRANT_SPELL', 'Amount', 'ARGTYPE_IDENTITY', '1', NULL, NULL),
('TRAIT_RESOURCE_MANA_SPIRIT_ABILITY_GRANT_SPELL', 'AbilityType', 'ARGTYPE_IDENTITY', 'RESOURCE_MANA_SPIRIT_ABILITY_GRANT_SPELL', NULL, NULL),
('MODIFIER_RESOURCE_MANA_WATER', 'Amount', 'ARGTYPE_IDENTITY', '10', NULL, NULL),
('MODIFIER_RESOURCE_MANA_WATER', 'YieldType', 'ARGTYPE_IDENTITY', 'YIELD_PRODUCTION', NULL, NULL),
('MODIFIER_RESOURCE_MANA_WATER_ABILITY_GRANT_SPELL', 'Amount', 'ARGTYPE_IDENTITY', '1', NULL, NULL),
('TRAIT_RESOURCE_MANA_WATER_ABILITY_GRANT_SPELL', 'AbilityType', 'ARGTYPE_IDENTITY', 'RESOURCE_MANA_WATER_ABILITY_GRANT_SPELL', NULL, NULL),
('MODIFIER_RESOURCE_MANA_SUN', 'Amount', 'ARGTYPE_IDENTITY', '10', NULL, NULL),
('MODIFIER_RESOURCE_MANA_SUN', 'YieldType', 'ARGTYPE_IDENTITY', 'YIELD_PRODUCTION', NULL, NULL),
('MODIFIER_RESOURCE_MANA_SUN_ABILITY_GRANT_SPELL', 'Amount', 'ARGTYPE_IDENTITY', '1', NULL, NULL),
('TRAIT_RESOURCE_MANA_SUN_ABILITY_GRANT_SPELL', 'AbilityType', 'ARGTYPE_IDENTITY', 'RESOURCE_MANA_SUN_ABILITY_GRANT_SPELL', NULL, NULL),
('MODIFIER_RESOURCE_MANA_SHADOW', 'Amount', 'ARGTYPE_IDENTITY', '10', NULL, NULL),
('MODIFIER_RESOURCE_MANA_SHADOW', 'YieldType', 'ARGTYPE_IDENTITY', 'YIELD_PRODUCTION', NULL, NULL),
('MODIFIER_RESOURCE_MANA_SHADOW_ABILITY_GRANT_SPELL', 'Amount', 'ARGTYPE_IDENTITY', '1', NULL, NULL),
('TRAIT_RESOURCE_MANA_SHADOW_ABILITY_GRANT_SPELL', 'AbilityType', 'ARGTYPE_IDENTITY', 'RESOURCE_MANA_SHADOW_ABILITY_GRANT_SPELL', NULL, NULL),
('MODIFIER_RESOURCE_IRON', 'Amount', 'ARGTYPE_IDENTITY', '50', NULL, NULL),
('MODIFIER_RESOURCE_IRON', 'YieldType', 'ARGTYPE_IDENTITY', 'YIELD_PRODUCTION', NULL, NULL);

INSERT INTO Requirements(RequirementId, RequirementType, ProgressWeight) VALUES
('REQUIRES_PLAYER_HAS_RESOURCE_MANA_DEATH', 'REQUIREMENT_PLAYER_HAS_RESOURCE_OWNED', '1'),
('REQUIRES_PLAYER_HAS_RESOURCE_MANA_FIRE', 'REQUIREMENT_PLAYER_HAS_RESOURCE_OWNED', '1'),
('REQUIRES_PLAYER_HAS_RESOURCE_MANA_AIR', 'REQUIREMENT_PLAYER_HAS_RESOURCE_OWNED', '1'),
('REQUIRES_PLAYER_HAS_RESOURCE_MANA_BODY', 'REQUIREMENT_PLAYER_HAS_RESOURCE_OWNED', '1'),
('REQUIRES_PLAYER_HAS_RESOURCE_MANA_CHAOS', 'REQUIREMENT_PLAYER_HAS_RESOURCE_OWNED', '1'),
('REQUIRES_PLAYER_HAS_RESOURCE_MANA_EARTH', 'REQUIREMENT_PLAYER_HAS_RESOURCE_OWNED', '1'),
('REQUIRES_PLAYER_HAS_RESOURCE_MANA_ENCHANTMENT', 'REQUIREMENT_PLAYER_HAS_RESOURCE_OWNED', '1'),
('REQUIRES_PLAYER_HAS_RESOURCE_MANA_ENTROPY', 'REQUIREMENT_PLAYER_HAS_RESOURCE_OWNED', '1'),
('REQUIRES_PLAYER_HAS_RESOURCE_MANA_ICE', 'REQUIREMENT_PLAYER_HAS_RESOURCE_OWNED', '1'),
('REQUIRES_PLAYER_HAS_RESOURCE_MANA_LAW', 'REQUIREMENT_PLAYER_HAS_RESOURCE_OWNED', '1'),
('REQUIRES_PLAYER_HAS_RESOURCE_MANA_LIFE', 'REQUIREMENT_PLAYER_HAS_RESOURCE_OWNED', '1'),
('REQUIRES_PLAYER_HAS_RESOURCE_MANA_METAMAGIC', 'REQUIREMENT_PLAYER_HAS_RESOURCE_OWNED', '1'),
('REQUIRES_PLAYER_HAS_RESOURCE_MANA_MIND', 'REQUIREMENT_PLAYER_HAS_RESOURCE_OWNED', '1'),
('REQUIRES_PLAYER_HAS_RESOURCE_MANA_NATURE', 'REQUIREMENT_PLAYER_HAS_RESOURCE_OWNED', '1'),
('REQUIRES_PLAYER_HAS_RESOURCE_MANA_SPIRIT', 'REQUIREMENT_PLAYER_HAS_RESOURCE_OWNED', '1'),
('REQUIRES_PLAYER_HAS_RESOURCE_MANA_WATER', 'REQUIREMENT_PLAYER_HAS_RESOURCE_OWNED', '1'),
('REQUIRES_PLAYER_HAS_RESOURCE_MANA_SUN', 'REQUIREMENT_PLAYER_HAS_RESOURCE_OWNED', '1'),
('REQUIRES_PLAYER_HAS_RESOURCE_MANA_SHADOW', 'REQUIREMENT_PLAYER_HAS_RESOURCE_OWNED', '1'),
('REQUIRES_PLAYER_HAS_RESOURCE_IRON', 'REQUIREMENT_PLAYER_HAS_RESOURCE_OWNED', '1');

INSERT INTO RequirementArguments(RequirementId, Name, Type, Value) VALUES
('REQUIRES_PLAYER_HAS_RESOURCE_MANA_DEATH', 'ResourceType', 'ARGTYPE_IDENTITY', 'RESOURCE_MANA_DEATH'),
('REQUIRES_PLAYER_HAS_RESOURCE_MANA_FIRE', 'ResourceType', 'ARGTYPE_IDENTITY', 'RESOURCE_MANA_FIRE'),
('REQUIRES_PLAYER_HAS_RESOURCE_MANA_AIR', 'ResourceType', 'ARGTYPE_IDENTITY', 'RESOURCE_MANA_AIR'),
('REQUIRES_PLAYER_HAS_RESOURCE_MANA_BODY', 'ResourceType', 'ARGTYPE_IDENTITY', 'RESOURCE_MANA_BODY'),
('REQUIRES_PLAYER_HAS_RESOURCE_MANA_CHAOS', 'ResourceType', 'ARGTYPE_IDENTITY', 'RESOURCE_MANA_CHAOS'),
('REQUIRES_PLAYER_HAS_RESOURCE_MANA_EARTH', 'ResourceType', 'ARGTYPE_IDENTITY', 'RESOURCE_MANA_EARTH'),
('REQUIRES_PLAYER_HAS_RESOURCE_MANA_ENCHANTMENT', 'ResourceType', 'ARGTYPE_IDENTITY', 'RESOURCE_MANA_ENCHANTMENT'),
('REQUIRES_PLAYER_HAS_RESOURCE_MANA_ENTROPY', 'ResourceType', 'ARGTYPE_IDENTITY', 'RESOURCE_MANA_ENTROPY'),
('REQUIRES_PLAYER_HAS_RESOURCE_MANA_ICE', 'ResourceType', 'ARGTYPE_IDENTITY', 'RESOURCE_MANA_ICE'),
('REQUIRES_PLAYER_HAS_RESOURCE_MANA_LAW', 'ResourceType', 'ARGTYPE_IDENTITY', 'RESOURCE_MANA_LAW'),
('REQUIRES_PLAYER_HAS_RESOURCE_MANA_LIFE', 'ResourceType', 'ARGTYPE_IDENTITY', 'RESOURCE_MANA_LIFE'),
('REQUIRES_PLAYER_HAS_RESOURCE_MANA_METAMAGIC', 'ResourceType', 'ARGTYPE_IDENTITY', 'RESOURCE_MANA_METAMAGIC'),
('REQUIRES_PLAYER_HAS_RESOURCE_MANA_MIND', 'ResourceType', 'ARGTYPE_IDENTITY', 'RESOURCE_MANA_MIND'),
('REQUIRES_PLAYER_HAS_RESOURCE_MANA_NATURE', 'ResourceType', 'ARGTYPE_IDENTITY', 'RESOURCE_MANA_NATURE'),
('REQUIRES_PLAYER_HAS_RESOURCE_MANA_SPIRIT', 'ResourceType', 'ARGTYPE_IDENTITY', 'RESOURCE_MANA_SPIRIT'),
('REQUIRES_PLAYER_HAS_RESOURCE_MANA_WATER', 'ResourceType', 'ARGTYPE_IDENTITY', 'RESOURCE_MANA_WATER'),
('REQUIRES_PLAYER_HAS_RESOURCE_MANA_SUN', 'ResourceType', 'ARGTYPE_IDENTITY', 'RESOURCE_MANA_SUN'),
('REQUIRES_PLAYER_HAS_RESOURCE_MANA_SHADOW', 'ResourceType', 'ARGTYPE_IDENTITY', 'RESOURCE_MANA_SHADOW'),
('REQUIRES_PLAYER_HAS_RESOURCE_IRON', 'ResourceType', 'ARGTYPE_IDENTITY', 'RESOURCE_IRON');

INSERT INTO RequirementSetRequirements(RequirementSetId, RequirementId) VALUES
('PLAYER_HAS_RESOURCE_MANA_DEATH', 'REQUIRES_PLAYER_HAS_RESOURCE_MANA_DEATH'),
('PLAYER_HAS_RESOURCE_MANA_FIRE', 'REQUIRES_PLAYER_HAS_RESOURCE_MANA_FIRE'),
('PLAYER_HAS_RESOURCE_MANA_AIR', 'REQUIRES_PLAYER_HAS_RESOURCE_MANA_AIR'),
('PLAYER_HAS_RESOURCE_MANA_BODY', 'REQUIRES_PLAYER_HAS_RESOURCE_MANA_BODY'),
('PLAYER_HAS_RESOURCE_MANA_CHAOS', 'REQUIRES_PLAYER_HAS_RESOURCE_MANA_CHAOS'),
('PLAYER_HAS_RESOURCE_MANA_EARTH', 'REQUIRES_PLAYER_HAS_RESOURCE_MANA_EARTH'),
('PLAYER_HAS_RESOURCE_MANA_ENCHANTMENT', 'REQUIRES_PLAYER_HAS_RESOURCE_MANA_ENCHANTMENT'),
('PLAYER_HAS_RESOURCE_MANA_ENTROPY', 'REQUIRES_PLAYER_HAS_RESOURCE_MANA_ENTROPY'),
('PLAYER_HAS_RESOURCE_MANA_ICE', 'REQUIRES_PLAYER_HAS_RESOURCE_MANA_ICE'),
('PLAYER_HAS_RESOURCE_MANA_LAW', 'REQUIRES_PLAYER_HAS_RESOURCE_MANA_LAW'),
('PLAYER_HAS_RESOURCE_MANA_LIFE', 'REQUIRES_PLAYER_HAS_RESOURCE_MANA_LIFE'),
('PLAYER_HAS_RESOURCE_MANA_METAMAGIC', 'REQUIRES_PLAYER_HAS_RESOURCE_MANA_METAMAGIC'),
('PLAYER_HAS_RESOURCE_MANA_MIND', 'REQUIRES_PLAYER_HAS_RESOURCE_MANA_MIND'),
('PLAYER_HAS_RESOURCE_MANA_NATURE', 'REQUIRES_PLAYER_HAS_RESOURCE_MANA_NATURE'),
('PLAYER_HAS_RESOURCE_MANA_SPIRIT', 'REQUIRES_PLAYER_HAS_RESOURCE_MANA_SPIRIT'),
('PLAYER_HAS_RESOURCE_MANA_WATER', 'REQUIRES_PLAYER_HAS_RESOURCE_MANA_WATER'),
('PLAYER_HAS_RESOURCE_MANA_SUN', 'REQUIRES_PLAYER_HAS_RESOURCE_MANA_SUN'),
('PLAYER_HAS_RESOURCE_MANA_SHADOW', 'REQUIRES_PLAYER_HAS_RESOURCE_MANA_SHADOW'),
('PLAYER_HAS_RESOURCE_IRON', 'REQUIRES_PLAYER_HAS_RESOURCE_IRON');

INSERT INTO RequirementSets(RequirementSetId, RequirementSetType) VALUES
('PLAYER_HAS_RESOURCE_MANA_DEATH', 'REQUIREMENTSET_TEST_ALL'),
('PLAYER_HAS_RESOURCE_MANA_FIRE', 'REQUIREMENTSET_TEST_ALL'),
('PLAYER_HAS_RESOURCE_MANA_AIR', 'REQUIREMENTSET_TEST_ALL'),
('PLAYER_HAS_RESOURCE_MANA_BODY', 'REQUIREMENTSET_TEST_ALL'),
('PLAYER_HAS_RESOURCE_MANA_CHAOS', 'REQUIREMENTSET_TEST_ALL'),
('PLAYER_HAS_RESOURCE_MANA_EARTH', 'REQUIREMENTSET_TEST_ALL'),
('PLAYER_HAS_RESOURCE_MANA_ENCHANTMENT', 'REQUIREMENTSET_TEST_ALL'),
('PLAYER_HAS_RESOURCE_MANA_ENTROPY', 'REQUIREMENTSET_TEST_ALL'),
('PLAYER_HAS_RESOURCE_MANA_ICE', 'REQUIREMENTSET_TEST_ALL'),
('PLAYER_HAS_RESOURCE_MANA_LAW', 'REQUIREMENTSET_TEST_ALL'),
('PLAYER_HAS_RESOURCE_MANA_LIFE', 'REQUIREMENTSET_TEST_ALL'),
('PLAYER_HAS_RESOURCE_MANA_METAMAGIC', 'REQUIREMENTSET_TEST_ALL'),
('PLAYER_HAS_RESOURCE_MANA_MIND', 'REQUIREMENTSET_TEST_ALL'),
('PLAYER_HAS_RESOURCE_MANA_NATURE', 'REQUIREMENTSET_TEST_ALL'),
('PLAYER_HAS_RESOURCE_MANA_SPIRIT', 'REQUIREMENTSET_TEST_ALL'),
('PLAYER_HAS_RESOURCE_MANA_WATER', 'REQUIREMENTSET_TEST_ALL'),
('PLAYER_HAS_RESOURCE_MANA_SUN', 'REQUIREMENTSET_TEST_ALL'),
('PLAYER_HAS_RESOURCE_MANA_SHADOW', 'REQUIREMENTSET_TEST_ALL'),
('PLAYER_HAS_RESOURCE_IRON', 'REQUIREMENTSET_TEST_ALL');


INSERT INTO Types(Type, Kind) VALUES
('CHANNELING_ABILITY_PROMOTION_CHANNELING1', 'KIND_ABILITY'),
('CHANNELING_ABILITY_PROMOTION_CHANNELING2', 'KIND_ABILITY'),
('CHANNELING_ABILITY_PROMOTION_CHANNELING3', 'KIND_ABILITY'),
('CHANNELING_ABILITY_PROMOTION_DEXTEROUS', 'KIND_ABILITY'),
('RESOURCE_MANA_DEATH_ABILITY_GRANT_SPELL', 'KIND_ABILITY'),
('RESOURCE_MANA_FIRE_ABILITY_GRANT_SPELL', 'KIND_ABILITY'),
('RESOURCE_MANA_AIR_ABILITY_GRANT_SPELL', 'KIND_ABILITY'),
('RESOURCE_MANA_BODY_ABILITY_GRANT_SPELL', 'KIND_ABILITY'),
('RESOURCE_MANA_CHAOS_ABILITY_GRANT_SPELL', 'KIND_ABILITY'),
('RESOURCE_MANA_EARTH_ABILITY_GRANT_SPELL', 'KIND_ABILITY'),
('RESOURCE_MANA_ENCHANTMENT_ABILITY_GRANT_SPELL', 'KIND_ABILITY'),
('RESOURCE_MANA_ENTROPY_ABILITY_GRANT_SPELL', 'KIND_ABILITY'),
('RESOURCE_MANA_ICE_ABILITY_GRANT_SPELL', 'KIND_ABILITY'),
('RESOURCE_MANA_LAW_ABILITY_GRANT_SPELL', 'KIND_ABILITY'),
('RESOURCE_MANA_LIFE_ABILITY_GRANT_SPELL', 'KIND_ABILITY'),
('RESOURCE_MANA_METAMAGIC_ABILITY_GRANT_SPELL', 'KIND_ABILITY'),
('RESOURCE_MANA_MIND_ABILITY_GRANT_SPELL', 'KIND_ABILITY'),
('RESOURCE_MANA_NATURE_ABILITY_GRANT_SPELL', 'KIND_ABILITY'),
('RESOURCE_MANA_SPIRIT_ABILITY_GRANT_SPELL', 'KIND_ABILITY'),
('RESOURCE_MANA_WATER_ABILITY_GRANT_SPELL', 'KIND_ABILITY'),
('RESOURCE_MANA_SUN_ABILITY_GRANT_SPELL', 'KIND_ABILITY'),
('RESOURCE_MANA_SHADOW_ABILITY_GRANT_SPELL', 'KIND_ABILITY');