-- Tagging abilities
INSERT INTO UnitAbilities(UnitAbilityType, Name, Description, Inactive, Permanent) VALUES
('CIVILIZATION_LJOSALFAR_ABILITY_SLTH_TRAIT_DEXTEROUS', 'LOC_SLTH_CIVILIZATION_LJOSALFAR_ABILITY_SLTH_TRAIT_DEXTEROUS_NAME', 'LOC_CIVILIZATION_LJOSALFAR_ABILITY_SLTH_TRAIT_DEXTEROUS_DESCRIPTION', '1', '1'),
('CIVILIZATION_HIPPUS_ABILITY_SLTH_TRAIT_HORSELORD', 'LOC_SLTH_CIVILIZATION_HIPPUS_ABILITY_SLTH_TRAIT_HORSELORD_NAME', 'LOC_CIVILIZATION_HIPPUS_ABILITY_SLTH_TRAIT_HORSELORD_DESCRIPTION', '1', '1'),
('CIVILIZATION_SVARTALFAR_ABILITY_SLTH_TRAIT_SINISTER', 'LOC_SLTH_CIVILIZATION_SVARTALFAR_ABILITY_SLTH_TRAIT_SINISTER_NAME', 'LOC_CIVILIZATION_SVARTALFAR_ABILITY_SLTH_TRAIT_SINISTER_DESCRIPTION', '1', '1'),
('DARK_ELF_ABILITY_FEATUREATTACKS', 'LOC_SLTH_DARK_ELF_ABILITY_FEATUREATTACKS_NAME', 'LOC_DARK_ELF_ABILITY_FEATUREATTACKS_DESCRIPTION', '1', '1'),
('PROMOTION_DARK_ELF_ABILITY_FEATUREDOUBLEMOVES', 'LOC_SLTH_PROMOTION_DARK_ELF_ABILITY_FEATUREDOUBLEMOVES_NAME', 'LOC_PROMOTION_DARK_ELF_ABILITY_FEATUREDOUBLEMOVES_DESCRIPTION', '1', '1'),
('DEMON_ABILITY_TERRAINATTACKS', 'LOC_SLTH_DEMON_ABILITY_TERRAINATTACKS_NAME', 'LOC_DEMON_ABILITY_TERRAINATTACKS_DESCRIPTION', '1', '1'),
('DEMON_ABILITY_TERRAINDEFENSES', 'LOC_SLTH_DEMON_ABILITY_TERRAINDEFENSES_NAME', 'LOC_DEMON_ABILITY_TERRAINDEFENSES_DESCRIPTION', '1', '1'),
('PROMOTION_DWARF_ABILITY_BHILLSDOUBLEMOVE', 'LOC_SLTH_PROMOTION_DWARF_ABILITY_BHILLSDOUBLEMOVE_NAME', 'LOC_PROMOTION_DWARF_ABILITY_BHILLSDOUBLEMOVE_DESCRIPTION', '1', '1'),
('ELF_ABILITY_FEATUREATTACKS', 'LOC_SLTH_ELF_ABILITY_FEATUREATTACKS_NAME', 'LOC_ELF_ABILITY_FEATUREATTACKS_DESCRIPTION', '1', '1'),
('PROMOTION_ELF_ABILITY_FEATUREDOUBLEMOVES', 'LOC_SLTH_PROMOTION_ELF_ABILITY_FEATUREDOUBLEMOVES_NAME', 'LOC_PROMOTION_ELF_ABILITY_FEATUREDOUBLEMOVES_DESCRIPTION', '1', '1'),
('FROSTLING_ABILITY_TERRAINATTACKS', 'LOC_SLTH_FROSTLING_ABILITY_TERRAINATTACKS_NAME', 'LOC_FROSTLING_ABILITY_TERRAINATTACKS_DESCRIPTION', '1', '1'),
('FROSTLING_ABILITY_TERRAINDEFENSES', 'LOC_SLTH_FROSTLING_ABILITY_TERRAINDEFENSES_NAME', 'LOC_FROSTLING_ABILITY_TERRAINDEFENSES_DESCRIPTION', '1', '1'),
('PROMOTION_GUERILLA2_ABILITY_BHILLSDOUBLEMOVE', 'LOC_SLTH_PROMOTION_GUERILLA2_ABILITY_BHILLSDOUBLEMOVE_NAME', 'LOC_PROMOTION_GUERILLA2_ABILITY_BHILLSDOUBLEMOVE_DESCRIPTION', '1', '1'),
('LIZARDMAN_ABILITY_TERRAINATTACKS', 'LOC_SLTH_LIZARDMAN_ABILITY_TERRAINATTACKS_NAME', 'LOC_LIZARDMAN_ABILITY_TERRAINATTACKS_DESCRIPTION', '1', '1'),
('LIZARDMAN_ABILITY_TERRAINDEFENSES', 'LOC_SLTH_LIZARDMAN_ABILITY_TERRAINDEFENSES_NAME', 'LOC_LIZARDMAN_ABILITY_TERRAINDEFENSES_DESCRIPTION', '1', '1'),
('PROMOTION_LIZARDMAN_ABILITY_TERRAINDOUBLEMOVES', 'LOC_SLTH_PROMOTION_LIZARDMAN_ABILITY_TERRAINDOUBLEMOVES_NAME', 'LOC_PROMOTION_LIZARDMAN_ABILITY_TERRAINDOUBLEMOVES_DESCRIPTION', '1', '1'),
('NIGHTMARE_ABILITY_TERRAINATTACKS', 'LOC_SLTH_NIGHTMARE_ABILITY_TERRAINATTACKS_NAME', 'LOC_NIGHTMARE_ABILITY_TERRAINATTACKS_DESCRIPTION', '1', '1'),
('NIGHTMARE_ABILITY_TERRAINDEFENSES', 'LOC_SLTH_NIGHTMARE_ABILITY_TERRAINDEFENSES_NAME', 'LOC_NIGHTMARE_ABILITY_TERRAINDEFENSES_DESCRIPTION', '1', '1'),
('NOMAD_ABILITY_TERRAINATTACKS', 'LOC_SLTH_NOMAD_ABILITY_TERRAINATTACKS_NAME', 'LOC_NOMAD_ABILITY_TERRAINATTACKS_DESCRIPTION', '1', '1'),
('NOMAD_ABILITY_TERRAINDEFENSES', 'LOC_SLTH_NOMAD_ABILITY_TERRAINDEFENSES_NAME', 'LOC_NOMAD_ABILITY_TERRAINDEFENSES_DESCRIPTION', '1', '1'),
('PROMOTION_NOMAD_ABILITY_TERRAINDOUBLEMOVES', 'LOC_SLTH_PROMOTION_NOMAD_ABILITY_TERRAINDOUBLEMOVES_NAME', 'LOC_PROMOTION_NOMAD_ABILITY_TERRAINDOUBLEMOVES_DESCRIPTION', '1', '1'),
('ORC_ABILITY_FEATUREATTACKS', 'LOC_SLTH_ORC_ABILITY_FEATUREATTACKS_NAME', 'LOC_ORC_ABILITY_FEATUREATTACKS_DESCRIPTION', '1', '1'),
('WINTERBORN_ABILITY_TERRAINATTACKS', 'LOC_SLTH_WINTERBORN_ABILITY_TERRAINATTACKS_NAME', 'LOC_WINTERBORN_ABILITY_TERRAINATTACKS_DESCRIPTION', '1', '1'),
('WINTERBORN_ABILITY_TERRAINDEFENSES', 'LOC_SLTH_WINTERBORN_ABILITY_TERRAINDEFENSES_NAME', 'LOC_WINTERBORN_ABILITY_TERRAINDEFENSES_DESCRIPTION', '1', '1'),
('WOODSMAN1_ABILITY_FEATUREATTACKS', 'LOC_SLTH_WOODSMAN1_ABILITY_FEATUREATTACKS_NAME', 'LOC_WOODSMAN1_ABILITY_FEATUREATTACKS_DESCRIPTION', '1', '1'),
('WOODSMAN1_ABILITY_FEATUREDEFENSES', 'LOC_SLTH_WOODSMAN1_ABILITY_FEATUREDEFENSES_NAME', 'LOC_WOODSMAN1_ABILITY_FEATUREDEFENSES_DESCRIPTION', '1', '1'),
('WOODSMAN2_ABILITY_FEATUREATTACKS', 'LOC_SLTH_WOODSMAN2_ABILITY_FEATUREATTACKS_NAME', 'LOC_WOODSMAN2_ABILITY_FEATUREATTACKS_DESCRIPTION', '1', '1'),
('WOODSMAN2_ABILITY_FEATUREDEFENSES', 'LOC_SLTH_WOODSMAN2_ABILITY_FEATUREDEFENSES_NAME', 'LOC_WOODSMAN2_ABILITY_FEATUREDEFENSES_DESCRIPTION', '1', '1'),
('PROMOTION_WOODSMAN2_ABILITY_FEATUREDOUBLEMOVES', 'LOC_SLTH_PROMOTION_WOODSMAN2_ABILITY_FEATUREDOUBLEMOVES_NAME', 'LOC_PROMOTION_WOODSMAN2_ABILITY_FEATUREDOUBLEMOVES_DESCRIPTION', '1', '1'),
('BAN_ABILITY_SLTH_UNIT_ABASHI', 'LOC_SLTH_BAN_ABILITY_SLTH_UNIT_ABASHI_NAME', 'LOC_BAN_ABILITY_SLTH_UNIT_ABASHI_DESCRIPTION', '0', '0'),
('BAN_ABILITY_SLTH_UNIT_ALAZKAN', 'LOC_SLTH_BAN_ABILITY_SLTH_UNIT_ALAZKAN_NAME', 'LOC_BAN_ABILITY_SLTH_UNIT_ALAZKAN_DESCRIPTION', '0', '0'),
('BAN_ABILITY_SLTH_UNIT_ARTHENDAIN', 'LOC_SLTH_BAN_ABILITY_SLTH_UNIT_ARTHENDAIN_NAME', 'LOC_BAN_ABILITY_SLTH_UNIT_ARTHENDAIN_DESCRIPTION', '0', '0'),
('BAN_ABILITY_SLTH_UNIT_AURIC_ASCENDED', 'LOC_SLTH_BAN_ABILITY_SLTH_UNIT_AURIC_ASCENDED_NAME', 'LOC_BAN_ABILITY_SLTH_UNIT_AURIC_ASCENDED_DESCRIPTION', '0', '0'),
('BAN_ABILITY_SLTH_UNIT_BAMBUR', 'LOC_SLTH_BAN_ABILITY_SLTH_UNIT_BAMBUR_NAME', 'LOC_BAN_ABILITY_SLTH_UNIT_BAMBUR_DESCRIPTION', '0', '0'),
('BAN_ABILITY_SLTH_UNIT_BARNAXUS', 'LOC_SLTH_BAN_ABILITY_SLTH_UNIT_BARNAXUS_NAME', 'LOC_BAN_ABILITY_SLTH_UNIT_BARNAXUS_DESCRIPTION', '0', '0'),
('BAN_ABILITY_SLTH_UNIT_BASIUM', 'LOC_SLTH_BAN_ABILITY_SLTH_UNIT_BASIUM_NAME', 'LOC_BAN_ABILITY_SLTH_UNIT_BASIUM_DESCRIPTION', '0', '0'),
('BAN_ABILITY_SLTH_UNIT_CHALID', 'LOC_SLTH_BAN_ABILITY_SLTH_UNIT_CHALID_NAME', 'LOC_BAN_ABILITY_SLTH_UNIT_CHALID_DESCRIPTION', '0', '0'),
('BAN_ABILITY_SLTH_UNIT_CORLINDALE', 'LOC_SLTH_BAN_ABILITY_SLTH_UNIT_CORLINDALE_NAME', 'LOC_BAN_ABILITY_SLTH_UNIT_CORLINDALE_DESCRIPTION', '0', '0'),
('BAN_ABILITY_SLTH_UNIT_DONAL', 'LOC_SLTH_BAN_ABILITY_SLTH_UNIT_DONAL_NAME', 'LOC_BAN_ABILITY_SLTH_UNIT_DONAL_DESCRIPTION', '0', '0'),
('BAN_ABILITY_SLTH_UNIT_DRIFA', 'LOC_SLTH_BAN_ABILITY_SLTH_UNIT_DRIFA_NAME', 'LOC_BAN_ABILITY_SLTH_UNIT_DRIFA_DESCRIPTION', '0', '0'),
('BAN_ABILITY_SLTH_UNIT_DUIN', 'LOC_SLTH_BAN_ABILITY_SLTH_UNIT_DUIN_NAME', 'LOC_BAN_ABILITY_SLTH_UNIT_DUIN_DESCRIPTION', '0', '0'),
('BAN_ABILITY_SLTH_UNIT_EURABATRES', 'LOC_SLTH_BAN_ABILITY_SLTH_UNIT_EURABATRES_NAME', 'LOC_BAN_ABILITY_SLTH_UNIT_EURABATRES_DESCRIPTION', '0', '0'),
('BAN_ABILITY_SLTH_UNIT_GIBBON', 'LOC_SLTH_BAN_ABILITY_SLTH_UNIT_GIBBON_NAME', 'LOC_BAN_ABILITY_SLTH_UNIT_GIBBON_DESCRIPTION', '0', '0'),
('BAN_ABILITY_SLTH_UNIT_GILDEN', 'LOC_SLTH_BAN_ABILITY_SLTH_UNIT_GILDEN_NAME', 'LOC_BAN_ABILITY_SLTH_UNIT_GILDEN_DESCRIPTION', '0', '0'),
('BAN_ABILITY_SLTH_UNIT_GOVANNON', 'LOC_SLTH_BAN_ABILITY_SLTH_UNIT_GOVANNON_NAME', 'LOC_BAN_ABILITY_SLTH_UNIT_GOVANNON_DESCRIPTION', '0', '0'),
('BAN_ABILITY_SLTH_UNIT_GUYBRUSH', 'LOC_SLTH_BAN_ABILITY_SLTH_UNIT_GUYBRUSH_NAME', 'LOC_BAN_ABILITY_SLTH_UNIT_GUYBRUSH_DESCRIPTION', '0', '0'),
('BAN_ABILITY_SLTH_UNIT_HEMAH', 'LOC_SLTH_BAN_ABILITY_SLTH_UNIT_HEMAH_NAME', 'LOC_BAN_ABILITY_SLTH_UNIT_HEMAH_DESCRIPTION', '0', '0'),
('BAN_ABILITY_SLTH_UNIT_HERNE', 'LOC_SLTH_BAN_ABILITY_SLTH_UNIT_HERNE_NAME', 'LOC_BAN_ABILITY_SLTH_UNIT_HERNE_DESCRIPTION', '0', '0'),
('BAN_ABILITY_SLTH_UNIT_HYBOREM', 'LOC_SLTH_BAN_ABILITY_SLTH_UNIT_HYBOREM_NAME', 'LOC_BAN_ABILITY_SLTH_UNIT_HYBOREM_DESCRIPTION', '0', '0'),
('BAN_ABILITY_SLTH_UNIT_KITHRA', 'LOC_SLTH_BAN_ABILITY_SLTH_UNIT_KITHRA_NAME', 'LOC_BAN_ABILITY_SLTH_UNIT_KITHRA_DESCRIPTION', '0', '0'),
('BAN_ABILITY_SLTH_UNIT_LOKI', 'LOC_SLTH_BAN_ABILITY_SLTH_UNIT_LOKI_NAME', 'LOC_BAN_ABILITY_SLTH_UNIT_LOKI_DESCRIPTION', '0', '0'),
('BAN_ABILITY_SLTH_UNIT_LOSHA', 'LOC_SLTH_BAN_ABILITY_SLTH_UNIT_LOSHA_NAME', 'LOC_BAN_ABILITY_SLTH_UNIT_LOSHA_DESCRIPTION', '0', '0'),
('BAN_ABILITY_SLTH_UNIT_LUCIAN', 'LOC_SLTH_BAN_ABILITY_SLTH_UNIT_LUCIAN_NAME', 'LOC_BAN_ABILITY_SLTH_UNIT_LUCIAN_DESCRIPTION', '0', '0'),
('BAN_ABILITY_SLTH_UNIT_MAGNADINE', 'LOC_SLTH_BAN_ABILITY_SLTH_UNIT_MAGNADINE_NAME', 'LOC_BAN_ABILITY_SLTH_UNIT_MAGNADINE_DESCRIPTION', '0', '0'),
('BAN_ABILITY_SLTH_UNIT_MARDERO', 'LOC_SLTH_BAN_ABILITY_SLTH_UNIT_MARDERO_NAME', 'LOC_BAN_ABILITY_SLTH_UNIT_MARDERO_DESCRIPTION', '0', '0'),
('BAN_ABILITY_SLTH_UNIT_MAROS', 'LOC_SLTH_BAN_ABILITY_SLTH_UNIT_MAROS_NAME', 'LOC_BAN_ABILITY_SLTH_UNIT_MAROS_DESCRIPTION', '0', '0'),
('BAN_ABILITY_SLTH_UNIT_MESHABBER', 'LOC_SLTH_BAN_ABILITY_SLTH_UNIT_MESHABBER_NAME', 'LOC_BAN_ABILITY_SLTH_UNIT_MESHABBER_DESCRIPTION', '0', '0'),
('BAN_ABILITY_SLTH_UNIT_MITHRIL_GOLEM', 'LOC_SLTH_BAN_ABILITY_SLTH_UNIT_MITHRIL_GOLEM_NAME', 'LOC_BAN_ABILITY_SLTH_UNIT_MITHRIL_GOLEM_DESCRIPTION', '0', '0'),
('BAN_ABILITY_SLTH_UNIT_RANTINE', 'LOC_SLTH_BAN_ABILITY_SLTH_UNIT_RANTINE_NAME', 'LOC_BAN_ABILITY_SLTH_UNIT_RANTINE_DESCRIPTION', '0', '0'),
('BAN_ABILITY_SLTH_UNIT_RATHUS', 'LOC_SLTH_BAN_ABILITY_SLTH_UNIT_RATHUS_NAME', 'LOC_BAN_ABILITY_SLTH_UNIT_RATHUS_DESCRIPTION', '0', '0'),
('BAN_ABILITY_SLTH_UNIT_ROSIER', 'LOC_SLTH_BAN_ABILITY_SLTH_UNIT_ROSIER_NAME', 'LOC_BAN_ABILITY_SLTH_UNIT_ROSIER_DESCRIPTION', '0', '0'),
('BAN_ABILITY_SLTH_UNIT_SAVEROUS', 'LOC_SLTH_BAN_ABILITY_SLTH_UNIT_SAVEROUS_NAME', 'LOC_BAN_ABILITY_SLTH_UNIT_SAVEROUS_DESCRIPTION', '0', '0'),
('BAN_ABILITY_SLTH_UNIT_SPHENER', 'LOC_SLTH_BAN_ABILITY_SLTH_UNIT_SPHENER_NAME', 'LOC_BAN_ABILITY_SLTH_UNIT_SPHENER_DESCRIPTION', '0', '0'),
('BAN_ABILITY_SLTH_UNIT_TEUTORIX', 'LOC_SLTH_BAN_ABILITY_SLTH_UNIT_TEUTORIX_NAME', 'LOC_BAN_ABILITY_SLTH_UNIT_TEUTORIX_DESCRIPTION', '0', '0'),
('BAN_ABILITY_SLTH_UNIT_VALIN', 'LOC_SLTH_BAN_ABILITY_SLTH_UNIT_VALIN_NAME', 'LOC_BAN_ABILITY_SLTH_UNIT_VALIN_DESCRIPTION', '0', '0'),
('BAN_ABILITY_SLTH_UNIT_YVAIN', 'LOC_SLTH_BAN_ABILITY_SLTH_UNIT_YVAIN_NAME', 'LOC_BAN_ABILITY_SLTH_UNIT_YVAIN_DESCRIPTION', '0', '0');

INSERT INTO UnitAbilityModifiers(UnitAbilityType, ModifierId) VALUES
('CIVILIZATION_LJOSALFAR_ABILITY_SLTH_TRAIT_DEXTEROUS', 'MODIFIER_CIVILIZATION_LJOSALFAR_ABILITY_SLTH_TRAIT_DEXTEROUS'),
('CIVILIZATION_HIPPUS_ABILITY_SLTH_TRAIT_HORSELORD', 'MODIFIER_CIVILIZATION_HIPPUS_ABILITY_SLTH_TRAIT_HORSELORD'),
('CIVILIZATION_HIPPUS_ABILITY_SLTH_TRAIT_HORSELORD', 'MODIFIER_CIVILIZATION_HIPPUS_ABILITY_SLTH_TRAIT_HORSELORD_MOVE'),
('CIVILIZATION_SVARTALFAR_ABILITY_SLTH_TRAIT_SINISTER', 'MODIFIER_CIVILIZATION_SVARTALFAR_ABILITY_SLTH_TRAIT_SINISTER'),
('DARK_ELF_ABILITY_FEATUREATTACKS', 'MODIFIER_DARK_ELF_ABILITY_FEATUREATTACKS_FEATURE_FOREST'),
('DARK_ELF_ABILITY_FEATUREATTACKS', 'MODIFIER_DARK_ELF_ABILITY_FEATUREATTACKS_FEATURE_FOREST_ANCIENT'),
('PROMOTION_DARK_ELF_ABILITY_FEATUREDOUBLEMOVES', 'MODIFIER_PROMOTION_DARK_ELF_ABILITY_FEATUREDOUBLEMOVES_FOREST'),
('PROMOTION_DARK_ELF_ABILITY_FEATUREDOUBLEMOVES', 'MODIFIER_PROMOTION_DARK_ELF_ABILITY_FEATUREDOUBLEMOVES_ANCIENT_FOREST'),
('DEMON_ABILITY_TERRAINATTACKS', 'MODIFIER_DEMON_ABILITY_TERRAINATTACKS_BROKEN_LANDS'),
('DEMON_ABILITY_TERRAINATTACKS', 'MODIFIER_DEMON_ABILITY_TERRAINATTACKS_FIELDS_OF_PERDITION'),
('DEMON_ABILITY_TERRAINATTACKS', 'MODIFIER_DEMON_ABILITY_TERRAINATTACKS_BURNING_SANDS'),
('DEMON_ABILITY_TERRAINDEFENSES', 'MODIFIER_DEMON_ABILITY_TERRAINDEFENSES_BROKEN_LANDS'),
('DEMON_ABILITY_TERRAINDEFENSES', 'MODIFIER_DEMON_ABILITY_TERRAINDEFENSES_FIELDS_OF_PERDITION'),
('DEMON_ABILITY_TERRAINDEFENSES', 'MODIFIER_DEMON_ABILITY_TERRAINDEFENSES_BURNING_SANDS'),
('PROMOTION_DWARF_ABILITY_BHILLSDOUBLEMOVE', 'MODIFIER_PROMOTION_DWARF_ABILITY_BHILLSDOUBLEMOVE'),
('ELF_ABILITY_FEATUREATTACKS', 'MODIFIER_ELF_ABILITY_FEATUREATTACKS_FEATURE_FOREST'),
('ELF_ABILITY_FEATUREATTACKS', 'MODIFIER_ELF_ABILITY_FEATUREATTACKS_FEATURE_FOREST_ANCIENT'),
('PROMOTION_ELF_ABILITY_FEATUREDOUBLEMOVES', 'MODIFIER_PROMOTION_ELF_ABILITY_FEATUREDOUBLEMOVES_FOREST'),
('PROMOTION_ELF_ABILITY_FEATUREDOUBLEMOVES', 'MODIFIER_PROMOTION_ELF_ABILITY_FEATUREDOUBLEMOVES_ANCIENT_FOREST'),
('FROSTLING_ABILITY_TERRAINATTACKS', 'MODIFIER_FROSTLING_ABILITY_TERRAINATTACKS_SNOW'),
('FROSTLING_ABILITY_TERRAINATTACKS', 'MODIFIER_FROSTLING_ABILITY_TERRAINATTACKS_TUNDRA'),
('FROSTLING_ABILITY_TERRAINATTACKS', 'MODIFIER_FROSTLING_ABILITY_TERRAINATTACKS_DESERT'),
('FROSTLING_ABILITY_TERRAINDEFENSES', 'MODIFIER_FROSTLING_ABILITY_TERRAINDEFENSES_SNOW'),
('FROSTLING_ABILITY_TERRAINDEFENSES', 'MODIFIER_FROSTLING_ABILITY_TERRAINDEFENSES_TUNDRA'),
('FROSTLING_ABILITY_TERRAINDEFENSES', 'MODIFIER_FROSTLING_ABILITY_TERRAINDEFENSES_DESERT'),
('PROMOTION_GUERILLA2_ABILITY_BHILLSDOUBLEMOVE', 'MODIFIER_PROMOTION_GUERILLA2_ABILITY_BHILLSDOUBLEMOVE'),
('LIZARDMAN_ABILITY_TERRAINATTACKS', 'MODIFIER_LIZARDMAN_ABILITY_TERRAINATTACKS_MARSH'),
('LIZARDMAN_ABILITY_TERRAINDEFENSES', 'MODIFIER_LIZARDMAN_ABILITY_TERRAINDEFENSES_MARSH'),
('PROMOTION_LIZARDMAN_ABILITY_TERRAINDOUBLEMOVES', 'MODIFIER_PROMOTION_LIZARDMAN_ABILITY_TERRAINDOUBLEMOVES_MARSH'),
('NIGHTMARE_ABILITY_TERRAINATTACKS', 'MODIFIER_NIGHTMARE_ABILITY_TERRAINATTACKS_BROKEN_LANDS'),
('NIGHTMARE_ABILITY_TERRAINATTACKS', 'MODIFIER_NIGHTMARE_ABILITY_TERRAINATTACKS_FIELDS_OF_PERDITION'),
('NIGHTMARE_ABILITY_TERRAINATTACKS', 'MODIFIER_NIGHTMARE_ABILITY_TERRAINATTACKS_BURNING_SANDS'),
('NIGHTMARE_ABILITY_TERRAINDEFENSES', 'MODIFIER_NIGHTMARE_ABILITY_TERRAINDEFENSES_BROKEN_LANDS'),
('NIGHTMARE_ABILITY_TERRAINDEFENSES', 'MODIFIER_NIGHTMARE_ABILITY_TERRAINDEFENSES_FIELDS_OF_PERDITION'),
('NIGHTMARE_ABILITY_TERRAINDEFENSES', 'MODIFIER_NIGHTMARE_ABILITY_TERRAINDEFENSES_BURNING_SANDS'),
('NOMAD_ABILITY_TERRAINATTACKS', 'MODIFIER_NOMAD_ABILITY_TERRAINATTACKS_DESERT'),
('NOMAD_ABILITY_TERRAINDEFENSES', 'MODIFIER_NOMAD_ABILITY_TERRAINDEFENSES_DESERT'),
('PROMOTION_NOMAD_ABILITY_TERRAINDOUBLEMOVES', 'MODIFIER_PROMOTION_NOMAD_ABILITY_TERRAINDOUBLEMOVES_DESERT'),
('ORC_ABILITY_FEATUREATTACKS', 'MODIFIER_ORC_ABILITY_FEATUREATTACKS_FEATURE_JUNGLE'),
('WINTERBORN_ABILITY_TERRAINATTACKS', 'MODIFIER_WINTERBORN_ABILITY_TERRAINATTACKS_SNOW'),
('WINTERBORN_ABILITY_TERRAINATTACKS', 'MODIFIER_WINTERBORN_ABILITY_TERRAINATTACKS_TUNDRA'),
('WINTERBORN_ABILITY_TERRAINDEFENSES', 'MODIFIER_WINTERBORN_ABILITY_TERRAINDEFENSES_SNOW'),
('WINTERBORN_ABILITY_TERRAINDEFENSES', 'MODIFIER_WINTERBORN_ABILITY_TERRAINDEFENSES_TUNDRA'),
('WOODSMAN1_ABILITY_FEATUREATTACKS', 'MODIFIER_WOODSMAN1_ABILITY_FEATUREATTACKS_FEATURE_JUNGLE'),
('WOODSMAN1_ABILITY_FEATUREATTACKS', 'MODIFIER_WOODSMAN1_ABILITY_FEATUREATTACKS_FEATURE_FOREST'),
('WOODSMAN1_ABILITY_FEATUREATTACKS', 'MODIFIER_WOODSMAN1_ABILITY_FEATUREATTACKS_FEATURE_FOREST_ANCIENT'),
('WOODSMAN1_ABILITY_FEATUREDEFENSES', 'MODIFIER_WOODSMAN1_ABILITY_FEATUREDEFENSES_FEATURE_JUNGLE'),
('WOODSMAN1_ABILITY_FEATUREDEFENSES', 'MODIFIER_WOODSMAN1_ABILITY_FEATUREDEFENSES_FEATURE_FOREST'),
('WOODSMAN1_ABILITY_FEATUREDEFENSES', 'MODIFIER_WOODSMAN1_ABILITY_FEATUREDEFENSES_FEATURE_FOREST_ANCIENT'),
('WOODSMAN2_ABILITY_FEATUREATTACKS', 'MODIFIER_WOODSMAN2_ABILITY_FEATUREATTACKS_FEATURE_JUNGLE'),
('WOODSMAN2_ABILITY_FEATUREATTACKS', 'MODIFIER_WOODSMAN2_ABILITY_FEATUREATTACKS_FEATURE_FOREST'),
('WOODSMAN2_ABILITY_FEATUREATTACKS', 'MODIFIER_WOODSMAN2_ABILITY_FEATUREATTACKS_FEATURE_FOREST_ANCIENT'),
('WOODSMAN2_ABILITY_FEATUREDEFENSES', 'MODIFIER_WOODSMAN2_ABILITY_FEATUREDEFENSES_FEATURE_JUNGLE'),
('WOODSMAN2_ABILITY_FEATUREDEFENSES', 'MODIFIER_WOODSMAN2_ABILITY_FEATUREDEFENSES_FEATURE_FOREST'),
('WOODSMAN2_ABILITY_FEATUREDEFENSES', 'MODIFIER_WOODSMAN2_ABILITY_FEATUREDEFENSES_FEATURE_FOREST_ANCIENT'),
('PROMOTION_WOODSMAN2_ABILITY_FEATUREDOUBLEMOVES', 'MODIFIER_PROMOTION_WOODSMAN2_ABILITY_FEATUREDOUBLEMOVES_JUNGLE'),
('PROMOTION_WOODSMAN2_ABILITY_FEATUREDOUBLEMOVES', 'MODIFIER_PROMOTION_WOODSMAN2_ABILITY_FEATUREDOUBLEMOVES_FOREST'),
('PROMOTION_WOODSMAN2_ABILITY_FEATUREDOUBLEMOVES', 'MODIFIER_PROMOTION_WOODSMAN2_ABILITY_FEATUREDOUBLEMOVES_ANCIENT_FOREST'),
('BAN_ABILITY_SLTH_UNIT_ABASHI', 'MODIFIER_BAN_ABILITY_SLTH_UNIT_ABASHI'),
('BAN_ABILITY_SLTH_UNIT_ALAZKAN', 'MODIFIER_BAN_ABILITY_SLTH_UNIT_ALAZKAN'),
('BAN_ABILITY_SLTH_UNIT_ARTHENDAIN', 'MODIFIER_BAN_ABILITY_SLTH_UNIT_ARTHENDAIN'),
('BAN_ABILITY_SLTH_UNIT_AURIC_ASCENDED', 'MODIFIER_BAN_ABILITY_SLTH_UNIT_AURIC_ASCENDED'),
('BAN_ABILITY_SLTH_UNIT_BAMBUR', 'MODIFIER_BAN_ABILITY_SLTH_UNIT_BAMBUR'),
('BAN_ABILITY_SLTH_UNIT_BARNAXUS', 'MODIFIER_BAN_ABILITY_SLTH_UNIT_BARNAXUS'),
('BAN_ABILITY_SLTH_UNIT_BASIUM', 'MODIFIER_BAN_ABILITY_SLTH_UNIT_BASIUM'),
('BAN_ABILITY_SLTH_UNIT_CHALID', 'MODIFIER_BAN_ABILITY_SLTH_UNIT_CHALID'),
('BAN_ABILITY_SLTH_UNIT_CORLINDALE', 'MODIFIER_BAN_ABILITY_SLTH_UNIT_CORLINDALE'),
('BAN_ABILITY_SLTH_UNIT_DONAL', 'MODIFIER_BAN_ABILITY_SLTH_UNIT_DONAL'),
('BAN_ABILITY_SLTH_UNIT_DRIFA', 'MODIFIER_BAN_ABILITY_SLTH_UNIT_DRIFA'),
('BAN_ABILITY_SLTH_UNIT_DUIN', 'MODIFIER_BAN_ABILITY_SLTH_UNIT_DUIN'),
('BAN_ABILITY_SLTH_UNIT_EURABATRES', 'MODIFIER_BAN_ABILITY_SLTH_UNIT_EURABATRES'),
('BAN_ABILITY_SLTH_UNIT_GIBBON', 'MODIFIER_BAN_ABILITY_SLTH_UNIT_GIBBON'),
('BAN_ABILITY_SLTH_UNIT_GILDEN', 'MODIFIER_BAN_ABILITY_SLTH_UNIT_GILDEN'),
('BAN_ABILITY_SLTH_UNIT_GOVANNON', 'MODIFIER_BAN_ABILITY_SLTH_UNIT_GOVANNON'),
('BAN_ABILITY_SLTH_UNIT_GUYBRUSH', 'MODIFIER_BAN_ABILITY_SLTH_UNIT_GUYBRUSH'),
('BAN_ABILITY_SLTH_UNIT_HEMAH', 'MODIFIER_BAN_ABILITY_SLTH_UNIT_HEMAH'),
('BAN_ABILITY_SLTH_UNIT_HERNE', 'MODIFIER_BAN_ABILITY_SLTH_UNIT_HERNE'),
('BAN_ABILITY_SLTH_UNIT_HYBOREM', 'MODIFIER_BAN_ABILITY_SLTH_UNIT_HYBOREM'),
('BAN_ABILITY_SLTH_UNIT_KITHRA', 'MODIFIER_BAN_ABILITY_SLTH_UNIT_KITHRA'),
('BAN_ABILITY_SLTH_UNIT_LOKI', 'MODIFIER_BAN_ABILITY_SLTH_UNIT_LOKI'),
('BAN_ABILITY_SLTH_UNIT_LOSHA', 'MODIFIER_BAN_ABILITY_SLTH_UNIT_LOSHA'),
('BAN_ABILITY_SLTH_UNIT_LUCIAN', 'MODIFIER_BAN_ABILITY_SLTH_UNIT_LUCIAN'),
('BAN_ABILITY_SLTH_UNIT_MAGNADINE', 'MODIFIER_BAN_ABILITY_SLTH_UNIT_MAGNADINE'),
('BAN_ABILITY_SLTH_UNIT_MARDERO', 'MODIFIER_BAN_ABILITY_SLTH_UNIT_MARDERO'),
('BAN_ABILITY_SLTH_UNIT_MAROS', 'MODIFIER_BAN_ABILITY_SLTH_UNIT_MAROS'),
('BAN_ABILITY_SLTH_UNIT_MESHABBER', 'MODIFIER_BAN_ABILITY_SLTH_UNIT_MESHABBER'),
('BAN_ABILITY_SLTH_UNIT_MITHRIL_GOLEM', 'MODIFIER_BAN_ABILITY_SLTH_UNIT_MITHRIL_GOLEM'),
('BAN_ABILITY_SLTH_UNIT_RANTINE', 'MODIFIER_BAN_ABILITY_SLTH_UNIT_RANTINE'),
('BAN_ABILITY_SLTH_UNIT_RATHUS', 'MODIFIER_BAN_ABILITY_SLTH_UNIT_RATHUS'),
('BAN_ABILITY_SLTH_UNIT_ROSIER', 'MODIFIER_BAN_ABILITY_SLTH_UNIT_ROSIER'),
('BAN_ABILITY_SLTH_UNIT_SAVEROUS', 'MODIFIER_BAN_ABILITY_SLTH_UNIT_SAVEROUS'),
('BAN_ABILITY_SLTH_UNIT_SPHENER', 'MODIFIER_BAN_ABILITY_SLTH_UNIT_SPHENER'),
('BAN_ABILITY_SLTH_UNIT_TEUTORIX', 'MODIFIER_BAN_ABILITY_SLTH_UNIT_TEUTORIX'),
('BAN_ABILITY_SLTH_UNIT_VALIN', 'MODIFIER_BAN_ABILITY_SLTH_UNIT_VALIN'),
('BAN_ABILITY_SLTH_UNIT_YVAIN', 'MODIFIER_BAN_ABILITY_SLTH_UNIT_YVAIN');

INSERT INTO Modifiers(ModifierId, ModifierType, RunOnce, Permanent, OwnerRequirementSetId, SubjectRequirementSetId, OwnerStackLimit, SubjectStackLimit) VALUES
('MODIFIER_DARK_ELF_ABILITY_FEATUREATTACKS_FEATURE_FOREST', 'MODIFIER_UNIT_ADJUST_COMBAT_STRENGTH', '0', '0', NULL, 'DARK_ELF_ABILITY_FEATUREATTACKS_REQS_FEATURE_FOREST', NULL, NULL),
('MODIFIER_DARK_ELF_ABILITY_FEATUREATTACKS_FEATURE_FOREST_ANCIENT', 'MODIFIER_UNIT_ADJUST_COMBAT_STRENGTH', '0', '0', NULL, 'DARK_ELF_ABILITY_FEATUREATTACKS_REQS_FEATURE_FOREST_ANCIENT', NULL, NULL),
('TRAIT_GRANT_DARK_ELF_ABILITY_FEATUREATTACKS', 'MODIFIER_PLAYER_UNITS_GRANT_ABILITY_GRANCOLOMBIA_MAYA', '0', '0', NULL, NULL, NULL, NULL),
('MODIFIER_PROMOTION_DARK_ELF_ABILITY_FEATUREDOUBLEMOVES_FOREST', 'MODIFIER_PLAYER_UNIT_ADJUST_MOVEMENT', '0', '0', NULL, 'PROMOTION_DARK_ELF_ABILITY_FEATUREDOUBLEMOVES_FOREST_REQS', NULL, NULL),
('MODIFIER_PROMOTION_DARK_ELF_ABILITY_FEATUREDOUBLEMOVES_ANCIENT_FOREST', 'MODIFIER_PLAYER_UNIT_ADJUST_MOVEMENT', '0', '0', NULL, 'PROMOTION_DARK_ELF_ABILITY_FEATUREDOUBLEMOVES_ANCIENT_FOREST_REQS', NULL, NULL),
('TRAIT_GRANT_PROMOTION_DARK_ELF_ABILITY_FEATUREDOUBLEMOVES', 'MODIFIER_PLAYER_UNITS_GRANT_ABILITY_GRANCOLOMBIA_MAYA', '0', '0', NULL, NULL, NULL, NULL),
('MODIFIER_DEMON_ABILITY_TERRAINATTACKS_BROKEN_LANDS', 'MODIFIER_UNIT_ADJUST_COMBAT_STRENGTH', '0', '0', NULL, 'DEMON_ABILITY_TERRAINATTACKS_REQS_BROKEN_LANDS', NULL, NULL),
('MODIFIER_DEMON_ABILITY_TERRAINATTACKS_FIELDS_OF_PERDITION', 'MODIFIER_UNIT_ADJUST_COMBAT_STRENGTH', '0', '0', NULL, 'DEMON_ABILITY_TERRAINATTACKS_REQS_FIELDS_OF_PERDITION', NULL, NULL),
('MODIFIER_DEMON_ABILITY_TERRAINATTACKS_BURNING_SANDS', 'MODIFIER_UNIT_ADJUST_COMBAT_STRENGTH', '0', '0', NULL, 'DEMON_ABILITY_TERRAINATTACKS_REQS_BURNING_SANDS', NULL, NULL),
('TRAIT_GRANT_DEMON_ABILITY_TERRAINATTACKS', 'MODIFIER_PLAYER_UNITS_GRANT_ABILITY_GRANCOLOMBIA_MAYA', '0', '0', NULL, NULL, NULL, NULL),
('MODIFIER_DEMON_ABILITY_TERRAINDEFENSES_BROKEN_LANDS', 'MODIFIER_UNIT_ADJUST_COMBAT_STRENGTH', '0', '0', NULL, 'DEMON_ABILITY_TERRAINDEFENSES_REQS_BROKEN_LANDS', NULL, NULL),
('MODIFIER_DEMON_ABILITY_TERRAINDEFENSES_FIELDS_OF_PERDITION', 'MODIFIER_UNIT_ADJUST_COMBAT_STRENGTH', '0', '0', NULL, 'DEMON_ABILITY_TERRAINDEFENSES_REQS_FIELDS_OF_PERDITION', NULL, NULL),
('MODIFIER_DEMON_ABILITY_TERRAINDEFENSES_BURNING_SANDS', 'MODIFIER_UNIT_ADJUST_COMBAT_STRENGTH', '0', '0', NULL, 'DEMON_ABILITY_TERRAINDEFENSES_REQS_BURNING_SANDS', NULL, NULL),
('TRAIT_GRANT_DEMON_ABILITY_TERRAINDEFENSES', 'MODIFIER_PLAYER_UNITS_GRANT_ABILITY_GRANCOLOMBIA_MAYA', '0', '0', NULL, NULL, NULL, NULL),
('MODIFIER_PROMOTION_DEXTEROUS', 'MODIFIER_UNIT_ADJUST_COMBAT_STRENGTH', '0', '0', NULL, 'UNIT_STRONG_WHEN_ATTACKING_REQUIREMENTS', NULL, NULL),
('MODIFIER_PROMOTION_DISEASED', 'MODIFIER_UNIT_ADJUST_COMBAT_STRENGTH', '0', '0', NULL, NULL, NULL, NULL),
('MODIFIER_PROMOTION_DRILL4', 'MODIFIER_UNIT_ADJUST_COMBAT_STRENGTH', '0', '0', NULL, 'OPPONENT_PROMOTION_CLASS_MOUNTED_REQUIREMENT_SET', NULL, NULL),
('MODIFIER_PROMOTION_DWARF_ABILITY_BHILLSDOUBLEMOVE', 'MODIFIER_PLAYER_UNIT_ADJUST_MOVEMENT', '0', '0', NULL, 'PROMOTION_DWARF_ABILITY_BHILLSDOUBLEMOVE_REQS', NULL, NULL),
('TRAIT_GRANT_PROMOTION_DWARF_ABILITY_BHILLSDOUBLEMOVE', 'MODIFIER_PLAYER_UNITS_GRANT_ABILITY_GRANCOLOMBIA_MAYA', '0', '0', NULL, NULL, NULL, NULL),
('MODIFIER_ELF_ABILITY_FEATUREATTACKS_FEATURE_FOREST', 'MODIFIER_UNIT_ADJUST_COMBAT_STRENGTH', '0', '0', NULL, 'ELF_ABILITY_FEATUREATTACKS_REQS_FEATURE_FOREST', NULL, NULL),
('MODIFIER_ELF_ABILITY_FEATUREATTACKS_FEATURE_FOREST_ANCIENT', 'MODIFIER_UNIT_ADJUST_COMBAT_STRENGTH', '0', '0', NULL, 'ELF_ABILITY_FEATUREATTACKS_REQS_FEATURE_FOREST_ANCIENT', NULL, NULL),
('TRAIT_GRANT_ELF_ABILITY_FEATUREATTACKS', 'MODIFIER_PLAYER_UNITS_GRANT_ABILITY_GRANCOLOMBIA_MAYA', '0', '0', NULL, NULL, NULL, NULL),
('MODIFIER_PROMOTION_ELF_ABILITY_FEATUREDOUBLEMOVES_FOREST', 'MODIFIER_PLAYER_UNIT_ADJUST_MOVEMENT', '0', '0', NULL, 'PROMOTION_ELF_ABILITY_FEATUREDOUBLEMOVES_FOREST_REQS', NULL, NULL),
('MODIFIER_PROMOTION_ELF_ABILITY_FEATUREDOUBLEMOVES_ANCIENT_FOREST', 'MODIFIER_PLAYER_UNIT_ADJUST_MOVEMENT', '0', '0', NULL, 'PROMOTION_ELF_ABILITY_FEATUREDOUBLEMOVES_ANCIENT_FOREST_REQS', NULL, NULL),
('TRAIT_GRANT_PROMOTION_ELF_ABILITY_FEATUREDOUBLEMOVES', 'MODIFIER_PLAYER_UNITS_GRANT_ABILITY_GRANCOLOMBIA_MAYA', '0', '0', NULL, NULL, NULL, NULL),
('MODIFIER_PROMOTION_EMPOWER1', 'MODIFIER_UNIT_ADJUST_COMBAT_STRENGTH', '0', '0', NULL, NULL, NULL, NULL),
('MODIFIER_PROMOTION_EMPOWER2', 'MODIFIER_UNIT_ADJUST_COMBAT_STRENGTH', '0', '0', NULL, NULL, NULL, NULL),
('MODIFIER_PROMOTION_EMPOWER3', 'MODIFIER_UNIT_ADJUST_COMBAT_STRENGTH', '0', '0', NULL, NULL, NULL, NULL),
('MODIFIER_PROMOTION_EMPOWER4', 'MODIFIER_UNIT_ADJUST_COMBAT_STRENGTH', '0', '0', NULL, NULL, NULL, NULL),
('MODIFIER_PROMOTION_EMPOWER5', 'MODIFIER_UNIT_ADJUST_COMBAT_STRENGTH', '0', '0', NULL, NULL, NULL, NULL),
('MODIFIER_PROMOTION_EMPTY_BIER', 'MODIFIER_UNIT_ADJUST_COMBAT_STRENGTH', '0', '0', NULL, 'REQUIREMENT_PROMOTION_EMPTY_BIER_SET', NULL, NULL),
('MODIFIER_PROMOTION_ENCHANTED_BLADE', 'MODIFIER_UNIT_ADJUST_COMBAT_STRENGTH', '0', '0', NULL, NULL, NULL, NULL),
('MODIFIER_PROMOTION_ENRAGED_MOVEMENT', 'MODIFIER_PLAYER_UNIT_ADJUST_MOVEMENT', '0', '0', NULL, NULL, NULL, NULL),
('MODIFIER_PROMOTION_ENRAGED', 'MODIFIER_UNIT_ADJUST_COMBAT_STRENGTH', '0', '0', NULL, 'REQUIREMENT_PROMOTION_ENRAGED_SET', NULL, NULL),
('MODIFIER_PROMOTION_FAIR_WINDS_MOVEMENT', 'MODIFIER_PLAYER_UNIT_ADJUST_MOVEMENT', '0', '0', NULL, NULL, NULL, NULL),
('MODIFIER_PROMOTION_FATIGUED', 'MODIFIER_UNIT_ADJUST_COMBAT_STRENGTH', '0', '0', NULL, NULL, NULL, NULL),
('MODIFIER_PROMOTION_FLYING_MOVEMENT', 'MODIFIER_PLAYER_UNIT_ADJUST_MOVEMENT', '0', '0', NULL, NULL, NULL, NULL),
('MODIFIER_PROMOTION_FORMATION', 'MODIFIER_UNIT_ADJUST_COMBAT_STRENGTH', '0', '0', NULL, 'OPPONENT_PROMOTION_CLASS_MOUNTED_REQUIREMENT_SET', NULL, NULL),
('MODIFIER_PROMOTION_FORMATION2', 'MODIFIER_UNIT_ADJUST_COMBAT_STRENGTH', '0', '0', NULL, 'OPPONENT_PROMOTION_CLASS_MOUNTED_REQUIREMENT_SET', NULL, NULL),
('MODIFIER_FROSTLING_ABILITY_TERRAINATTACKS_SNOW', 'MODIFIER_UNIT_ADJUST_COMBAT_STRENGTH', '0', '0', NULL, 'FROSTLING_ABILITY_TERRAINATTACKS_REQS_SNOW', NULL, NULL),
('MODIFIER_FROSTLING_ABILITY_TERRAINATTACKS_TUNDRA', 'MODIFIER_UNIT_ADJUST_COMBAT_STRENGTH', '0', '0', NULL, 'FROSTLING_ABILITY_TERRAINATTACKS_REQS_TUNDRA', NULL, NULL),
('MODIFIER_FROSTLING_ABILITY_TERRAINATTACKS_DESERT', 'MODIFIER_UNIT_ADJUST_COMBAT_STRENGTH', '0', '0', NULL, 'FROSTLING_ABILITY_TERRAINATTACKS_REQS_DESERT', NULL, NULL),
('TRAIT_GRANT_FROSTLING_ABILITY_TERRAINATTACKS', 'MODIFIER_PLAYER_UNITS_GRANT_ABILITY_GRANCOLOMBIA_MAYA', '0', '0', NULL, NULL, NULL, NULL),
('MODIFIER_FROSTLING_ABILITY_TERRAINDEFENSES_SNOW', 'MODIFIER_UNIT_ADJUST_COMBAT_STRENGTH', '0', '0', NULL, 'FROSTLING_ABILITY_TERRAINDEFENSES_REQS_SNOW', NULL, NULL),
('MODIFIER_FROSTLING_ABILITY_TERRAINDEFENSES_TUNDRA', 'MODIFIER_UNIT_ADJUST_COMBAT_STRENGTH', '0', '0', NULL, 'FROSTLING_ABILITY_TERRAINDEFENSES_REQS_TUNDRA', NULL, NULL),
('MODIFIER_FROSTLING_ABILITY_TERRAINDEFENSES_DESERT', 'MODIFIER_UNIT_ADJUST_COMBAT_STRENGTH', '0', '0', NULL, 'FROSTLING_ABILITY_TERRAINDEFENSES_REQS_DESERT', NULL, NULL),
('TRAIT_GRANT_FROSTLING_ABILITY_TERRAINDEFENSES', 'MODIFIER_PLAYER_UNITS_GRANT_ABILITY_GRANCOLOMBIA_MAYA', '0', '0', NULL, NULL, NULL, NULL),
('MODIFIER_PROMOTION_GODSLAYER', 'MODIFIER_UNIT_ADJUST_COMBAT_STRENGTH', '0', '0', NULL, 'REQUIREMENT_PROMOTION_GODSLAYER_SET', NULL, NULL),
('MODIFIER_PROMOTION_GOLDEN_HAMMER', 'MODIFIER_UNIT_ADJUST_COMBAT_STRENGTH', '0', '0', NULL, 'UNIT_STRONG_WHEN_ATTACKING_REQUIREMENTS', NULL, NULL),
('MODIFIER_PROMOTION_GREAT_COMMANDER', 'MODIFIER_UNIT_ADJUST_COMBAT_STRENGTH', '0', '0', NULL, 'REQUIREMENT_PROMOTION_GREAT_COMMANDER_SET', NULL, NULL),
('MODIFIER_PROMOTION_GUERILLA1', 'MODIFIER_UNIT_ADJUST_COMBAT_STRENGTH', '0', '0', NULL, 'PROMOTION_GUERILLA1_REQS', NULL, NULL),
('MODIFIER_PROMOTION_GUERILLA2_ABILITY_BHILLSDOUBLEMOVE', 'MODIFIER_PLAYER_UNIT_ADJUST_MOVEMENT', '0', '0', NULL, 'PROMOTION_GUERILLA2_ABILITY_BHILLSDOUBLEMOVE_REQS', NULL, NULL),
('TRAIT_GRANT_PROMOTION_GUERILLA2_ABILITY_BHILLSDOUBLEMOVE', 'MODIFIER_PLAYER_UNITS_GRANT_ABILITY_GRANCOLOMBIA_MAYA', '0', '0', NULL, NULL, NULL, NULL),
('MODIFIER_PROMOTION_GUERILLA2', 'MODIFIER_UNIT_ADJUST_COMBAT_STRENGTH', '0', '0', NULL, 'PROMOTION_GUERILLA2_REQS', NULL, NULL),
('MODIFIER_PROMOTION_HASTED_MOVEMENT', 'MODIFIER_PLAYER_UNIT_ADJUST_MOVEMENT', '0', '0', NULL, NULL, NULL, NULL),
('MODIFIER_PROMOTION_HEAVY', 'MODIFIER_UNIT_ADJUST_COMBAT_STRENGTH', '0', '0', NULL, NULL, NULL, NULL),
('MODIFIER_PROMOTION_HEROIC_DEFENSE', 'MODIFIER_UNIT_ADJUST_COMBAT_STRENGTH', '0', '0', NULL, 'REQUIREMENT_PROMOTION_HEROIC_DEFENSE_SET', NULL, NULL),
('MODIFIER_PROMOTION_HEROIC_DEFENSE2', 'MODIFIER_UNIT_ADJUST_COMBAT_STRENGTH', '0', '0', NULL, 'REQUIREMENT_PROMOTION_HEROIC_DEFENSE2_SET', NULL, NULL),
('MODIFIER_PROMOTION_HEROIC_STRENGTH', 'MODIFIER_UNIT_ADJUST_COMBAT_STRENGTH', '0', '0', NULL, 'UNIT_STRONG_WHEN_ATTACKING_REQUIREMENTS', NULL, NULL),
('MODIFIER_PROMOTION_HEROIC_STRENGTH2', 'MODIFIER_UNIT_ADJUST_COMBAT_STRENGTH', '0', '0', NULL, 'UNIT_STRONG_WHEN_ATTACKING_REQUIREMENTS', NULL, NULL),
('MODIFIER_PROMOTION_HORSELORD_MOVEMENT', 'MODIFIER_PLAYER_UNIT_ADJUST_MOVEMENT', '0', '0', NULL, NULL, NULL, NULL),
('MODIFIER_PROMOTION_ILLUSION', 'MODIFIER_PLAYER_UNIT_ADJUST_HEAL_FROM_COMBAT', '0', '0', NULL, NULL, NULL, NULL),
('MODIFIER_PROMOTION_IRON_WEAPONS', 'MODIFIER_UNIT_ADJUST_COMBAT_STRENGTH', '0', '0', NULL, 'REQUIREMENT_PROMOTION_IRON_WEAPONS_SET', NULL, NULL),
('MODIFIER_PROMOTION_LIGHT_MOVEMENT', 'MODIFIER_PLAYER_UNIT_ADJUST_MOVEMENT', '0', '0', NULL, NULL, NULL, NULL),
('MODIFIER_PROMOTION_LIGHT', 'MODIFIER_UNIT_ADJUST_COMBAT_STRENGTH', '0', '0', NULL, NULL, NULL, NULL),
('MODIFIER_LIZARDMAN_ABILITY_TERRAINATTACKS_MARSH', 'MODIFIER_UNIT_ADJUST_COMBAT_STRENGTH', '0', '0', NULL, 'LIZARDMAN_ABILITY_TERRAINATTACKS_REQS_MARSH', NULL, NULL),
('TRAIT_GRANT_LIZARDMAN_ABILITY_TERRAINATTACKS', 'MODIFIER_PLAYER_UNITS_GRANT_ABILITY_GRANCOLOMBIA_MAYA', '0', '0', NULL, NULL, NULL, NULL),
('MODIFIER_LIZARDMAN_ABILITY_TERRAINDEFENSES_MARSH', 'MODIFIER_UNIT_ADJUST_COMBAT_STRENGTH', '0', '0', NULL, 'LIZARDMAN_ABILITY_TERRAINDEFENSES_REQS_MARSH', NULL, NULL),
('TRAIT_GRANT_LIZARDMAN_ABILITY_TERRAINDEFENSES', 'MODIFIER_PLAYER_UNITS_GRANT_ABILITY_GRANCOLOMBIA_MAYA', '0', '0', NULL, NULL, NULL, NULL),
('MODIFIER_PROMOTION_LIZARDMAN_ABILITY_TERRAINDOUBLEMOVES_MARSH', 'MODIFIER_PLAYER_UNIT_ADJUST_MOVEMENT', '0', '0', NULL, 'PROMOTION_LIZARDMAN_ABILITY_TERRAINDOUBLEMOVES_MARSH_REQS', NULL, NULL),
('TRAIT_GRANT_PROMOTION_LIZARDMAN_ABILITY_TERRAINDOUBLEMOVES', 'MODIFIER_PLAYER_UNITS_GRANT_ABILITY_GRANCOLOMBIA_MAYA', '0', '0', NULL, NULL, NULL, NULL),
('MODIFIER_PROMOTION_LONGSHOREMEN_MOVEMENT', 'MODIFIER_PLAYER_UNIT_ADJUST_MOVEMENT', '0', '0', NULL, NULL, NULL, NULL),
('MODIFIER_PROMOTION_MARCH', 'MODIFIER_PLAYER_UNIT_GRANT_HEAL_AFTER_ACTION', '0', '0', NULL, NULL, NULL, NULL),
('MODIFIER_PROMOTION_MITHRIL_WEAPONS', 'MODIFIER_UNIT_ADJUST_COMBAT_STRENGTH', '0', '0', NULL, 'REQUIREMENT_PROMOTION_MITHRIL_WEAPONS_SET', NULL, NULL),
('MODIFIER_PROMOTION_MOBILITY1_MOVEMENT', 'MODIFIER_PLAYER_UNIT_ADJUST_MOVEMENT', '0', '0', NULL, NULL, NULL, NULL),
('MODIFIER_PROMOTION_MOBILITY2_MOVEMENT', 'MODIFIER_PLAYER_UNIT_ADJUST_MOVEMENT', '0', '0', NULL, NULL, NULL, NULL),
('MODIFIER_PROMOTION_MORALE', 'MODIFIER_UNIT_ADJUST_COMBAT_STRENGTH', '0', '0', NULL, 'URBAN_RAIDER_REQUIREMENTS', NULL, NULL),
('MODIFIER_PROMOTION_NAVIGATION1_MOVEMENT', 'MODIFIER_PLAYER_UNIT_ADJUST_MOVEMENT', '0', '0', NULL, NULL, NULL, NULL),
('MODIFIER_PROMOTION_NAVIGATION2_MOVEMENT', 'MODIFIER_PLAYER_UNIT_ADJUST_MOVEMENT', '0', '0', NULL, NULL, NULL, NULL),
('MODIFIER_NIGHTMARE_ABILITY_TERRAINATTACKS_BROKEN_LANDS', 'MODIFIER_UNIT_ADJUST_COMBAT_STRENGTH', '0', '0', NULL, 'NIGHTMARE_ABILITY_TERRAINATTACKS_REQS_BROKEN_LANDS', NULL, NULL),
('MODIFIER_NIGHTMARE_ABILITY_TERRAINATTACKS_FIELDS_OF_PERDITION', 'MODIFIER_UNIT_ADJUST_COMBAT_STRENGTH', '0', '0', NULL, 'NIGHTMARE_ABILITY_TERRAINATTACKS_REQS_FIELDS_OF_PERDITION', NULL, NULL),
('MODIFIER_NIGHTMARE_ABILITY_TERRAINATTACKS_BURNING_SANDS', 'MODIFIER_UNIT_ADJUST_COMBAT_STRENGTH', '0', '0', NULL, 'NIGHTMARE_ABILITY_TERRAINATTACKS_REQS_BURNING_SANDS', NULL, NULL),
('TRAIT_GRANT_NIGHTMARE_ABILITY_TERRAINATTACKS', 'MODIFIER_PLAYER_UNITS_GRANT_ABILITY_GRANCOLOMBIA_MAYA', '0', '0', NULL, NULL, NULL, NULL),
('MODIFIER_NIGHTMARE_ABILITY_TERRAINDEFENSES_BROKEN_LANDS', 'MODIFIER_UNIT_ADJUST_COMBAT_STRENGTH', '0', '0', NULL, 'NIGHTMARE_ABILITY_TERRAINDEFENSES_REQS_BROKEN_LANDS', NULL, NULL),
('MODIFIER_NIGHTMARE_ABILITY_TERRAINDEFENSES_FIELDS_OF_PERDITION', 'MODIFIER_UNIT_ADJUST_COMBAT_STRENGTH', '0', '0', NULL, 'NIGHTMARE_ABILITY_TERRAINDEFENSES_REQS_FIELDS_OF_PERDITION', NULL, NULL),
('MODIFIER_NIGHTMARE_ABILITY_TERRAINDEFENSES_BURNING_SANDS', 'MODIFIER_UNIT_ADJUST_COMBAT_STRENGTH', '0', '0', NULL, 'NIGHTMARE_ABILITY_TERRAINDEFENSES_REQS_BURNING_SANDS', NULL, NULL),
('TRAIT_GRANT_NIGHTMARE_ABILITY_TERRAINDEFENSES', 'MODIFIER_PLAYER_UNITS_GRANT_ABILITY_GRANCOLOMBIA_MAYA', '0', '0', NULL, NULL, NULL, NULL),
('MODIFIER_PROMOTION_NIGHTMARE', 'MODIFIER_UNIT_ADJUST_COMBAT_STRENGTH', '0', '0', NULL, 'REQUIREMENT_PROMOTION_NIGHTMARE_SET', NULL, NULL),
('MODIFIER_NOMAD_ABILITY_TERRAINATTACKS_DESERT', 'MODIFIER_UNIT_ADJUST_COMBAT_STRENGTH', '0', '0', NULL, 'NOMAD_ABILITY_TERRAINATTACKS_REQS_DESERT', NULL, NULL),
('TRAIT_GRANT_NOMAD_ABILITY_TERRAINATTACKS', 'MODIFIER_PLAYER_UNITS_GRANT_ABILITY_GRANCOLOMBIA_MAYA', '0', '0', NULL, NULL, NULL, NULL),
('MODIFIER_NOMAD_ABILITY_TERRAINDEFENSES_DESERT', 'MODIFIER_UNIT_ADJUST_COMBAT_STRENGTH', '0', '0', NULL, 'NOMAD_ABILITY_TERRAINDEFENSES_REQS_DESERT', NULL, NULL),
('TRAIT_GRANT_NOMAD_ABILITY_TERRAINDEFENSES', 'MODIFIER_PLAYER_UNITS_GRANT_ABILITY_GRANCOLOMBIA_MAYA', '0', '0', NULL, NULL, NULL, NULL),
('MODIFIER_PROMOTION_NOMAD_ABILITY_TERRAINDOUBLEMOVES_DESERT', 'MODIFIER_PLAYER_UNIT_ADJUST_MOVEMENT', '0', '0', NULL, 'PROMOTION_NOMAD_ABILITY_TERRAINDOUBLEMOVES_DESERT_REQS', NULL, NULL),
('TRAIT_GRANT_PROMOTION_NOMAD_ABILITY_TERRAINDOUBLEMOVES', 'MODIFIER_PLAYER_UNITS_GRANT_ABILITY_GRANCOLOMBIA_MAYA', '0', '0', NULL, NULL, NULL, NULL),
('MODIFIER_ORC_ABILITY_FEATUREATTACKS_FEATURE_JUNGLE', 'MODIFIER_UNIT_ADJUST_COMBAT_STRENGTH', '0', '0', NULL, 'ORC_ABILITY_FEATUREATTACKS_REQS_FEATURE_JUNGLE', NULL, NULL),
('TRAIT_GRANT_ORC_ABILITY_FEATUREATTACKS', 'MODIFIER_PLAYER_UNITS_GRANT_ABILITY_GRANCOLOMBIA_MAYA', '0', '0', NULL, NULL, NULL, NULL),
('MODIFIER_PROMOTION_PLAGUED', 'MODIFIER_UNIT_ADJUST_COMBAT_STRENGTH', '0', '0', NULL, NULL, NULL, NULL),
('MODIFIER_PROMOTION_POISONED', 'MODIFIER_UNIT_ADJUST_COMBAT_STRENGTH', '0', '0', NULL, NULL, NULL, NULL),
('MODIFIER_PROMOTION_PUPPET', 'MODIFIER_UNIT_ADJUST_COMBAT_STRENGTH', '0', '0', NULL, NULL, NULL, NULL),
('MODIFIER_PROMOTION_REGENERATION', 'MODIFIER_PLAYER_UNIT_GRANT_HEAL_AFTER_ACTION', '0', '0', NULL, NULL, NULL, NULL),
('MODIFIER_PROMOTION_RUSTED', 'MODIFIER_UNIT_ADJUST_COMBAT_STRENGTH', '0', '0', NULL, NULL, NULL, NULL),
('MODIFIER_PROMOTION_SCOURGE', 'MODIFIER_UNIT_ADJUST_COMBAT_STRENGTH', '0', '0', NULL, 'OPPONENT_PROMOTION_CLASS_DISCIPLE_REQUIREMENT_SET', NULL, NULL),
('MODIFIER_PROMOTION_SHIELD_OF_FAITH', 'MODIFIER_UNIT_ADJUST_COMBAT_STRENGTH', '0', '0', NULL, 'REQUIREMENT_PROMOTION_SHIELD_OF_FAITH_SET', NULL, NULL),
('MODIFIER_PROMOTION_SHOCK', 'MODIFIER_UNIT_ADJUST_COMBAT_STRENGTH', '0', '0', NULL, 'OPPONENT_PROMOTION_CLASS_MELEE_REQUIREMENT_SET', NULL, NULL),
('MODIFIER_PROMOTION_SHOCK2', 'MODIFIER_UNIT_ADJUST_COMBAT_STRENGTH', '0', '0', NULL, 'OPPONENT_PROMOTION_CLASS_MELEE_REQUIREMENT_SET', NULL, NULL),
('MODIFIER_PROMOTION_SINISTER', 'MODIFIER_UNIT_ADJUST_COMBAT_STRENGTH', '0', '0', NULL, 'UNIT_STRONG_WHEN_ATTACKING_REQUIREMENTS', NULL, NULL),
('MODIFIER_PROMOTION_SKELETON_CREW', 'MODIFIER_UNIT_ADJUST_COMBAT_STRENGTH', '0', '0', NULL, 'REQUIREMENT_PROMOTION_SKELETON_CREW_SET', NULL, NULL),
('MODIFIER_PROMOTION_SLOW_MOVEMENT', 'MODIFIER_PLAYER_UNIT_ADJUST_MOVEMENT', '0', '0', NULL, NULL, NULL, NULL),
('MODIFIER_PROMOTION_STARTING_SETTLER_MOVEMENT', 'MODIFIER_PLAYER_UNIT_ADJUST_MOVEMENT', '0', '0', NULL, NULL, NULL, NULL),
('MODIFIER_PROMOTION_STONESKIN', 'MODIFIER_UNIT_ADJUST_COMBAT_STRENGTH', '0', '0', NULL, 'REQUIREMENT_PROMOTION_STONESKIN_SET', NULL, NULL),
('MODIFIER_PROMOTION_STRONG', 'MODIFIER_UNIT_ADJUST_COMBAT_STRENGTH', '0', '0', NULL, 'REQUIREMENT_PROMOTION_STRONG_SET', NULL, NULL),
('MODIFIER_PROMOTION_SUBDUE_ANIMAL', 'MODIFIER_UNIT_ADJUST_COMBAT_STRENGTH', '0', '0', NULL, 'OPPONENT_PROMOTION_CLASS_ANIMAL_REQUIREMENT_SET', NULL, NULL),
('MODIFIER_PROMOTION_SUBDUE_ANIMAL_SLAVE_TAKING_MODIFIER', 'MODIFIER_UNIT_ADJUST_PROPERTY', '0', '0', NULL, 'OPPONENT_PROMOTION_CLASS_ANIMAL_REQUIREMENT_SET', NULL, NULL),
('MODIFIER_PROMOTION_SUBDUE_BEASTS', 'MODIFIER_UNIT_ADJUST_COMBAT_STRENGTH', '0', '0', NULL, 'OPPONENT_PROMOTION_CLASS_BEAST_REQUIREMENT_SET', NULL, NULL),
('MODIFIER_PROMOTION_SUBDUE_BEASTS_SLAVE_TAKING_MODIFIER', 'MODIFIER_UNIT_ADJUST_PROPERTY', '0', '0', NULL, 'OPPONENT_PROMOTION_CLASS_BEAST_REQUIREMENT_SET', NULL, NULL),
('MODIFIER_PROMOTION_UNHOLY_TAINT', 'MODIFIER_UNIT_ADJUST_COMBAT_STRENGTH', '0', '0', NULL, 'REQUIREMENT_PROMOTION_UNHOLY_TAINT_SET', NULL, NULL),
('MODIFIER_PROMOTION_VAMPIRE', 'MODIFIER_UNIT_ADJUST_COMBAT_STRENGTH', '0', '0', NULL, NULL, NULL, NULL),
('MODIFIER_PROMOTION_WARCRY_MOVEMENT', 'MODIFIER_PLAYER_UNIT_ADJUST_MOVEMENT', '0', '0', NULL, NULL, NULL, NULL),
('MODIFIER_PROMOTION_WARCRY', 'MODIFIER_UNIT_ADJUST_COMBAT_STRENGTH', '0', '0', NULL, 'REQUIREMENT_PROMOTION_WARCRY_SET', NULL, NULL),
('MODIFIER_PROMOTION_WEAK', 'MODIFIER_UNIT_ADJUST_COMBAT_STRENGTH', '0', '0', NULL, 'REQUIREMENT_PROMOTION_WEAK_SET', NULL, NULL),
('MODIFIER_WINTERBORN_ABILITY_TERRAINATTACKS_SNOW', 'MODIFIER_UNIT_ADJUST_COMBAT_STRENGTH', '0', '0', NULL, 'WINTERBORN_ABILITY_TERRAINATTACKS_REQS_SNOW', NULL, NULL),
('MODIFIER_WINTERBORN_ABILITY_TERRAINATTACKS_TUNDRA', 'MODIFIER_UNIT_ADJUST_COMBAT_STRENGTH', '0', '0', NULL, 'WINTERBORN_ABILITY_TERRAINATTACKS_REQS_TUNDRA', NULL, NULL),
('TRAIT_GRANT_WINTERBORN_ABILITY_TERRAINATTACKS', 'MODIFIER_PLAYER_UNITS_GRANT_ABILITY_GRANCOLOMBIA_MAYA', '0', '0', NULL, NULL, NULL, NULL),
('MODIFIER_WINTERBORN_ABILITY_TERRAINDEFENSES_SNOW', 'MODIFIER_UNIT_ADJUST_COMBAT_STRENGTH', '0', '0', NULL, 'WINTERBORN_ABILITY_TERRAINDEFENSES_REQS_SNOW', NULL, NULL),
('MODIFIER_WINTERBORN_ABILITY_TERRAINDEFENSES_TUNDRA', 'MODIFIER_UNIT_ADJUST_COMBAT_STRENGTH', '0', '0', NULL, 'WINTERBORN_ABILITY_TERRAINDEFENSES_REQS_TUNDRA', NULL, NULL),
('TRAIT_GRANT_WINTERBORN_ABILITY_TERRAINDEFENSES', 'MODIFIER_PLAYER_UNITS_GRANT_ABILITY_GRANCOLOMBIA_MAYA', '0', '0', NULL, NULL, NULL, NULL),
('MODIFIER_PROMOTION_WITHERED', 'MODIFIER_UNIT_ADJUST_COMBAT_STRENGTH', '0', '0', NULL, NULL, NULL, NULL),
('MODIFIER_BAN_ABILITY_SLTH_UNIT_ABASHI', 'MODIFIER_ALL_PLAYERS_ATTACH_MODIFIER', '1', '1', NULL, NULL, NULL, NULL),
('TRAIT_CANT_BUILD_HERO_SLTH_UNIT_ABASHI', 'MODIFIER_PLAYER_UNIT_BUILD_DISABLED', '0', '0', NULL, NULL, NULL, NULL),
('MODIFIER_BAN_ABILITY_SLTH_UNIT_ALAZKAN', 'MODIFIER_ALL_PLAYERS_ATTACH_MODIFIER', '1', '1', NULL, NULL, NULL, NULL),
('TRAIT_CANT_BUILD_HERO_SLTH_UNIT_ALAZKAN', 'MODIFIER_PLAYER_UNIT_BUILD_DISABLED', '0', '0', NULL, NULL, NULL, NULL),
('MODIFIER_BAN_ABILITY_SLTH_UNIT_ARTHENDAIN', 'MODIFIER_ALL_PLAYERS_ATTACH_MODIFIER', '1', '1', NULL, NULL, NULL, NULL),
('TRAIT_CANT_BUILD_HERO_SLTH_UNIT_ARTHENDAIN', 'MODIFIER_PLAYER_UNIT_BUILD_DISABLED', '0', '0', NULL, NULL, NULL, NULL),
('MODIFIER_BAN_ABILITY_SLTH_UNIT_AURIC_ASCENDED', 'MODIFIER_ALL_PLAYERS_ATTACH_MODIFIER', '1', '1', NULL, NULL, NULL, NULL),
('TRAIT_CANT_BUILD_HERO_SLTH_UNIT_AURIC_ASCENDED', 'MODIFIER_PLAYER_UNIT_BUILD_DISABLED', '0', '0', NULL, NULL, NULL, NULL),
('MODIFIER_BAN_ABILITY_SLTH_UNIT_BAMBUR', 'MODIFIER_ALL_PLAYERS_ATTACH_MODIFIER', '1', '1', NULL, NULL, NULL, NULL),
('TRAIT_CANT_BUILD_HERO_SLTH_UNIT_BAMBUR', 'MODIFIER_PLAYER_UNIT_BUILD_DISABLED', '0', '0', NULL, NULL, NULL, NULL),
('MODIFIER_BAN_ABILITY_SLTH_UNIT_BARNAXUS', 'MODIFIER_ALL_PLAYERS_ATTACH_MODIFIER', '1', '1', NULL, NULL, NULL, NULL),
('TRAIT_CANT_BUILD_HERO_SLTH_UNIT_BARNAXUS', 'MODIFIER_PLAYER_UNIT_BUILD_DISABLED', '0', '0', NULL, NULL, NULL, NULL),
('MODIFIER_BAN_ABILITY_SLTH_UNIT_BASIUM', 'MODIFIER_ALL_PLAYERS_ATTACH_MODIFIER', '1', '1', NULL, NULL, NULL, NULL),
('TRAIT_CANT_BUILD_HERO_SLTH_UNIT_BASIUM', 'MODIFIER_PLAYER_UNIT_BUILD_DISABLED', '0', '0', NULL, NULL, NULL, NULL),
('MODIFIER_BAN_ABILITY_SLTH_UNIT_CHALID', 'MODIFIER_ALL_PLAYERS_ATTACH_MODIFIER', '1', '1', NULL, NULL, NULL, NULL),
('TRAIT_CANT_BUILD_HERO_SLTH_UNIT_CHALID', 'MODIFIER_PLAYER_UNIT_BUILD_DISABLED', '0', '0', NULL, NULL, NULL, NULL),
('MODIFIER_BAN_ABILITY_SLTH_UNIT_CORLINDALE', 'MODIFIER_ALL_PLAYERS_ATTACH_MODIFIER', '1', '1', NULL, NULL, NULL, NULL),
('TRAIT_CANT_BUILD_HERO_SLTH_UNIT_CORLINDALE', 'MODIFIER_PLAYER_UNIT_BUILD_DISABLED', '0', '0', NULL, NULL, NULL, NULL),
('MODIFIER_BAN_ABILITY_SLTH_UNIT_DONAL', 'MODIFIER_ALL_PLAYERS_ATTACH_MODIFIER', '1', '1', NULL, NULL, NULL, NULL),
('TRAIT_CANT_BUILD_HERO_SLTH_UNIT_DONAL', 'MODIFIER_PLAYER_UNIT_BUILD_DISABLED', '0', '0', NULL, NULL, NULL, NULL),
('MODIFIER_BAN_ABILITY_SLTH_UNIT_DRIFA', 'MODIFIER_ALL_PLAYERS_ATTACH_MODIFIER', '1', '1', NULL, NULL, NULL, NULL),
('TRAIT_CANT_BUILD_HERO_SLTH_UNIT_DRIFA', 'MODIFIER_PLAYER_UNIT_BUILD_DISABLED', '0', '0', NULL, NULL, NULL, NULL),
('MODIFIER_BAN_ABILITY_SLTH_UNIT_DUIN', 'MODIFIER_ALL_PLAYERS_ATTACH_MODIFIER', '1', '1', NULL, NULL, NULL, NULL),
('TRAIT_CANT_BUILD_HERO_SLTH_UNIT_DUIN', 'MODIFIER_PLAYER_UNIT_BUILD_DISABLED', '0', '0', NULL, NULL, NULL, NULL),
('MODIFIER_BAN_ABILITY_SLTH_UNIT_EURABATRES', 'MODIFIER_ALL_PLAYERS_ATTACH_MODIFIER', '1', '1', NULL, NULL, NULL, NULL),
('TRAIT_CANT_BUILD_HERO_SLTH_UNIT_EURABATRES', 'MODIFIER_PLAYER_UNIT_BUILD_DISABLED', '0', '0', NULL, NULL, NULL, NULL),
('MODIFIER_BAN_ABILITY_SLTH_UNIT_GIBBON', 'MODIFIER_ALL_PLAYERS_ATTACH_MODIFIER', '1', '1', NULL, NULL, NULL, NULL),
('TRAIT_CANT_BUILD_HERO_SLTH_UNIT_GIBBON', 'MODIFIER_PLAYER_UNIT_BUILD_DISABLED', '0', '0', NULL, NULL, NULL, NULL),
('MODIFIER_BAN_ABILITY_SLTH_UNIT_GILDEN', 'MODIFIER_ALL_PLAYERS_ATTACH_MODIFIER', '1', '1', NULL, NULL, NULL, NULL),
('TRAIT_CANT_BUILD_HERO_SLTH_UNIT_GILDEN', 'MODIFIER_PLAYER_UNIT_BUILD_DISABLED', '0', '0', NULL, NULL, NULL, NULL),
('MODIFIER_BAN_ABILITY_SLTH_UNIT_GOVANNON', 'MODIFIER_ALL_PLAYERS_ATTACH_MODIFIER', '1', '1', NULL, NULL, NULL, NULL),
('TRAIT_CANT_BUILD_HERO_SLTH_UNIT_GOVANNON', 'MODIFIER_PLAYER_UNIT_BUILD_DISABLED', '0', '0', NULL, NULL, NULL, NULL),
('MODIFIER_BAN_ABILITY_SLTH_UNIT_GUYBRUSH', 'MODIFIER_ALL_PLAYERS_ATTACH_MODIFIER', '1', '1', NULL, NULL, NULL, NULL),
('TRAIT_CANT_BUILD_HERO_SLTH_UNIT_GUYBRUSH', 'MODIFIER_PLAYER_UNIT_BUILD_DISABLED', '0', '0', NULL, NULL, NULL, NULL),
('MODIFIER_BAN_ABILITY_SLTH_UNIT_HEMAH', 'MODIFIER_ALL_PLAYERS_ATTACH_MODIFIER', '1', '1', NULL, NULL, NULL, NULL),
('TRAIT_CANT_BUILD_HERO_SLTH_UNIT_HEMAH', 'MODIFIER_PLAYER_UNIT_BUILD_DISABLED', '0', '0', NULL, NULL, NULL, NULL),
('MODIFIER_BAN_ABILITY_SLTH_UNIT_HERNE', 'MODIFIER_ALL_PLAYERS_ATTACH_MODIFIER', '1', '1', NULL, NULL, NULL, NULL),
('TRAIT_CANT_BUILD_HERO_SLTH_UNIT_HERNE', 'MODIFIER_PLAYER_UNIT_BUILD_DISABLED', '0', '0', NULL, NULL, NULL, NULL),
('MODIFIER_BAN_ABILITY_SLTH_UNIT_HYBOREM', 'MODIFIER_ALL_PLAYERS_ATTACH_MODIFIER', '1', '1', NULL, NULL, NULL, NULL),
('TRAIT_CANT_BUILD_HERO_SLTH_UNIT_HYBOREM', 'MODIFIER_PLAYER_UNIT_BUILD_DISABLED', '0', '0', NULL, NULL, NULL, NULL),
('MODIFIER_BAN_ABILITY_SLTH_UNIT_KITHRA', 'MODIFIER_ALL_PLAYERS_ATTACH_MODIFIER', '1', '1', NULL, NULL, NULL, NULL),
('TRAIT_CANT_BUILD_HERO_SLTH_UNIT_KITHRA', 'MODIFIER_PLAYER_UNIT_BUILD_DISABLED', '0', '0', NULL, NULL, NULL, NULL),
('MODIFIER_BAN_ABILITY_SLTH_UNIT_LOKI', 'MODIFIER_ALL_PLAYERS_ATTACH_MODIFIER', '1', '1', NULL, NULL, NULL, NULL),
('TRAIT_CANT_BUILD_HERO_SLTH_UNIT_LOKI', 'MODIFIER_PLAYER_UNIT_BUILD_DISABLED', '0', '0', NULL, NULL, NULL, NULL),
('MODIFIER_BAN_ABILITY_SLTH_UNIT_LOSHA', 'MODIFIER_ALL_PLAYERS_ATTACH_MODIFIER', '1', '1', NULL, NULL, NULL, NULL),
('TRAIT_CANT_BUILD_HERO_SLTH_UNIT_LOSHA', 'MODIFIER_PLAYER_UNIT_BUILD_DISABLED', '0', '0', NULL, NULL, NULL, NULL),
('MODIFIER_BAN_ABILITY_SLTH_UNIT_LUCIAN', 'MODIFIER_ALL_PLAYERS_ATTACH_MODIFIER', '1', '1', NULL, NULL, NULL, NULL),
('TRAIT_CANT_BUILD_HERO_SLTH_UNIT_LUCIAN', 'MODIFIER_PLAYER_UNIT_BUILD_DISABLED', '0', '0', NULL, NULL, NULL, NULL),
('MODIFIER_BAN_ABILITY_SLTH_UNIT_MAGNADINE', 'MODIFIER_ALL_PLAYERS_ATTACH_MODIFIER', '1', '1', NULL, NULL, NULL, NULL),
('TRAIT_CANT_BUILD_HERO_SLTH_UNIT_MAGNADINE', 'MODIFIER_PLAYER_UNIT_BUILD_DISABLED', '0', '0', NULL, NULL, NULL, NULL),
('MODIFIER_BAN_ABILITY_SLTH_UNIT_MARDERO', 'MODIFIER_ALL_PLAYERS_ATTACH_MODIFIER', '1', '1', NULL, NULL, NULL, NULL),
('TRAIT_CANT_BUILD_HERO_SLTH_UNIT_MARDERO', 'MODIFIER_PLAYER_UNIT_BUILD_DISABLED', '0', '0', NULL, NULL, NULL, NULL),
('MODIFIER_BAN_ABILITY_SLTH_UNIT_MAROS', 'MODIFIER_ALL_PLAYERS_ATTACH_MODIFIER', '1', '1', NULL, NULL, NULL, NULL),
('TRAIT_CANT_BUILD_HERO_SLTH_UNIT_MAROS', 'MODIFIER_PLAYER_UNIT_BUILD_DISABLED', '0', '0', NULL, NULL, NULL, NULL),
('MODIFIER_BAN_ABILITY_SLTH_UNIT_MESHABBER', 'MODIFIER_ALL_PLAYERS_ATTACH_MODIFIER', '1', '1', NULL, NULL, NULL, NULL),
('TRAIT_CANT_BUILD_HERO_SLTH_UNIT_MESHABBER', 'MODIFIER_PLAYER_UNIT_BUILD_DISABLED', '0', '0', NULL, NULL, NULL, NULL),
('MODIFIER_BAN_ABILITY_SLTH_UNIT_MITHRIL_GOLEM', 'MODIFIER_ALL_PLAYERS_ATTACH_MODIFIER', '1', '1', NULL, NULL, NULL, NULL),
('TRAIT_CANT_BUILD_HERO_SLTH_UNIT_MITHRIL_GOLEM', 'MODIFIER_PLAYER_UNIT_BUILD_DISABLED', '0', '0', NULL, NULL, NULL, NULL),
('MODIFIER_BAN_ABILITY_SLTH_UNIT_RANTINE', 'MODIFIER_ALL_PLAYERS_ATTACH_MODIFIER', '1', '1', NULL, NULL, NULL, NULL),
('TRAIT_CANT_BUILD_HERO_SLTH_UNIT_RANTINE', 'MODIFIER_PLAYER_UNIT_BUILD_DISABLED', '0', '0', NULL, NULL, NULL, NULL),
('MODIFIER_BAN_ABILITY_SLTH_UNIT_RATHUS', 'MODIFIER_ALL_PLAYERS_ATTACH_MODIFIER', '1', '1', NULL, NULL, NULL, NULL),
('TRAIT_CANT_BUILD_HERO_SLTH_UNIT_RATHUS', 'MODIFIER_PLAYER_UNIT_BUILD_DISABLED', '0', '0', NULL, NULL, NULL, NULL),
('MODIFIER_BAN_ABILITY_SLTH_UNIT_ROSIER', 'MODIFIER_ALL_PLAYERS_ATTACH_MODIFIER', '1', '1', NULL, NULL, NULL, NULL),
('TRAIT_CANT_BUILD_HERO_SLTH_UNIT_ROSIER', 'MODIFIER_PLAYER_UNIT_BUILD_DISABLED', '0', '0', NULL, NULL, NULL, NULL),
('MODIFIER_BAN_ABILITY_SLTH_UNIT_SAVEROUS', 'MODIFIER_ALL_PLAYERS_ATTACH_MODIFIER', '1', '1', NULL, NULL, NULL, NULL),
('TRAIT_CANT_BUILD_HERO_SLTH_UNIT_SAVEROUS', 'MODIFIER_PLAYER_UNIT_BUILD_DISABLED', '0', '0', NULL, NULL, NULL, NULL),
('MODIFIER_BAN_ABILITY_SLTH_UNIT_SPHENER', 'MODIFIER_ALL_PLAYERS_ATTACH_MODIFIER', '1', '1', NULL, NULL, NULL, NULL),
('TRAIT_CANT_BUILD_HERO_SLTH_UNIT_SPHENER', 'MODIFIER_PLAYER_UNIT_BUILD_DISABLED', '0', '0', NULL, NULL, NULL, NULL),
('MODIFIER_BAN_ABILITY_SLTH_UNIT_TEUTORIX', 'MODIFIER_ALL_PLAYERS_ATTACH_MODIFIER', '1', '1', NULL, NULL, NULL, NULL),
('TRAIT_CANT_BUILD_HERO_SLTH_UNIT_TEUTORIX', 'MODIFIER_PLAYER_UNIT_BUILD_DISABLED', '0', '0', NULL, NULL, NULL, NULL),
('MODIFIER_BAN_ABILITY_SLTH_UNIT_VALIN', 'MODIFIER_ALL_PLAYERS_ATTACH_MODIFIER', '1', '1', NULL, NULL, NULL, NULL),
('TRAIT_CANT_BUILD_HERO_SLTH_UNIT_VALIN', 'MODIFIER_PLAYER_UNIT_BUILD_DISABLED', '0', '0', NULL, NULL, NULL, NULL),
('MODIFIER_BAN_ABILITY_SLTH_UNIT_YVAIN', 'MODIFIER_ALL_PLAYERS_ATTACH_MODIFIER', '1', '1', NULL, NULL, NULL, NULL),
('TRAIT_CANT_BUILD_HERO_SLTH_UNIT_YVAIN', 'MODIFIER_PLAYER_UNIT_BUILD_DISABLED', '0', '0', NULL, NULL, NULL, NULL);

INSERT INTO ModifierArguments(ModifierId, Name, Type, Value, Extra, SecondExtra) VALUES
('MODIFIER_DARK_ELF_ABILITY_FEATUREATTACKS_FEATURE_FOREST', 'Amount', 'ARGTYPE_IDENTITY', '10', NULL, NULL),
('MODIFIER_DARK_ELF_ABILITY_FEATUREATTACKS_FEATURE_FOREST_ANCIENT', 'Amount', 'ARGTYPE_IDENTITY', '10', NULL, NULL),
('TRAIT_GRANT_DARK_ELF_ABILITY_FEATUREATTACKS', 'AbilityType', 'ARGTYPE_IDENTITY', 'DARK_ELF_ABILITY_FEATUREATTACKS', NULL, NULL),
('MODIFIER_PROMOTION_DARK_ELF_ABILITY_FEATUREDOUBLEMOVES_FOREST', 'Amount', 'ARGTYPE_IDENTITY', '1', NULL, NULL),
('MODIFIER_PROMOTION_DARK_ELF_ABILITY_FEATUREDOUBLEMOVES_ANCIENT_FOREST', 'Amount', 'ARGTYPE_IDENTITY', '1', NULL, NULL),
('TRAIT_GRANT_PROMOTION_DARK_ELF_ABILITY_FEATUREDOUBLEMOVES', 'AbilityType', 'ARGTYPE_IDENTITY', 'PROMOTION_DARK_ELF_ABILITY_FEATUREDOUBLEMOVES', NULL, NULL),
('MODIFIER_DEMON_ABILITY_TERRAINATTACKS_BROKEN_LANDS', 'Amount', 'ARGTYPE_IDENTITY', '10', NULL, NULL),
('MODIFIER_DEMON_ABILITY_TERRAINATTACKS_FIELDS_OF_PERDITION', 'Amount', 'ARGTYPE_IDENTITY', '10', NULL, NULL),
('MODIFIER_DEMON_ABILITY_TERRAINATTACKS_BURNING_SANDS', 'Amount', 'ARGTYPE_IDENTITY', '10', NULL, NULL),
('TRAIT_GRANT_DEMON_ABILITY_TERRAINATTACKS', 'AbilityType', 'ARGTYPE_IDENTITY', 'DEMON_ABILITY_TERRAINATTACKS', NULL, NULL),
('MODIFIER_DEMON_ABILITY_TERRAINDEFENSES_BROKEN_LANDS', 'Amount', 'ARGTYPE_IDENTITY', '10', NULL, NULL),
('MODIFIER_DEMON_ABILITY_TERRAINDEFENSES_FIELDS_OF_PERDITION', 'Amount', 'ARGTYPE_IDENTITY', '10', NULL, NULL),
('MODIFIER_DEMON_ABILITY_TERRAINDEFENSES_BURNING_SANDS', 'Amount', 'ARGTYPE_IDENTITY', '10', NULL, NULL),
('TRAIT_GRANT_DEMON_ABILITY_TERRAINDEFENSES', 'AbilityType', 'ARGTYPE_IDENTITY', 'DEMON_ABILITY_TERRAINDEFENSES', NULL, NULL),
('MODIFIER_PROMOTION_DEXTEROUS', 'Amount', 'ARGTYPE_IDENTITY', '1', NULL, NULL),
('MODIFIER_PROMOTION_DISEASED', 'Type', 'ARGTYPE_IDENTITY', 'ALL', NULL, NULL),
('MODIFIER_PROMOTION_DISEASED', 'Amount', 'ARGTYPE_IDENTITY', '-10', NULL, NULL),
('MODIFIER_PROMOTION_DRILL4', 'Amount', 'ARGTYPE_IDENTITY', '2', NULL, NULL),
('MODIFIER_PROMOTION_DWARF_ABILITY_BHILLSDOUBLEMOVE', 'Amount', 'ARGTYPE_IDENTITY', '5', NULL, NULL),
('TRAIT_GRANT_PROMOTION_DWARF_ABILITY_BHILLSDOUBLEMOVE', 'AbilityType', 'ARGTYPE_IDENTITY', 'PROMOTION_DWARF_ABILITY_BHILLSDOUBLEMOVE', NULL, NULL),
('MODIFIER_ELF_ABILITY_FEATUREATTACKS_FEATURE_FOREST', 'Amount', 'ARGTYPE_IDENTITY', '10', NULL, NULL),
('MODIFIER_ELF_ABILITY_FEATUREATTACKS_FEATURE_FOREST_ANCIENT', 'Amount', 'ARGTYPE_IDENTITY', '10', NULL, NULL),
('TRAIT_GRANT_ELF_ABILITY_FEATUREATTACKS', 'AbilityType', 'ARGTYPE_IDENTITY', 'ELF_ABILITY_FEATUREATTACKS', NULL, NULL),
('MODIFIER_PROMOTION_ELF_ABILITY_FEATUREDOUBLEMOVES_FOREST', 'Amount', 'ARGTYPE_IDENTITY', '1', NULL, NULL),
('MODIFIER_PROMOTION_ELF_ABILITY_FEATUREDOUBLEMOVES_ANCIENT_FOREST', 'Amount', 'ARGTYPE_IDENTITY', '1', NULL, NULL),
('TRAIT_GRANT_PROMOTION_ELF_ABILITY_FEATUREDOUBLEMOVES', 'AbilityType', 'ARGTYPE_IDENTITY', 'PROMOTION_ELF_ABILITY_FEATUREDOUBLEMOVES', NULL, NULL),
('MODIFIER_PROMOTION_EMPOWER1', 'Amount', 'ARGTYPE_IDENTITY', '10', NULL, NULL),
('MODIFIER_PROMOTION_EMPOWER2', 'Amount', 'ARGTYPE_IDENTITY', '10', NULL, NULL),
('MODIFIER_PROMOTION_EMPOWER3', 'Amount', 'ARGTYPE_IDENTITY', '10', NULL, NULL),
('MODIFIER_PROMOTION_EMPOWER4', 'Amount', 'ARGTYPE_IDENTITY', '10', NULL, NULL),
('MODIFIER_PROMOTION_EMPOWER5', 'Amount', 'ARGTYPE_IDENTITY', '10', NULL, NULL),
('MODIFIER_PROMOTION_EMPTY_BIER', 'Amount', 'ARGTYPE_IDENTITY', '2', NULL, NULL),
('MODIFIER_PROMOTION_ENCHANTED_BLADE', 'Amount', 'ARGTYPE_IDENTITY', '20', NULL, NULL),
('MODIFIER_PROMOTION_ENRAGED_MOVEMENT', 'Amount', 'ARGTYPE_IDENTITY', '1', NULL, NULL),
('MODIFIER_PROMOTION_ENRAGED', 'Amount', 'ARGTYPE_IDENTITY', '20', NULL, NULL),
('MODIFIER_PROMOTION_FAIR_WINDS_MOVEMENT', 'Amount', 'ARGTYPE_IDENTITY', '1', NULL, NULL),
('MODIFIER_PROMOTION_FATIGUED', 'Amount', 'ARGTYPE_IDENTITY', '-10', NULL, NULL),
('MODIFIER_PROMOTION_FLYING_MOVEMENT', 'Amount', 'ARGTYPE_IDENTITY', '1', NULL, NULL),
('MODIFIER_PROMOTION_FORMATION', 'Amount', 'ARGTYPE_IDENTITY', '10', NULL, NULL),
('MODIFIER_PROMOTION_FORMATION2', 'Amount', 'ARGTYPE_IDENTITY', '10', NULL, NULL),
('MODIFIER_FROSTLING_ABILITY_TERRAINATTACKS_SNOW', 'Amount', 'ARGTYPE_IDENTITY', '25', NULL, NULL),
('MODIFIER_FROSTLING_ABILITY_TERRAINATTACKS_TUNDRA', 'Amount', 'ARGTYPE_IDENTITY', '10', NULL, NULL),
('MODIFIER_FROSTLING_ABILITY_TERRAINATTACKS_DESERT', 'Amount', 'ARGTYPE_IDENTITY', '-25', NULL, NULL),
('TRAIT_GRANT_FROSTLING_ABILITY_TERRAINATTACKS', 'AbilityType', 'ARGTYPE_IDENTITY', 'FROSTLING_ABILITY_TERRAINATTACKS', NULL, NULL),
('MODIFIER_FROSTLING_ABILITY_TERRAINDEFENSES_SNOW', 'Amount', 'ARGTYPE_IDENTITY', '25', NULL, NULL),
('MODIFIER_FROSTLING_ABILITY_TERRAINDEFENSES_TUNDRA', 'Amount', 'ARGTYPE_IDENTITY', '10', NULL, NULL),
('MODIFIER_FROSTLING_ABILITY_TERRAINDEFENSES_DESERT', 'Amount', 'ARGTYPE_IDENTITY', '-25', NULL, NULL),
('TRAIT_GRANT_FROSTLING_ABILITY_TERRAINDEFENSES', 'AbilityType', 'ARGTYPE_IDENTITY', 'FROSTLING_ABILITY_TERRAINDEFENSES', NULL, NULL),
('MODIFIER_PROMOTION_GODSLAYER', 'Amount', 'ARGTYPE_IDENTITY', '3', NULL, NULL),
('MODIFIER_PROMOTION_GOLDEN_HAMMER', 'Amount', 'ARGTYPE_IDENTITY', '1', NULL, NULL),
('MODIFIER_PROMOTION_GREAT_COMMANDER', 'Amount', 'ARGTYPE_IDENTITY', '1', NULL, NULL),
('MODIFIER_PROMOTION_GUERILLA1', 'Amount', 'ARGTYPE_IDENTITY', '40', NULL, NULL),
('MODIFIER_PROMOTION_GUERILLA2_ABILITY_BHILLSDOUBLEMOVE', 'Amount', 'ARGTYPE_IDENTITY', '5', NULL, NULL),
('TRAIT_GRANT_PROMOTION_GUERILLA2_ABILITY_BHILLSDOUBLEMOVE', 'AbilityType', 'ARGTYPE_IDENTITY', 'PROMOTION_GUERILLA2_ABILITY_BHILLSDOUBLEMOVE', NULL, NULL),
('MODIFIER_PROMOTION_GUERILLA2', 'Amount', 'ARGTYPE_IDENTITY', '60', NULL, NULL),
('MODIFIER_PROMOTION_HASTED_MOVEMENT', 'Amount', 'ARGTYPE_IDENTITY', '1', NULL, NULL),
('MODIFIER_PROMOTION_HEAVY', 'Amount', 'ARGTYPE_IDENTITY', '30', NULL, NULL),
('MODIFIER_PROMOTION_HEROIC_DEFENSE', 'Amount', 'ARGTYPE_IDENTITY', '1', NULL, NULL),
('MODIFIER_PROMOTION_HEROIC_DEFENSE2', 'Amount', 'ARGTYPE_IDENTITY', '1', NULL, NULL),
('MODIFIER_PROMOTION_HEROIC_STRENGTH', 'Amount', 'ARGTYPE_IDENTITY', '1', NULL, NULL),
('MODIFIER_PROMOTION_HEROIC_STRENGTH2', 'Amount', 'ARGTYPE_IDENTITY', '1', NULL, NULL),
('MODIFIER_PROMOTION_HORSELORD_MOVEMENT', 'Amount', 'ARGTYPE_IDENTITY', '1', NULL, NULL),
('MODIFIER_PROMOTION_ILLUSION', 'Amount', 'ARGTYPE_IDENTITY', '100', NULL, NULL),
('MODIFIER_PROMOTION_IRON_WEAPONS', 'Amount', 'ARGTYPE_IDENTITY', '2', NULL, NULL),
('MODIFIER_PROMOTION_LIGHT_MOVEMENT', 'Amount', 'ARGTYPE_IDENTITY', '1', NULL, NULL),
('MODIFIER_PROMOTION_LIGHT', 'Amount', 'ARGTYPE_IDENTITY', '-20', NULL, NULL),
('MODIFIER_LIZARDMAN_ABILITY_TERRAINATTACKS_MARSH', 'Amount', 'ARGTYPE_IDENTITY', '10', NULL, NULL),
('TRAIT_GRANT_LIZARDMAN_ABILITY_TERRAINATTACKS', 'AbilityType', 'ARGTYPE_IDENTITY', 'LIZARDMAN_ABILITY_TERRAINATTACKS', NULL, NULL),
('MODIFIER_LIZARDMAN_ABILITY_TERRAINDEFENSES_MARSH', 'Amount', 'ARGTYPE_IDENTITY', '10', NULL, NULL),
('TRAIT_GRANT_LIZARDMAN_ABILITY_TERRAINDEFENSES', 'AbilityType', 'ARGTYPE_IDENTITY', 'LIZARDMAN_ABILITY_TERRAINDEFENSES', NULL, NULL),
('MODIFIER_PROMOTION_LIZARDMAN_ABILITY_TERRAINDOUBLEMOVES_MARSH', 'Amount', 'ARGTYPE_IDENTITY', '1', NULL, NULL),
('TRAIT_GRANT_PROMOTION_LIZARDMAN_ABILITY_TERRAINDOUBLEMOVES', 'AbilityType', 'ARGTYPE_IDENTITY', 'PROMOTION_LIZARDMAN_ABILITY_TERRAINDOUBLEMOVES', NULL, NULL),
('MODIFIER_PROMOTION_LONGSHOREMEN_MOVEMENT', 'Amount', 'ARGTYPE_IDENTITY', '1', NULL, NULL),
('MODIFIER_PROMOTION_MARCH', 'Type', 'ARGTYPE_IDENTITY', 'ALL', NULL, NULL),
('MODIFIER_PROMOTION_MARCH', 'Amount', 'ARGTYPE_IDENTITY', '10', NULL, NULL),
('MODIFIER_PROMOTION_MITHRIL_WEAPONS', 'Amount', 'ARGTYPE_IDENTITY', '4', NULL, NULL),
('MODIFIER_PROMOTION_MOBILITY1_MOVEMENT', 'Amount', 'ARGTYPE_IDENTITY', '1', NULL, NULL),
('MODIFIER_PROMOTION_MOBILITY2_MOVEMENT', 'Amount', 'ARGTYPE_IDENTITY', '1', NULL, NULL),
('MODIFIER_PROMOTION_MORALE', 'Amount', 'ARGTYPE_IDENTITY', '10', NULL, NULL),
('MODIFIER_PROMOTION_NAVIGATION1_MOVEMENT', 'Amount', 'ARGTYPE_IDENTITY', '1', NULL, NULL),
('MODIFIER_PROMOTION_NAVIGATION2_MOVEMENT', 'Amount', 'ARGTYPE_IDENTITY', '1', NULL, NULL),
('MODIFIER_NIGHTMARE_ABILITY_TERRAINATTACKS_BROKEN_LANDS', 'Amount', 'ARGTYPE_IDENTITY', '10', NULL, NULL),
('MODIFIER_NIGHTMARE_ABILITY_TERRAINATTACKS_FIELDS_OF_PERDITION', 'Amount', 'ARGTYPE_IDENTITY', '10', NULL, NULL),
('MODIFIER_NIGHTMARE_ABILITY_TERRAINATTACKS_BURNING_SANDS', 'Amount', 'ARGTYPE_IDENTITY', '10', NULL, NULL),
('TRAIT_GRANT_NIGHTMARE_ABILITY_TERRAINATTACKS', 'AbilityType', 'ARGTYPE_IDENTITY', 'NIGHTMARE_ABILITY_TERRAINATTACKS', NULL, NULL),
('MODIFIER_NIGHTMARE_ABILITY_TERRAINDEFENSES_BROKEN_LANDS', 'Amount', 'ARGTYPE_IDENTITY', '10', NULL, NULL),
('MODIFIER_NIGHTMARE_ABILITY_TERRAINDEFENSES_FIELDS_OF_PERDITION', 'Amount', 'ARGTYPE_IDENTITY', '10', NULL, NULL),
('MODIFIER_NIGHTMARE_ABILITY_TERRAINDEFENSES_BURNING_SANDS', 'Amount', 'ARGTYPE_IDENTITY', '10', NULL, NULL),
('TRAIT_GRANT_NIGHTMARE_ABILITY_TERRAINDEFENSES', 'AbilityType', 'ARGTYPE_IDENTITY', 'NIGHTMARE_ABILITY_TERRAINDEFENSES', NULL, NULL),
('MODIFIER_PROMOTION_NIGHTMARE', 'Amount', 'ARGTYPE_IDENTITY', '1', NULL, NULL),
('MODIFIER_NOMAD_ABILITY_TERRAINATTACKS_DESERT', 'Amount', 'ARGTYPE_IDENTITY', '20', NULL, NULL),
('TRAIT_GRANT_NOMAD_ABILITY_TERRAINATTACKS', 'AbilityType', 'ARGTYPE_IDENTITY', 'NOMAD_ABILITY_TERRAINATTACKS', NULL, NULL),
('MODIFIER_NOMAD_ABILITY_TERRAINDEFENSES_DESERT', 'Amount', 'ARGTYPE_IDENTITY', '20', NULL, NULL),
('TRAIT_GRANT_NOMAD_ABILITY_TERRAINDEFENSES', 'AbilityType', 'ARGTYPE_IDENTITY', 'NOMAD_ABILITY_TERRAINDEFENSES', NULL, NULL),
('MODIFIER_PROMOTION_NOMAD_ABILITY_TERRAINDOUBLEMOVES_DESERT', 'Amount', 'ARGTYPE_IDENTITY', '1', NULL, NULL),
('TRAIT_GRANT_PROMOTION_NOMAD_ABILITY_TERRAINDOUBLEMOVES', 'AbilityType', 'ARGTYPE_IDENTITY', 'PROMOTION_NOMAD_ABILITY_TERRAINDOUBLEMOVES', NULL, NULL),
('MODIFIER_ORC_ABILITY_FEATUREATTACKS_FEATURE_JUNGLE', 'Amount', 'ARGTYPE_IDENTITY', '10', NULL, NULL),
('TRAIT_GRANT_ORC_ABILITY_FEATUREATTACKS', 'AbilityType', 'ARGTYPE_IDENTITY', 'ORC_ABILITY_FEATUREATTACKS', NULL, NULL),
('MODIFIER_PROMOTION_PLAGUED', 'Type', 'ARGTYPE_IDENTITY', 'ALL', NULL, NULL),
('MODIFIER_PROMOTION_PLAGUED', 'Amount', 'ARGTYPE_IDENTITY', '-20', NULL, NULL),
('MODIFIER_PROMOTION_POISONED', 'Type', 'ARGTYPE_IDENTITY', 'ALL', NULL, NULL),
('MODIFIER_PROMOTION_POISONED', 'Amount', 'ARGTYPE_IDENTITY', '-3', NULL, NULL),
('MODIFIER_PROMOTION_PUPPET', 'Amount', 'ARGTYPE_IDENTITY', '-20', NULL, NULL),
('MODIFIER_PROMOTION_REGENERATION', 'Type', 'ARGTYPE_IDENTITY', 'ALL', NULL, NULL),
('MODIFIER_PROMOTION_REGENERATION', 'Amount', 'ARGTYPE_IDENTITY', '10', NULL, NULL),
('MODIFIER_PROMOTION_RUSTED', 'Amount', 'ARGTYPE_IDENTITY', '-10', NULL, NULL),
('MODIFIER_PROMOTION_SCOURGE', 'Amount', 'ARGTYPE_IDENTITY', '10', NULL, NULL),
('MODIFIER_PROMOTION_SHIELD_OF_FAITH', 'Amount', 'ARGTYPE_IDENTITY', '10', NULL, NULL),
('MODIFIER_PROMOTION_SHOCK', 'Amount', 'ARGTYPE_IDENTITY', '10', NULL, NULL),
('MODIFIER_PROMOTION_SHOCK2', 'Amount', 'ARGTYPE_IDENTITY', '10', NULL, NULL),
('MODIFIER_PROMOTION_SINISTER', 'Amount', 'ARGTYPE_IDENTITY', '1', NULL, NULL),
('MODIFIER_PROMOTION_SKELETON_CREW', 'Amount', 'ARGTYPE_IDENTITY', '-1', NULL, NULL),
('MODIFIER_PROMOTION_SLOW_MOVEMENT', 'Amount', 'ARGTYPE_IDENTITY', '-1', NULL, NULL),
('MODIFIER_PROMOTION_STARTING_SETTLER_MOVEMENT', 'Amount', 'ARGTYPE_IDENTITY', '2', NULL, NULL),
('MODIFIER_PROMOTION_STONESKIN', 'Amount', 'ARGTYPE_IDENTITY', '2', NULL, NULL),
('MODIFIER_PROMOTION_STRONG', 'Amount', 'ARGTYPE_IDENTITY', '1', NULL, NULL),
('MODIFIER_PROMOTION_SUBDUE_ANIMAL', 'Amount', 'ARGTYPE_IDENTITY', '6', NULL, NULL),
('MODIFIER_PROMOTION_SUBDUE_ANIMAL_SLAVE_TAKING_MODIFIER', 'Key', 'ARGTYPE_IDENTITY', 'HeroResurrectKill', NULL, NULL),
('MODIFIER_PROMOTION_SUBDUE_ANIMAL_SLAVE_TAKING_MODIFIER', 'Amount', 'ARGTYPE_IDENTITY', '1', NULL, NULL),
('MODIFIER_PROMOTION_SUBDUE_BEASTS', 'Amount', 'ARGTYPE_IDENTITY', '6', NULL, NULL),
('MODIFIER_PROMOTION_SUBDUE_BEASTS_SLAVE_TAKING_MODIFIER', 'Key', 'ARGTYPE_IDENTITY', 'HeroResurrectKill', NULL, NULL),
('MODIFIER_PROMOTION_SUBDUE_BEASTS_SLAVE_TAKING_MODIFIER', 'Amount', 'ARGTYPE_IDENTITY', '1', NULL, NULL),
('MODIFIER_PROMOTION_UNHOLY_TAINT', 'Amount', 'ARGTYPE_IDENTITY', '-25', NULL, NULL),
('MODIFIER_PROMOTION_VAMPIRE', 'Type', 'ARGTYPE_IDENTITY', 'ALL', NULL, NULL),
('MODIFIER_PROMOTION_VAMPIRE', 'Amount', 'ARGTYPE_IDENTITY', '5', NULL, NULL),
('MODIFIER_PROMOTION_WARCRY_MOVEMENT', 'Amount', 'ARGTYPE_IDENTITY', '1', NULL, NULL),
('MODIFIER_PROMOTION_WARCRY', 'Amount', 'ARGTYPE_IDENTITY', '1', NULL, NULL),
('MODIFIER_PROMOTION_WEAK', 'Amount', 'ARGTYPE_IDENTITY', '-1', NULL, NULL),
('MODIFIER_WINTERBORN_ABILITY_TERRAINATTACKS_SNOW', 'Amount', 'ARGTYPE_IDENTITY', '10', NULL, NULL),
('MODIFIER_WINTERBORN_ABILITY_TERRAINATTACKS_TUNDRA', 'Amount', 'ARGTYPE_IDENTITY', '10', NULL, NULL),
('TRAIT_GRANT_WINTERBORN_ABILITY_TERRAINATTACKS', 'AbilityType', 'ARGTYPE_IDENTITY', 'WINTERBORN_ABILITY_TERRAINATTACKS', NULL, NULL),
('MODIFIER_WINTERBORN_ABILITY_TERRAINDEFENSES_SNOW', 'Amount', 'ARGTYPE_IDENTITY', '10', NULL, NULL),
('MODIFIER_WINTERBORN_ABILITY_TERRAINDEFENSES_TUNDRA', 'Amount', 'ARGTYPE_IDENTITY', '10', NULL, NULL),
('TRAIT_GRANT_WINTERBORN_ABILITY_TERRAINDEFENSES', 'AbilityType', 'ARGTYPE_IDENTITY', 'WINTERBORN_ABILITY_TERRAINDEFENSES', NULL, NULL),
('MODIFIER_PROMOTION_WITHERED', 'Type', 'ARGTYPE_IDENTITY', 'ALL', NULL, NULL),
('MODIFIER_PROMOTION_WITHERED', 'Amount', 'ARGTYPE_IDENTITY', '-20', NULL, NULL),
('MODIFIER_BAN_ABILITY_SLTH_UNIT_ABASHI', 'ModifierId', 'ARGTYPE_IDENTITY', 'TRAIT_CANT_BUILD_HERO_SLTH_UNIT_ABASHI', NULL, NULL),
('TRAIT_CANT_BUILD_HERO_SLTH_UNIT_ABASHI', 'UnitType', 'ARGTYPE_IDENTITY', 'SLTH_UNIT_ABASHI', NULL, NULL),
('MODIFIER_BAN_ABILITY_SLTH_UNIT_ALAZKAN', 'ModifierId', 'ARGTYPE_IDENTITY', 'TRAIT_CANT_BUILD_HERO_SLTH_UNIT_ALAZKAN', NULL, NULL),
('TRAIT_CANT_BUILD_HERO_SLTH_UNIT_ALAZKAN', 'UnitType', 'ARGTYPE_IDENTITY', 'SLTH_UNIT_ALAZKAN', NULL, NULL),
('MODIFIER_BAN_ABILITY_SLTH_UNIT_ARTHENDAIN', 'ModifierId', 'ARGTYPE_IDENTITY', 'TRAIT_CANT_BUILD_HERO_SLTH_UNIT_ARTHENDAIN', NULL, NULL),
('TRAIT_CANT_BUILD_HERO_SLTH_UNIT_ARTHENDAIN', 'UnitType', 'ARGTYPE_IDENTITY', 'SLTH_UNIT_ARTHENDAIN', NULL, NULL),
('MODIFIER_BAN_ABILITY_SLTH_UNIT_AURIC_ASCENDED', 'ModifierId', 'ARGTYPE_IDENTITY', 'TRAIT_CANT_BUILD_HERO_SLTH_UNIT_AURIC_ASCENDED', NULL, NULL),
('TRAIT_CANT_BUILD_HERO_SLTH_UNIT_AURIC_ASCENDED', 'UnitType', 'ARGTYPE_IDENTITY', 'SLTH_UNIT_AURIC_ASCENDED', NULL, NULL),
('MODIFIER_BAN_ABILITY_SLTH_UNIT_BAMBUR', 'ModifierId', 'ARGTYPE_IDENTITY', 'TRAIT_CANT_BUILD_HERO_SLTH_UNIT_BAMBUR', NULL, NULL),
('TRAIT_CANT_BUILD_HERO_SLTH_UNIT_BAMBUR', 'UnitType', 'ARGTYPE_IDENTITY', 'SLTH_UNIT_BAMBUR', NULL, NULL),
('MODIFIER_BAN_ABILITY_SLTH_UNIT_BARNAXUS', 'ModifierId', 'ARGTYPE_IDENTITY', 'TRAIT_CANT_BUILD_HERO_SLTH_UNIT_BARNAXUS', NULL, NULL),
('TRAIT_CANT_BUILD_HERO_SLTH_UNIT_BARNAXUS', 'UnitType', 'ARGTYPE_IDENTITY', 'SLTH_UNIT_BARNAXUS', NULL, NULL),
('MODIFIER_BAN_ABILITY_SLTH_UNIT_BASIUM', 'ModifierId', 'ARGTYPE_IDENTITY', 'TRAIT_CANT_BUILD_HERO_SLTH_UNIT_BASIUM', NULL, NULL),
('TRAIT_CANT_BUILD_HERO_SLTH_UNIT_BASIUM', 'UnitType', 'ARGTYPE_IDENTITY', 'SLTH_UNIT_BASIUM', NULL, NULL),
('MODIFIER_BAN_ABILITY_SLTH_UNIT_CHALID', 'ModifierId', 'ARGTYPE_IDENTITY', 'TRAIT_CANT_BUILD_HERO_SLTH_UNIT_CHALID', NULL, NULL),
('TRAIT_CANT_BUILD_HERO_SLTH_UNIT_CHALID', 'UnitType', 'ARGTYPE_IDENTITY', 'SLTH_UNIT_CHALID', NULL, NULL),
('MODIFIER_BAN_ABILITY_SLTH_UNIT_CORLINDALE', 'ModifierId', 'ARGTYPE_IDENTITY', 'TRAIT_CANT_BUILD_HERO_SLTH_UNIT_CORLINDALE', NULL, NULL),
('TRAIT_CANT_BUILD_HERO_SLTH_UNIT_CORLINDALE', 'UnitType', 'ARGTYPE_IDENTITY', 'SLTH_UNIT_CORLINDALE', NULL, NULL),
('MODIFIER_BAN_ABILITY_SLTH_UNIT_DONAL', 'ModifierId', 'ARGTYPE_IDENTITY', 'TRAIT_CANT_BUILD_HERO_SLTH_UNIT_DONAL', NULL, NULL),
('TRAIT_CANT_BUILD_HERO_SLTH_UNIT_DONAL', 'UnitType', 'ARGTYPE_IDENTITY', 'SLTH_UNIT_DONAL', NULL, NULL),
('MODIFIER_BAN_ABILITY_SLTH_UNIT_DRIFA', 'ModifierId', 'ARGTYPE_IDENTITY', 'TRAIT_CANT_BUILD_HERO_SLTH_UNIT_DRIFA', NULL, NULL),
('TRAIT_CANT_BUILD_HERO_SLTH_UNIT_DRIFA', 'UnitType', 'ARGTYPE_IDENTITY', 'SLTH_UNIT_DRIFA', NULL, NULL),
('MODIFIER_BAN_ABILITY_SLTH_UNIT_DUIN', 'ModifierId', 'ARGTYPE_IDENTITY', 'TRAIT_CANT_BUILD_HERO_SLTH_UNIT_DUIN', NULL, NULL),
('TRAIT_CANT_BUILD_HERO_SLTH_UNIT_DUIN', 'UnitType', 'ARGTYPE_IDENTITY', 'SLTH_UNIT_DUIN', NULL, NULL),
('MODIFIER_BAN_ABILITY_SLTH_UNIT_EURABATRES', 'ModifierId', 'ARGTYPE_IDENTITY', 'TRAIT_CANT_BUILD_HERO_SLTH_UNIT_EURABATRES', NULL, NULL),
('TRAIT_CANT_BUILD_HERO_SLTH_UNIT_EURABATRES', 'UnitType', 'ARGTYPE_IDENTITY', 'SLTH_UNIT_EURABATRES', NULL, NULL),
('MODIFIER_BAN_ABILITY_SLTH_UNIT_GIBBON', 'ModifierId', 'ARGTYPE_IDENTITY', 'TRAIT_CANT_BUILD_HERO_SLTH_UNIT_GIBBON', NULL, NULL),
('TRAIT_CANT_BUILD_HERO_SLTH_UNIT_GIBBON', 'UnitType', 'ARGTYPE_IDENTITY', 'SLTH_UNIT_GIBBON', NULL, NULL),
('MODIFIER_BAN_ABILITY_SLTH_UNIT_GILDEN', 'ModifierId', 'ARGTYPE_IDENTITY', 'TRAIT_CANT_BUILD_HERO_SLTH_UNIT_GILDEN', NULL, NULL),
('TRAIT_CANT_BUILD_HERO_SLTH_UNIT_GILDEN', 'UnitType', 'ARGTYPE_IDENTITY', 'SLTH_UNIT_GILDEN', NULL, NULL),
('MODIFIER_BAN_ABILITY_SLTH_UNIT_GOVANNON', 'ModifierId', 'ARGTYPE_IDENTITY', 'TRAIT_CANT_BUILD_HERO_SLTH_UNIT_GOVANNON', NULL, NULL),
('TRAIT_CANT_BUILD_HERO_SLTH_UNIT_GOVANNON', 'UnitType', 'ARGTYPE_IDENTITY', 'SLTH_UNIT_GOVANNON', NULL, NULL),
('MODIFIER_BAN_ABILITY_SLTH_UNIT_GUYBRUSH', 'ModifierId', 'ARGTYPE_IDENTITY', 'TRAIT_CANT_BUILD_HERO_SLTH_UNIT_GUYBRUSH', NULL, NULL),
('TRAIT_CANT_BUILD_HERO_SLTH_UNIT_GUYBRUSH', 'UnitType', 'ARGTYPE_IDENTITY', 'SLTH_UNIT_GUYBRUSH', NULL, NULL),
('MODIFIER_BAN_ABILITY_SLTH_UNIT_HEMAH', 'ModifierId', 'ARGTYPE_IDENTITY', 'TRAIT_CANT_BUILD_HERO_SLTH_UNIT_HEMAH', NULL, NULL),
('TRAIT_CANT_BUILD_HERO_SLTH_UNIT_HEMAH', 'UnitType', 'ARGTYPE_IDENTITY', 'SLTH_UNIT_HEMAH', NULL, NULL),
('MODIFIER_BAN_ABILITY_SLTH_UNIT_HERNE', 'ModifierId', 'ARGTYPE_IDENTITY', 'TRAIT_CANT_BUILD_HERO_SLTH_UNIT_HERNE', NULL, NULL),
('TRAIT_CANT_BUILD_HERO_SLTH_UNIT_HERNE', 'UnitType', 'ARGTYPE_IDENTITY', 'SLTH_UNIT_HERNE', NULL, NULL),
('MODIFIER_BAN_ABILITY_SLTH_UNIT_HYBOREM', 'ModifierId', 'ARGTYPE_IDENTITY', 'TRAIT_CANT_BUILD_HERO_SLTH_UNIT_HYBOREM', NULL, NULL),
('TRAIT_CANT_BUILD_HERO_SLTH_UNIT_HYBOREM', 'UnitType', 'ARGTYPE_IDENTITY', 'SLTH_UNIT_HYBOREM', NULL, NULL),
('MODIFIER_BAN_ABILITY_SLTH_UNIT_KITHRA', 'ModifierId', 'ARGTYPE_IDENTITY', 'TRAIT_CANT_BUILD_HERO_SLTH_UNIT_KITHRA', NULL, NULL),
('TRAIT_CANT_BUILD_HERO_SLTH_UNIT_KITHRA', 'UnitType', 'ARGTYPE_IDENTITY', 'SLTH_UNIT_KITHRA', NULL, NULL),
('MODIFIER_BAN_ABILITY_SLTH_UNIT_LOKI', 'ModifierId', 'ARGTYPE_IDENTITY', 'TRAIT_CANT_BUILD_HERO_SLTH_UNIT_LOKI', NULL, NULL),
('TRAIT_CANT_BUILD_HERO_SLTH_UNIT_LOKI', 'UnitType', 'ARGTYPE_IDENTITY', 'SLTH_UNIT_LOKI', NULL, NULL),
('MODIFIER_BAN_ABILITY_SLTH_UNIT_LOSHA', 'ModifierId', 'ARGTYPE_IDENTITY', 'TRAIT_CANT_BUILD_HERO_SLTH_UNIT_LOSHA', NULL, NULL),
('TRAIT_CANT_BUILD_HERO_SLTH_UNIT_LOSHA', 'UnitType', 'ARGTYPE_IDENTITY', 'SLTH_UNIT_LOSHA', NULL, NULL),
('MODIFIER_BAN_ABILITY_SLTH_UNIT_LUCIAN', 'ModifierId', 'ARGTYPE_IDENTITY', 'TRAIT_CANT_BUILD_HERO_SLTH_UNIT_LUCIAN', NULL, NULL),
('TRAIT_CANT_BUILD_HERO_SLTH_UNIT_LUCIAN', 'UnitType', 'ARGTYPE_IDENTITY', 'SLTH_UNIT_LUCIAN', NULL, NULL),
('MODIFIER_BAN_ABILITY_SLTH_UNIT_MAGNADINE', 'ModifierId', 'ARGTYPE_IDENTITY', 'TRAIT_CANT_BUILD_HERO_SLTH_UNIT_MAGNADINE', NULL, NULL),
('TRAIT_CANT_BUILD_HERO_SLTH_UNIT_MAGNADINE', 'UnitType', 'ARGTYPE_IDENTITY', 'SLTH_UNIT_MAGNADINE', NULL, NULL),
('MODIFIER_BAN_ABILITY_SLTH_UNIT_MARDERO', 'ModifierId', 'ARGTYPE_IDENTITY', 'TRAIT_CANT_BUILD_HERO_SLTH_UNIT_MARDERO', NULL, NULL),
('TRAIT_CANT_BUILD_HERO_SLTH_UNIT_MARDERO', 'UnitType', 'ARGTYPE_IDENTITY', 'SLTH_UNIT_MARDERO', NULL, NULL),
('MODIFIER_BAN_ABILITY_SLTH_UNIT_MAROS', 'ModifierId', 'ARGTYPE_IDENTITY', 'TRAIT_CANT_BUILD_HERO_SLTH_UNIT_MAROS', NULL, NULL),
('TRAIT_CANT_BUILD_HERO_SLTH_UNIT_MAROS', 'UnitType', 'ARGTYPE_IDENTITY', 'SLTH_UNIT_MAROS', NULL, NULL),
('MODIFIER_BAN_ABILITY_SLTH_UNIT_MESHABBER', 'ModifierId', 'ARGTYPE_IDENTITY', 'TRAIT_CANT_BUILD_HERO_SLTH_UNIT_MESHABBER', NULL, NULL),
('TRAIT_CANT_BUILD_HERO_SLTH_UNIT_MESHABBER', 'UnitType', 'ARGTYPE_IDENTITY', 'SLTH_UNIT_MESHABBER', NULL, NULL),
('MODIFIER_BAN_ABILITY_SLTH_UNIT_MITHRIL_GOLEM', 'ModifierId', 'ARGTYPE_IDENTITY', 'TRAIT_CANT_BUILD_HERO_SLTH_UNIT_MITHRIL_GOLEM', NULL, NULL),
('TRAIT_CANT_BUILD_HERO_SLTH_UNIT_MITHRIL_GOLEM', 'UnitType', 'ARGTYPE_IDENTITY', 'SLTH_UNIT_MITHRIL_GOLEM', NULL, NULL),
('MODIFIER_BAN_ABILITY_SLTH_UNIT_RANTINE', 'ModifierId', 'ARGTYPE_IDENTITY', 'TRAIT_CANT_BUILD_HERO_SLTH_UNIT_RANTINE', NULL, NULL),
('TRAIT_CANT_BUILD_HERO_SLTH_UNIT_RANTINE', 'UnitType', 'ARGTYPE_IDENTITY', 'SLTH_UNIT_RANTINE', NULL, NULL),
('MODIFIER_BAN_ABILITY_SLTH_UNIT_RATHUS', 'ModifierId', 'ARGTYPE_IDENTITY', 'TRAIT_CANT_BUILD_HERO_SLTH_UNIT_RATHUS', NULL, NULL),
('TRAIT_CANT_BUILD_HERO_SLTH_UNIT_RATHUS', 'UnitType', 'ARGTYPE_IDENTITY', 'SLTH_UNIT_RATHUS', NULL, NULL),
('MODIFIER_BAN_ABILITY_SLTH_UNIT_ROSIER', 'ModifierId', 'ARGTYPE_IDENTITY', 'TRAIT_CANT_BUILD_HERO_SLTH_UNIT_ROSIER', NULL, NULL),
('TRAIT_CANT_BUILD_HERO_SLTH_UNIT_ROSIER', 'UnitType', 'ARGTYPE_IDENTITY', 'SLTH_UNIT_ROSIER', NULL, NULL),
('MODIFIER_BAN_ABILITY_SLTH_UNIT_SAVEROUS', 'ModifierId', 'ARGTYPE_IDENTITY', 'TRAIT_CANT_BUILD_HERO_SLTH_UNIT_SAVEROUS', NULL, NULL),
('TRAIT_CANT_BUILD_HERO_SLTH_UNIT_SAVEROUS', 'UnitType', 'ARGTYPE_IDENTITY', 'SLTH_UNIT_SAVEROUS', NULL, NULL),
('MODIFIER_BAN_ABILITY_SLTH_UNIT_SPHENER', 'ModifierId', 'ARGTYPE_IDENTITY', 'TRAIT_CANT_BUILD_HERO_SLTH_UNIT_SPHENER', NULL, NULL),
('TRAIT_CANT_BUILD_HERO_SLTH_UNIT_SPHENER', 'UnitType', 'ARGTYPE_IDENTITY', 'SLTH_UNIT_SPHENER', NULL, NULL),
('MODIFIER_BAN_ABILITY_SLTH_UNIT_TEUTORIX', 'ModifierId', 'ARGTYPE_IDENTITY', 'TRAIT_CANT_BUILD_HERO_SLTH_UNIT_TEUTORIX', NULL, NULL),
('TRAIT_CANT_BUILD_HERO_SLTH_UNIT_TEUTORIX', 'UnitType', 'ARGTYPE_IDENTITY', 'SLTH_UNIT_TEUTORIX', NULL, NULL),
('MODIFIER_BAN_ABILITY_SLTH_UNIT_VALIN', 'ModifierId', 'ARGTYPE_IDENTITY', 'TRAIT_CANT_BUILD_HERO_SLTH_UNIT_VALIN', NULL, NULL),
('TRAIT_CANT_BUILD_HERO_SLTH_UNIT_VALIN', 'UnitType', 'ARGTYPE_IDENTITY', 'SLTH_UNIT_VALIN', NULL, NULL),
('MODIFIER_BAN_ABILITY_SLTH_UNIT_YVAIN', 'ModifierId', 'ARGTYPE_IDENTITY', 'TRAIT_CANT_BUILD_HERO_SLTH_UNIT_YVAIN', NULL, NULL),
('TRAIT_CANT_BUILD_HERO_SLTH_UNIT_YVAIN', 'UnitType', 'ARGTYPE_IDENTITY', 'SLTH_UNIT_YVAIN', NULL, NULL);

INSERT INTO Modifiers(ModifierId, ModifierType, RunOnce, Permanent, OwnerRequirementSetId, SubjectRequirementSetId, OwnerStackLimit, SubjectStackLimit) VALUES
('MODIFIER_WOODSMAN1_ABILITY_FEATUREATTACKS_FEATURE_JUNGLE', 'MODIFIER_UNIT_ADJUST_COMBAT_STRENGTH', '0', '0', NULL, 'WOODSMAN1_ABILITY_FEATUREATTACKS_REQS_FEATURE_JUNGLE', NULL, NULL),
('MODIFIER_WOODSMAN1_ABILITY_FEATUREATTACKS_FEATURE_FOREST', 'MODIFIER_UNIT_ADJUST_COMBAT_STRENGTH', '0', '0', NULL, 'WOODSMAN1_ABILITY_FEATUREATTACKS_REQS_FEATURE_FOREST', NULL, NULL),
('MODIFIER_WOODSMAN1_ABILITY_FEATUREATTACKS_FEATURE_FOREST_ANCIENT', 'MODIFIER_UNIT_ADJUST_COMBAT_STRENGTH', '0', '0', NULL, 'WOODSMAN1_ABILITY_FEATUREATTACKS_REQS_FEATURE_FOREST_ANCIENT', NULL, NULL),
('TRAIT_GRANT_WOODSMAN1_ABILITY_FEATUREATTACKS', 'MODIFIER_PLAYER_UNITS_GRANT_ABILITY_GRANCOLOMBIA_MAYA', '0', '0', NULL, NULL, NULL, NULL),
('MODIFIER_WOODSMAN1_ABILITY_FEATUREDEFENSES_FEATURE_JUNGLE', 'MODIFIER_UNIT_ADJUST_COMBAT_STRENGTH', '0', '0', NULL, 'WOODSMAN1_ABILITY_FEATUREDEFENSES_REQS_FEATURE_JUNGLE', NULL, NULL),
('MODIFIER_WOODSMAN1_ABILITY_FEATUREDEFENSES_FEATURE_FOREST', 'MODIFIER_UNIT_ADJUST_COMBAT_STRENGTH', '0', '0', NULL, 'WOODSMAN1_ABILITY_FEATUREDEFENSES_REQS_FEATURE_FOREST', NULL, NULL),
('MODIFIER_WOODSMAN1_ABILITY_FEATUREDEFENSES_FEATURE_FOREST_ANCIENT', 'MODIFIER_UNIT_ADJUST_COMBAT_STRENGTH', '0', '0', NULL, 'WOODSMAN1_ABILITY_FEATUREDEFENSES_REQS_FEATURE_FOREST_ANCIENT', NULL, NULL),
('TRAIT_GRANT_WOODSMAN1_ABILITY_FEATUREDEFENSES', 'MODIFIER_PLAYER_UNITS_GRANT_ABILITY_GRANCOLOMBIA_MAYA', '0', '0', NULL, NULL, NULL, NULL),
('MODIFIER_WOODSMAN2_ABILITY_FEATUREATTACKS_FEATURE_JUNGLE', 'MODIFIER_UNIT_ADJUST_COMBAT_STRENGTH', '0', '0', NULL, 'WOODSMAN2_ABILITY_FEATUREATTACKS_REQS_FEATURE_JUNGLE', NULL, NULL),
('MODIFIER_WOODSMAN2_ABILITY_FEATUREATTACKS_FEATURE_FOREST', 'MODIFIER_UNIT_ADJUST_COMBAT_STRENGTH', '0', '0', NULL, 'WOODSMAN2_ABILITY_FEATUREATTACKS_REQS_FEATURE_FOREST', NULL, NULL),
('MODIFIER_WOODSMAN2_ABILITY_FEATUREATTACKS_FEATURE_FOREST_ANCIENT', 'MODIFIER_UNIT_ADJUST_COMBAT_STRENGTH', '0', '0', NULL, 'WOODSMAN2_ABILITY_FEATUREATTACKS_REQS_FEATURE_FOREST_ANCIENT', NULL, NULL),
('TRAIT_GRANT_WOODSMAN2_ABILITY_FEATUREATTACKS', 'MODIFIER_PLAYER_UNITS_GRANT_ABILITY_GRANCOLOMBIA_MAYA', '0', '0', NULL, NULL, NULL, NULL),
('MODIFIER_WOODSMAN2_ABILITY_FEATUREDEFENSES_FEATURE_JUNGLE', 'MODIFIER_UNIT_ADJUST_COMBAT_STRENGTH', '0', '0', NULL, 'WOODSMAN2_ABILITY_FEATUREDEFENSES_REQS_FEATURE_JUNGLE', NULL, NULL),
('MODIFIER_WOODSMAN2_ABILITY_FEATUREDEFENSES_FEATURE_FOREST', 'MODIFIER_UNIT_ADJUST_COMBAT_STRENGTH', '0', '0', NULL, 'WOODSMAN2_ABILITY_FEATUREDEFENSES_REQS_FEATURE_FOREST', NULL, NULL),
('MODIFIER_WOODSMAN2_ABILITY_FEATUREDEFENSES_FEATURE_FOREST_ANCIENT', 'MODIFIER_UNIT_ADJUST_COMBAT_STRENGTH', '0', '0', NULL, 'WOODSMAN2_ABILITY_FEATUREDEFENSES_REQS_FEATURE_FOREST_ANCIENT', NULL, NULL),
('TRAIT_GRANT_WOODSMAN2_ABILITY_FEATUREDEFENSES', 'MODIFIER_PLAYER_UNITS_GRANT_ABILITY_GRANCOLOMBIA_MAYA', '0', '0', NULL, NULL, NULL, NULL),
('MODIFIER_PROMOTION_WOODSMAN2_ABILITY_FEATUREDOUBLEMOVES_JUNGLE', 'MODIFIER_PLAYER_UNIT_ADJUST_MOVEMENT', '0', '0', NULL, 'PROMOTION_WOODSMAN2_ABILITY_FEATUREDOUBLEMOVES_JUNGLE_REQS', NULL, NULL),
('MODIFIER_PROMOTION_WOODSMAN2_ABILITY_FEATUREDOUBLEMOVES_FOREST', 'MODIFIER_PLAYER_UNIT_ADJUST_MOVEMENT', '0', '0', NULL, 'PROMOTION_WOODSMAN2_ABILITY_FEATUREDOUBLEMOVES_FOREST_REQS', NULL, NULL),
('MODIFIER_PROMOTION_WOODSMAN2_ABILITY_FEATUREDOUBLEMOVES_ANCIENT_FOREST', 'MODIFIER_PLAYER_UNIT_ADJUST_MOVEMENT', '0', '0', NULL, 'PROMOTION_WOODSMAN2_ABILITY_FEATUREDOUBLEMOVES_ANCIENT_FOREST_REQS', NULL, NULL),
('TRAIT_GRANT_PROMOTION_WOODSMAN2_ABILITY_FEATUREDOUBLEMOVES', 'MODIFIER_PLAYER_UNITS_GRANT_ABILITY_GRANCOLOMBIA_MAYA', '0', '0', NULL, NULL, NULL, NULL);
-- uhh
INSERT INTO ModifierArguments(ModifierId, Name, Type, Value, Extra, SecondExtra) VALUES
('MODIFIER_WOODSMAN1_ABILITY_FEATUREATTACKS_FEATURE_JUNGLE', 'Amount', 'ARGTYPE_IDENTITY', '30', NULL, NULL),
('MODIFIER_WOODSMAN1_ABILITY_FEATUREATTACKS_FEATURE_FOREST', 'Amount', 'ARGTYPE_IDENTITY', '30', NULL, NULL),
('MODIFIER_WOODSMAN1_ABILITY_FEATUREATTACKS_FEATURE_FOREST_ANCIENT', 'Amount', 'ARGTYPE_IDENTITY', '30', NULL, NULL),
('TRAIT_GRANT_WOODSMAN1_ABILITY_FEATUREATTACKS', 'AbilityType', 'ARGTYPE_IDENTITY', 'WOODSMAN1_ABILITY_FEATUREATTACKS', NULL, NULL),
('MODIFIER_WOODSMAN1_ABILITY_FEATUREDEFENSES_FEATURE_JUNGLE', 'Amount', 'ARGTYPE_IDENTITY', '30', NULL, NULL),
('MODIFIER_WOODSMAN1_ABILITY_FEATUREDEFENSES_FEATURE_FOREST', 'Amount', 'ARGTYPE_IDENTITY', '30', NULL, NULL),
('MODIFIER_WOODSMAN1_ABILITY_FEATUREDEFENSES_FEATURE_FOREST_ANCIENT', 'Amount', 'ARGTYPE_IDENTITY', '30', NULL, NULL),
('TRAIT_GRANT_WOODSMAN1_ABILITY_FEATUREDEFENSES', 'AbilityType', 'ARGTYPE_IDENTITY', 'WOODSMAN1_ABILITY_FEATUREDEFENSES', NULL, NULL),
('MODIFIER_WOODSMAN2_ABILITY_FEATUREATTACKS_FEATURE_JUNGLE', 'Amount', 'ARGTYPE_IDENTITY', '30', NULL, NULL),
('MODIFIER_WOODSMAN2_ABILITY_FEATUREATTACKS_FEATURE_FOREST', 'Amount', 'ARGTYPE_IDENTITY', '30', NULL, NULL),
('MODIFIER_WOODSMAN2_ABILITY_FEATUREATTACKS_FEATURE_FOREST_ANCIENT', 'Amount', 'ARGTYPE_IDENTITY', '30', NULL, NULL),
('TRAIT_GRANT_WOODSMAN2_ABILITY_FEATUREATTACKS', 'AbilityType', 'ARGTYPE_IDENTITY', 'WOODSMAN2_ABILITY_FEATUREATTACKS', NULL, NULL),
('MODIFIER_WOODSMAN2_ABILITY_FEATUREDEFENSES_FEATURE_JUNGLE', 'Amount', 'ARGTYPE_IDENTITY', '30', NULL, NULL),
('MODIFIER_WOODSMAN2_ABILITY_FEATUREDEFENSES_FEATURE_FOREST', 'Amount', 'ARGTYPE_IDENTITY', '30', NULL, NULL),
('MODIFIER_WOODSMAN2_ABILITY_FEATUREDEFENSES_FEATURE_FOREST_ANCIENT', 'Amount', 'ARGTYPE_IDENTITY', '30', NULL, NULL),
('TRAIT_GRANT_WOODSMAN2_ABILITY_FEATUREDEFENSES', 'AbilityType', 'ARGTYPE_IDENTITY', 'WOODSMAN2_ABILITY_FEATUREDEFENSES', NULL, NULL),
('MODIFIER_PROMOTION_WOODSMAN2_ABILITY_FEATUREDOUBLEMOVES_JUNGLE', 'Amount', 'ARGTYPE_IDENTITY', '1', NULL, NULL),
('MODIFIER_PROMOTION_WOODSMAN2_ABILITY_FEATUREDOUBLEMOVES_FOREST', 'Amount', 'ARGTYPE_IDENTITY', '1', NULL, NULL),
('MODIFIER_PROMOTION_WOODSMAN2_ABILITY_FEATUREDOUBLEMOVES_ANCIENT_FOREST', 'Amount', 'ARGTYPE_IDENTITY', '1', NULL, NULL),
('TRAIT_GRANT_PROMOTION_WOODSMAN2_ABILITY_FEATUREDOUBLEMOVES', 'AbilityType', 'ARGTYPE_IDENTITY', 'PROMOTION_WOODSMAN2_ABILITY_FEATUREDOUBLEMOVES', NULL, NULL);

INSERT INTO ModifierStrings(ModifierId, Context, Text) VALUES
('MODIFIER_DARK_ELF_ABILITY_FEATUREATTACKS_FEATURE_FOREST', 'Preview', 'LOC_DARK_ELF_ABILITY_FEATUREATTACKS_FEATURE_FOREST_PREVIEW'),
('MODIFIER_DARK_ELF_ABILITY_FEATUREATTACKS_FEATURE_FOREST_ANCIENT', 'Preview', 'LOC_DARK_ELF_ABILITY_FEATUREATTACKS_FEATURE_FOREST_ANCIENT_PREVIEW'),
('MODIFIER_DEMON_ABILITY_TERRAINATTACKS_BROKEN_LANDS', 'Preview', 'LOC_DEMON_ABILITY_TERRAINATTACKS_BROKEN_LANDS_PREVIEW'),
('MODIFIER_DEMON_ABILITY_TERRAINATTACKS_FIELDS_OF_PERDITION', 'Preview', 'LOC_DEMON_ABILITY_TERRAINATTACKS_FIELDS_OF_PERDITION_PREVIEW'),
('MODIFIER_DEMON_ABILITY_TERRAINATTACKS_BURNING_SANDS', 'Preview', 'LOC_DEMON_ABILITY_TERRAINATTACKS_BURNING_SANDS_PREVIEW'),
('MODIFIER_DEMON_ABILITY_TERRAINDEFENSES_BROKEN_LANDS', 'Preview', 'LOC_DEMON_ABILITY_TERRAINDEFENSES_BROKEN_LANDS_PREVIEW'),
('MODIFIER_DEMON_ABILITY_TERRAINDEFENSES_FIELDS_OF_PERDITION', 'Preview', 'LOC_DEMON_ABILITY_TERRAINDEFENSES_FIELDS_OF_PERDITION_PREVIEW'),
('MODIFIER_DEMON_ABILITY_TERRAINDEFENSES_BURNING_SANDS', 'Preview', 'LOC_DEMON_ABILITY_TERRAINDEFENSES_BURNING_SANDS_PREVIEW'),
('MODIFIER_PROMOTION_DEXTEROUS', 'Preview', 'LOC_PROMOTION_DEXTEROUS_DESCRIPTION'),
('MODIFIER_PROMOTION_DISEASED', 'Preview', 'LOC_PROMOTION_DISEASED_DESCRIPTION'),
('MODIFIER_PROMOTION_DRILL4', 'Preview', 'LOC_PROMOTION_DRILL4_DESCRIPTION'),
('MODIFIER_ELF_ABILITY_FEATUREATTACKS_FEATURE_FOREST', 'Preview', 'LOC_ELF_ABILITY_FEATUREATTACKS_FEATURE_FOREST_PREVIEW'),
('MODIFIER_ELF_ABILITY_FEATUREATTACKS_FEATURE_FOREST_ANCIENT', 'Preview', 'LOC_ELF_ABILITY_FEATUREATTACKS_FEATURE_FOREST_ANCIENT_PREVIEW'),
('MODIFIER_PROMOTION_EMPOWER1', 'Preview', 'LOC_PROMOTION_EMPOWER1_DESCRIPTION'),
('MODIFIER_PROMOTION_EMPOWER2', 'Preview', 'LOC_PROMOTION_EMPOWER2_DESCRIPTION'),
('MODIFIER_PROMOTION_EMPOWER3', 'Preview', 'LOC_PROMOTION_EMPOWER3_DESCRIPTION'),
('MODIFIER_PROMOTION_EMPOWER4', 'Preview', 'LOC_PROMOTION_EMPOWER4_DESCRIPTION'),
('MODIFIER_PROMOTION_EMPOWER5', 'Preview', 'LOC_PROMOTION_EMPOWER5_DESCRIPTION'),
('MODIFIER_PROMOTION_EMPTY_BIER', 'Preview', 'LOC_PROMOTION_EMPTY_BIER_DESCRIPTION'),
('MODIFIER_PROMOTION_ENCHANTED_BLADE', 'Preview', 'LOC_PROMOTION_ENCHANTED_BLADE_DESCRIPTION'),
('MODIFIER_PROMOTION_ENRAGED', 'Preview', 'LOC_PROMOTION_ENRAGED_DESCRIPTION'),
('MODIFIER_PROMOTION_FATIGUED', 'Preview', 'LOC_PROMOTION_FATIGUED_DESCRIPTION'),
('MODIFIER_PROMOTION_FORMATION', 'Preview', 'LOC_PROMOTION_FORMATION_DESCRIPTION'),
('MODIFIER_PROMOTION_FORMATION2', 'Preview', 'LOC_PROMOTION_FORMATION2_DESCRIPTION'),
('MODIFIER_FROSTLING_ABILITY_TERRAINATTACKS_SNOW', 'Preview', 'LOC_FROSTLING_ABILITY_TERRAINATTACKS_SNOW_PREVIEW'),
('MODIFIER_FROSTLING_ABILITY_TERRAINATTACKS_TUNDRA', 'Preview', 'LOC_FROSTLING_ABILITY_TERRAINATTACKS_TUNDRA_PREVIEW'),
('MODIFIER_FROSTLING_ABILITY_TERRAINATTACKS_DESERT', 'Preview', 'LOC_FROSTLING_ABILITY_TERRAINATTACKS_DESERT_PREVIEW'),
('MODIFIER_FROSTLING_ABILITY_TERRAINDEFENSES_SNOW', 'Preview', 'LOC_FROSTLING_ABILITY_TERRAINDEFENSES_SNOW_PREVIEW'),
('MODIFIER_FROSTLING_ABILITY_TERRAINDEFENSES_TUNDRA', 'Preview', 'LOC_FROSTLING_ABILITY_TERRAINDEFENSES_TUNDRA_PREVIEW'),
('MODIFIER_FROSTLING_ABILITY_TERRAINDEFENSES_DESERT', 'Preview', 'LOC_FROSTLING_ABILITY_TERRAINDEFENSES_DESERT_PREVIEW'),
('MODIFIER_PROMOTION_GODSLAYER', 'Preview', 'LOC_PROMOTION_GODSLAYER_DESCRIPTION'),
('MODIFIER_PROMOTION_GOLDEN_HAMMER', 'Preview', 'LOC_PROMOTION_GOLDEN_HAMMER_DESCRIPTION'),
('MODIFIER_PROMOTION_GREAT_COMMANDER', 'Preview', 'LOC_PROMOTION_GREAT_COMMANDER_DESCRIPTION'),
('MODIFIER_PROMOTION_GUERILLA1', 'Preview', 'LOC_PROMOTION_GUERILLA1_DESCRIPTION'),
('MODIFIER_PROMOTION_GUERILLA2', 'Preview', 'LOC_PROMOTION_GUERILLA2_DESCRIPTION'),
('MODIFIER_PROMOTION_HEAVY', 'Preview', 'LOC_PROMOTION_HEAVY_DESCRIPTION'),
('MODIFIER_PROMOTION_HEROIC_DEFENSE', 'Preview', 'LOC_PROMOTION_HEROIC_DEFENSE_DESCRIPTION'),
('MODIFIER_PROMOTION_HEROIC_DEFENSE2', 'Preview', 'LOC_PROMOTION_HEROIC_DEFENSE2_DESCRIPTION'),
('MODIFIER_PROMOTION_HEROIC_STRENGTH', 'Preview', 'LOC_PROMOTION_HEROIC_STRENGTH_DESCRIPTION'),
('MODIFIER_PROMOTION_HEROIC_STRENGTH2', 'Preview', 'LOC_PROMOTION_HEROIC_STRENGTH2_DESCRIPTION'),
('MODIFIER_PROMOTION_IRON_WEAPONS', 'Preview', 'LOC_PROMOTION_IRON_WEAPONS_DESCRIPTION'),
('MODIFIER_PROMOTION_LIGHT', 'Preview', 'LOC_PROMOTION_LIGHT_DESCRIPTION'),
('MODIFIER_LIZARDMAN_ABILITY_TERRAINATTACKS_MARSH', 'Preview', 'LOC_LIZARDMAN_ABILITY_TERRAINATTACKS_MARSH_PREVIEW'),
('MODIFIER_LIZARDMAN_ABILITY_TERRAINDEFENSES_MARSH', 'Preview', 'LOC_LIZARDMAN_ABILITY_TERRAINDEFENSES_MARSH_PREVIEW'),
('MODIFIER_PROMOTION_MITHRIL_WEAPONS', 'Preview', 'LOC_PROMOTION_MITHRIL_WEAPONS_DESCRIPTION'),
('MODIFIER_PROMOTION_MORALE', 'Preview', 'LOC_PROMOTION_MORALE_DESCRIPTION'),
('MODIFIER_NIGHTMARE_ABILITY_TERRAINATTACKS_BROKEN_LANDS', 'Preview', 'LOC_NIGHTMARE_ABILITY_TERRAINATTACKS_BROKEN_LANDS_PREVIEW'),
('MODIFIER_NIGHTMARE_ABILITY_TERRAINATTACKS_FIELDS_OF_PERDITION', 'Preview', 'LOC_NIGHTMARE_ABILITY_TERRAINATTACKS_FIELDS_OF_PERDITION_PREVIEW'),
('MODIFIER_NIGHTMARE_ABILITY_TERRAINATTACKS_BURNING_SANDS', 'Preview', 'LOC_NIGHTMARE_ABILITY_TERRAINATTACKS_BURNING_SANDS_PREVIEW'),
('MODIFIER_NIGHTMARE_ABILITY_TERRAINDEFENSES_BROKEN_LANDS', 'Preview', 'LOC_NIGHTMARE_ABILITY_TERRAINDEFENSES_BROKEN_LANDS_PREVIEW'),
('MODIFIER_NIGHTMARE_ABILITY_TERRAINDEFENSES_FIELDS_OF_PERDITION', 'Preview', 'LOC_NIGHTMARE_ABILITY_TERRAINDEFENSES_FIELDS_OF_PERDITION_PREVIEW'),
('MODIFIER_NIGHTMARE_ABILITY_TERRAINDEFENSES_BURNING_SANDS', 'Preview', 'LOC_NIGHTMARE_ABILITY_TERRAINDEFENSES_BURNING_SANDS_PREVIEW'),
('MODIFIER_PROMOTION_NIGHTMARE', 'Preview', 'LOC_PROMOTION_NIGHTMARE_DESCRIPTION'),
('MODIFIER_NOMAD_ABILITY_TERRAINATTACKS_DESERT', 'Preview', 'LOC_NOMAD_ABILITY_TERRAINATTACKS_DESERT_PREVIEW'),
('MODIFIER_NOMAD_ABILITY_TERRAINDEFENSES_DESERT', 'Preview', 'LOC_NOMAD_ABILITY_TERRAINDEFENSES_DESERT_PREVIEW'),
('MODIFIER_ORC_ABILITY_FEATUREATTACKS_FEATURE_JUNGLE', 'Preview', 'LOC_ORC_ABILITY_FEATUREATTACKS_FEATURE_JUNGLE_PREVIEW'),
('MODIFIER_PROMOTION_PLAGUED', 'Preview', 'LOC_PROMOTION_PLAGUED_DESCRIPTION'),
('MODIFIER_PROMOTION_POISONED', 'Preview', 'LOC_PROMOTION_POISONED_DESCRIPTION'),
('MODIFIER_PROMOTION_PUPPET', 'Preview', 'LOC_PROMOTION_PUPPET_DESCRIPTION'),
('MODIFIER_PROMOTION_RUSTED', 'Preview', 'LOC_PROMOTION_RUSTED_DESCRIPTION'),
('MODIFIER_PROMOTION_SCOURGE', 'Preview', 'LOC_PROMOTION_SCOURGE_DESCRIPTION'),
('MODIFIER_PROMOTION_SHIELD_OF_FAITH', 'Preview', 'LOC_PROMOTION_SHIELD_OF_FAITH_DESCRIPTION'),
('MODIFIER_PROMOTION_SHOCK', 'Preview', 'LOC_PROMOTION_SHOCK_DESCRIPTION'),
('MODIFIER_PROMOTION_SHOCK2', 'Preview', 'LOC_PROMOTION_SHOCK2_DESCRIPTION'),
('MODIFIER_PROMOTION_SINISTER', 'Preview', 'LOC_PROMOTION_SINISTER_DESCRIPTION'),
('MODIFIER_PROMOTION_SKELETON_CREW', 'Preview', 'LOC_PROMOTION_SKELETON_CREW_DESCRIPTION'),
('MODIFIER_PROMOTION_STONESKIN', 'Preview', 'LOC_PROMOTION_STONESKIN_DESCRIPTION'),
('MODIFIER_PROMOTION_STRONG', 'Preview', 'LOC_PROMOTION_STRONG_DESCRIPTION'),
('MODIFIER_PROMOTION_SUBDUE_ANIMAL', 'Preview', 'LOC_PROMOTION_SUBDUE_ANIMAL_DESCRIPTION'),
('MODIFIER_PROMOTION_SUBDUE_ANIMAL_SLAVE_TAKING_MODIFIER', 'Preview', 'LOC_PROMOTION_SUBDUE_ANIMAL_DESCRIPTION'),
('MODIFIER_PROMOTION_SUBDUE_BEASTS', 'Preview', 'LOC_PROMOTION_SUBDUE_BEASTS_DESCRIPTION'),
('MODIFIER_PROMOTION_SUBDUE_BEASTS_SLAVE_TAKING_MODIFIER', 'Preview', 'LOC_PROMOTION_SUBDUE_BEASTS_DESCRIPTION'),
('MODIFIER_PROMOTION_UNHOLY_TAINT', 'Preview', 'LOC_PROMOTION_UNHOLY_TAINT_DESCRIPTION'),
('MODIFIER_PROMOTION_VAMPIRE', 'Preview', 'LOC_PROMOTION_VAMPIRE_DESCRIPTION'),
('MODIFIER_PROMOTION_WARCRY', 'Preview', 'LOC_PROMOTION_WARCRY_DESCRIPTION'),
('MODIFIER_PROMOTION_WEAK', 'Preview', 'LOC_PROMOTION_WEAK_DESCRIPTION'),
('MODIFIER_WINTERBORN_ABILITY_TERRAINATTACKS_SNOW', 'Preview', 'LOC_WINTERBORN_ABILITY_TERRAINATTACKS_SNOW_PREVIEW'),
('MODIFIER_WINTERBORN_ABILITY_TERRAINATTACKS_TUNDRA', 'Preview', 'LOC_WINTERBORN_ABILITY_TERRAINATTACKS_TUNDRA_PREVIEW'),
('MODIFIER_WINTERBORN_ABILITY_TERRAINDEFENSES_SNOW', 'Preview', 'LOC_WINTERBORN_ABILITY_TERRAINDEFENSES_SNOW_PREVIEW'),
('MODIFIER_WINTERBORN_ABILITY_TERRAINDEFENSES_TUNDRA', 'Preview', 'LOC_WINTERBORN_ABILITY_TERRAINDEFENSES_TUNDRA_PREVIEW'),
('MODIFIER_PROMOTION_WITHERED', 'Preview', 'LOC_PROMOTION_WITHERED_DESCRIPTION'),
('MODIFIER_WOODSMAN1_ABILITY_FEATUREATTACKS_FEATURE_JUNGLE', 'Preview', 'LOC_WOODSMAN1_ABILITY_FEATUREATTACKS_FEATURE_JUNGLE_PREVIEW'),
('MODIFIER_WOODSMAN1_ABILITY_FEATUREATTACKS_FEATURE_FOREST', 'Preview', 'LOC_WOODSMAN1_ABILITY_FEATUREATTACKS_FEATURE_FOREST_PREVIEW'),
('MODIFIER_WOODSMAN1_ABILITY_FEATUREATTACKS_FEATURE_FOREST_ANCIENT', 'Preview', 'LOC_WOODSMAN1_ABILITY_FEATUREATTACKS_FEATURE_FOREST_ANCIENT_PREVIEW'),
('MODIFIER_WOODSMAN1_ABILITY_FEATUREDEFENSES_FEATURE_JUNGLE', 'Preview', 'LOC_WOODSMAN1_ABILITY_FEATUREDEFENSES_FEATURE_JUNGLE_PREVIEW'),
('MODIFIER_WOODSMAN1_ABILITY_FEATUREDEFENSES_FEATURE_FOREST', 'Preview', 'LOC_WOODSMAN1_ABILITY_FEATUREDEFENSES_FEATURE_FOREST_PREVIEW'),
('MODIFIER_WOODSMAN1_ABILITY_FEATUREDEFENSES_FEATURE_FOREST_ANCIENT', 'Preview', 'LOC_WOODSMAN1_ABILITY_FEATUREDEFENSES_FEATURE_FOREST_ANCIENT_PREVIEW'),
('MODIFIER_WOODSMAN2_ABILITY_FEATUREATTACKS_FEATURE_JUNGLE', 'Preview', 'LOC_WOODSMAN2_ABILITY_FEATUREATTACKS_FEATURE_JUNGLE_PREVIEW'),
('MODIFIER_WOODSMAN2_ABILITY_FEATUREATTACKS_FEATURE_FOREST', 'Preview', 'LOC_WOODSMAN2_ABILITY_FEATUREATTACKS_FEATURE_FOREST_PREVIEW'),
('MODIFIER_WOODSMAN2_ABILITY_FEATUREATTACKS_FEATURE_FOREST_ANCIENT', 'Preview', 'LOC_WOODSMAN2_ABILITY_FEATUREATTACKS_FEATURE_FOREST_ANCIENT_PREVIEW'),
('MODIFIER_WOODSMAN2_ABILITY_FEATUREDEFENSES_FEATURE_JUNGLE', 'Preview', 'LOC_WOODSMAN2_ABILITY_FEATUREDEFENSES_FEATURE_JUNGLE_PREVIEW'),
('MODIFIER_WOODSMAN2_ABILITY_FEATUREDEFENSES_FEATURE_FOREST', 'Preview', 'LOC_WOODSMAN2_ABILITY_FEATUREDEFENSES_FEATURE_FOREST_PREVIEW'),
('MODIFIER_WOODSMAN2_ABILITY_FEATUREDEFENSES_FEATURE_FOREST_ANCIENT', 'Preview', 'LOC_WOODSMAN2_ABILITY_FEATUREDEFENSES_FEATURE_FOREST_ANCIENT_PREVIEW');

INSERT INTO Tags(Tag, Vocabulary) VALUES
('SLTH_CLASS_SLTH_UNIT_ABASHI', 'ABILITY_CLASS'),
('SLTH_CLASS_SLTH_UNIT_ALAZKAN', 'ABILITY_CLASS'),
('SLTH_CLASS_SLTH_UNIT_ARTHENDAIN', 'ABILITY_CLASS'),
('SLTH_CLASS_SLTH_UNIT_AURIC_ASCENDED', 'ABILITY_CLASS'),
('SLTH_CLASS_SLTH_UNIT_BAMBUR', 'ABILITY_CLASS'),
('SLTH_CLASS_SLTH_UNIT_BARNAXUS', 'ABILITY_CLASS'),
('SLTH_CLASS_SLTH_UNIT_BASIUM', 'ABILITY_CLASS'),
('SLTH_CLASS_SLTH_UNIT_CHALID', 'ABILITY_CLASS'),
('SLTH_CLASS_SLTH_UNIT_CORLINDALE', 'ABILITY_CLASS'),
('SLTH_CLASS_SLTH_UNIT_DONAL', 'ABILITY_CLASS'),
('SLTH_CLASS_SLTH_UNIT_DRIFA', 'ABILITY_CLASS'),
('SLTH_CLASS_SLTH_UNIT_DUIN', 'ABILITY_CLASS'),
('SLTH_CLASS_SLTH_UNIT_EURABATRES', 'ABILITY_CLASS'),
('SLTH_CLASS_SLTH_UNIT_GIBBON', 'ABILITY_CLASS'),
('SLTH_CLASS_SLTH_UNIT_GILDEN', 'ABILITY_CLASS'),
('SLTH_CLASS_SLTH_UNIT_GOVANNON', 'ABILITY_CLASS'),
('SLTH_CLASS_SLTH_UNIT_GUYBRUSH', 'ABILITY_CLASS'),
('SLTH_CLASS_SLTH_UNIT_HEMAH', 'ABILITY_CLASS'),
('SLTH_CLASS_SLTH_UNIT_HERNE', 'ABILITY_CLASS'),
('SLTH_CLASS_SLTH_UNIT_HYBOREM', 'ABILITY_CLASS'),
('SLTH_CLASS_SLTH_UNIT_KITHRA', 'ABILITY_CLASS'),
('SLTH_CLASS_SLTH_UNIT_LOKI', 'ABILITY_CLASS'),
('SLTH_CLASS_SLTH_UNIT_LOSHA', 'ABILITY_CLASS'),
('SLTH_CLASS_SLTH_UNIT_LUCIAN', 'ABILITY_CLASS'),
('SLTH_CLASS_SLTH_UNIT_MAGNADINE', 'ABILITY_CLASS'),
('SLTH_CLASS_SLTH_UNIT_MARDERO', 'ABILITY_CLASS'),
('SLTH_CLASS_SLTH_UNIT_MAROS', 'ABILITY_CLASS'),
('SLTH_CLASS_SLTH_UNIT_MESHABBER', 'ABILITY_CLASS'),
('SLTH_CLASS_SLTH_UNIT_MITHRIL_GOLEM', 'ABILITY_CLASS'),
('SLTH_CLASS_SLTH_UNIT_RANTINE', 'ABILITY_CLASS'),
('SLTH_CLASS_SLTH_UNIT_RATHUS', 'ABILITY_CLASS'),
('SLTH_CLASS_SLTH_UNIT_ROSIER', 'ABILITY_CLASS'),
('SLTH_CLASS_SLTH_UNIT_SAVEROUS', 'ABILITY_CLASS'),
('SLTH_CLASS_SLTH_UNIT_SPHENER', 'ABILITY_CLASS'),
('SLTH_CLASS_SLTH_UNIT_TEUTORIX', 'ABILITY_CLASS'),
('SLTH_CLASS_SLTH_UNIT_VALIN', 'ABILITY_CLASS'),
('SLTH_CLASS_SLTH_UNIT_YVAIN', 'ABILITY_CLASS');

INSERT INTO TypeTags(Type, Tag) VALUES
('FROSTLING_ABILITY_TERRAINATTACKS', 'CLASS_ALL_UNITS'),
('FROSTLING_ABILITY_TERRAINDEFENSES', 'CLASS_ALL_UNITS'),
('PROMOTION_GUERILLA2_ABILITY_BHILLSDOUBLEMOVE', 'CLASS_ALL_UNITS'),
('LIZARDMAN_ABILITY_TERRAINATTACKS', 'CLASS_ALL_UNITS'),
('LIZARDMAN_ABILITY_TERRAINDEFENSES', 'CLASS_ALL_UNITS'),
('PROMOTION_LIZARDMAN_ABILITY_TERRAINDOUBLEMOVES', 'CLASS_ALL_UNITS'),
('NIGHTMARE_ABILITY_TERRAINATTACKS', 'CLASS_ALL_UNITS'),
('NIGHTMARE_ABILITY_TERRAINDEFENSES', 'CLASS_ALL_UNITS'),
('NOMAD_ABILITY_TERRAINATTACKS', 'CLASS_ALL_UNITS'),
('NOMAD_ABILITY_TERRAINDEFENSES', 'CLASS_ALL_UNITS'),
('PROMOTION_NOMAD_ABILITY_TERRAINDOUBLEMOVES', 'CLASS_ALL_UNITS'),
('ORC_ABILITY_FEATUREATTACKS', 'CLASS_ALL_UNITS'),
('WINTERBORN_ABILITY_TERRAINATTACKS', 'CLASS_ALL_UNITS'),
('WINTERBORN_ABILITY_TERRAINDEFENSES', 'CLASS_ALL_UNITS'),
('WOODSMAN1_ABILITY_FEATUREATTACKS', 'CLASS_ALL_UNITS'),
('WOODSMAN1_ABILITY_FEATUREDEFENSES', 'CLASS_ALL_UNITS'),
('WOODSMAN2_ABILITY_FEATUREATTACKS', 'CLASS_ALL_UNITS'),
('WOODSMAN2_ABILITY_FEATUREDEFENSES', 'CLASS_ALL_UNITS'),
('PROMOTION_WOODSMAN2_ABILITY_FEATUREDOUBLEMOVES', 'CLASS_ALL_UNITS'),
('BAN_ABILITY_SLTH_UNIT_ABASHI', 'SLTH_CLASS_SLTH_UNIT_ABASHI'),
('SLTH_UNIT_ABASHI', 'SLTH_CLASS_SLTH_UNIT_ABASHI'),
('BAN_ABILITY_SLTH_UNIT_ALAZKAN', 'SLTH_CLASS_SLTH_UNIT_ALAZKAN'),
('SLTH_UNIT_ALAZKAN', 'SLTH_CLASS_SLTH_UNIT_ALAZKAN'),
('BAN_ABILITY_SLTH_UNIT_ARTHENDAIN', 'SLTH_CLASS_SLTH_UNIT_ARTHENDAIN'),
('SLTH_UNIT_ARTHENDAIN', 'SLTH_CLASS_SLTH_UNIT_ARTHENDAIN'),
('BAN_ABILITY_SLTH_UNIT_AURIC_ASCENDED', 'SLTH_CLASS_SLTH_UNIT_AURIC_ASCENDED'),
('SLTH_UNIT_AURIC_ASCENDED', 'SLTH_CLASS_SLTH_UNIT_AURIC_ASCENDED'),
('BAN_ABILITY_SLTH_UNIT_BAMBUR', 'SLTH_CLASS_SLTH_UNIT_BAMBUR'),
('SLTH_UNIT_BAMBUR', 'SLTH_CLASS_SLTH_UNIT_BAMBUR'),
('BAN_ABILITY_SLTH_UNIT_BARNAXUS', 'SLTH_CLASS_SLTH_UNIT_BARNAXUS'),
('SLTH_UNIT_BARNAXUS', 'SLTH_CLASS_SLTH_UNIT_BARNAXUS'),
('BAN_ABILITY_SLTH_UNIT_BASIUM', 'SLTH_CLASS_SLTH_UNIT_BASIUM'),
('SLTH_UNIT_BASIUM', 'SLTH_CLASS_SLTH_UNIT_BASIUM'),
('BAN_ABILITY_SLTH_UNIT_CHALID', 'SLTH_CLASS_SLTH_UNIT_CHALID'),
('SLTH_UNIT_CHALID', 'SLTH_CLASS_SLTH_UNIT_CHALID'),
('BAN_ABILITY_SLTH_UNIT_CORLINDALE', 'SLTH_CLASS_SLTH_UNIT_CORLINDALE'),
('SLTH_UNIT_CORLINDALE', 'SLTH_CLASS_SLTH_UNIT_CORLINDALE'),
('BAN_ABILITY_SLTH_UNIT_DONAL', 'SLTH_CLASS_SLTH_UNIT_DONAL'),
('SLTH_UNIT_DONAL', 'SLTH_CLASS_SLTH_UNIT_DONAL'),
('BAN_ABILITY_SLTH_UNIT_DRIFA', 'SLTH_CLASS_SLTH_UNIT_DRIFA'),
('SLTH_UNIT_DRIFA', 'SLTH_CLASS_SLTH_UNIT_DRIFA'),
('BAN_ABILITY_SLTH_UNIT_DUIN', 'SLTH_CLASS_SLTH_UNIT_DUIN'),
('SLTH_UNIT_DUIN', 'SLTH_CLASS_SLTH_UNIT_DUIN'),
('BAN_ABILITY_SLTH_UNIT_EURABATRES', 'SLTH_CLASS_SLTH_UNIT_EURABATRES'),
('SLTH_UNIT_EURABATRES', 'SLTH_CLASS_SLTH_UNIT_EURABATRES'),
('BAN_ABILITY_SLTH_UNIT_GIBBON', 'SLTH_CLASS_SLTH_UNIT_GIBBON'),
('SLTH_UNIT_GIBBON', 'SLTH_CLASS_SLTH_UNIT_GIBBON'),
('BAN_ABILITY_SLTH_UNIT_GILDEN', 'SLTH_CLASS_SLTH_UNIT_GILDEN'),
('SLTH_UNIT_GILDEN', 'SLTH_CLASS_SLTH_UNIT_GILDEN'),
('BAN_ABILITY_SLTH_UNIT_GOVANNON', 'SLTH_CLASS_SLTH_UNIT_GOVANNON'),
('SLTH_UNIT_GOVANNON', 'SLTH_CLASS_SLTH_UNIT_GOVANNON'),
('BAN_ABILITY_SLTH_UNIT_GUYBRUSH', 'SLTH_CLASS_SLTH_UNIT_GUYBRUSH'),
('SLTH_UNIT_GUYBRUSH', 'SLTH_CLASS_SLTH_UNIT_GUYBRUSH'),
('BAN_ABILITY_SLTH_UNIT_HEMAH', 'SLTH_CLASS_SLTH_UNIT_HEMAH'),
('SLTH_UNIT_HEMAH', 'SLTH_CLASS_SLTH_UNIT_HEMAH'),
('BAN_ABILITY_SLTH_UNIT_HERNE', 'SLTH_CLASS_SLTH_UNIT_HERNE'),
('SLTH_UNIT_HERNE', 'SLTH_CLASS_SLTH_UNIT_HERNE'),
('BAN_ABILITY_SLTH_UNIT_HYBOREM', 'SLTH_CLASS_SLTH_UNIT_HYBOREM'),
('SLTH_UNIT_HYBOREM', 'SLTH_CLASS_SLTH_UNIT_HYBOREM'),
('BAN_ABILITY_SLTH_UNIT_KITHRA', 'SLTH_CLASS_SLTH_UNIT_KITHRA'),
('SLTH_UNIT_KITHRA', 'SLTH_CLASS_SLTH_UNIT_KITHRA'),
('BAN_ABILITY_SLTH_UNIT_LOKI', 'SLTH_CLASS_SLTH_UNIT_LOKI'),
('SLTH_UNIT_LOKI', 'SLTH_CLASS_SLTH_UNIT_LOKI'),
('BAN_ABILITY_SLTH_UNIT_LOSHA', 'SLTH_CLASS_SLTH_UNIT_LOSHA'),
('SLTH_UNIT_LOSHA', 'SLTH_CLASS_SLTH_UNIT_LOSHA'),
('BAN_ABILITY_SLTH_UNIT_LUCIAN', 'SLTH_CLASS_SLTH_UNIT_LUCIAN'),
('SLTH_UNIT_LUCIAN', 'SLTH_CLASS_SLTH_UNIT_LUCIAN'),
('BAN_ABILITY_SLTH_UNIT_MAGNADINE', 'SLTH_CLASS_SLTH_UNIT_MAGNADINE'),
('SLTH_UNIT_MAGNADINE', 'SLTH_CLASS_SLTH_UNIT_MAGNADINE'),
('BAN_ABILITY_SLTH_UNIT_MARDERO', 'SLTH_CLASS_SLTH_UNIT_MARDERO'),
('SLTH_UNIT_MARDERO', 'SLTH_CLASS_SLTH_UNIT_MARDERO'),
('BAN_ABILITY_SLTH_UNIT_MAROS', 'SLTH_CLASS_SLTH_UNIT_MAROS'),
('SLTH_UNIT_MAROS', 'SLTH_CLASS_SLTH_UNIT_MAROS'),
('BAN_ABILITY_SLTH_UNIT_MESHABBER', 'SLTH_CLASS_SLTH_UNIT_MESHABBER'),
('SLTH_UNIT_MESHABBER', 'SLTH_CLASS_SLTH_UNIT_MESHABBER'),
('BAN_ABILITY_SLTH_UNIT_MITHRIL_GOLEM', 'SLTH_CLASS_SLTH_UNIT_MITHRIL_GOLEM'),
('SLTH_UNIT_MITHRIL_GOLEM', 'SLTH_CLASS_SLTH_UNIT_MITHRIL_GOLEM'),
('BAN_ABILITY_SLTH_UNIT_RANTINE', 'SLTH_CLASS_SLTH_UNIT_RANTINE'),
('SLTH_UNIT_RANTINE', 'SLTH_CLASS_SLTH_UNIT_RANTINE'),
('BAN_ABILITY_SLTH_UNIT_RATHUS', 'SLTH_CLASS_SLTH_UNIT_RATHUS'),
('SLTH_UNIT_RATHUS', 'SLTH_CLASS_SLTH_UNIT_RATHUS'),
('BAN_ABILITY_SLTH_UNIT_ROSIER', 'SLTH_CLASS_SLTH_UNIT_ROSIER'),
('SLTH_UNIT_ROSIER', 'SLTH_CLASS_SLTH_UNIT_ROSIER'),
('BAN_ABILITY_SLTH_UNIT_SAVEROUS', 'SLTH_CLASS_SLTH_UNIT_SAVEROUS'),
('SLTH_UNIT_SAVEROUS', 'SLTH_CLASS_SLTH_UNIT_SAVEROUS'),
('BAN_ABILITY_SLTH_UNIT_SPHENER', 'SLTH_CLASS_SLTH_UNIT_SPHENER'),
('SLTH_UNIT_SPHENER', 'SLTH_CLASS_SLTH_UNIT_SPHENER'),
('BAN_ABILITY_SLTH_UNIT_TEUTORIX', 'SLTH_CLASS_SLTH_UNIT_TEUTORIX'),
('SLTH_UNIT_TEUTORIX', 'SLTH_CLASS_SLTH_UNIT_TEUTORIX'),
('BAN_ABILITY_SLTH_UNIT_VALIN', 'SLTH_CLASS_SLTH_UNIT_VALIN'),
('SLTH_UNIT_VALIN', 'SLTH_CLASS_SLTH_UNIT_VALIN'),
('BAN_ABILITY_SLTH_UNIT_YVAIN', 'SLTH_CLASS_SLTH_UNIT_YVAIN'),
('SLTH_UNIT_YVAIN', 'SLTH_CLASS_SLTH_UNIT_YVAIN');

------------------------------------------------------------------------
-------------    Promotions     ----------------------------------------
------------------------------------------------------------------------

INSERT INTO UnitPromotions(UnitPromotionType, Name, Description, Level, PromotionClass) VALUES
('PROMOTION_ACCURACY_SIEGE', 'LOC_PROMOTION_ACCURACY_NAME', 'LOC_PROMOTION_ACCURACY_DESCRIPTION', '2', 'PROMOTION_CLASS_SIEGE'),
('PROMOTION_AMPHIBIOUS_RANGED', 'LOC_PROMOTION_AMPHIBIOUS_NAME', 'LOC_PROMOTION_AMPHIBIOUS_DESCRIPTION', '3', 'PROMOTION_CLASS_RANGED'),
('PROMOTION_AMPHIBIOUS_BEAST', 'LOC_PROMOTION_AMPHIBIOUS_NAME', 'LOC_PROMOTION_AMPHIBIOUS_DESCRIPTION', '3', 'PROMOTION_CLASS_BEAST'),
('PROMOTION_AMPHIBIOUS_DISCIPLE', 'LOC_PROMOTION_AMPHIBIOUS_NAME', 'LOC_PROMOTION_AMPHIBIOUS_DESCRIPTION', '3', 'PROMOTION_CLASS_DISCIPLE'),
('PROMOTION_AMPHIBIOUS_MELEE', 'LOC_PROMOTION_AMPHIBIOUS_NAME', 'LOC_PROMOTION_AMPHIBIOUS_DESCRIPTION', '3', 'PROMOTION_CLASS_MELEE'),
('PROMOTION_AMPHIBIOUS_LIGHT_CAVALRY', 'LOC_PROMOTION_AMPHIBIOUS_NAME', 'LOC_PROMOTION_AMPHIBIOUS_DESCRIPTION', '3', 'PROMOTION_CLASS_LIGHT_CAVALRY'),
('PROMOTION_AMPHIBIOUS_RECON', 'LOC_PROMOTION_AMPHIBIOUS_NAME', 'LOC_PROMOTION_AMPHIBIOUS_DESCRIPTION', '3', 'PROMOTION_CLASS_RECON'),
('PROMOTION_BARRAGE1_NAVAL_MELEE', 'LOC_PROMOTION_BARRAGE1_NAME', 'LOC_PROMOTION_BARRAGE1_DESCRIPTION', '1', 'PROMOTION_CLASS_NAVAL_MELEE'),
('PROMOTION_BARRAGE1_SIEGE', 'LOC_PROMOTION_BARRAGE1_NAME', 'LOC_PROMOTION_BARRAGE1_DESCRIPTION', '1', 'PROMOTION_CLASS_SIEGE'),
('PROMOTION_BARRAGE2_NAVAL_MELEE', 'LOC_PROMOTION_BARRAGE2_NAME', 'LOC_PROMOTION_BARRAGE2_DESCRIPTION', '2', 'PROMOTION_CLASS_NAVAL_MELEE'),
('PROMOTION_BARRAGE2_SIEGE', 'LOC_PROMOTION_BARRAGE2_NAME', 'LOC_PROMOTION_BARRAGE2_DESCRIPTION', '2', 'PROMOTION_CLASS_SIEGE'),
('PROMOTION_BARRAGE3_NAVAL_MELEE', 'LOC_PROMOTION_BARRAGE3_NAME', 'LOC_PROMOTION_BARRAGE3_DESCRIPTION', '3', 'PROMOTION_CLASS_NAVAL_MELEE'),
('PROMOTION_BARRAGE3_SIEGE', 'LOC_PROMOTION_BARRAGE3_NAME', 'LOC_PROMOTION_BARRAGE3_DESCRIPTION', '3', 'PROMOTION_CLASS_SIEGE'),
('PROMOTION_BLITZ_RANGED', 'LOC_PROMOTION_BLITZ_NAME', 'LOC_PROMOTION_BLITZ_DESCRIPTION', '5', 'PROMOTION_CLASS_RANGED'),
('PROMOTION_BLITZ_BEAST', 'LOC_PROMOTION_BLITZ_NAME', 'LOC_PROMOTION_BLITZ_DESCRIPTION', '5', 'PROMOTION_CLASS_BEAST'),
('PROMOTION_BLITZ_DISCIPLE', 'LOC_PROMOTION_BLITZ_NAME', 'LOC_PROMOTION_BLITZ_DESCRIPTION', '5', 'PROMOTION_CLASS_DISCIPLE'),
('PROMOTION_BLITZ_MELEE', 'LOC_PROMOTION_BLITZ_NAME', 'LOC_PROMOTION_BLITZ_DESCRIPTION', '5', 'PROMOTION_CLASS_MELEE'),
('PROMOTION_BLITZ_LIGHT_CAVALRY', 'LOC_PROMOTION_BLITZ_NAME', 'LOC_PROMOTION_BLITZ_DESCRIPTION', '5', 'PROMOTION_CLASS_LIGHT_CAVALRY'),
('PROMOTION_BLITZ_RECON', 'LOC_PROMOTION_BLITZ_NAME', 'LOC_PROMOTION_BLITZ_DESCRIPTION', '5', 'PROMOTION_CLASS_RECON'),
('PROMOTION_BOUNTY_HUNTER_RANGED', 'LOC_PROMOTION_BOUNTY_HUNTER_NAME', 'LOC_PROMOTION_BOUNTY_HUNTER_DESCRIPTION', '4', 'PROMOTION_CLASS_RANGED'),
('PROMOTION_BOUNTY_HUNTER_MELEE', 'LOC_PROMOTION_BOUNTY_HUNTER_NAME', 'LOC_PROMOTION_BOUNTY_HUNTER_DESCRIPTION', '4', 'PROMOTION_CLASS_MELEE'),
('PROMOTION_BOUNTY_HUNTER_LIGHT_CAVALRY', 'LOC_PROMOTION_BOUNTY_HUNTER_NAME', 'LOC_PROMOTION_BOUNTY_HUNTER_DESCRIPTION', '4', 'PROMOTION_CLASS_LIGHT_CAVALRY'),
('PROMOTION_BOUNTY_HUNTER_NAVAL_MELEE', 'LOC_PROMOTION_BOUNTY_HUNTER_NAME', 'LOC_PROMOTION_BOUNTY_HUNTER_DESCRIPTION', '4', 'PROMOTION_CLASS_NAVAL_MELEE'),
('PROMOTION_BOUNTY_HUNTER_RECON', 'LOC_PROMOTION_BOUNTY_HUNTER_NAME', 'LOC_PROMOTION_BOUNTY_HUNTER_DESCRIPTION', '4', 'PROMOTION_CLASS_RECON'),
('PROMOTION_CANNIBALIZE_ADEPT', 'LOC_PROMOTION_CANNIBALIZE_NAME', 'LOC_PROMOTION_CANNIBALIZE_DESCRIPTION', '3', 'PROMOTION_CLASS_ADEPT'),
('PROMOTION_CANNIBALIZE_ANIMAL', 'LOC_PROMOTION_CANNIBALIZE_NAME', 'LOC_PROMOTION_CANNIBALIZE_DESCRIPTION', '3', 'PROMOTION_CLASS_ANIMAL'),
('PROMOTION_CANNIBALIZE_RANGED', 'LOC_PROMOTION_CANNIBALIZE_NAME', 'LOC_PROMOTION_CANNIBALIZE_DESCRIPTION', '3', 'PROMOTION_CLASS_RANGED'),
('PROMOTION_CANNIBALIZE_BEAST', 'LOC_PROMOTION_CANNIBALIZE_NAME', 'LOC_PROMOTION_CANNIBALIZE_DESCRIPTION', '3', 'PROMOTION_CLASS_BEAST'),
('PROMOTION_CANNIBALIZE_DISCIPLE', 'LOC_PROMOTION_CANNIBALIZE_NAME', 'LOC_PROMOTION_CANNIBALIZE_DESCRIPTION', '3', 'PROMOTION_CLASS_DISCIPLE'),
('PROMOTION_CANNIBALIZE_MELEE', 'LOC_PROMOTION_CANNIBALIZE_NAME', 'LOC_PROMOTION_CANNIBALIZE_DESCRIPTION', '3', 'PROMOTION_CLASS_MELEE'),
('PROMOTION_CANNIBALIZE_LIGHT_CAVALRY', 'LOC_PROMOTION_CANNIBALIZE_NAME', 'LOC_PROMOTION_CANNIBALIZE_DESCRIPTION', '3', 'PROMOTION_CLASS_LIGHT_CAVALRY'),
('PROMOTION_CANNIBALIZE_RECON', 'LOC_PROMOTION_CANNIBALIZE_NAME', 'LOC_PROMOTION_CANNIBALIZE_DESCRIPTION', '3', 'PROMOTION_CLASS_RECON'),
('PROMOTION_CITY_GARRISON1_RANGED', 'LOC_PROMOTION_CITY_GARRISON1_NAME', 'LOC_PROMOTION_CITY_GARRISON1_DESCRIPTION', '1', 'PROMOTION_CLASS_RANGED'),
('PROMOTION_CITY_GARRISON1_DISCIPLE', 'LOC_PROMOTION_CITY_GARRISON1_NAME', 'LOC_PROMOTION_CITY_GARRISON1_DESCRIPTION', '1', 'PROMOTION_CLASS_DISCIPLE'),
('PROMOTION_CITY_GARRISON2_RANGED', 'LOC_PROMOTION_CITY_GARRISON2_NAME', 'LOC_PROMOTION_CITY_GARRISON2_DESCRIPTION', '2', 'PROMOTION_CLASS_RANGED'),
('PROMOTION_CITY_GARRISON3_RANGED', 'LOC_PROMOTION_CITY_GARRISON3_NAME', 'LOC_PROMOTION_CITY_GARRISON3_DESCRIPTION', '3', 'PROMOTION_CLASS_RANGED'),
('PROMOTION_CITY_RAIDER1_ANIMAL', 'LOC_PROMOTION_CITY_RAIDER1_NAME', 'LOC_PROMOTION_CITY_RAIDER1_DESCRIPTION', '1', 'PROMOTION_CLASS_ANIMAL'),
('PROMOTION_CITY_RAIDER1_BEAST', 'LOC_PROMOTION_CITY_RAIDER1_NAME', 'LOC_PROMOTION_CITY_RAIDER1_DESCRIPTION', '1', 'PROMOTION_CLASS_BEAST'),
('PROMOTION_CITY_RAIDER1_DISCIPLE', 'LOC_PROMOTION_CITY_RAIDER1_NAME', 'LOC_PROMOTION_CITY_RAIDER1_DESCRIPTION', '1', 'PROMOTION_CLASS_DISCIPLE'),
('PROMOTION_CITY_RAIDER1_MELEE', 'LOC_PROMOTION_CITY_RAIDER1_NAME', 'LOC_PROMOTION_CITY_RAIDER1_DESCRIPTION', '1', 'PROMOTION_CLASS_MELEE'),
('PROMOTION_CITY_RAIDER2_ANIMAL', 'LOC_PROMOTION_CITY_RAIDER2_NAME', 'LOC_PROMOTION_CITY_RAIDER2_DESCRIPTION', '2', 'PROMOTION_CLASS_ANIMAL'),
('PROMOTION_CITY_RAIDER2_BEAST', 'LOC_PROMOTION_CITY_RAIDER2_NAME', 'LOC_PROMOTION_CITY_RAIDER2_DESCRIPTION', '2', 'PROMOTION_CLASS_BEAST'),
('PROMOTION_CITY_RAIDER2_MELEE', 'LOC_PROMOTION_CITY_RAIDER2_NAME', 'LOC_PROMOTION_CITY_RAIDER2_DESCRIPTION', '2', 'PROMOTION_CLASS_MELEE'),
('PROMOTION_CITY_RAIDER3_ANIMAL', 'LOC_PROMOTION_CITY_RAIDER3_NAME', 'LOC_PROMOTION_CITY_RAIDER3_DESCRIPTION', '3', 'PROMOTION_CLASS_ANIMAL'),
('PROMOTION_CITY_RAIDER3_BEAST', 'LOC_PROMOTION_CITY_RAIDER3_NAME', 'LOC_PROMOTION_CITY_RAIDER3_DESCRIPTION', '3', 'PROMOTION_CLASS_BEAST'),
('PROMOTION_CITY_RAIDER3_MELEE', 'LOC_PROMOTION_CITY_RAIDER3_NAME', 'LOC_PROMOTION_CITY_RAIDER3_DESCRIPTION', '3', 'PROMOTION_CLASS_MELEE'),
('PROMOTION_COLD_RESISTANCE_ADEPT', 'LOC_PROMOTION_COLD_RESISTANCE_NAME', 'LOC_PROMOTION_COLD_RESISTANCE_DESCRIPTION', '5', 'PROMOTION_CLASS_ADEPT'),
('PROMOTION_COLD_RESISTANCE_RANGED', 'LOC_PROMOTION_COLD_RESISTANCE_NAME', 'LOC_PROMOTION_COLD_RESISTANCE_DESCRIPTION', '5', 'PROMOTION_CLASS_RANGED'),
('PROMOTION_COLD_RESISTANCE_BEAST', 'LOC_PROMOTION_COLD_RESISTANCE_NAME', 'LOC_PROMOTION_COLD_RESISTANCE_DESCRIPTION', '5', 'PROMOTION_CLASS_BEAST'),
('PROMOTION_COLD_RESISTANCE_DISCIPLE', 'LOC_PROMOTION_COLD_RESISTANCE_NAME', 'LOC_PROMOTION_COLD_RESISTANCE_DESCRIPTION', '5', 'PROMOTION_CLASS_DISCIPLE'),
('PROMOTION_COLD_RESISTANCE_MELEE', 'LOC_PROMOTION_COLD_RESISTANCE_NAME', 'LOC_PROMOTION_COLD_RESISTANCE_DESCRIPTION', '5', 'PROMOTION_CLASS_MELEE'),
('PROMOTION_COLD_RESISTANCE_LIGHT_CAVALRY', 'LOC_PROMOTION_COLD_RESISTANCE_NAME', 'LOC_PROMOTION_COLD_RESISTANCE_DESCRIPTION', '5', 'PROMOTION_CLASS_LIGHT_CAVALRY'),
('PROMOTION_COLD_RESISTANCE_NAVAL_MELEE', 'LOC_PROMOTION_COLD_RESISTANCE_NAME', 'LOC_PROMOTION_COLD_RESISTANCE_DESCRIPTION', '5', 'PROMOTION_CLASS_NAVAL_MELEE'),
('PROMOTION_COLD_RESISTANCE_RECON', 'LOC_PROMOTION_COLD_RESISTANCE_NAME', 'LOC_PROMOTION_COLD_RESISTANCE_DESCRIPTION', '5', 'PROMOTION_CLASS_RECON'),
('PROMOTION_COMBAT1_ADEPT', 'LOC_PROMOTION_COMBAT1_NAME', 'LOC_PROMOTION_COMBAT1_DESCRIPTION', '1', 'PROMOTION_CLASS_ADEPT'),
('PROMOTION_COMBAT1_ANIMAL', 'LOC_PROMOTION_COMBAT1_NAME', 'LOC_PROMOTION_COMBAT1_DESCRIPTION', '1', 'PROMOTION_CLASS_ANIMAL'),
('PROMOTION_COMBAT1_RANGED', 'LOC_PROMOTION_COMBAT1_NAME', 'LOC_PROMOTION_COMBAT1_DESCRIPTION', '1', 'PROMOTION_CLASS_RANGED'),
('PROMOTION_COMBAT1_BEAST', 'LOC_PROMOTION_COMBAT1_NAME', 'LOC_PROMOTION_COMBAT1_DESCRIPTION', '1', 'PROMOTION_CLASS_BEAST'),
('PROMOTION_COMBAT1_DISCIPLE', 'LOC_PROMOTION_COMBAT1_NAME', 'LOC_PROMOTION_COMBAT1_DESCRIPTION', '1', 'PROMOTION_CLASS_DISCIPLE'),
('PROMOTION_COMBAT1_MELEE', 'LOC_PROMOTION_COMBAT1_NAME', 'LOC_PROMOTION_COMBAT1_DESCRIPTION', '1', 'PROMOTION_CLASS_MELEE'),
('PROMOTION_COMBAT1_LIGHT_CAVALRY', 'LOC_PROMOTION_COMBAT1_NAME', 'LOC_PROMOTION_COMBAT1_DESCRIPTION', '1', 'PROMOTION_CLASS_LIGHT_CAVALRY'),
('PROMOTION_COMBAT1_NAVAL_MELEE', 'LOC_PROMOTION_COMBAT1_NAME', 'LOC_PROMOTION_COMBAT1_DESCRIPTION', '1', 'PROMOTION_CLASS_NAVAL_MELEE'),
('PROMOTION_COMBAT1_RECON', 'LOC_PROMOTION_COMBAT1_NAME', 'LOC_PROMOTION_COMBAT1_DESCRIPTION', '1', 'PROMOTION_CLASS_RECON'),
('PROMOTION_COMBAT1_SIEGE', 'LOC_PROMOTION_COMBAT1_NAME', 'LOC_PROMOTION_COMBAT1_DESCRIPTION', '1', 'PROMOTION_CLASS_SIEGE'),
('PROMOTION_COMBAT2_ADEPT', 'LOC_PROMOTION_COMBAT2_NAME', 'LOC_PROMOTION_COMBAT2_DESCRIPTION', '2', 'PROMOTION_CLASS_ADEPT'),
('PROMOTION_COMBAT2_ANIMAL', 'LOC_PROMOTION_COMBAT2_NAME', 'LOC_PROMOTION_COMBAT2_DESCRIPTION', '2', 'PROMOTION_CLASS_ANIMAL'),
('PROMOTION_COMBAT2_RANGED', 'LOC_PROMOTION_COMBAT2_NAME', 'LOC_PROMOTION_COMBAT2_DESCRIPTION', '2', 'PROMOTION_CLASS_RANGED'),
('PROMOTION_COMBAT2_BEAST', 'LOC_PROMOTION_COMBAT2_NAME', 'LOC_PROMOTION_COMBAT2_DESCRIPTION', '2', 'PROMOTION_CLASS_BEAST'),
('PROMOTION_COMBAT2_DISCIPLE', 'LOC_PROMOTION_COMBAT2_NAME', 'LOC_PROMOTION_COMBAT2_DESCRIPTION', '2', 'PROMOTION_CLASS_DISCIPLE'),
('PROMOTION_COMBAT2_MELEE', 'LOC_PROMOTION_COMBAT2_NAME', 'LOC_PROMOTION_COMBAT2_DESCRIPTION', '2', 'PROMOTION_CLASS_MELEE'),
('PROMOTION_COMBAT2_LIGHT_CAVALRY', 'LOC_PROMOTION_COMBAT2_NAME', 'LOC_PROMOTION_COMBAT2_DESCRIPTION', '2', 'PROMOTION_CLASS_LIGHT_CAVALRY'),
('PROMOTION_COMBAT2_NAVAL_MELEE', 'LOC_PROMOTION_COMBAT2_NAME', 'LOC_PROMOTION_COMBAT2_DESCRIPTION', '2', 'PROMOTION_CLASS_NAVAL_MELEE'),
('PROMOTION_COMBAT2_RECON', 'LOC_PROMOTION_COMBAT2_NAME', 'LOC_PROMOTION_COMBAT2_DESCRIPTION', '2', 'PROMOTION_CLASS_RECON'),
('PROMOTION_COMBAT2_SIEGE', 'LOC_PROMOTION_COMBAT2_NAME', 'LOC_PROMOTION_COMBAT2_DESCRIPTION', '2', 'PROMOTION_CLASS_SIEGE'),
('PROMOTION_COMBAT3_ADEPT', 'LOC_PROMOTION_COMBAT3_NAME', 'LOC_PROMOTION_COMBAT3_DESCRIPTION', '3', 'PROMOTION_CLASS_ADEPT'),
('PROMOTION_COMBAT3_ANIMAL', 'LOC_PROMOTION_COMBAT3_NAME', 'LOC_PROMOTION_COMBAT3_DESCRIPTION', '3', 'PROMOTION_CLASS_ANIMAL'),
('PROMOTION_COMBAT3_RANGED', 'LOC_PROMOTION_COMBAT3_NAME', 'LOC_PROMOTION_COMBAT3_DESCRIPTION', '3', 'PROMOTION_CLASS_RANGED'),
('PROMOTION_COMBAT3_BEAST', 'LOC_PROMOTION_COMBAT3_NAME', 'LOC_PROMOTION_COMBAT3_DESCRIPTION', '3', 'PROMOTION_CLASS_BEAST'),
('PROMOTION_COMBAT3_DISCIPLE', 'LOC_PROMOTION_COMBAT3_NAME', 'LOC_PROMOTION_COMBAT3_DESCRIPTION', '3', 'PROMOTION_CLASS_DISCIPLE'),
('PROMOTION_COMBAT3_MELEE', 'LOC_PROMOTION_COMBAT3_NAME', 'LOC_PROMOTION_COMBAT3_DESCRIPTION', '3', 'PROMOTION_CLASS_MELEE'),
('PROMOTION_COMBAT3_LIGHT_CAVALRY', 'LOC_PROMOTION_COMBAT3_NAME', 'LOC_PROMOTION_COMBAT3_DESCRIPTION', '3', 'PROMOTION_CLASS_LIGHT_CAVALRY'),
('PROMOTION_COMBAT3_NAVAL_MELEE', 'LOC_PROMOTION_COMBAT3_NAME', 'LOC_PROMOTION_COMBAT3_DESCRIPTION', '3', 'PROMOTION_CLASS_NAVAL_MELEE'),
('PROMOTION_COMBAT3_RECON', 'LOC_PROMOTION_COMBAT3_NAME', 'LOC_PROMOTION_COMBAT3_DESCRIPTION', '3', 'PROMOTION_CLASS_RECON'),
('PROMOTION_COMBAT3_SIEGE', 'LOC_PROMOTION_COMBAT3_NAME', 'LOC_PROMOTION_COMBAT3_DESCRIPTION', '3', 'PROMOTION_CLASS_SIEGE'),
('PROMOTION_COMBAT4_ADEPT', 'LOC_PROMOTION_COMBAT4_NAME', 'LOC_PROMOTION_COMBAT4_DESCRIPTION', '4', 'PROMOTION_CLASS_ADEPT'),
('PROMOTION_COMBAT4_ANIMAL', 'LOC_PROMOTION_COMBAT4_NAME', 'LOC_PROMOTION_COMBAT4_DESCRIPTION', '4', 'PROMOTION_CLASS_ANIMAL'),
('PROMOTION_COMBAT4_RANGED', 'LOC_PROMOTION_COMBAT4_NAME', 'LOC_PROMOTION_COMBAT4_DESCRIPTION', '4', 'PROMOTION_CLASS_RANGED'),
('PROMOTION_COMBAT4_BEAST', 'LOC_PROMOTION_COMBAT4_NAME', 'LOC_PROMOTION_COMBAT4_DESCRIPTION', '4', 'PROMOTION_CLASS_BEAST'),
('PROMOTION_COMBAT4_DISCIPLE', 'LOC_PROMOTION_COMBAT4_NAME', 'LOC_PROMOTION_COMBAT4_DESCRIPTION', '4', 'PROMOTION_CLASS_DISCIPLE'),
('PROMOTION_COMBAT4_MELEE', 'LOC_PROMOTION_COMBAT4_NAME', 'LOC_PROMOTION_COMBAT4_DESCRIPTION', '4', 'PROMOTION_CLASS_MELEE'),
('PROMOTION_COMBAT4_LIGHT_CAVALRY', 'LOC_PROMOTION_COMBAT4_NAME', 'LOC_PROMOTION_COMBAT4_DESCRIPTION', '4', 'PROMOTION_CLASS_LIGHT_CAVALRY'),
('PROMOTION_COMBAT4_NAVAL_MELEE', 'LOC_PROMOTION_COMBAT4_NAME', 'LOC_PROMOTION_COMBAT4_DESCRIPTION', '4', 'PROMOTION_CLASS_NAVAL_MELEE'),
('PROMOTION_COMBAT4_RECON', 'LOC_PROMOTION_COMBAT4_NAME', 'LOC_PROMOTION_COMBAT4_DESCRIPTION', '4', 'PROMOTION_CLASS_RECON'),
('PROMOTION_COMBAT4_SIEGE', 'LOC_PROMOTION_COMBAT4_NAME', 'LOC_PROMOTION_COMBAT4_DESCRIPTION', '4', 'PROMOTION_CLASS_SIEGE'),
('PROMOTION_COMBAT5_ADEPT', 'LOC_PROMOTION_COMBAT5_NAME', 'LOC_PROMOTION_COMBAT5_DESCRIPTION', '5', 'PROMOTION_CLASS_ADEPT'),
('PROMOTION_COMBAT5_ANIMAL', 'LOC_PROMOTION_COMBAT5_NAME', 'LOC_PROMOTION_COMBAT5_DESCRIPTION', '5', 'PROMOTION_CLASS_ANIMAL'),
('PROMOTION_COMBAT5_RANGED', 'LOC_PROMOTION_COMBAT5_NAME', 'LOC_PROMOTION_COMBAT5_DESCRIPTION', '5', 'PROMOTION_CLASS_RANGED'),
('PROMOTION_COMBAT5_BEAST', 'LOC_PROMOTION_COMBAT5_NAME', 'LOC_PROMOTION_COMBAT5_DESCRIPTION', '5', 'PROMOTION_CLASS_BEAST'),
('PROMOTION_COMBAT5_DISCIPLE', 'LOC_PROMOTION_COMBAT5_NAME', 'LOC_PROMOTION_COMBAT5_DESCRIPTION', '5', 'PROMOTION_CLASS_DISCIPLE'),
('PROMOTION_COMBAT5_MELEE', 'LOC_PROMOTION_COMBAT5_NAME', 'LOC_PROMOTION_COMBAT5_DESCRIPTION', '5', 'PROMOTION_CLASS_MELEE'),
('PROMOTION_COMBAT5_LIGHT_CAVALRY', 'LOC_PROMOTION_COMBAT5_NAME', 'LOC_PROMOTION_COMBAT5_DESCRIPTION', '5', 'PROMOTION_CLASS_LIGHT_CAVALRY'),
('PROMOTION_COMBAT5_NAVAL_MELEE', 'LOC_PROMOTION_COMBAT5_NAME', 'LOC_PROMOTION_COMBAT5_DESCRIPTION', '5', 'PROMOTION_CLASS_NAVAL_MELEE'),
('PROMOTION_COMBAT5_RECON', 'LOC_PROMOTION_COMBAT5_NAME', 'LOC_PROMOTION_COMBAT5_DESCRIPTION', '5', 'PROMOTION_CLASS_RECON'),
('PROMOTION_COMBAT5_SIEGE', 'LOC_PROMOTION_COMBAT5_NAME', 'LOC_PROMOTION_COMBAT5_DESCRIPTION', '5', 'PROMOTION_CLASS_SIEGE'),
('PROMOTION_COMMAND1_DISCIPLE', 'LOC_PROMOTION_COMMAND1_NAME', 'LOC_PROMOTION_COMMAND1_DESCRIPTION', '1', 'PROMOTION_CLASS_DISCIPLE'),
('PROMOTION_COMMAND2_DISCIPLE', 'LOC_PROMOTION_COMMAND2_NAME', 'LOC_PROMOTION_COMMAND2_DESCRIPTION', '2', 'PROMOTION_CLASS_DISCIPLE'),
('PROMOTION_COMMAND3_DISCIPLE', 'LOC_PROMOTION_COMMAND3_NAME', 'LOC_PROMOTION_COMMAND3_DESCRIPTION', '3', 'PROMOTION_CLASS_DISCIPLE'),
('PROMOTION_COMMAND4_DISCIPLE', 'LOC_PROMOTION_COMMAND4_NAME', 'LOC_PROMOTION_COMMAND4_DESCRIPTION', '4', 'PROMOTION_CLASS_DISCIPLE'),
('PROMOTION_COMMANDO_RANGED', 'LOC_PROMOTION_COMMANDO_NAME', 'LOC_PROMOTION_COMMANDO_DESCRIPTION', '5', 'PROMOTION_CLASS_RANGED'),
('PROMOTION_COMMANDO_BEAST', 'LOC_PROMOTION_COMMANDO_NAME', 'LOC_PROMOTION_COMMANDO_DESCRIPTION', '5', 'PROMOTION_CLASS_BEAST'),
('PROMOTION_COMMANDO_DISCIPLE', 'LOC_PROMOTION_COMMANDO_NAME', 'LOC_PROMOTION_COMMANDO_DESCRIPTION', '5', 'PROMOTION_CLASS_DISCIPLE'),
('PROMOTION_COMMANDO_MELEE', 'LOC_PROMOTION_COMMANDO_NAME', 'LOC_PROMOTION_COMMANDO_DESCRIPTION', '5', 'PROMOTION_CLASS_MELEE'),
('PROMOTION_COMMANDO_LIGHT_CAVALRY', 'LOC_PROMOTION_COMMANDO_NAME', 'LOC_PROMOTION_COMMANDO_DESCRIPTION', '5', 'PROMOTION_CLASS_LIGHT_CAVALRY'),
('PROMOTION_COMMANDO_RECON', 'LOC_PROMOTION_COMMANDO_NAME', 'LOC_PROMOTION_COMMANDO_DESCRIPTION', '5', 'PROMOTION_CLASS_RECON'),
('PROMOTION_COVER_RANGED', 'LOC_PROMOTION_COVER_NAME', 'LOC_PROMOTION_COVER_DESCRIPTION', '2', 'PROMOTION_CLASS_RANGED'),
('PROMOTION_COVER_BEAST', 'LOC_PROMOTION_COVER_NAME', 'LOC_PROMOTION_COVER_DESCRIPTION', '2', 'PROMOTION_CLASS_BEAST'),
('PROMOTION_COVER_DISCIPLE', 'LOC_PROMOTION_COVER_NAME', 'LOC_PROMOTION_COVER_DESCRIPTION', '2', 'PROMOTION_CLASS_DISCIPLE'),
('PROMOTION_COVER_MELEE', 'LOC_PROMOTION_COVER_NAME', 'LOC_PROMOTION_COVER_DESCRIPTION', '2', 'PROMOTION_CLASS_MELEE'),
('PROMOTION_COVER_LIGHT_CAVALRY', 'LOC_PROMOTION_COVER_NAME', 'LOC_PROMOTION_COVER_DESCRIPTION', '2', 'PROMOTION_CLASS_LIGHT_CAVALRY'),
('PROMOTION_COVER_RECON', 'LOC_PROMOTION_COVER_NAME', 'LOC_PROMOTION_COVER_DESCRIPTION', '2', 'PROMOTION_CLASS_RECON'),
('PROMOTION_COVER2_BEAST', 'LOC_PROMOTION_COVER2_NAME', 'LOC_PROMOTION_COVER2_DESCRIPTION', '4', 'PROMOTION_CLASS_BEAST'),
('PROMOTION_COVER2_MELEE', 'LOC_PROMOTION_COVER2_NAME', 'LOC_PROMOTION_COVER2_DESCRIPTION', '4', 'PROMOTION_CLASS_MELEE'),
('PROMOTION_COVER2_LIGHT_CAVALRY', 'LOC_PROMOTION_COVER2_NAME', 'LOC_PROMOTION_COVER2_DESCRIPTION', '4', 'PROMOTION_CLASS_LIGHT_CAVALRY'),
('PROMOTION_DEFENSIVE_RANGED', 'LOC_PROMOTION_DEFENSIVE_NAME', 'LOC_PROMOTION_DEFENSIVE_DESCRIPTION', '3', 'PROMOTION_CLASS_RANGED'),
('PROMOTION_DEFENSIVE_MELEE', 'LOC_PROMOTION_DEFENSIVE_NAME', 'LOC_PROMOTION_DEFENSIVE_DESCRIPTION', '3', 'PROMOTION_CLASS_MELEE'),
('PROMOTION_DEMON_SLAYING_BEAST', 'LOC_PROMOTION_DEMON_SLAYING_NAME', 'LOC_PROMOTION_DEMON_SLAYING_DESCRIPTION', '2', 'PROMOTION_CLASS_BEAST'),
('PROMOTION_DEMON_SLAYING_DISCIPLE', 'LOC_PROMOTION_DEMON_SLAYING_NAME', 'LOC_PROMOTION_DEMON_SLAYING_DESCRIPTION', '2', 'PROMOTION_CLASS_DISCIPLE'),
('PROMOTION_DEMON_SLAYING_MELEE', 'LOC_PROMOTION_DEMON_SLAYING_NAME', 'LOC_PROMOTION_DEMON_SLAYING_DESCRIPTION', '2', 'PROMOTION_CLASS_MELEE'),
('PROMOTION_DRILL1_RANGED', 'LOC_PROMOTION_DRILL1_NAME', 'LOC_PROMOTION_DRILL1_DESCRIPTION', '1', 'PROMOTION_CLASS_RANGED'),
('PROMOTION_DRILL1_BEAST', 'LOC_PROMOTION_DRILL1_NAME', 'LOC_PROMOTION_DRILL1_DESCRIPTION', '1', 'PROMOTION_CLASS_BEAST'),
('PROMOTION_DRILL1_DISCIPLE', 'LOC_PROMOTION_DRILL1_NAME', 'LOC_PROMOTION_DRILL1_DESCRIPTION', '1', 'PROMOTION_CLASS_DISCIPLE'),
('PROMOTION_DRILL1_MELEE', 'LOC_PROMOTION_DRILL1_NAME', 'LOC_PROMOTION_DRILL1_DESCRIPTION', '1', 'PROMOTION_CLASS_MELEE'),
('PROMOTION_DRILL1_LIGHT_CAVALRY', 'LOC_PROMOTION_DRILL1_NAME', 'LOC_PROMOTION_DRILL1_DESCRIPTION', '1', 'PROMOTION_CLASS_LIGHT_CAVALRY'),
('PROMOTION_DRILL1_NAVAL_MELEE', 'LOC_PROMOTION_DRILL1_NAME', 'LOC_PROMOTION_DRILL1_DESCRIPTION', '1', 'PROMOTION_CLASS_NAVAL_MELEE'),
('PROMOTION_DRILL1_RECON', 'LOC_PROMOTION_DRILL1_NAME', 'LOC_PROMOTION_DRILL1_DESCRIPTION', '1', 'PROMOTION_CLASS_RECON'),
('PROMOTION_DRILL1_SIEGE', 'LOC_PROMOTION_DRILL1_NAME', 'LOC_PROMOTION_DRILL1_DESCRIPTION', '1', 'PROMOTION_CLASS_SIEGE'),
('PROMOTION_DRILL2_RANGED', 'LOC_PROMOTION_DRILL2_NAME', 'LOC_PROMOTION_DRILL2_DESCRIPTION', '2', 'PROMOTION_CLASS_RANGED'),
('PROMOTION_DRILL2_BEAST', 'LOC_PROMOTION_DRILL2_NAME', 'LOC_PROMOTION_DRILL2_DESCRIPTION', '2', 'PROMOTION_CLASS_BEAST'),
('PROMOTION_DRILL2_DISCIPLE', 'LOC_PROMOTION_DRILL2_NAME', 'LOC_PROMOTION_DRILL2_DESCRIPTION', '2', 'PROMOTION_CLASS_DISCIPLE'),
('PROMOTION_DRILL2_MELEE', 'LOC_PROMOTION_DRILL2_NAME', 'LOC_PROMOTION_DRILL2_DESCRIPTION', '2', 'PROMOTION_CLASS_MELEE'),
('PROMOTION_DRILL2_LIGHT_CAVALRY', 'LOC_PROMOTION_DRILL2_NAME', 'LOC_PROMOTION_DRILL2_DESCRIPTION', '2', 'PROMOTION_CLASS_LIGHT_CAVALRY'),
('PROMOTION_DRILL2_NAVAL_MELEE', 'LOC_PROMOTION_DRILL2_NAME', 'LOC_PROMOTION_DRILL2_DESCRIPTION', '2', 'PROMOTION_CLASS_NAVAL_MELEE'),
('PROMOTION_DRILL2_RECON', 'LOC_PROMOTION_DRILL2_NAME', 'LOC_PROMOTION_DRILL2_DESCRIPTION', '2', 'PROMOTION_CLASS_RECON'),
('PROMOTION_DRILL2_SIEGE', 'LOC_PROMOTION_DRILL2_NAME', 'LOC_PROMOTION_DRILL2_DESCRIPTION', '2', 'PROMOTION_CLASS_SIEGE'),
('PROMOTION_DRILL3_RANGED', 'LOC_PROMOTION_DRILL3_NAME', 'LOC_PROMOTION_DRILL3_DESCRIPTION', '3', 'PROMOTION_CLASS_RANGED'),
('PROMOTION_DRILL3_BEAST', 'LOC_PROMOTION_DRILL3_NAME', 'LOC_PROMOTION_DRILL3_DESCRIPTION', '3', 'PROMOTION_CLASS_BEAST'),
('PROMOTION_DRILL3_DISCIPLE', 'LOC_PROMOTION_DRILL3_NAME', 'LOC_PROMOTION_DRILL3_DESCRIPTION', '3', 'PROMOTION_CLASS_DISCIPLE'),
('PROMOTION_DRILL3_MELEE', 'LOC_PROMOTION_DRILL3_NAME', 'LOC_PROMOTION_DRILL3_DESCRIPTION', '3', 'PROMOTION_CLASS_MELEE'),
('PROMOTION_DRILL3_LIGHT_CAVALRY', 'LOC_PROMOTION_DRILL3_NAME', 'LOC_PROMOTION_DRILL3_DESCRIPTION', '3', 'PROMOTION_CLASS_LIGHT_CAVALRY'),
('PROMOTION_DRILL3_RECON', 'LOC_PROMOTION_DRILL3_NAME', 'LOC_PROMOTION_DRILL3_DESCRIPTION', '3', 'PROMOTION_CLASS_RECON'),
('PROMOTION_DRILL4_RANGED', 'LOC_PROMOTION_DRILL4_NAME', 'LOC_PROMOTION_DRILL4_DESCRIPTION', '4', 'PROMOTION_CLASS_RANGED'),
('PROMOTION_DRILL4_BEAST', 'LOC_PROMOTION_DRILL4_NAME', 'LOC_PROMOTION_DRILL4_DESCRIPTION', '4', 'PROMOTION_CLASS_BEAST'),
('PROMOTION_DRILL4_DISCIPLE', 'LOC_PROMOTION_DRILL4_NAME', 'LOC_PROMOTION_DRILL4_DESCRIPTION', '4', 'PROMOTION_CLASS_DISCIPLE'),
('PROMOTION_DRILL4_MELEE', 'LOC_PROMOTION_DRILL4_NAME', 'LOC_PROMOTION_DRILL4_DESCRIPTION', '4', 'PROMOTION_CLASS_MELEE'),
('PROMOTION_DRILL4_LIGHT_CAVALRY', 'LOC_PROMOTION_DRILL4_NAME', 'LOC_PROMOTION_DRILL4_DESCRIPTION', '4', 'PROMOTION_CLASS_LIGHT_CAVALRY'),
('PROMOTION_DRILL4_RECON', 'LOC_PROMOTION_DRILL4_NAME', 'LOC_PROMOTION_DRILL4_DESCRIPTION', '4', 'PROMOTION_CLASS_RECON'),
('PROMOTION_EXPANDED_HULL_NAVAL_MELEE', 'LOC_PROMOTION_EXPANDED_HULL_NAME', 'LOC_PROMOTION_EXPANDED_HULL_DESCRIPTION', '1', 'PROMOTION_CLASS_NAVAL_MELEE'),
('PROMOTION_EXTENSION1_ADEPT', 'LOC_PROMOTION_EXTENSION1_NAME', 'LOC_PROMOTION_EXTENSION1_DESCRIPTION', '1', 'PROMOTION_CLASS_ADEPT'),
('PROMOTION_EXTENSION2_ADEPT', 'LOC_PROMOTION_EXTENSION2_NAME', 'LOC_PROMOTION_EXTENSION2_DESCRIPTION', '2', 'PROMOTION_CLASS_ADEPT'),
('PROMOTION_FEAR_ADEPT', 'LOC_PROMOTION_FEAR_NAME', 'LOC_PROMOTION_FEAR_DESCRIPTION', '6', 'PROMOTION_CLASS_ADEPT'),
('PROMOTION_FEAR_RANGED', 'LOC_PROMOTION_FEAR_NAME', 'LOC_PROMOTION_FEAR_DESCRIPTION', '6', 'PROMOTION_CLASS_RANGED'),
('PROMOTION_FEAR_BEAST', 'LOC_PROMOTION_FEAR_NAME', 'LOC_PROMOTION_FEAR_DESCRIPTION', '6', 'PROMOTION_CLASS_BEAST'),
('PROMOTION_FEAR_DISCIPLE', 'LOC_PROMOTION_FEAR_NAME', 'LOC_PROMOTION_FEAR_DESCRIPTION', '6', 'PROMOTION_CLASS_DISCIPLE'),
('PROMOTION_FEAR_MELEE', 'LOC_PROMOTION_FEAR_NAME', 'LOC_PROMOTION_FEAR_DESCRIPTION', '6', 'PROMOTION_CLASS_MELEE'),
('PROMOTION_FEAR_LIGHT_CAVALRY', 'LOC_PROMOTION_FEAR_NAME', 'LOC_PROMOTION_FEAR_DESCRIPTION', '6', 'PROMOTION_CLASS_LIGHT_CAVALRY'),
('PROMOTION_FEAR_RECON', 'LOC_PROMOTION_FEAR_NAME', 'LOC_PROMOTION_FEAR_DESCRIPTION', '6', 'PROMOTION_CLASS_RECON'),
('PROMOTION_FIRE_RESISTANCE_ADEPT', 'LOC_PROMOTION_FIRE_RESISTANCE_NAME', 'LOC_PROMOTION_FIRE_RESISTANCE_DESCRIPTION', '5', 'PROMOTION_CLASS_ADEPT'),
('PROMOTION_FIRE_RESISTANCE_RANGED', 'LOC_PROMOTION_FIRE_RESISTANCE_NAME', 'LOC_PROMOTION_FIRE_RESISTANCE_DESCRIPTION', '5', 'PROMOTION_CLASS_RANGED'),
('PROMOTION_FIRE_RESISTANCE_BEAST', 'LOC_PROMOTION_FIRE_RESISTANCE_NAME', 'LOC_PROMOTION_FIRE_RESISTANCE_DESCRIPTION', '5', 'PROMOTION_CLASS_BEAST'),
('PROMOTION_FIRE_RESISTANCE_DISCIPLE', 'LOC_PROMOTION_FIRE_RESISTANCE_NAME', 'LOC_PROMOTION_FIRE_RESISTANCE_DESCRIPTION', '5', 'PROMOTION_CLASS_DISCIPLE'),
('PROMOTION_FIRE_RESISTANCE_MELEE', 'LOC_PROMOTION_FIRE_RESISTANCE_NAME', 'LOC_PROMOTION_FIRE_RESISTANCE_DESCRIPTION', '5', 'PROMOTION_CLASS_MELEE'),
('PROMOTION_FIRE_RESISTANCE_LIGHT_CAVALRY', 'LOC_PROMOTION_FIRE_RESISTANCE_NAME', 'LOC_PROMOTION_FIRE_RESISTANCE_DESCRIPTION', '5', 'PROMOTION_CLASS_LIGHT_CAVALRY'),
('PROMOTION_FIRE_RESISTANCE_NAVAL_MELEE', 'LOC_PROMOTION_FIRE_RESISTANCE_NAME', 'LOC_PROMOTION_FIRE_RESISTANCE_DESCRIPTION', '5', 'PROMOTION_CLASS_NAVAL_MELEE'),
('PROMOTION_FIRE_RESISTANCE_RECON', 'LOC_PROMOTION_FIRE_RESISTANCE_NAME', 'LOC_PROMOTION_FIRE_RESISTANCE_DESCRIPTION', '5', 'PROMOTION_CLASS_RECON'),
('PROMOTION_FLANKING1_LIGHT_CAVALRY', 'LOC_PROMOTION_FLANKING1_NAME', 'LOC_PROMOTION_FLANKING1_DESCRIPTION', '1', 'PROMOTION_CLASS_LIGHT_CAVALRY'),
('PROMOTION_FLANKING1_NAVAL_MELEE', 'LOC_PROMOTION_FLANKING1_NAME', 'LOC_PROMOTION_FLANKING1_DESCRIPTION', '1', 'PROMOTION_CLASS_NAVAL_MELEE'),
('PROMOTION_FLANKING1_RECON', 'LOC_PROMOTION_FLANKING1_NAME', 'LOC_PROMOTION_FLANKING1_DESCRIPTION', '1', 'PROMOTION_CLASS_RECON'),
('PROMOTION_FLANKING2_LIGHT_CAVALRY', 'LOC_PROMOTION_FLANKING2_NAME', 'LOC_PROMOTION_FLANKING2_DESCRIPTION', '2', 'PROMOTION_CLASS_LIGHT_CAVALRY'),
('PROMOTION_FLANKING2_NAVAL_MELEE', 'LOC_PROMOTION_FLANKING2_NAME', 'LOC_PROMOTION_FLANKING2_DESCRIPTION', '2', 'PROMOTION_CLASS_NAVAL_MELEE'),
('PROMOTION_FLANKING3_LIGHT_CAVALRY', 'LOC_PROMOTION_FLANKING3_NAME', 'LOC_PROMOTION_FLANKING3_DESCRIPTION', '3', 'PROMOTION_CLASS_LIGHT_CAVALRY'),
('PROMOTION_FLANKING3_NAVAL_MELEE', 'LOC_PROMOTION_FLANKING3_NAME', 'LOC_PROMOTION_FLANKING3_DESCRIPTION', '3', 'PROMOTION_CLASS_NAVAL_MELEE'),
('PROMOTION_FORMATION_RANGED', 'LOC_PROMOTION_FORMATION_NAME', 'LOC_PROMOTION_FORMATION_DESCRIPTION', '3', 'PROMOTION_CLASS_RANGED'),
('PROMOTION_FORMATION_BEAST', 'LOC_PROMOTION_FORMATION_NAME', 'LOC_PROMOTION_FORMATION_DESCRIPTION', '3', 'PROMOTION_CLASS_BEAST'),
('PROMOTION_FORMATION_DISCIPLE', 'LOC_PROMOTION_FORMATION_NAME', 'LOC_PROMOTION_FORMATION_DESCRIPTION', '3', 'PROMOTION_CLASS_DISCIPLE'),
('PROMOTION_FORMATION_MELEE', 'LOC_PROMOTION_FORMATION_NAME', 'LOC_PROMOTION_FORMATION_DESCRIPTION', '3', 'PROMOTION_CLASS_MELEE'),
('PROMOTION_FORMATION_LIGHT_CAVALRY', 'LOC_PROMOTION_FORMATION_NAME', 'LOC_PROMOTION_FORMATION_DESCRIPTION', '3', 'PROMOTION_CLASS_LIGHT_CAVALRY'),
('PROMOTION_FORMATION_RECON', 'LOC_PROMOTION_FORMATION_NAME', 'LOC_PROMOTION_FORMATION_DESCRIPTION', '3', 'PROMOTION_CLASS_RECON'),
('PROMOTION_FORMATION2_RANGED', 'LOC_PROMOTION_FORMATION2_NAME', 'LOC_PROMOTION_FORMATION2_DESCRIPTION', '4', 'PROMOTION_CLASS_RANGED'),
('PROMOTION_FORMATION2_BEAST', 'LOC_PROMOTION_FORMATION2_NAME', 'LOC_PROMOTION_FORMATION2_DESCRIPTION', '4', 'PROMOTION_CLASS_BEAST'),
('PROMOTION_FORMATION2_MELEE', 'LOC_PROMOTION_FORMATION2_NAME', 'LOC_PROMOTION_FORMATION2_DESCRIPTION', '4', 'PROMOTION_CLASS_MELEE'),
('PROMOTION_GUARDSMAN_MELEE', 'LOC_PROMOTION_GUARDSMAN_NAME', 'LOC_PROMOTION_GUARDSMAN_DESCRIPTION', '5', 'PROMOTION_CLASS_MELEE'),
('PROMOTION_GUERILLA1_ANIMAL', 'LOC_PROMOTION_GUERILLA1_NAME', 'LOC_PROMOTION_GUERILLA1_DESCRIPTION', '1', 'PROMOTION_CLASS_ANIMAL'),
('PROMOTION_GUERILLA1_RANGED', 'LOC_PROMOTION_GUERILLA1_NAME', 'LOC_PROMOTION_GUERILLA1_DESCRIPTION', '1', 'PROMOTION_CLASS_RANGED'),
('PROMOTION_GUERILLA1_BEAST', 'LOC_PROMOTION_GUERILLA1_NAME', 'LOC_PROMOTION_GUERILLA1_DESCRIPTION', '1', 'PROMOTION_CLASS_BEAST'),
('PROMOTION_GUERILLA1_DISCIPLE', 'LOC_PROMOTION_GUERILLA1_NAME', 'LOC_PROMOTION_GUERILLA1_DESCRIPTION', '1', 'PROMOTION_CLASS_DISCIPLE'),
('PROMOTION_GUERILLA1_MELEE', 'LOC_PROMOTION_GUERILLA1_NAME', 'LOC_PROMOTION_GUERILLA1_DESCRIPTION', '1', 'PROMOTION_CLASS_MELEE'),
('PROMOTION_GUERILLA1_RECON', 'LOC_PROMOTION_GUERILLA1_NAME', 'LOC_PROMOTION_GUERILLA1_DESCRIPTION', '1', 'PROMOTION_CLASS_RECON'),
('PROMOTION_GUERILLA2_RANGED', 'LOC_PROMOTION_GUERILLA2_NAME', 'LOC_PROMOTION_GUERILLA2_DESCRIPTION', '2', 'PROMOTION_CLASS_RANGED'),
('PROMOTION_GUERILLA2_BEAST', 'LOC_PROMOTION_GUERILLA2_NAME', 'LOC_PROMOTION_GUERILLA2_DESCRIPTION', '2', 'PROMOTION_CLASS_BEAST'),
('PROMOTION_GUERILLA2_DISCIPLE', 'LOC_PROMOTION_GUERILLA2_NAME', 'LOC_PROMOTION_GUERILLA2_DESCRIPTION', '2', 'PROMOTION_CLASS_DISCIPLE'),
('PROMOTION_GUERILLA2_MELEE', 'LOC_PROMOTION_GUERILLA2_NAME', 'LOC_PROMOTION_GUERILLA2_DESCRIPTION', '2', 'PROMOTION_CLASS_MELEE'),
('PROMOTION_GUERILLA2_RECON', 'LOC_PROMOTION_GUERILLA2_NAME', 'LOC_PROMOTION_GUERILLA2_DESCRIPTION', '2', 'PROMOTION_CLASS_RECON'),
('PROMOTION_HEROIC_DEFENSE_ADEPT', 'LOC_PROMOTION_HEROIC_DEFENSE_NAME', 'LOC_PROMOTION_HEROIC_DEFENSE_DESCRIPTION', '6', 'PROMOTION_CLASS_ADEPT'),
('PROMOTION_HEROIC_DEFENSE_ANIMAL', 'LOC_PROMOTION_HEROIC_DEFENSE_NAME', 'LOC_PROMOTION_HEROIC_DEFENSE_DESCRIPTION', '6', 'PROMOTION_CLASS_ANIMAL'),
('PROMOTION_HEROIC_DEFENSE_RANGED', 'LOC_PROMOTION_HEROIC_DEFENSE_NAME', 'LOC_PROMOTION_HEROIC_DEFENSE_DESCRIPTION', '6', 'PROMOTION_CLASS_RANGED'),
('PROMOTION_HEROIC_DEFENSE_BEAST', 'LOC_PROMOTION_HEROIC_DEFENSE_NAME', 'LOC_PROMOTION_HEROIC_DEFENSE_DESCRIPTION', '6', 'PROMOTION_CLASS_BEAST'),
('PROMOTION_HEROIC_DEFENSE_DISCIPLE', 'LOC_PROMOTION_HEROIC_DEFENSE_NAME', 'LOC_PROMOTION_HEROIC_DEFENSE_DESCRIPTION', '6', 'PROMOTION_CLASS_DISCIPLE'),
('PROMOTION_HEROIC_DEFENSE_MELEE', 'LOC_PROMOTION_HEROIC_DEFENSE_NAME', 'LOC_PROMOTION_HEROIC_DEFENSE_DESCRIPTION', '6', 'PROMOTION_CLASS_MELEE'),
('PROMOTION_HEROIC_DEFENSE_LIGHT_CAVALRY', 'LOC_PROMOTION_HEROIC_DEFENSE_NAME', 'LOC_PROMOTION_HEROIC_DEFENSE_DESCRIPTION', '6', 'PROMOTION_CLASS_LIGHT_CAVALRY'),
('PROMOTION_HEROIC_DEFENSE_NAVAL_MELEE', 'LOC_PROMOTION_HEROIC_DEFENSE_NAME', 'LOC_PROMOTION_HEROIC_DEFENSE_DESCRIPTION', '6', 'PROMOTION_CLASS_NAVAL_MELEE'),
('PROMOTION_HEROIC_DEFENSE_RECON', 'LOC_PROMOTION_HEROIC_DEFENSE_NAME', 'LOC_PROMOTION_HEROIC_DEFENSE_DESCRIPTION', '6', 'PROMOTION_CLASS_RECON'),
('PROMOTION_HEROIC_DEFENSE_SIEGE', 'LOC_PROMOTION_HEROIC_DEFENSE_NAME', 'LOC_PROMOTION_HEROIC_DEFENSE_DESCRIPTION', '6', 'PROMOTION_CLASS_SIEGE'),
('PROMOTION_HEROIC_DEFENSE2_ADEPT', 'LOC_PROMOTION_HEROIC_DEFENSE2_NAME', 'LOC_PROMOTION_HEROIC_DEFENSE2_DESCRIPTION', '6', 'PROMOTION_CLASS_ADEPT'),
('PROMOTION_HEROIC_DEFENSE2_ANIMAL', 'LOC_PROMOTION_HEROIC_DEFENSE2_NAME', 'LOC_PROMOTION_HEROIC_DEFENSE2_DESCRIPTION', '6', 'PROMOTION_CLASS_ANIMAL'),
('PROMOTION_HEROIC_DEFENSE2_RANGED', 'LOC_PROMOTION_HEROIC_DEFENSE2_NAME', 'LOC_PROMOTION_HEROIC_DEFENSE2_DESCRIPTION', '6', 'PROMOTION_CLASS_RANGED'),
('PROMOTION_HEROIC_DEFENSE2_BEAST', 'LOC_PROMOTION_HEROIC_DEFENSE2_NAME', 'LOC_PROMOTION_HEROIC_DEFENSE2_DESCRIPTION', '6', 'PROMOTION_CLASS_BEAST'),
('PROMOTION_HEROIC_DEFENSE2_DISCIPLE', 'LOC_PROMOTION_HEROIC_DEFENSE2_NAME', 'LOC_PROMOTION_HEROIC_DEFENSE2_DESCRIPTION', '6', 'PROMOTION_CLASS_DISCIPLE'),
('PROMOTION_HEROIC_DEFENSE2_MELEE', 'LOC_PROMOTION_HEROIC_DEFENSE2_NAME', 'LOC_PROMOTION_HEROIC_DEFENSE2_DESCRIPTION', '6', 'PROMOTION_CLASS_MELEE'),
('PROMOTION_HEROIC_DEFENSE2_LIGHT_CAVALRY', 'LOC_PROMOTION_HEROIC_DEFENSE2_NAME', 'LOC_PROMOTION_HEROIC_DEFENSE2_DESCRIPTION', '6', 'PROMOTION_CLASS_LIGHT_CAVALRY'),
('PROMOTION_HEROIC_DEFENSE2_NAVAL_MELEE', 'LOC_PROMOTION_HEROIC_DEFENSE2_NAME', 'LOC_PROMOTION_HEROIC_DEFENSE2_DESCRIPTION', '6', 'PROMOTION_CLASS_NAVAL_MELEE'),
('PROMOTION_HEROIC_DEFENSE2_RECON', 'LOC_PROMOTION_HEROIC_DEFENSE2_NAME', 'LOC_PROMOTION_HEROIC_DEFENSE2_DESCRIPTION', '6', 'PROMOTION_CLASS_RECON'),
('PROMOTION_HEROIC_DEFENSE2_SIEGE', 'LOC_PROMOTION_HEROIC_DEFENSE2_NAME', 'LOC_PROMOTION_HEROIC_DEFENSE2_DESCRIPTION', '6', 'PROMOTION_CLASS_SIEGE'),
('PROMOTION_HEROIC_STRENGTH_ADEPT', 'LOC_PROMOTION_HEROIC_STRENGTH_NAME', 'LOC_PROMOTION_HEROIC_STRENGTH_DESCRIPTION', '6', 'PROMOTION_CLASS_ADEPT'),
('PROMOTION_HEROIC_STRENGTH_ANIMAL', 'LOC_PROMOTION_HEROIC_STRENGTH_NAME', 'LOC_PROMOTION_HEROIC_STRENGTH_DESCRIPTION', '6', 'PROMOTION_CLASS_ANIMAL'),
('PROMOTION_HEROIC_STRENGTH_RANGED', 'LOC_PROMOTION_HEROIC_STRENGTH_NAME', 'LOC_PROMOTION_HEROIC_STRENGTH_DESCRIPTION', '6', 'PROMOTION_CLASS_RANGED'),
('PROMOTION_HEROIC_STRENGTH_BEAST', 'LOC_PROMOTION_HEROIC_STRENGTH_NAME', 'LOC_PROMOTION_HEROIC_STRENGTH_DESCRIPTION', '6', 'PROMOTION_CLASS_BEAST'),
('PROMOTION_HEROIC_STRENGTH_DISCIPLE', 'LOC_PROMOTION_HEROIC_STRENGTH_NAME', 'LOC_PROMOTION_HEROIC_STRENGTH_DESCRIPTION', '6', 'PROMOTION_CLASS_DISCIPLE'),
('PROMOTION_HEROIC_STRENGTH_MELEE', 'LOC_PROMOTION_HEROIC_STRENGTH_NAME', 'LOC_PROMOTION_HEROIC_STRENGTH_DESCRIPTION', '6', 'PROMOTION_CLASS_MELEE'),
('PROMOTION_HEROIC_STRENGTH_LIGHT_CAVALRY', 'LOC_PROMOTION_HEROIC_STRENGTH_NAME', 'LOC_PROMOTION_HEROIC_STRENGTH_DESCRIPTION', '6', 'PROMOTION_CLASS_LIGHT_CAVALRY'),
('PROMOTION_HEROIC_STRENGTH_NAVAL_MELEE', 'LOC_PROMOTION_HEROIC_STRENGTH_NAME', 'LOC_PROMOTION_HEROIC_STRENGTH_DESCRIPTION', '6', 'PROMOTION_CLASS_NAVAL_MELEE'),
('PROMOTION_HEROIC_STRENGTH_RECON', 'LOC_PROMOTION_HEROIC_STRENGTH_NAME', 'LOC_PROMOTION_HEROIC_STRENGTH_DESCRIPTION', '6', 'PROMOTION_CLASS_RECON'),
('PROMOTION_HEROIC_STRENGTH_SIEGE', 'LOC_PROMOTION_HEROIC_STRENGTH_NAME', 'LOC_PROMOTION_HEROIC_STRENGTH_DESCRIPTION', '6', 'PROMOTION_CLASS_SIEGE'),
('PROMOTION_HEROIC_STRENGTH2_ADEPT', 'LOC_PROMOTION_HEROIC_STRENGTH2_NAME', 'LOC_PROMOTION_HEROIC_STRENGTH2_DESCRIPTION', '6', 'PROMOTION_CLASS_ADEPT'),
('PROMOTION_HEROIC_STRENGTH2_ANIMAL', 'LOC_PROMOTION_HEROIC_STRENGTH2_NAME', 'LOC_PROMOTION_HEROIC_STRENGTH2_DESCRIPTION', '6', 'PROMOTION_CLASS_ANIMAL'),
('PROMOTION_HEROIC_STRENGTH2_RANGED', 'LOC_PROMOTION_HEROIC_STRENGTH2_NAME', 'LOC_PROMOTION_HEROIC_STRENGTH2_DESCRIPTION', '6', 'PROMOTION_CLASS_RANGED'),
('PROMOTION_HEROIC_STRENGTH2_BEAST', 'LOC_PROMOTION_HEROIC_STRENGTH2_NAME', 'LOC_PROMOTION_HEROIC_STRENGTH2_DESCRIPTION', '6', 'PROMOTION_CLASS_BEAST'),
('PROMOTION_HEROIC_STRENGTH2_DISCIPLE', 'LOC_PROMOTION_HEROIC_STRENGTH2_NAME', 'LOC_PROMOTION_HEROIC_STRENGTH2_DESCRIPTION', '6', 'PROMOTION_CLASS_DISCIPLE'),
('PROMOTION_HEROIC_STRENGTH2_MELEE', 'LOC_PROMOTION_HEROIC_STRENGTH2_NAME', 'LOC_PROMOTION_HEROIC_STRENGTH2_DESCRIPTION', '6', 'PROMOTION_CLASS_MELEE'),
('PROMOTION_HEROIC_STRENGTH2_LIGHT_CAVALRY', 'LOC_PROMOTION_HEROIC_STRENGTH2_NAME', 'LOC_PROMOTION_HEROIC_STRENGTH2_DESCRIPTION', '6', 'PROMOTION_CLASS_LIGHT_CAVALRY'),
('PROMOTION_HEROIC_STRENGTH2_NAVAL_MELEE', 'LOC_PROMOTION_HEROIC_STRENGTH2_NAME', 'LOC_PROMOTION_HEROIC_STRENGTH2_DESCRIPTION', '6', 'PROMOTION_CLASS_NAVAL_MELEE'),
('PROMOTION_HEROIC_STRENGTH2_RECON', 'LOC_PROMOTION_HEROIC_STRENGTH2_NAME', 'LOC_PROMOTION_HEROIC_STRENGTH2_DESCRIPTION', '6', 'PROMOTION_CLASS_RECON'),
('PROMOTION_HEROIC_STRENGTH2_SIEGE', 'LOC_PROMOTION_HEROIC_STRENGTH2_NAME', 'LOC_PROMOTION_HEROIC_STRENGTH2_DESCRIPTION', '6', 'PROMOTION_CLASS_SIEGE'),
('PROMOTION_INQUISITOR_DISCIPLE', 'LOC_PROMOTION_INQUISITOR_NAME', 'LOC_PROMOTION_INQUISITOR_DESCRIPTION', '1', 'PROMOTION_CLASS_DISCIPLE'),
('PROMOTION_KEEN_SIGHT_RANGED', 'LOC_PROMOTION_KEEN_SIGHT_NAME', 'LOC_PROMOTION_KEEN_SIGHT_DESCRIPTION', '5', 'PROMOTION_CLASS_RANGED'),
('PROMOTION_LIGHTNING_RESISTANCE_ADEPT', 'LOC_PROMOTION_LIGHTNING_RESISTANCE_NAME', 'LOC_PROMOTION_LIGHTNING_RESISTANCE_DESCRIPTION', '5', 'PROMOTION_CLASS_ADEPT'),
('PROMOTION_LIGHTNING_RESISTANCE_RANGED', 'LOC_PROMOTION_LIGHTNING_RESISTANCE_NAME', 'LOC_PROMOTION_LIGHTNING_RESISTANCE_DESCRIPTION', '5', 'PROMOTION_CLASS_RANGED'),
('PROMOTION_LIGHTNING_RESISTANCE_BEAST', 'LOC_PROMOTION_LIGHTNING_RESISTANCE_NAME', 'LOC_PROMOTION_LIGHTNING_RESISTANCE_DESCRIPTION', '5', 'PROMOTION_CLASS_BEAST'),
('PROMOTION_LIGHTNING_RESISTANCE_DISCIPLE', 'LOC_PROMOTION_LIGHTNING_RESISTANCE_NAME', 'LOC_PROMOTION_LIGHTNING_RESISTANCE_DESCRIPTION', '5', 'PROMOTION_CLASS_DISCIPLE'),
('PROMOTION_LIGHTNING_RESISTANCE_MELEE', 'LOC_PROMOTION_LIGHTNING_RESISTANCE_NAME', 'LOC_PROMOTION_LIGHTNING_RESISTANCE_DESCRIPTION', '5', 'PROMOTION_CLASS_MELEE'),
('PROMOTION_LIGHTNING_RESISTANCE_LIGHT_CAVALRY', 'LOC_PROMOTION_LIGHTNING_RESISTANCE_NAME', 'LOC_PROMOTION_LIGHTNING_RESISTANCE_DESCRIPTION', '5', 'PROMOTION_CLASS_LIGHT_CAVALRY'),
('PROMOTION_LIGHTNING_RESISTANCE_NAVAL_MELEE', 'LOC_PROMOTION_LIGHTNING_RESISTANCE_NAME', 'LOC_PROMOTION_LIGHTNING_RESISTANCE_DESCRIPTION', '5', 'PROMOTION_CLASS_NAVAL_MELEE'),
('PROMOTION_LIGHTNING_RESISTANCE_RECON', 'LOC_PROMOTION_LIGHTNING_RESISTANCE_NAME', 'LOC_PROMOTION_LIGHTNING_RESISTANCE_DESCRIPTION', '5', 'PROMOTION_CLASS_RECON'),
('PROMOTION_MAGIC_RESISTANCE_ADEPT', 'LOC_PROMOTION_MAGIC_RESISTANCE_NAME', 'LOC_PROMOTION_MAGIC_RESISTANCE_DESCRIPTION', '4', 'PROMOTION_CLASS_ADEPT'),
('PROMOTION_MAGIC_RESISTANCE_RANGED', 'LOC_PROMOTION_MAGIC_RESISTANCE_NAME', 'LOC_PROMOTION_MAGIC_RESISTANCE_DESCRIPTION', '4', 'PROMOTION_CLASS_RANGED'),
('PROMOTION_MAGIC_RESISTANCE_BEAST', 'LOC_PROMOTION_MAGIC_RESISTANCE_NAME', 'LOC_PROMOTION_MAGIC_RESISTANCE_DESCRIPTION', '4', 'PROMOTION_CLASS_BEAST'),
('PROMOTION_MAGIC_RESISTANCE_DISCIPLE', 'LOC_PROMOTION_MAGIC_RESISTANCE_NAME', 'LOC_PROMOTION_MAGIC_RESISTANCE_DESCRIPTION', '4', 'PROMOTION_CLASS_DISCIPLE'),
('PROMOTION_MAGIC_RESISTANCE_MELEE', 'LOC_PROMOTION_MAGIC_RESISTANCE_NAME', 'LOC_PROMOTION_MAGIC_RESISTANCE_DESCRIPTION', '4', 'PROMOTION_CLASS_MELEE'),
('PROMOTION_MAGIC_RESISTANCE_LIGHT_CAVALRY', 'LOC_PROMOTION_MAGIC_RESISTANCE_NAME', 'LOC_PROMOTION_MAGIC_RESISTANCE_DESCRIPTION', '4', 'PROMOTION_CLASS_LIGHT_CAVALRY'),
('PROMOTION_MAGIC_RESISTANCE_NAVAL_MELEE', 'LOC_PROMOTION_MAGIC_RESISTANCE_NAME', 'LOC_PROMOTION_MAGIC_RESISTANCE_DESCRIPTION', '4', 'PROMOTION_CLASS_NAVAL_MELEE'),
('PROMOTION_MAGIC_RESISTANCE_RECON', 'LOC_PROMOTION_MAGIC_RESISTANCE_NAME', 'LOC_PROMOTION_MAGIC_RESISTANCE_DESCRIPTION', '4', 'PROMOTION_CLASS_RECON'),
('PROMOTION_MARCH_BEAST', 'LOC_PROMOTION_MARCH_NAME', 'LOC_PROMOTION_MARCH_DESCRIPTION', '4', 'PROMOTION_CLASS_BEAST'),
('PROMOTION_MARCH_DISCIPLE', 'LOC_PROMOTION_MARCH_NAME', 'LOC_PROMOTION_MARCH_DESCRIPTION', '4', 'PROMOTION_CLASS_DISCIPLE'),
('PROMOTION_MARCH_MELEE', 'LOC_PROMOTION_MARCH_NAME', 'LOC_PROMOTION_MARCH_DESCRIPTION', '4', 'PROMOTION_CLASS_MELEE'),
('PROMOTION_MARKSMAN_RANGED', 'LOC_PROMOTION_MARKSMAN_NAME', 'LOC_PROMOTION_MARKSMAN_DESCRIPTION', '5', 'PROMOTION_CLASS_RANGED'),
('PROMOTION_MARKSMAN_RECON', 'LOC_PROMOTION_MARKSMAN_NAME', 'LOC_PROMOTION_MARKSMAN_DESCRIPTION', '5', 'PROMOTION_CLASS_RECON'),
('PROMOTION_MOBILITY1_ADEPT', 'LOC_PROMOTION_MOBILITY1_NAME', 'LOC_PROMOTION_MOBILITY1_DESCRIPTION', '1', 'PROMOTION_CLASS_ADEPT'),
('PROMOTION_MOBILITY1_ANIMAL', 'LOC_PROMOTION_MOBILITY1_NAME', 'LOC_PROMOTION_MOBILITY1_DESCRIPTION', '1', 'PROMOTION_CLASS_ANIMAL'),
('PROMOTION_MOBILITY1_RANGED', 'LOC_PROMOTION_MOBILITY1_NAME', 'LOC_PROMOTION_MOBILITY1_DESCRIPTION', '1', 'PROMOTION_CLASS_RANGED'),
('PROMOTION_MOBILITY1_BEAST', 'LOC_PROMOTION_MOBILITY1_NAME', 'LOC_PROMOTION_MOBILITY1_DESCRIPTION', '1', 'PROMOTION_CLASS_BEAST'),
('PROMOTION_MOBILITY1_DISCIPLE', 'LOC_PROMOTION_MOBILITY1_NAME', 'LOC_PROMOTION_MOBILITY1_DESCRIPTION', '1', 'PROMOTION_CLASS_DISCIPLE'),
('PROMOTION_MOBILITY1_MELEE', 'LOC_PROMOTION_MOBILITY1_NAME', 'LOC_PROMOTION_MOBILITY1_DESCRIPTION', '1', 'PROMOTION_CLASS_MELEE'),
('PROMOTION_MOBILITY1_LIGHT_CAVALRY', 'LOC_PROMOTION_MOBILITY1_NAME', 'LOC_PROMOTION_MOBILITY1_DESCRIPTION', '1', 'PROMOTION_CLASS_LIGHT_CAVALRY'),
('PROMOTION_MOBILITY1_RECON', 'LOC_PROMOTION_MOBILITY1_NAME', 'LOC_PROMOTION_MOBILITY1_DESCRIPTION', '1', 'PROMOTION_CLASS_RECON'),
('PROMOTION_MOBILITY2_ANIMAL', 'LOC_PROMOTION_MOBILITY2_NAME', 'LOC_PROMOTION_MOBILITY2_DESCRIPTION', '2', 'PROMOTION_CLASS_ANIMAL'),
('PROMOTION_MOBILITY2_LIGHT_CAVALRY', 'LOC_PROMOTION_MOBILITY2_NAME', 'LOC_PROMOTION_MOBILITY2_DESCRIPTION', '2', 'PROMOTION_CLASS_LIGHT_CAVALRY'),
('PROMOTION_MOBILITY2_RECON', 'LOC_PROMOTION_MOBILITY2_NAME', 'LOC_PROMOTION_MOBILITY2_DESCRIPTION', '2', 'PROMOTION_CLASS_RECON'),
('PROMOTION_NAVIGATION1_NAVAL_MELEE', 'LOC_PROMOTION_NAVIGATION1_NAME', 'LOC_PROMOTION_NAVIGATION1_DESCRIPTION', '2', 'PROMOTION_CLASS_NAVAL_MELEE'),
('PROMOTION_NAVIGATION2_NAVAL_MELEE', 'LOC_PROMOTION_NAVIGATION2_NAME', 'LOC_PROMOTION_NAVIGATION2_DESCRIPTION', '3', 'PROMOTION_CLASS_NAVAL_MELEE'),
('PROMOTION_PERFECT_SIGHT_RANGED', 'LOC_PROMOTION_PERFECT_SIGHT_NAME', 'LOC_PROMOTION_PERFECT_SIGHT_DESCRIPTION', '6', 'PROMOTION_CLASS_RANGED'),
('PROMOTION_PERFECT_SIGHT_RECON', 'LOC_PROMOTION_PERFECT_SIGHT_NAME', 'LOC_PROMOTION_PERFECT_SIGHT_DESCRIPTION', '6', 'PROMOTION_CLASS_RECON'),
('PROMOTION_POISON_RESISTANCE_ADEPT', 'LOC_PROMOTION_POISON_RESISTANCE_NAME', 'LOC_PROMOTION_POISON_RESISTANCE_DESCRIPTION', '5', 'PROMOTION_CLASS_ADEPT'),
('PROMOTION_POISON_RESISTANCE_RANGED', 'LOC_PROMOTION_POISON_RESISTANCE_NAME', 'LOC_PROMOTION_POISON_RESISTANCE_DESCRIPTION', '5', 'PROMOTION_CLASS_RANGED'),
('PROMOTION_POISON_RESISTANCE_BEAST', 'LOC_PROMOTION_POISON_RESISTANCE_NAME', 'LOC_PROMOTION_POISON_RESISTANCE_DESCRIPTION', '5', 'PROMOTION_CLASS_BEAST'),
('PROMOTION_POISON_RESISTANCE_DISCIPLE', 'LOC_PROMOTION_POISON_RESISTANCE_NAME', 'LOC_PROMOTION_POISON_RESISTANCE_DESCRIPTION', '5', 'PROMOTION_CLASS_DISCIPLE'),
('PROMOTION_POISON_RESISTANCE_MELEE', 'LOC_PROMOTION_POISON_RESISTANCE_NAME', 'LOC_PROMOTION_POISON_RESISTANCE_DESCRIPTION', '5', 'PROMOTION_CLASS_MELEE'),
('PROMOTION_POISON_RESISTANCE_LIGHT_CAVALRY', 'LOC_PROMOTION_POISON_RESISTANCE_NAME', 'LOC_PROMOTION_POISON_RESISTANCE_DESCRIPTION', '5', 'PROMOTION_CLASS_LIGHT_CAVALRY'),
('PROMOTION_POISON_RESISTANCE_NAVAL_MELEE', 'LOC_PROMOTION_POISON_RESISTANCE_NAME', 'LOC_PROMOTION_POISON_RESISTANCE_DESCRIPTION', '5', 'PROMOTION_CLASS_NAVAL_MELEE'),
('PROMOTION_POISON_RESISTANCE_RECON', 'LOC_PROMOTION_POISON_RESISTANCE_NAME', 'LOC_PROMOTION_POISON_RESISTANCE_DESCRIPTION', '5', 'PROMOTION_CLASS_RECON'),
('PROMOTION_PRECISION_RANGED', 'LOC_PROMOTION_PRECISION_NAME', 'LOC_PROMOTION_PRECISION_DESCRIPTION', '5', 'PROMOTION_CLASS_RANGED'),
('PROMOTION_SCOURGE_BEAST', 'LOC_PROMOTION_SCOURGE_NAME', 'LOC_PROMOTION_SCOURGE_DESCRIPTION', '2', 'PROMOTION_CLASS_BEAST'),
('PROMOTION_SCOURGE_MELEE', 'LOC_PROMOTION_SCOURGE_NAME', 'LOC_PROMOTION_SCOURGE_DESCRIPTION', '2', 'PROMOTION_CLASS_MELEE'),
('PROMOTION_SCOURGE_RECON', 'LOC_PROMOTION_SCOURGE_NAME', 'LOC_PROMOTION_SCOURGE_DESCRIPTION', '2', 'PROMOTION_CLASS_RECON'),
('PROMOTION_SENTRY_RANGED', 'LOC_PROMOTION_SENTRY_NAME', 'LOC_PROMOTION_SENTRY_DESCRIPTION', '4', 'PROMOTION_CLASS_RANGED'),
('PROMOTION_SENTRY_BEAST', 'LOC_PROMOTION_SENTRY_NAME', 'LOC_PROMOTION_SENTRY_DESCRIPTION', '4', 'PROMOTION_CLASS_BEAST'),
('PROMOTION_SENTRY_DISCIPLE', 'LOC_PROMOTION_SENTRY_NAME', 'LOC_PROMOTION_SENTRY_DESCRIPTION', '4', 'PROMOTION_CLASS_DISCIPLE'),
('PROMOTION_SENTRY_MELEE', 'LOC_PROMOTION_SENTRY_NAME', 'LOC_PROMOTION_SENTRY_DESCRIPTION', '4', 'PROMOTION_CLASS_MELEE'),
('PROMOTION_SENTRY_LIGHT_CAVALRY', 'LOC_PROMOTION_SENTRY_NAME', 'LOC_PROMOTION_SENTRY_DESCRIPTION', '4', 'PROMOTION_CLASS_LIGHT_CAVALRY'),
('PROMOTION_SENTRY_NAVAL_MELEE', 'LOC_PROMOTION_SENTRY_NAME', 'LOC_PROMOTION_SENTRY_DESCRIPTION', '4', 'PROMOTION_CLASS_NAVAL_MELEE'),
('PROMOTION_SENTRY_RECON', 'LOC_PROMOTION_SENTRY_NAME', 'LOC_PROMOTION_SENTRY_DESCRIPTION', '4', 'PROMOTION_CLASS_RECON'),
('PROMOTION_SENTRY_SIEGE', 'LOC_PROMOTION_SENTRY_NAME', 'LOC_PROMOTION_SENTRY_DESCRIPTION', '4', 'PROMOTION_CLASS_SIEGE'),
('PROMOTION_SENTRY2_RANGED', 'LOC_PROMOTION_SENTRY2_NAME', 'LOC_PROMOTION_SENTRY2_DESCRIPTION', '5', 'PROMOTION_CLASS_RANGED'),
('PROMOTION_SENTRY2_RECON', 'LOC_PROMOTION_SENTRY2_NAME', 'LOC_PROMOTION_SENTRY2_DESCRIPTION', '5', 'PROMOTION_CLASS_RECON'),
('PROMOTION_SHOCK_RANGED', 'LOC_PROMOTION_SHOCK_NAME', 'LOC_PROMOTION_SHOCK_DESCRIPTION', '2', 'PROMOTION_CLASS_RANGED'),
('PROMOTION_SHOCK_BEAST', 'LOC_PROMOTION_SHOCK_NAME', 'LOC_PROMOTION_SHOCK_DESCRIPTION', '2', 'PROMOTION_CLASS_BEAST'),
('PROMOTION_SHOCK_DISCIPLE', 'LOC_PROMOTION_SHOCK_NAME', 'LOC_PROMOTION_SHOCK_DESCRIPTION', '2', 'PROMOTION_CLASS_DISCIPLE'),
('PROMOTION_SHOCK_MELEE', 'LOC_PROMOTION_SHOCK_NAME', 'LOC_PROMOTION_SHOCK_DESCRIPTION', '2', 'PROMOTION_CLASS_MELEE'),
('PROMOTION_SHOCK_LIGHT_CAVALRY', 'LOC_PROMOTION_SHOCK_NAME', 'LOC_PROMOTION_SHOCK_DESCRIPTION', '2', 'PROMOTION_CLASS_LIGHT_CAVALRY'),
('PROMOTION_SHOCK_RECON', 'LOC_PROMOTION_SHOCK_NAME', 'LOC_PROMOTION_SHOCK_DESCRIPTION', '2', 'PROMOTION_CLASS_RECON'),
('PROMOTION_SHOCK2_RANGED', 'LOC_PROMOTION_SHOCK2_NAME', 'LOC_PROMOTION_SHOCK2_DESCRIPTION', '4', 'PROMOTION_CLASS_RANGED'),
('PROMOTION_SHOCK2_BEAST', 'LOC_PROMOTION_SHOCK2_NAME', 'LOC_PROMOTION_SHOCK2_DESCRIPTION', '4', 'PROMOTION_CLASS_BEAST'),
('PROMOTION_SHOCK2_MELEE', 'LOC_PROMOTION_SHOCK2_NAME', 'LOC_PROMOTION_SHOCK2_DESCRIPTION', '4', 'PROMOTION_CLASS_MELEE'),
('PROMOTION_SUBDUE_ANIMAL_RECON', 'LOC_PROMOTION_SUBDUE_ANIMAL_NAME', 'LOC_PROMOTION_SUBDUE_ANIMAL_DESCRIPTION', '2', 'PROMOTION_CLASS_RECON'),
('PROMOTION_SUBDUE_BEASTS_RECON', 'LOC_PROMOTION_SUBDUE_BEASTS_NAME', 'LOC_PROMOTION_SUBDUE_BEASTS_DESCRIPTION', '4', 'PROMOTION_CLASS_RECON'),
('PROMOTION_SUMMONER_ADEPT', 'LOC_PROMOTION_SUMMONER_NAME', 'LOC_PROMOTION_SUMMONER_DESCRIPTION', '6', 'PROMOTION_CLASS_ADEPT'),
('PROMOTION_TWINCAST_ADEPT', 'LOC_PROMOTION_TWINCAST_NAME', 'LOC_PROMOTION_TWINCAST_DESCRIPTION', '1', 'PROMOTION_CLASS_ADEPT'),
('PROMOTION_UNDEAD_SLAYING_BEAST', 'LOC_PROMOTION_UNDEAD_SLAYING_NAME', 'LOC_PROMOTION_UNDEAD_SLAYING_DESCRIPTION', '2', 'PROMOTION_CLASS_BEAST'),
('PROMOTION_UNDEAD_SLAYING_DISCIPLE', 'LOC_PROMOTION_UNDEAD_SLAYING_NAME', 'LOC_PROMOTION_UNDEAD_SLAYING_DESCRIPTION', '2', 'PROMOTION_CLASS_DISCIPLE'),
('PROMOTION_UNDEAD_SLAYING_MELEE', 'LOC_PROMOTION_UNDEAD_SLAYING_NAME', 'LOC_PROMOTION_UNDEAD_SLAYING_DESCRIPTION', '2', 'PROMOTION_CLASS_MELEE'),
('PROMOTION_WOODSMAN1_ANIMAL', 'LOC_PROMOTION_WOODSMAN1_NAME', 'LOC_PROMOTION_WOODSMAN1_DESCRIPTION', '1', 'PROMOTION_CLASS_ANIMAL'),
('PROMOTION_WOODSMAN1_BEAST', 'LOC_PROMOTION_WOODSMAN1_NAME', 'LOC_PROMOTION_WOODSMAN1_DESCRIPTION', '1', 'PROMOTION_CLASS_BEAST'),
('PROMOTION_WOODSMAN1_MELEE', 'LOC_PROMOTION_WOODSMAN1_NAME', 'LOC_PROMOTION_WOODSMAN1_DESCRIPTION', '1', 'PROMOTION_CLASS_MELEE'),
('PROMOTION_WOODSMAN1_RECON', 'LOC_PROMOTION_WOODSMAN1_NAME', 'LOC_PROMOTION_WOODSMAN1_DESCRIPTION', '1', 'PROMOTION_CLASS_RECON'),
('PROMOTION_WOODSMAN2_BEAST', 'LOC_PROMOTION_WOODSMAN2_NAME', 'LOC_PROMOTION_WOODSMAN2_DESCRIPTION', '2', 'PROMOTION_CLASS_BEAST'),
('PROMOTION_WOODSMAN2_RECON', 'LOC_PROMOTION_WOODSMAN2_NAME', 'LOC_PROMOTION_WOODSMAN2_DESCRIPTION', '2', 'PROMOTION_CLASS_RECON');

INSERT INTO UnitPromotionPrereqs(UnitPromotion, PrereqUnitPromotion) VALUES
('PROMOTION_ACCURACY_SIEGE', 'PROMOTION_BARRAGE1_SIEGE'),
('PROMOTION_AMPHIBIOUS_RANGED', 'PROMOTION_COMBAT2_RANGED'),
('PROMOTION_AMPHIBIOUS_BEAST', 'PROMOTION_COMBAT2_BEAST'),
('PROMOTION_AMPHIBIOUS_DISCIPLE', 'PROMOTION_COMBAT2_DISCIPLE'),
('PROMOTION_AMPHIBIOUS_MELEE', 'PROMOTION_COMBAT2_MELEE'),
('PROMOTION_AMPHIBIOUS_LIGHT_CAVALRY', 'PROMOTION_COMBAT2_LIGHT_CAVALRY'),
('PROMOTION_AMPHIBIOUS_RECON', 'PROMOTION_COMBAT2_RECON'),
('PROMOTION_BARRAGE2_NAVAL_MELEE', 'PROMOTION_BARRAGE1_NAVAL_MELEE'),
('PROMOTION_BARRAGE2_SIEGE', 'PROMOTION_BARRAGE1_SIEGE'),
('PROMOTION_BARRAGE3_NAVAL_MELEE', 'PROMOTION_BARRAGE2_NAVAL_MELEE'),
('PROMOTION_BARRAGE3_SIEGE', 'PROMOTION_BARRAGE2_SIEGE'),
('PROMOTION_BLITZ_RANGED', 'PROMOTION_DRILL4_RANGED'),
('PROMOTION_BLITZ_BEAST', 'PROMOTION_DRILL4_BEAST'),
('PROMOTION_BLITZ_DISCIPLE', 'PROMOTION_DRILL4_DISCIPLE'),
('PROMOTION_BLITZ_MELEE', 'PROMOTION_DRILL4_MELEE'),
('PROMOTION_BLITZ_LIGHT_CAVALRY', 'PROMOTION_DRILL4_LIGHT_CAVALRY'),
('PROMOTION_BLITZ_RECON', 'PROMOTION_DRILL4_RECON'),
('PROMOTION_BOUNTY_HUNTER_RANGED', 'PROMOTION_COMBAT3_RANGED'),
('PROMOTION_BOUNTY_HUNTER_MELEE', 'PROMOTION_COMBAT3_MELEE'),
('PROMOTION_BOUNTY_HUNTER_LIGHT_CAVALRY', 'PROMOTION_COMBAT3_LIGHT_CAVALRY'),
('PROMOTION_BOUNTY_HUNTER_NAVAL_MELEE', 'PROMOTION_COMBAT3_NAVAL_MELEE'),
('PROMOTION_BOUNTY_HUNTER_RECON', 'PROMOTION_COMBAT3_RECON'),
('PROMOTION_CANNIBALIZE_ADEPT', 'PROMOTION_COMBAT2_ADEPT'),
('PROMOTION_CANNIBALIZE_ANIMAL', 'PROMOTION_COMBAT2_ANIMAL'),
('PROMOTION_CANNIBALIZE_RANGED', 'PROMOTION_COMBAT2_RANGED'),
('PROMOTION_CANNIBALIZE_BEAST', 'PROMOTION_COMBAT2_BEAST'),
('PROMOTION_CANNIBALIZE_DISCIPLE', 'PROMOTION_COMBAT2_DISCIPLE'),
('PROMOTION_CANNIBALIZE_MELEE', 'PROMOTION_COMBAT2_MELEE'),
('PROMOTION_CANNIBALIZE_LIGHT_CAVALRY', 'PROMOTION_COMBAT2_LIGHT_CAVALRY'),
('PROMOTION_CANNIBALIZE_RECON', 'PROMOTION_COMBAT2_RECON'),
('PROMOTION_CITY_GARRISON2_RANGED', 'PROMOTION_CITY_GARRISON1_RANGED'),
('PROMOTION_CITY_GARRISON3_RANGED', 'PROMOTION_CITY_GARRISON2_RANGED'),
('PROMOTION_CITY_RAIDER2_ANIMAL', 'PROMOTION_CITY_RAIDER1_ANIMAL'),
('PROMOTION_CITY_RAIDER2_BEAST', 'PROMOTION_CITY_RAIDER1_BEAST'),
('PROMOTION_CITY_RAIDER2_MELEE', 'PROMOTION_CITY_RAIDER1_MELEE'),
('PROMOTION_CITY_RAIDER3_ANIMAL', 'PROMOTION_CITY_RAIDER2_ANIMAL'),
('PROMOTION_CITY_RAIDER3_BEAST', 'PROMOTION_CITY_RAIDER2_BEAST'),
('PROMOTION_CITY_RAIDER3_MELEE', 'PROMOTION_CITY_RAIDER2_MELEE'),
('PROMOTION_COLD_RESISTANCE_ADEPT', 'PROMOTION_MAGIC_RESISTANCE_ADEPT'),
('PROMOTION_COLD_RESISTANCE_RANGED', 'PROMOTION_MAGIC_RESISTANCE_RANGED'),
('PROMOTION_COLD_RESISTANCE_BEAST', 'PROMOTION_MAGIC_RESISTANCE_BEAST'),
('PROMOTION_COLD_RESISTANCE_DISCIPLE', 'PROMOTION_MAGIC_RESISTANCE_DISCIPLE'),
('PROMOTION_COLD_RESISTANCE_MELEE', 'PROMOTION_MAGIC_RESISTANCE_MELEE'),
('PROMOTION_COLD_RESISTANCE_LIGHT_CAVALRY', 'PROMOTION_MAGIC_RESISTANCE_LIGHT_CAVALRY'),
('PROMOTION_COLD_RESISTANCE_NAVAL_MELEE', 'PROMOTION_MAGIC_RESISTANCE_NAVAL_MELEE'),
('PROMOTION_COLD_RESISTANCE_RECON', 'PROMOTION_MAGIC_RESISTANCE_RECON'),
('PROMOTION_COMBAT2_ADEPT', 'PROMOTION_COMBAT1_ADEPT'),
('PROMOTION_COMBAT2_ANIMAL', 'PROMOTION_COMBAT1_ANIMAL'),
('PROMOTION_COMBAT2_RANGED', 'PROMOTION_COMBAT1_RANGED'),
('PROMOTION_COMBAT2_BEAST', 'PROMOTION_COMBAT1_BEAST'),
('PROMOTION_COMBAT2_DISCIPLE', 'PROMOTION_COMBAT1_DISCIPLE'),
('PROMOTION_COMBAT2_MELEE', 'PROMOTION_COMBAT1_MELEE'),
('PROMOTION_COMBAT2_LIGHT_CAVALRY', 'PROMOTION_COMBAT1_LIGHT_CAVALRY'),
('PROMOTION_COMBAT2_NAVAL_MELEE', 'PROMOTION_COMBAT1_NAVAL_MELEE'),
('PROMOTION_COMBAT2_RECON', 'PROMOTION_COMBAT1_RECON'),
('PROMOTION_COMBAT2_SIEGE', 'PROMOTION_COMBAT1_SIEGE'),
('PROMOTION_COMBAT3_ADEPT', 'PROMOTION_COMBAT2_ADEPT'),
('PROMOTION_COMBAT3_ANIMAL', 'PROMOTION_COMBAT2_ANIMAL'),
('PROMOTION_COMBAT3_RANGED', 'PROMOTION_COMBAT2_RANGED'),
('PROMOTION_COMBAT3_BEAST', 'PROMOTION_COMBAT2_BEAST'),
('PROMOTION_COMBAT3_DISCIPLE', 'PROMOTION_COMBAT2_DISCIPLE'),
('PROMOTION_COMBAT3_MELEE', 'PROMOTION_COMBAT2_MELEE'),
('PROMOTION_COMBAT3_LIGHT_CAVALRY', 'PROMOTION_COMBAT2_LIGHT_CAVALRY'),
('PROMOTION_COMBAT3_NAVAL_MELEE', 'PROMOTION_COMBAT2_NAVAL_MELEE'),
('PROMOTION_COMBAT3_RECON', 'PROMOTION_COMBAT2_RECON'),
('PROMOTION_COMBAT3_SIEGE', 'PROMOTION_COMBAT2_SIEGE'),
('PROMOTION_COMBAT4_ADEPT', 'PROMOTION_COMBAT3_ADEPT'),
('PROMOTION_COMBAT4_ANIMAL', 'PROMOTION_COMBAT3_ANIMAL'),
('PROMOTION_COMBAT4_RANGED', 'PROMOTION_COMBAT3_RANGED'),
('PROMOTION_COMBAT4_BEAST', 'PROMOTION_COMBAT3_BEAST'),
('PROMOTION_COMBAT4_DISCIPLE', 'PROMOTION_COMBAT3_DISCIPLE'),
('PROMOTION_COMBAT4_MELEE', 'PROMOTION_COMBAT3_MELEE'),
('PROMOTION_COMBAT4_LIGHT_CAVALRY', 'PROMOTION_COMBAT3_LIGHT_CAVALRY'),
('PROMOTION_COMBAT4_NAVAL_MELEE', 'PROMOTION_COMBAT3_NAVAL_MELEE'),
('PROMOTION_COMBAT4_RECON', 'PROMOTION_COMBAT3_RECON'),
('PROMOTION_COMBAT4_SIEGE', 'PROMOTION_COMBAT3_SIEGE'),
('PROMOTION_COMBAT5_ADEPT', 'PROMOTION_COMBAT4_ADEPT'),
('PROMOTION_COMBAT5_ANIMAL', 'PROMOTION_COMBAT4_ANIMAL'),
('PROMOTION_COMBAT5_RANGED', 'PROMOTION_COMBAT4_RANGED'),
('PROMOTION_COMBAT5_BEAST', 'PROMOTION_COMBAT4_BEAST'),
('PROMOTION_COMBAT5_DISCIPLE', 'PROMOTION_COMBAT4_DISCIPLE'),
('PROMOTION_COMBAT5_MELEE', 'PROMOTION_COMBAT4_MELEE'),
('PROMOTION_COMBAT5_LIGHT_CAVALRY', 'PROMOTION_COMBAT4_LIGHT_CAVALRY'),
('PROMOTION_COMBAT5_NAVAL_MELEE', 'PROMOTION_COMBAT4_NAVAL_MELEE'),
('PROMOTION_COMBAT5_RECON', 'PROMOTION_COMBAT4_RECON'),
('PROMOTION_COMBAT5_SIEGE', 'PROMOTION_COMBAT4_SIEGE'),
('PROMOTION_COMMAND2_DISCIPLE', 'PROMOTION_COMMAND1_DISCIPLE'),
('PROMOTION_COMMAND3_DISCIPLE', 'PROMOTION_COMMAND2_DISCIPLE'),
('PROMOTION_COMMAND4_DISCIPLE', 'PROMOTION_COMMAND3_DISCIPLE'),
('PROMOTION_COMMANDO_RANGED', 'PROMOTION_COMBAT4_RANGED'),
('PROMOTION_COMMANDO_BEAST', 'PROMOTION_COMBAT4_BEAST'),
('PROMOTION_COMMANDO_DISCIPLE', 'PROMOTION_COMBAT4_DISCIPLE'),
('PROMOTION_COMMANDO_MELEE', 'PROMOTION_COMBAT4_MELEE'),
('PROMOTION_COMMANDO_LIGHT_CAVALRY', 'PROMOTION_COMBAT4_LIGHT_CAVALRY'),
('PROMOTION_COMMANDO_RECON', 'PROMOTION_COMBAT4_RECON'),
('PROMOTION_COVER_RANGED', 'PROMOTION_COMBAT1_RANGED'),
('PROMOTION_COVER_BEAST', 'PROMOTION_COMBAT1_BEAST'),
('PROMOTION_COVER_DISCIPLE', 'PROMOTION_COMBAT1_DISCIPLE'),
('PROMOTION_COVER_MELEE', 'PROMOTION_COMBAT1_MELEE'),
('PROMOTION_COVER_LIGHT_CAVALRY', 'PROMOTION_COMBAT1_LIGHT_CAVALRY'),
('PROMOTION_COVER_RECON', 'PROMOTION_COMBAT1_RECON'),
('PROMOTION_COVER2_BEAST', 'PROMOTION_COMBAT3_BEAST'),
('PROMOTION_COVER2_MELEE', 'PROMOTION_COMBAT3_MELEE'),
('PROMOTION_COVER2_LIGHT_CAVALRY', 'PROMOTION_COMBAT3_LIGHT_CAVALRY'),
('PROMOTION_DEFENSIVE_RANGED', 'PROMOTION_COMBAT2_RANGED'),
('PROMOTION_DEFENSIVE_MELEE', 'PROMOTION_COMBAT2_MELEE'),
('PROMOTION_DEMON_SLAYING_BEAST', 'PROMOTION_COMBAT1_BEAST'),
('PROMOTION_DEMON_SLAYING_DISCIPLE', 'PROMOTION_COMBAT1_DISCIPLE'),
('PROMOTION_DEMON_SLAYING_MELEE', 'PROMOTION_COMBAT1_MELEE'),
('PROMOTION_DRILL2_RANGED', 'PROMOTION_DRILL1_RANGED'),
('PROMOTION_DRILL2_BEAST', 'PROMOTION_DRILL1_BEAST'),
('PROMOTION_DRILL2_DISCIPLE', 'PROMOTION_DRILL1_DISCIPLE'),
('PROMOTION_DRILL2_MELEE', 'PROMOTION_DRILL1_MELEE'),
('PROMOTION_DRILL2_LIGHT_CAVALRY', 'PROMOTION_DRILL1_LIGHT_CAVALRY'),
('PROMOTION_DRILL2_NAVAL_MELEE', 'PROMOTION_DRILL1_NAVAL_MELEE'),
('PROMOTION_DRILL2_RECON', 'PROMOTION_DRILL1_RECON'),
('PROMOTION_DRILL2_SIEGE', 'PROMOTION_DRILL1_SIEGE'),
('PROMOTION_DRILL3_RANGED', 'PROMOTION_DRILL2_RANGED'),
('PROMOTION_DRILL3_BEAST', 'PROMOTION_DRILL2_BEAST'),
('PROMOTION_DRILL3_DISCIPLE', 'PROMOTION_DRILL2_DISCIPLE'),
('PROMOTION_DRILL3_MELEE', 'PROMOTION_DRILL2_MELEE'),
('PROMOTION_DRILL3_LIGHT_CAVALRY', 'PROMOTION_DRILL2_LIGHT_CAVALRY'),
('PROMOTION_DRILL3_RECON', 'PROMOTION_DRILL2_RECON'),
('PROMOTION_DRILL4_RANGED', 'PROMOTION_DRILL3_RANGED'),
('PROMOTION_DRILL4_BEAST', 'PROMOTION_DRILL3_BEAST'),
('PROMOTION_DRILL4_DISCIPLE', 'PROMOTION_DRILL3_DISCIPLE'),
('PROMOTION_DRILL4_MELEE', 'PROMOTION_DRILL3_MELEE'),
('PROMOTION_DRILL4_LIGHT_CAVALRY', 'PROMOTION_DRILL3_LIGHT_CAVALRY'),
('PROMOTION_DRILL4_RECON', 'PROMOTION_DRILL3_RECON'),
('PROMOTION_EXTENSION2_ADEPT', 'PROMOTION_EXTENSION1_ADEPT'),
('PROMOTION_FEAR_ADEPT', 'PROMOTION_COMBAT5_ADEPT'),
('PROMOTION_FEAR_RANGED', 'PROMOTION_COMBAT5_RANGED'),
('PROMOTION_FEAR_BEAST', 'PROMOTION_COMBAT5_BEAST'),
('PROMOTION_FEAR_DISCIPLE', 'PROMOTION_COMBAT5_DISCIPLE'),
('PROMOTION_FEAR_MELEE', 'PROMOTION_COMBAT5_MELEE'),
('PROMOTION_FEAR_LIGHT_CAVALRY', 'PROMOTION_COMBAT5_LIGHT_CAVALRY'),
('PROMOTION_FEAR_RECON', 'PROMOTION_COMBAT5_RECON'),
('PROMOTION_FIRE_RESISTANCE_ADEPT', 'PROMOTION_MAGIC_RESISTANCE_ADEPT'),
('PROMOTION_FIRE_RESISTANCE_RANGED', 'PROMOTION_MAGIC_RESISTANCE_RANGED'),
('PROMOTION_FIRE_RESISTANCE_BEAST', 'PROMOTION_MAGIC_RESISTANCE_BEAST'),
('PROMOTION_FIRE_RESISTANCE_DISCIPLE', 'PROMOTION_MAGIC_RESISTANCE_DISCIPLE'),
('PROMOTION_FIRE_RESISTANCE_MELEE', 'PROMOTION_MAGIC_RESISTANCE_MELEE'),
('PROMOTION_FIRE_RESISTANCE_LIGHT_CAVALRY', 'PROMOTION_MAGIC_RESISTANCE_LIGHT_CAVALRY'),
('PROMOTION_FIRE_RESISTANCE_NAVAL_MELEE', 'PROMOTION_MAGIC_RESISTANCE_NAVAL_MELEE'),
('PROMOTION_FIRE_RESISTANCE_RECON', 'PROMOTION_MAGIC_RESISTANCE_RECON'),
('PROMOTION_FLANKING2_LIGHT_CAVALRY', 'PROMOTION_FLANKING1_LIGHT_CAVALRY'),
('PROMOTION_FLANKING2_NAVAL_MELEE', 'PROMOTION_FLANKING1_NAVAL_MELEE'),
('PROMOTION_FLANKING3_LIGHT_CAVALRY', 'PROMOTION_FLANKING2_LIGHT_CAVALRY'),
('PROMOTION_FLANKING3_NAVAL_MELEE', 'PROMOTION_FLANKING2_NAVAL_MELEE'),
('PROMOTION_FORMATION_RANGED', 'PROMOTION_COMBAT2_RANGED'),
('PROMOTION_FORMATION_BEAST', 'PROMOTION_COMBAT2_BEAST'),
('PROMOTION_FORMATION_DISCIPLE', 'PROMOTION_COMBAT2_DISCIPLE'),
('PROMOTION_FORMATION_MELEE', 'PROMOTION_COMBAT2_MELEE'),
('PROMOTION_FORMATION_LIGHT_CAVALRY', 'PROMOTION_COMBAT2_LIGHT_CAVALRY'),
('PROMOTION_FORMATION_RECON', 'PROMOTION_COMBAT2_RECON'),
('PROMOTION_FORMATION2_RANGED', 'PROMOTION_COMBAT3_RANGED'),
('PROMOTION_FORMATION2_BEAST', 'PROMOTION_COMBAT3_BEAST'),
('PROMOTION_FORMATION2_MELEE', 'PROMOTION_COMBAT3_MELEE'),
('PROMOTION_GUARDSMAN_MELEE', 'PROMOTION_COMBAT4_MELEE'),
('PROMOTION_GUERILLA2_RANGED', 'PROMOTION_GUERILLA1_RANGED'),
('PROMOTION_GUERILLA2_BEAST', 'PROMOTION_GUERILLA1_BEAST'),
('PROMOTION_GUERILLA2_DISCIPLE', 'PROMOTION_GUERILLA1_DISCIPLE'),
('PROMOTION_GUERILLA2_MELEE', 'PROMOTION_GUERILLA1_MELEE'),
('PROMOTION_GUERILLA2_RECON', 'PROMOTION_GUERILLA1_RECON'),
('PROMOTION_HEROIC_DEFENSE_ADEPT', 'PROMOTION_COMBAT5_ADEPT'),
('PROMOTION_HEROIC_DEFENSE_ANIMAL', 'PROMOTION_COMBAT5_ANIMAL'),
('PROMOTION_HEROIC_DEFENSE_RANGED', 'PROMOTION_COMBAT5_RANGED'),
('PROMOTION_HEROIC_DEFENSE_BEAST', 'PROMOTION_COMBAT5_BEAST'),
('PROMOTION_HEROIC_DEFENSE_DISCIPLE', 'PROMOTION_COMBAT5_DISCIPLE'),
('PROMOTION_HEROIC_DEFENSE_MELEE', 'PROMOTION_COMBAT5_MELEE'),
('PROMOTION_HEROIC_DEFENSE_LIGHT_CAVALRY', 'PROMOTION_COMBAT5_LIGHT_CAVALRY'),
('PROMOTION_HEROIC_DEFENSE_NAVAL_MELEE', 'PROMOTION_COMBAT5_NAVAL_MELEE'),
('PROMOTION_HEROIC_DEFENSE_RECON', 'PROMOTION_COMBAT5_RECON'),
('PROMOTION_HEROIC_DEFENSE_SIEGE', 'PROMOTION_COMBAT5_SIEGE'),
('PROMOTION_HEROIC_DEFENSE2_ADEPT', 'PROMOTION_COMBAT5_ADEPT'),
('PROMOTION_HEROIC_DEFENSE2_ANIMAL', 'PROMOTION_COMBAT5_ANIMAL'),
('PROMOTION_HEROIC_DEFENSE2_RANGED', 'PROMOTION_COMBAT5_RANGED'),
('PROMOTION_HEROIC_DEFENSE2_BEAST', 'PROMOTION_COMBAT5_BEAST'),
('PROMOTION_HEROIC_DEFENSE2_DISCIPLE', 'PROMOTION_COMBAT5_DISCIPLE'),
('PROMOTION_HEROIC_DEFENSE2_MELEE', 'PROMOTION_COMBAT5_MELEE'),
('PROMOTION_HEROIC_DEFENSE2_LIGHT_CAVALRY', 'PROMOTION_COMBAT5_LIGHT_CAVALRY'),
('PROMOTION_HEROIC_DEFENSE2_NAVAL_MELEE', 'PROMOTION_COMBAT5_NAVAL_MELEE'),
('PROMOTION_HEROIC_DEFENSE2_RECON', 'PROMOTION_COMBAT5_RECON'),
('PROMOTION_HEROIC_DEFENSE2_SIEGE', 'PROMOTION_COMBAT5_SIEGE'),
('PROMOTION_HEROIC_STRENGTH_ADEPT', 'PROMOTION_COMBAT5_ADEPT'),
('PROMOTION_HEROIC_STRENGTH_ANIMAL', 'PROMOTION_COMBAT5_ANIMAL'),
('PROMOTION_HEROIC_STRENGTH_RANGED', 'PROMOTION_COMBAT5_RANGED'),
('PROMOTION_HEROIC_STRENGTH_BEAST', 'PROMOTION_COMBAT5_BEAST'),
('PROMOTION_HEROIC_STRENGTH_DISCIPLE', 'PROMOTION_COMBAT5_DISCIPLE'),
('PROMOTION_HEROIC_STRENGTH_MELEE', 'PROMOTION_COMBAT5_MELEE'),
('PROMOTION_HEROIC_STRENGTH_LIGHT_CAVALRY', 'PROMOTION_COMBAT5_LIGHT_CAVALRY'),
('PROMOTION_HEROIC_STRENGTH_NAVAL_MELEE', 'PROMOTION_COMBAT5_NAVAL_MELEE'),
('PROMOTION_HEROIC_STRENGTH_RECON', 'PROMOTION_COMBAT5_RECON'),
('PROMOTION_HEROIC_STRENGTH_SIEGE', 'PROMOTION_COMBAT5_SIEGE'),
('PROMOTION_HEROIC_STRENGTH2_ADEPT', 'PROMOTION_COMBAT5_ADEPT'),
('PROMOTION_HEROIC_STRENGTH2_ANIMAL', 'PROMOTION_COMBAT5_ANIMAL'),
('PROMOTION_HEROIC_STRENGTH2_RANGED', 'PROMOTION_COMBAT5_RANGED'),
('PROMOTION_HEROIC_STRENGTH2_BEAST', 'PROMOTION_COMBAT5_BEAST'),
('PROMOTION_HEROIC_STRENGTH2_DISCIPLE', 'PROMOTION_COMBAT5_DISCIPLE'),
('PROMOTION_HEROIC_STRENGTH2_MELEE', 'PROMOTION_COMBAT5_MELEE'),
('PROMOTION_HEROIC_STRENGTH2_LIGHT_CAVALRY', 'PROMOTION_COMBAT5_LIGHT_CAVALRY'),
('PROMOTION_HEROIC_STRENGTH2_NAVAL_MELEE', 'PROMOTION_COMBAT5_NAVAL_MELEE'),
('PROMOTION_HEROIC_STRENGTH2_RECON', 'PROMOTION_COMBAT5_RECON'),
('PROMOTION_HEROIC_STRENGTH2_SIEGE', 'PROMOTION_COMBAT5_SIEGE'),
('PROMOTION_KEEN_SIGHT_RANGED', 'PROMOTION_DRILL4_RANGED'),
('PROMOTION_LIGHTNING_RESISTANCE_ADEPT', 'PROMOTION_MAGIC_RESISTANCE_ADEPT'),
('PROMOTION_LIGHTNING_RESISTANCE_RANGED', 'PROMOTION_MAGIC_RESISTANCE_RANGED'),
('PROMOTION_LIGHTNING_RESISTANCE_BEAST', 'PROMOTION_MAGIC_RESISTANCE_BEAST'),
('PROMOTION_LIGHTNING_RESISTANCE_DISCIPLE', 'PROMOTION_MAGIC_RESISTANCE_DISCIPLE'),
('PROMOTION_LIGHTNING_RESISTANCE_MELEE', 'PROMOTION_MAGIC_RESISTANCE_MELEE'),
('PROMOTION_LIGHTNING_RESISTANCE_LIGHT_CAVALRY', 'PROMOTION_MAGIC_RESISTANCE_LIGHT_CAVALRY'),
('PROMOTION_LIGHTNING_RESISTANCE_NAVAL_MELEE', 'PROMOTION_MAGIC_RESISTANCE_NAVAL_MELEE'),
('PROMOTION_LIGHTNING_RESISTANCE_RECON', 'PROMOTION_MAGIC_RESISTANCE_RECON'),
('PROMOTION_MAGIC_RESISTANCE_ADEPT', 'PROMOTION_COMBAT3_ADEPT'),
('PROMOTION_MAGIC_RESISTANCE_RANGED', 'PROMOTION_COMBAT3_RANGED'),
('PROMOTION_MAGIC_RESISTANCE_BEAST', 'PROMOTION_COMBAT3_BEAST'),
('PROMOTION_MAGIC_RESISTANCE_DISCIPLE', 'PROMOTION_COMBAT3_DISCIPLE'),
('PROMOTION_MAGIC_RESISTANCE_MELEE', 'PROMOTION_COMBAT3_MELEE'),
('PROMOTION_MAGIC_RESISTANCE_LIGHT_CAVALRY', 'PROMOTION_COMBAT3_LIGHT_CAVALRY'),
('PROMOTION_MAGIC_RESISTANCE_NAVAL_MELEE', 'PROMOTION_COMBAT3_NAVAL_MELEE'),
('PROMOTION_MAGIC_RESISTANCE_RECON', 'PROMOTION_COMBAT3_RECON'),
('PROMOTION_MARCH_BEAST', 'PROMOTION_COMBAT3_BEAST'),
('PROMOTION_MARCH_DISCIPLE', 'PROMOTION_COMBAT3_DISCIPLE'),
('PROMOTION_MARCH_MELEE', 'PROMOTION_COMBAT3_MELEE'),
('PROMOTION_MARKSMAN_RANGED', 'PROMOTION_COMBAT4_RANGED'),
('PROMOTION_MARKSMAN_RECON', 'PROMOTION_COMBAT4_RECON'),
('PROMOTION_MOBILITY2_ANIMAL', 'PROMOTION_MOBILITY1_ANIMAL'),
('PROMOTION_MOBILITY2_LIGHT_CAVALRY', 'PROMOTION_MOBILITY1_LIGHT_CAVALRY'),
('PROMOTION_MOBILITY2_RECON', 'PROMOTION_MOBILITY1_RECON'),
('PROMOTION_NAVIGATION1_NAVAL_MELEE', 'PROMOTION_FLANKING1_NAVAL_MELEE'),
('PROMOTION_NAVIGATION2_NAVAL_MELEE', 'PROMOTION_NAVIGATION1_NAVAL_MELEE'),
('PROMOTION_PERFECT_SIGHT_RANGED', 'PROMOTION_SENTRY2_RANGED'),
('PROMOTION_PERFECT_SIGHT_RECON', 'PROMOTION_SENTRY2_RECON'),
('PROMOTION_POISON_RESISTANCE_ADEPT', 'PROMOTION_MAGIC_RESISTANCE_ADEPT'),
('PROMOTION_POISON_RESISTANCE_RANGED', 'PROMOTION_MAGIC_RESISTANCE_RANGED'),
('PROMOTION_POISON_RESISTANCE_BEAST', 'PROMOTION_MAGIC_RESISTANCE_BEAST'),
('PROMOTION_POISON_RESISTANCE_DISCIPLE', 'PROMOTION_MAGIC_RESISTANCE_DISCIPLE'),
('PROMOTION_POISON_RESISTANCE_MELEE', 'PROMOTION_MAGIC_RESISTANCE_MELEE'),
('PROMOTION_POISON_RESISTANCE_LIGHT_CAVALRY', 'PROMOTION_MAGIC_RESISTANCE_LIGHT_CAVALRY'),
('PROMOTION_POISON_RESISTANCE_NAVAL_MELEE', 'PROMOTION_MAGIC_RESISTANCE_NAVAL_MELEE'),
('PROMOTION_POISON_RESISTANCE_RECON', 'PROMOTION_MAGIC_RESISTANCE_RECON'),
('PROMOTION_PRECISION_RANGED', 'PROMOTION_DRILL4_RANGED'),
('PROMOTION_SCOURGE_BEAST', 'PROMOTION_COMBAT1_BEAST'),
('PROMOTION_SCOURGE_MELEE', 'PROMOTION_COMBAT1_MELEE'),
('PROMOTION_SCOURGE_RECON', 'PROMOTION_COMBAT1_RECON'),
('PROMOTION_SENTRY_RANGED', 'PROMOTION_COMBAT3_RANGED'),
('PROMOTION_SENTRY_BEAST', 'PROMOTION_COMBAT3_BEAST'),
('PROMOTION_SENTRY_DISCIPLE', 'PROMOTION_COMBAT3_DISCIPLE'),
('PROMOTION_SENTRY_MELEE', 'PROMOTION_COMBAT3_MELEE'),
('PROMOTION_SENTRY_LIGHT_CAVALRY', 'PROMOTION_COMBAT3_LIGHT_CAVALRY'),
('PROMOTION_SENTRY_NAVAL_MELEE', 'PROMOTION_COMBAT3_NAVAL_MELEE'),
('PROMOTION_SENTRY_RECON', 'PROMOTION_COMBAT3_RECON'),
('PROMOTION_SENTRY_SIEGE', 'PROMOTION_COMBAT3_SIEGE'),
('PROMOTION_SENTRY2_RANGED', 'PROMOTION_SENTRY_RANGED'),
('PROMOTION_SENTRY2_RECON', 'PROMOTION_SENTRY_RECON'),
('PROMOTION_SHOCK_RANGED', 'PROMOTION_COMBAT1_RANGED'),
('PROMOTION_SHOCK_BEAST', 'PROMOTION_COMBAT1_BEAST'),
('PROMOTION_SHOCK_DISCIPLE', 'PROMOTION_COMBAT1_DISCIPLE'),
('PROMOTION_SHOCK_MELEE', 'PROMOTION_COMBAT1_MELEE'),
('PROMOTION_SHOCK_LIGHT_CAVALRY', 'PROMOTION_COMBAT1_LIGHT_CAVALRY'),
('PROMOTION_SHOCK_RECON', 'PROMOTION_COMBAT1_RECON'),
('PROMOTION_SHOCK2_RANGED', 'PROMOTION_COMBAT3_RANGED'),
('PROMOTION_SHOCK2_BEAST', 'PROMOTION_COMBAT3_BEAST'),
('PROMOTION_SHOCK2_MELEE', 'PROMOTION_COMBAT3_MELEE'),
('PROMOTION_SUBDUE_ANIMAL_RECON', 'PROMOTION_COMBAT1_RECON'),
('PROMOTION_SUBDUE_BEASTS_RECON', 'PROMOTION_COMBAT3_RECON'),
('PROMOTION_SUMMONER_ADEPT', 'PROMOTION_COMBAT5_ADEPT'),
('PROMOTION_UNDEAD_SLAYING_BEAST', 'PROMOTION_COMBAT1_BEAST'),
('PROMOTION_UNDEAD_SLAYING_DISCIPLE', 'PROMOTION_COMBAT1_DISCIPLE'),
('PROMOTION_UNDEAD_SLAYING_MELEE', 'PROMOTION_COMBAT1_MELEE'),
('PROMOTION_WOODSMAN2_BEAST', 'PROMOTION_WOODSMAN1_BEAST'),
('PROMOTION_WOODSMAN2_RECON', 'PROMOTION_WOODSMAN1_RECON');

INSERT INTO UnitPromotionModifiers(UnitPromotionType, ModifierId) VALUES
('PROMOTION_ACCURACY_SIEGE', 'MODIFIER_PROMOTION_ACCURACY'),
('PROMOTION_AMPHIBIOUS_RANGED', 'AMPHIBIOUS_BONUS_IGNORE_SHORES'),
('PROMOTION_AMPHIBIOUS_BEAST', 'AMPHIBIOUS_BONUS_IGNORE_SHORES'),
('PROMOTION_AMPHIBIOUS_DISCIPLE', 'AMPHIBIOUS_BONUS_IGNORE_SHORES'),
('PROMOTION_AMPHIBIOUS_MELEE', 'AMPHIBIOUS_BONUS_IGNORE_SHORES'),
('PROMOTION_AMPHIBIOUS_LIGHT_CAVALRY', 'AMPHIBIOUS_BONUS_IGNORE_SHORES'),
('PROMOTION_AMPHIBIOUS_RECON', 'AMPHIBIOUS_BONUS_IGNORE_SHORES'),
('PROMOTION_AMPHIBIOUS_RANGED', 'AMPHIBIOUS_BONUS_IGNORE_RIVERS'),
('PROMOTION_AMPHIBIOUS_BEAST', 'AMPHIBIOUS_BONUS_IGNORE_RIVERS'),
('PROMOTION_AMPHIBIOUS_DISCIPLE', 'AMPHIBIOUS_BONUS_IGNORE_RIVERS'),
('PROMOTION_AMPHIBIOUS_MELEE', 'AMPHIBIOUS_BONUS_IGNORE_RIVERS'),
('PROMOTION_AMPHIBIOUS_LIGHT_CAVALRY', 'AMPHIBIOUS_BONUS_IGNORE_RIVERS'),
('PROMOTION_AMPHIBIOUS_RECON', 'AMPHIBIOUS_BONUS_IGNORE_RIVERS'),
('PROMOTION_BARRAGE2_NAVAL_MELEE', 'MODIFIER_PROMOTION_BARRAGE2'),
('PROMOTION_BARRAGE2_SIEGE', 'MODIFIER_PROMOTION_BARRAGE2'),
('PROMOTION_BLITZ_RANGED', 'ELITE_GUARD_ADDITIONAL_ATTACK'),
('PROMOTION_BLITZ_BEAST', 'ELITE_GUARD_ADDITIONAL_ATTACK'),
('PROMOTION_BLITZ_DISCIPLE', 'ELITE_GUARD_ADDITIONAL_ATTACK'),
('PROMOTION_BLITZ_MELEE', 'ELITE_GUARD_ADDITIONAL_ATTACK'),
('PROMOTION_BLITZ_LIGHT_CAVALRY', 'ELITE_GUARD_ADDITIONAL_ATTACK'),
('PROMOTION_BLITZ_RECON', 'ELITE_GUARD_ADDITIONAL_ATTACK'),
('PROMOTION_BOUNTY_HUNTER_RANGED', 'BOARDING_GOLD_FROM_NAVAL_VICTORY'),
('PROMOTION_BOUNTY_HUNTER_MELEE', 'BOARDING_GOLD_FROM_NAVAL_VICTORY'),
('PROMOTION_BOUNTY_HUNTER_LIGHT_CAVALRY', 'BOARDING_GOLD_FROM_NAVAL_VICTORY'),
('PROMOTION_BOUNTY_HUNTER_NAVAL_MELEE', 'BOARDING_GOLD_FROM_NAVAL_VICTORY'),
('PROMOTION_BOUNTY_HUNTER_RECON', 'BOARDING_GOLD_FROM_NAVAL_VICTORY'),
('PROMOTION_CANNIBALIZE_ADEPT', 'MODIFIER_PROMOTION_CANNIBALIZE'),
('PROMOTION_CANNIBALIZE_ANIMAL', 'MODIFIER_PROMOTION_CANNIBALIZE'),
('PROMOTION_CANNIBALIZE_RANGED', 'MODIFIER_PROMOTION_CANNIBALIZE'),
('PROMOTION_CANNIBALIZE_BEAST', 'MODIFIER_PROMOTION_CANNIBALIZE'),
('PROMOTION_CANNIBALIZE_DISCIPLE', 'MODIFIER_PROMOTION_CANNIBALIZE'),
('PROMOTION_CANNIBALIZE_MELEE', 'MODIFIER_PROMOTION_CANNIBALIZE'),
('PROMOTION_CANNIBALIZE_LIGHT_CAVALRY', 'MODIFIER_PROMOTION_CANNIBALIZE'),
('PROMOTION_CANNIBALIZE_RECON', 'MODIFIER_PROMOTION_CANNIBALIZE'),
('PROMOTION_CITY_GARRISON1_RANGED', 'MODIFIER_PROMOTION_CITY_GARRISON1'),
('PROMOTION_CITY_GARRISON1_DISCIPLE', 'MODIFIER_PROMOTION_CITY_GARRISON1'),
('PROMOTION_CITY_GARRISON2_RANGED', 'MODIFIER_PROMOTION_CITY_GARRISON2'),
('PROMOTION_CITY_GARRISON3_RANGED', 'MODIFIER_PROMOTION_CITY_GARRISON3'),
('PROMOTION_CITY_RAIDER1_ANIMAL', 'MODIFIER_PROMOTION_CITY_RAIDER1'),
('PROMOTION_CITY_RAIDER1_BEAST', 'MODIFIER_PROMOTION_CITY_RAIDER1'),
('PROMOTION_CITY_RAIDER1_DISCIPLE', 'MODIFIER_PROMOTION_CITY_RAIDER1'),
('PROMOTION_CITY_RAIDER1_MELEE', 'MODIFIER_PROMOTION_CITY_RAIDER1'),
('PROMOTION_CITY_RAIDER2_ANIMAL', 'MODIFIER_PROMOTION_CITY_RAIDER2'),
('PROMOTION_CITY_RAIDER2_BEAST', 'MODIFIER_PROMOTION_CITY_RAIDER2'),
('PROMOTION_CITY_RAIDER2_MELEE', 'MODIFIER_PROMOTION_CITY_RAIDER2'),
('PROMOTION_CITY_RAIDER3_ANIMAL', 'MODIFIER_PROMOTION_CITY_RAIDER3'),
('PROMOTION_CITY_RAIDER3_BEAST', 'MODIFIER_PROMOTION_CITY_RAIDER3'),
('PROMOTION_CITY_RAIDER3_MELEE', 'MODIFIER_PROMOTION_CITY_RAIDER3'),
('PROMOTION_COMBAT1_ADEPT', 'MODIFIER_PROMOTION_COMBAT1'),
('PROMOTION_COMBAT1_ANIMAL', 'MODIFIER_PROMOTION_COMBAT1'),
('PROMOTION_COMBAT1_RANGED', 'MODIFIER_PROMOTION_COMBAT1'),
('PROMOTION_COMBAT1_BEAST', 'MODIFIER_PROMOTION_COMBAT1'),
('PROMOTION_COMBAT1_DISCIPLE', 'MODIFIER_PROMOTION_COMBAT1'),
('PROMOTION_COMBAT1_MELEE', 'MODIFIER_PROMOTION_COMBAT1'),
('PROMOTION_COMBAT1_LIGHT_CAVALRY', 'MODIFIER_PROMOTION_COMBAT1'),
('PROMOTION_COMBAT1_NAVAL_MELEE', 'MODIFIER_PROMOTION_COMBAT1'),
('PROMOTION_COMBAT1_RECON', 'MODIFIER_PROMOTION_COMBAT1'),
('PROMOTION_COMBAT1_SIEGE', 'MODIFIER_PROMOTION_COMBAT1'),
('PROMOTION_COMBAT2_ADEPT', 'MODIFIER_PROMOTION_COMBAT2'),
('PROMOTION_COMBAT2_ANIMAL', 'MODIFIER_PROMOTION_COMBAT2'),
('PROMOTION_COMBAT2_RANGED', 'MODIFIER_PROMOTION_COMBAT2'),
('PROMOTION_COMBAT2_BEAST', 'MODIFIER_PROMOTION_COMBAT2'),
('PROMOTION_COMBAT2_DISCIPLE', 'MODIFIER_PROMOTION_COMBAT2'),
('PROMOTION_COMBAT2_MELEE', 'MODIFIER_PROMOTION_COMBAT2'),
('PROMOTION_COMBAT2_LIGHT_CAVALRY', 'MODIFIER_PROMOTION_COMBAT2'),
('PROMOTION_COMBAT2_NAVAL_MELEE', 'MODIFIER_PROMOTION_COMBAT2'),
('PROMOTION_COMBAT2_RECON', 'MODIFIER_PROMOTION_COMBAT2'),
('PROMOTION_COMBAT2_SIEGE', 'MODIFIER_PROMOTION_COMBAT2'),
('PROMOTION_COMBAT3_ADEPT', 'MODIFIER_PROMOTION_COMBAT3'),
('PROMOTION_COMBAT3_ANIMAL', 'MODIFIER_PROMOTION_COMBAT3'),
('PROMOTION_COMBAT3_RANGED', 'MODIFIER_PROMOTION_COMBAT3'),
('PROMOTION_COMBAT3_BEAST', 'MODIFIER_PROMOTION_COMBAT3'),
('PROMOTION_COMBAT3_DISCIPLE', 'MODIFIER_PROMOTION_COMBAT3'),
('PROMOTION_COMBAT3_MELEE', 'MODIFIER_PROMOTION_COMBAT3'),
('PROMOTION_COMBAT3_LIGHT_CAVALRY', 'MODIFIER_PROMOTION_COMBAT3'),
('PROMOTION_COMBAT3_NAVAL_MELEE', 'MODIFIER_PROMOTION_COMBAT3'),
('PROMOTION_COMBAT3_RECON', 'MODIFIER_PROMOTION_COMBAT3'),
('PROMOTION_COMBAT3_SIEGE', 'MODIFIER_PROMOTION_COMBAT3'),
('PROMOTION_COMBAT4_ADEPT', 'MODIFIER_PROMOTION_COMBAT4'),
('PROMOTION_COMBAT4_ANIMAL', 'MODIFIER_PROMOTION_COMBAT4'),
('PROMOTION_COMBAT4_RANGED', 'MODIFIER_PROMOTION_COMBAT4'),
('PROMOTION_COMBAT4_BEAST', 'MODIFIER_PROMOTION_COMBAT4'),
('PROMOTION_COMBAT4_DISCIPLE', 'MODIFIER_PROMOTION_COMBAT4'),
('PROMOTION_COMBAT4_MELEE', 'MODIFIER_PROMOTION_COMBAT4'),
('PROMOTION_COMBAT4_LIGHT_CAVALRY', 'MODIFIER_PROMOTION_COMBAT4'),
('PROMOTION_COMBAT4_NAVAL_MELEE', 'MODIFIER_PROMOTION_COMBAT4'),
('PROMOTION_COMBAT4_RECON', 'MODIFIER_PROMOTION_COMBAT4'),
('PROMOTION_COMBAT4_SIEGE', 'MODIFIER_PROMOTION_COMBAT4'),
('PROMOTION_COMBAT5_ADEPT', 'MODIFIER_PROMOTION_COMBAT5'),
('PROMOTION_COMBAT5_ANIMAL', 'MODIFIER_PROMOTION_COMBAT5'),
('PROMOTION_COMBAT5_RANGED', 'MODIFIER_PROMOTION_COMBAT5'),
('PROMOTION_COMBAT5_BEAST', 'MODIFIER_PROMOTION_COMBAT5'),
('PROMOTION_COMBAT5_DISCIPLE', 'MODIFIER_PROMOTION_COMBAT5'),
('PROMOTION_COMBAT5_MELEE', 'MODIFIER_PROMOTION_COMBAT5'),
('PROMOTION_COMBAT5_LIGHT_CAVALRY', 'MODIFIER_PROMOTION_COMBAT5'),
('PROMOTION_COMBAT5_NAVAL_MELEE', 'MODIFIER_PROMOTION_COMBAT5'),
('PROMOTION_COMBAT5_RECON', 'MODIFIER_PROMOTION_COMBAT5'),
('PROMOTION_COMBAT5_SIEGE', 'MODIFIER_PROMOTION_COMBAT5'),
('PROMOTION_COVER_RANGED', 'MODIFIER_PROMOTION_COVER'),
('PROMOTION_COVER_BEAST', 'MODIFIER_PROMOTION_COVER'),
('PROMOTION_COVER_DISCIPLE', 'MODIFIER_PROMOTION_COVER'),
('PROMOTION_COVER_MELEE', 'MODIFIER_PROMOTION_COVER'),
('PROMOTION_COVER_LIGHT_CAVALRY', 'MODIFIER_PROMOTION_COVER'),
('PROMOTION_COVER_RECON', 'MODIFIER_PROMOTION_COVER'),
('PROMOTION_COVER2_BEAST', 'MODIFIER_PROMOTION_COVER'),
('PROMOTION_COVER2_MELEE', 'MODIFIER_PROMOTION_COVER'),
('PROMOTION_COVER2_LIGHT_CAVALRY', 'MODIFIER_PROMOTION_COVER'),
('PROMOTION_COVER2_BEAST', 'MODIFIER_PROMOTION_COVER2'),
('PROMOTION_COVER2_MELEE', 'MODIFIER_PROMOTION_COVER2'),
('PROMOTION_COVER2_LIGHT_CAVALRY', 'MODIFIER_PROMOTION_COVER2'),
('PROMOTION_DRILL4_RANGED', 'MODIFIER_PROMOTION_DRILL4'),
('PROMOTION_DRILL4_BEAST', 'MODIFIER_PROMOTION_DRILL4'),
('PROMOTION_DRILL4_DISCIPLE', 'MODIFIER_PROMOTION_DRILL4'),
('PROMOTION_DRILL4_MELEE', 'MODIFIER_PROMOTION_DRILL4'),
('PROMOTION_DRILL4_LIGHT_CAVALRY', 'MODIFIER_PROMOTION_DRILL4'),
('PROMOTION_DRILL4_RECON', 'MODIFIER_PROMOTION_DRILL4'),
('PROMOTION_FEAR_ADEPT', 'HUSSAR_FORCE_RETREAT'),
('PROMOTION_FEAR_RANGED', 'HUSSAR_FORCE_RETREAT'),
('PROMOTION_FEAR_BEAST', 'HUSSAR_FORCE_RETREAT'),
('PROMOTION_FEAR_DISCIPLE', 'HUSSAR_FORCE_RETREAT'),
('PROMOTION_FEAR_MELEE', 'HUSSAR_FORCE_RETREAT'),
('PROMOTION_FEAR_LIGHT_CAVALRY', 'HUSSAR_FORCE_RETREAT'),
('PROMOTION_FEAR_RECON', 'HUSSAR_FORCE_RETREAT'),
('PROMOTION_FORMATION_RANGED', 'MODIFIER_PROMOTION_FORMATION'),
('PROMOTION_FORMATION_BEAST', 'MODIFIER_PROMOTION_FORMATION'),
('PROMOTION_FORMATION_DISCIPLE', 'MODIFIER_PROMOTION_FORMATION'),
('PROMOTION_FORMATION_MELEE', 'MODIFIER_PROMOTION_FORMATION'),
('PROMOTION_FORMATION_LIGHT_CAVALRY', 'MODIFIER_PROMOTION_FORMATION'),
('PROMOTION_FORMATION_RECON', 'MODIFIER_PROMOTION_FORMATION'),
('PROMOTION_FORMATION2_RANGED', 'MODIFIER_PROMOTION_FORMATION'),
('PROMOTION_FORMATION2_BEAST', 'MODIFIER_PROMOTION_FORMATION'),
('PROMOTION_FORMATION2_MELEE', 'MODIFIER_PROMOTION_FORMATION'),
('PROMOTION_FORMATION2_RANGED', 'MODIFIER_PROMOTION_FORMATION2'),
('PROMOTION_FORMATION2_BEAST', 'MODIFIER_PROMOTION_FORMATION2'),
('PROMOTION_FORMATION2_MELEE', 'MODIFIER_PROMOTION_FORMATION2'),
('PROMOTION_GUERILLA1_ANIMAL', 'MODIFIER_PROMOTION_GUERILLA1'),
('PROMOTION_GUERILLA1_RANGED', 'MODIFIER_PROMOTION_GUERILLA1'),
('PROMOTION_GUERILLA1_BEAST', 'MODIFIER_PROMOTION_GUERILLA1'),
('PROMOTION_GUERILLA1_DISCIPLE', 'MODIFIER_PROMOTION_GUERILLA1'),
('PROMOTION_GUERILLA1_MELEE', 'MODIFIER_PROMOTION_GUERILLA1'),
('PROMOTION_GUERILLA1_RECON', 'MODIFIER_PROMOTION_GUERILLA1'),
('PROMOTION_GUERILLA2_RANGED', 'MODIFIER_PROMOTION_GUERILLA2'),
('PROMOTION_GUERILLA2_BEAST', 'MODIFIER_PROMOTION_GUERILLA2'),
('PROMOTION_GUERILLA2_DISCIPLE', 'MODIFIER_PROMOTION_GUERILLA2'),
('PROMOTION_GUERILLA2_MELEE', 'MODIFIER_PROMOTION_GUERILLA2'),
('PROMOTION_GUERILLA2_RECON', 'MODIFIER_PROMOTION_GUERILLA2'),
('PROMOTION_HEROIC_DEFENSE_ADEPT', 'MODIFIER_PROMOTION_HEROIC_DEFENSE'),
('PROMOTION_HEROIC_DEFENSE_ANIMAL', 'MODIFIER_PROMOTION_HEROIC_DEFENSE'),
('PROMOTION_HEROIC_DEFENSE_RANGED', 'MODIFIER_PROMOTION_HEROIC_DEFENSE'),
('PROMOTION_HEROIC_DEFENSE_BEAST', 'MODIFIER_PROMOTION_HEROIC_DEFENSE'),
('PROMOTION_HEROIC_DEFENSE_DISCIPLE', 'MODIFIER_PROMOTION_HEROIC_DEFENSE'),
('PROMOTION_HEROIC_DEFENSE_MELEE', 'MODIFIER_PROMOTION_HEROIC_DEFENSE'),
('PROMOTION_HEROIC_DEFENSE_LIGHT_CAVALRY', 'MODIFIER_PROMOTION_HEROIC_DEFENSE'),
('PROMOTION_HEROIC_DEFENSE_NAVAL_MELEE', 'MODIFIER_PROMOTION_HEROIC_DEFENSE'),
('PROMOTION_HEROIC_DEFENSE_RECON', 'MODIFIER_PROMOTION_HEROIC_DEFENSE'),
('PROMOTION_HEROIC_DEFENSE_SIEGE', 'MODIFIER_PROMOTION_HEROIC_DEFENSE'),
('PROMOTION_HEROIC_DEFENSE2_ADEPT', 'MODIFIER_PROMOTION_HEROIC_DEFENSE'),
('PROMOTION_HEROIC_DEFENSE2_ANIMAL', 'MODIFIER_PROMOTION_HEROIC_DEFENSE'),
('PROMOTION_HEROIC_DEFENSE2_RANGED', 'MODIFIER_PROMOTION_HEROIC_DEFENSE'),
('PROMOTION_HEROIC_DEFENSE2_BEAST', 'MODIFIER_PROMOTION_HEROIC_DEFENSE'),
('PROMOTION_HEROIC_DEFENSE2_DISCIPLE', 'MODIFIER_PROMOTION_HEROIC_DEFENSE'),
('PROMOTION_HEROIC_DEFENSE2_MELEE', 'MODIFIER_PROMOTION_HEROIC_DEFENSE'),
('PROMOTION_HEROIC_DEFENSE2_LIGHT_CAVALRY', 'MODIFIER_PROMOTION_HEROIC_DEFENSE'),
('PROMOTION_HEROIC_DEFENSE2_NAVAL_MELEE', 'MODIFIER_PROMOTION_HEROIC_DEFENSE'),
('PROMOTION_HEROIC_DEFENSE2_RECON', 'MODIFIER_PROMOTION_HEROIC_DEFENSE'),
('PROMOTION_HEROIC_DEFENSE2_SIEGE', 'MODIFIER_PROMOTION_HEROIC_DEFENSE'),
('PROMOTION_HEROIC_DEFENSE2_ADEPT', 'MODIFIER_PROMOTION_HEROIC_DEFENSE2'),
('PROMOTION_HEROIC_DEFENSE2_ANIMAL', 'MODIFIER_PROMOTION_HEROIC_DEFENSE2'),
('PROMOTION_HEROIC_DEFENSE2_RANGED', 'MODIFIER_PROMOTION_HEROIC_DEFENSE2'),
('PROMOTION_HEROIC_DEFENSE2_BEAST', 'MODIFIER_PROMOTION_HEROIC_DEFENSE2'),
('PROMOTION_HEROIC_DEFENSE2_DISCIPLE', 'MODIFIER_PROMOTION_HEROIC_DEFENSE2'),
('PROMOTION_HEROIC_DEFENSE2_MELEE', 'MODIFIER_PROMOTION_HEROIC_DEFENSE2'),
('PROMOTION_HEROIC_DEFENSE2_LIGHT_CAVALRY', 'MODIFIER_PROMOTION_HEROIC_DEFENSE2'),
('PROMOTION_HEROIC_DEFENSE2_NAVAL_MELEE', 'MODIFIER_PROMOTION_HEROIC_DEFENSE2'),
('PROMOTION_HEROIC_DEFENSE2_RECON', 'MODIFIER_PROMOTION_HEROIC_DEFENSE2'),
('PROMOTION_HEROIC_DEFENSE2_SIEGE', 'MODIFIER_PROMOTION_HEROIC_DEFENSE2'),
('PROMOTION_HEROIC_STRENGTH_ADEPT', 'MODIFIER_PROMOTION_HEROIC_STRENGTH'),
('PROMOTION_HEROIC_STRENGTH_ANIMAL', 'MODIFIER_PROMOTION_HEROIC_STRENGTH'),
('PROMOTION_HEROIC_STRENGTH_RANGED', 'MODIFIER_PROMOTION_HEROIC_STRENGTH'),
('PROMOTION_HEROIC_STRENGTH_BEAST', 'MODIFIER_PROMOTION_HEROIC_STRENGTH'),
('PROMOTION_HEROIC_STRENGTH_DISCIPLE', 'MODIFIER_PROMOTION_HEROIC_STRENGTH'),
('PROMOTION_HEROIC_STRENGTH_MELEE', 'MODIFIER_PROMOTION_HEROIC_STRENGTH'),
('PROMOTION_HEROIC_STRENGTH_LIGHT_CAVALRY', 'MODIFIER_PROMOTION_HEROIC_STRENGTH'),
('PROMOTION_HEROIC_STRENGTH_NAVAL_MELEE', 'MODIFIER_PROMOTION_HEROIC_STRENGTH'),
('PROMOTION_HEROIC_STRENGTH_RECON', 'MODIFIER_PROMOTION_HEROIC_STRENGTH'),
('PROMOTION_HEROIC_STRENGTH_SIEGE', 'MODIFIER_PROMOTION_HEROIC_STRENGTH'),
('PROMOTION_HEROIC_STRENGTH2_ADEPT', 'MODIFIER_PROMOTION_HEROIC_STRENGTH'),
('PROMOTION_HEROIC_STRENGTH2_ANIMAL', 'MODIFIER_PROMOTION_HEROIC_STRENGTH'),
('PROMOTION_HEROIC_STRENGTH2_RANGED', 'MODIFIER_PROMOTION_HEROIC_STRENGTH'),
('PROMOTION_HEROIC_STRENGTH2_BEAST', 'MODIFIER_PROMOTION_HEROIC_STRENGTH'),
('PROMOTION_HEROIC_STRENGTH2_DISCIPLE', 'MODIFIER_PROMOTION_HEROIC_STRENGTH'),
('PROMOTION_HEROIC_STRENGTH2_MELEE', 'MODIFIER_PROMOTION_HEROIC_STRENGTH'),
('PROMOTION_HEROIC_STRENGTH2_LIGHT_CAVALRY', 'MODIFIER_PROMOTION_HEROIC_STRENGTH'),
('PROMOTION_HEROIC_STRENGTH2_NAVAL_MELEE', 'MODIFIER_PROMOTION_HEROIC_STRENGTH'),
('PROMOTION_HEROIC_STRENGTH2_RECON', 'MODIFIER_PROMOTION_HEROIC_STRENGTH'),
('PROMOTION_HEROIC_STRENGTH2_SIEGE', 'MODIFIER_PROMOTION_HEROIC_STRENGTH'),
('PROMOTION_HEROIC_STRENGTH2_ADEPT', 'MODIFIER_PROMOTION_HEROIC_STRENGTH2'),
('PROMOTION_HEROIC_STRENGTH2_ANIMAL', 'MODIFIER_PROMOTION_HEROIC_STRENGTH2'),
('PROMOTION_HEROIC_STRENGTH2_RANGED', 'MODIFIER_PROMOTION_HEROIC_STRENGTH2'),
('PROMOTION_HEROIC_STRENGTH2_BEAST', 'MODIFIER_PROMOTION_HEROIC_STRENGTH2'),
('PROMOTION_HEROIC_STRENGTH2_DISCIPLE', 'MODIFIER_PROMOTION_HEROIC_STRENGTH2'),
('PROMOTION_HEROIC_STRENGTH2_MELEE', 'MODIFIER_PROMOTION_HEROIC_STRENGTH2'),
('PROMOTION_HEROIC_STRENGTH2_LIGHT_CAVALRY', 'MODIFIER_PROMOTION_HEROIC_STRENGTH2'),
('PROMOTION_HEROIC_STRENGTH2_NAVAL_MELEE', 'MODIFIER_PROMOTION_HEROIC_STRENGTH2'),
('PROMOTION_HEROIC_STRENGTH2_RECON', 'MODIFIER_PROMOTION_HEROIC_STRENGTH2'),
('PROMOTION_HEROIC_STRENGTH2_SIEGE', 'MODIFIER_PROMOTION_HEROIC_STRENGTH2'),
('PROMOTION_LIGHTNING_RESISTANCE_ADEPT', 'MODIFIER_PROMOTION_LIGHT_MOVEMENT'),
('PROMOTION_LIGHTNING_RESISTANCE_RANGED', 'MODIFIER_PROMOTION_LIGHT_MOVEMENT'),
('PROMOTION_LIGHTNING_RESISTANCE_BEAST', 'MODIFIER_PROMOTION_LIGHT_MOVEMENT'),
('PROMOTION_LIGHTNING_RESISTANCE_DISCIPLE', 'MODIFIER_PROMOTION_LIGHT_MOVEMENT'),
('PROMOTION_LIGHTNING_RESISTANCE_MELEE', 'MODIFIER_PROMOTION_LIGHT_MOVEMENT'),
('PROMOTION_LIGHTNING_RESISTANCE_LIGHT_CAVALRY', 'MODIFIER_PROMOTION_LIGHT_MOVEMENT'),
('PROMOTION_LIGHTNING_RESISTANCE_NAVAL_MELEE', 'MODIFIER_PROMOTION_LIGHT_MOVEMENT'),
('PROMOTION_LIGHTNING_RESISTANCE_RECON', 'MODIFIER_PROMOTION_LIGHT_MOVEMENT'),
('PROMOTION_LIGHTNING_RESISTANCE_ADEPT', 'MODIFIER_PROMOTION_LIGHT'),
('PROMOTION_LIGHTNING_RESISTANCE_RANGED', 'MODIFIER_PROMOTION_LIGHT'),
('PROMOTION_LIGHTNING_RESISTANCE_BEAST', 'MODIFIER_PROMOTION_LIGHT'),
('PROMOTION_LIGHTNING_RESISTANCE_DISCIPLE', 'MODIFIER_PROMOTION_LIGHT'),
('PROMOTION_LIGHTNING_RESISTANCE_MELEE', 'MODIFIER_PROMOTION_LIGHT'),
('PROMOTION_LIGHTNING_RESISTANCE_LIGHT_CAVALRY', 'MODIFIER_PROMOTION_LIGHT'),
('PROMOTION_LIGHTNING_RESISTANCE_NAVAL_MELEE', 'MODIFIER_PROMOTION_LIGHT'),
('PROMOTION_LIGHTNING_RESISTANCE_RECON', 'MODIFIER_PROMOTION_LIGHT'),
('PROMOTION_MARCH_BEAST', 'MODIFIER_PROMOTION_MARCH'),
('PROMOTION_MARCH_DISCIPLE', 'MODIFIER_PROMOTION_MARCH'),
('PROMOTION_MARCH_MELEE', 'MODIFIER_PROMOTION_MARCH'),
('PROMOTION_MOBILITY1_ADEPT', 'MODIFIER_PROMOTION_MOBILITY1_MOVEMENT'),
('PROMOTION_MOBILITY1_ANIMAL', 'MODIFIER_PROMOTION_MOBILITY1_MOVEMENT'),
('PROMOTION_MOBILITY1_RANGED', 'MODIFIER_PROMOTION_MOBILITY1_MOVEMENT'),
('PROMOTION_MOBILITY1_BEAST', 'MODIFIER_PROMOTION_MOBILITY1_MOVEMENT'),
('PROMOTION_MOBILITY1_DISCIPLE', 'MODIFIER_PROMOTION_MOBILITY1_MOVEMENT'),
('PROMOTION_MOBILITY1_MELEE', 'MODIFIER_PROMOTION_MOBILITY1_MOVEMENT'),
('PROMOTION_MOBILITY1_LIGHT_CAVALRY', 'MODIFIER_PROMOTION_MOBILITY1_MOVEMENT'),
('PROMOTION_MOBILITY1_RECON', 'MODIFIER_PROMOTION_MOBILITY1_MOVEMENT'),
('PROMOTION_MOBILITY2_ANIMAL', 'MODIFIER_PROMOTION_MOBILITY2_MOVEMENT'),
('PROMOTION_MOBILITY2_LIGHT_CAVALRY', 'MODIFIER_PROMOTION_MOBILITY2_MOVEMENT'),
('PROMOTION_MOBILITY2_RECON', 'MODIFIER_PROMOTION_MOBILITY2_MOVEMENT'),
('PROMOTION_NAVIGATION1_NAVAL_MELEE', 'MODIFIER_PROMOTION_NAVIGATION1_MOVEMENT'),
('PROMOTION_NAVIGATION2_NAVAL_MELEE', 'MODIFIER_PROMOTION_NAVIGATION2_MOVEMENT'),
('PROMOTION_SCOURGE_BEAST', 'MODIFIER_PROMOTION_SCOURGE'),
('PROMOTION_SCOURGE_MELEE', 'MODIFIER_PROMOTION_SCOURGE'),
('PROMOTION_SCOURGE_RECON', 'MODIFIER_PROMOTION_SCOURGE'),
('PROMOTION_SENTRY_RANGED', 'SPYGLASS_BONUS_SIGHT'),
('PROMOTION_SENTRY_BEAST', 'SPYGLASS_BONUS_SIGHT'),
('PROMOTION_SENTRY_DISCIPLE', 'SPYGLASS_BONUS_SIGHT'),
('PROMOTION_SENTRY_MELEE', 'SPYGLASS_BONUS_SIGHT'),
('PROMOTION_SENTRY_LIGHT_CAVALRY', 'SPYGLASS_BONUS_SIGHT'),
('PROMOTION_SENTRY_NAVAL_MELEE', 'SPYGLASS_BONUS_SIGHT'),
('PROMOTION_SENTRY_RECON', 'SPYGLASS_BONUS_SIGHT'),
('PROMOTION_SENTRY_SIEGE', 'SPYGLASS_BONUS_SIGHT'),
('PROMOTION_SENTRY2_RANGED', 'SPYGLASS_BONUS_SIGHT'),
('PROMOTION_SENTRY2_RECON', 'SPYGLASS_BONUS_SIGHT'),
('PROMOTION_SHOCK_RANGED', 'MODIFIER_PROMOTION_SHOCK'),
('PROMOTION_SHOCK_BEAST', 'MODIFIER_PROMOTION_SHOCK'),
('PROMOTION_SHOCK_DISCIPLE', 'MODIFIER_PROMOTION_SHOCK'),
('PROMOTION_SHOCK_MELEE', 'MODIFIER_PROMOTION_SHOCK'),
('PROMOTION_SHOCK_LIGHT_CAVALRY', 'MODIFIER_PROMOTION_SHOCK'),
('PROMOTION_SHOCK_RECON', 'MODIFIER_PROMOTION_SHOCK'),
('PROMOTION_SHOCK2_RANGED', 'MODIFIER_PROMOTION_SHOCK'),
('PROMOTION_SHOCK2_BEAST', 'MODIFIER_PROMOTION_SHOCK'),
('PROMOTION_SHOCK2_MELEE', 'MODIFIER_PROMOTION_SHOCK'),
('PROMOTION_SHOCK2_RANGED', 'MODIFIER_PROMOTION_SHOCK2'),
('PROMOTION_SHOCK2_BEAST', 'MODIFIER_PROMOTION_SHOCK2'),
('PROMOTION_SHOCK2_MELEE', 'MODIFIER_PROMOTION_SHOCK2'),
('PROMOTION_SUBDUE_ANIMAL_RECON', 'MODIFIER_PROMOTION_SUBDUE_ANIMAL'),
('PROMOTION_SUBDUE_ANIMAL_RECON', 'MODIFIER_PROMOTION_SUBDUE_ANIMAL_SLAVE_TAKING_MODIFIER'),
('PROMOTION_SUBDUE_BEASTS_RECON', 'MODIFIER_PROMOTION_SUBDUE_BEASTS'),
('PROMOTION_SUBDUE_BEASTS_RECON', 'MODIFIER_PROMOTION_SUBDUE_BEASTS_SLAVE_TAKING_MODIFIER');

INSERT INTO Modifiers(ModifierId, ModifierType, RunOnce, Permanent, OwnerRequirementSetId, SubjectRequirementSetId, OwnerStackLimit, SubjectStackLimit) VALUES
('MODIFIER_PROMOTION_ACCURACY', 'MODIFIER_UNIT_ADJUST_COMBAT_STRENGTH', '0', '0', NULL, 'SHELLS_REQUIREMENTS', NULL, NULL),
('MODIFIER_PROMOTION_AERONS_CHOSEN', 'MODIFIER_PLAYER_UNIT_ADJUST_HEAL_FROM_COMBAT', '0', '0', NULL, NULL, NULL, NULL),
('MODIFIER_PROMOTION_BARRAGE2', 'MODIFIER_UNIT_ADJUST_COMBAT_STRENGTH', '0', '0', NULL, 'OPPONENT_PROMOTION_CLASS_MELEE_REQUIREMENT_SET', NULL, NULL),
('MODIFIER_PROMOTION_BOARDING_SLAVE_TAKING_MODIFIER', 'MODIFIER_UNIT_ADJUST_PROPERTY', '0', '0', NULL, 'OPPONENT_PROMOTION_CLASS_NAVAL_REQUIREMENT_SET', NULL, NULL),
('MODIFIER_PROMOTION_BRONZE_WEAPONS', 'MODIFIER_UNIT_ADJUST_COMBAT_STRENGTH', '0', '0', NULL, 'REQUIREMENT_PROMOTION_BRONZE_WEAPONS_SET', NULL, NULL),
('MODIFIER_PROMOTION_BUCCANEERS_MOVEMENT', 'MODIFIER_PLAYER_UNIT_ADJUST_MOVEMENT', '0', '0', NULL, NULL, NULL, NULL),
('MODIFIER_PROMOTION_BUCCANEERS', 'MODIFIER_UNIT_ADJUST_COMBAT_STRENGTH', '0', '0', NULL, 'REQUIREMENT_PROMOTION_BUCCANEERS_SET', NULL, NULL),
('MODIFIER_PROMOTION_BURNING_BLOOD_MOVEMENT', 'MODIFIER_PLAYER_UNIT_ADJUST_MOVEMENT', '0', '0', NULL, NULL, NULL, NULL),
('MODIFIER_PROMOTION_BURNING_BLOOD', 'MODIFIER_UNIT_ADJUST_COMBAT_STRENGTH', '0', '0', NULL, NULL, NULL, NULL),
('MODIFIER_PROMOTION_CANNIBALIZE', 'MODIFIER_PLAYER_UNIT_ADJUST_HEAL_FROM_COMBAT', '0', '0', NULL, NULL, NULL, NULL),
('MODIFIER_PROMOTION_CITY_GARRISON1', 'MODIFIER_UNIT_ADJUST_COMBAT_STRENGTH', '0', '0', NULL, 'GARRISON_REQUIREMENTS', NULL, NULL),
('MODIFIER_PROMOTION_CITY_GARRISON2', 'MODIFIER_UNIT_ADJUST_COMBAT_STRENGTH', '0', '0', NULL, 'GARRISON_REQUIREMENTS', NULL, NULL),
('MODIFIER_PROMOTION_CITY_GARRISON3', 'MODIFIER_UNIT_ADJUST_COMBAT_STRENGTH', '0', '0', NULL, 'OPPONENT_PROMOTION_CLASS_MELEE_REQUIREMENT_SET', NULL, NULL),
('MODIFIER_PROMOTION_CITY_RAIDER1', 'MODIFIER_UNIT_ADJUST_COMBAT_STRENGTH', '0', '0', NULL, 'URBAN_RAIDER_REQUIREMENTS', NULL, NULL),
('MODIFIER_PROMOTION_CITY_RAIDER2', 'MODIFIER_UNIT_ADJUST_COMBAT_STRENGTH', '0', '0', NULL, 'URBAN_RAIDER_REQUIREMENTS', NULL, NULL),
('MODIFIER_PROMOTION_CITY_RAIDER3', 'MODIFIER_UNIT_ADJUST_COMBAT_STRENGTH', '0', '0', NULL, 'OPPONENT_PROMOTION_CLASS_MELEE_REQUIREMENT_SET', NULL, NULL),
('MODIFIER_PROMOTION_COMBAT1', 'MODIFIER_UNIT_ADJUST_COMBAT_STRENGTH', '0', '0', NULL, NULL, NULL, NULL),
('MODIFIER_PROMOTION_COMBAT2', 'MODIFIER_UNIT_ADJUST_COMBAT_STRENGTH', '0', '0', NULL, NULL, NULL, NULL),
('MODIFIER_PROMOTION_COMBAT3', 'MODIFIER_UNIT_ADJUST_COMBAT_STRENGTH', '0', '0', NULL, NULL, NULL, NULL),
('MODIFIER_PROMOTION_COMBAT4', 'MODIFIER_UNIT_ADJUST_COMBAT_STRENGTH', '0', '0', NULL, NULL, NULL, NULL),
('MODIFIER_PROMOTION_COMBAT5', 'MODIFIER_UNIT_ADJUST_COMBAT_STRENGTH', '0', '0', NULL, NULL, NULL, NULL),
('MODIFIER_PROMOTION_COVER', 'MODIFIER_UNIT_ADJUST_COMBAT_STRENGTH', '0', '0', NULL, 'OPPONENT_PROMOTION_CLASS_ARCHER_REQUIREMENT_SET', NULL, NULL),
('MODIFIER_PROMOTION_COVER2', 'MODIFIER_UNIT_ADJUST_COMBAT_STRENGTH', '0', '0', NULL, 'OPPONENT_PROMOTION_CLASS_ARCHER_REQUIREMENT_SET', NULL, NULL);

INSERT INTO ModifierArguments(ModifierId, Name, Type, Value, Extra, SecondExtra) VALUES
('MODIFIER_PROMOTION_ACCURACY', 'Amount', 'ARGTYPE_IDENTITY', '20', NULL, NULL),
('MODIFIER_PROMOTION_AERONS_CHOSEN', 'Amount', 'ARGTYPE_IDENTITY', '20', NULL, NULL),
('MODIFIER_PROMOTION_BARRAGE2', 'Amount', 'ARGTYPE_IDENTITY', '5', NULL, NULL),
('MODIFIER_PROMOTION_BOARDING_SLAVE_TAKING_MODIFIER', 'Key', 'ARGTYPE_IDENTITY', 'HeroResurrectKill', NULL, NULL),
('MODIFIER_PROMOTION_BOARDING_SLAVE_TAKING_MODIFIER', 'Amount', 'ARGTYPE_IDENTITY', '1', NULL, NULL),
('MODIFIER_PROMOTION_BRONZE_WEAPONS', 'Amount', 'ARGTYPE_IDENTITY', '1', NULL, NULL),
('MODIFIER_PROMOTION_BUCCANEERS_MOVEMENT', 'Amount', 'ARGTYPE_IDENTITY', '-1', NULL, NULL),
('MODIFIER_PROMOTION_BUCCANEERS', 'Amount', 'ARGTYPE_IDENTITY', '1', NULL, NULL),
('MODIFIER_PROMOTION_BURNING_BLOOD_MOVEMENT', 'Amount', 'ARGTYPE_IDENTITY', '1', NULL, NULL),
('MODIFIER_PROMOTION_BURNING_BLOOD', 'Amount', 'ARGTYPE_IDENTITY', '20', NULL, NULL),
('MODIFIER_PROMOTION_CANNIBALIZE', 'Amount', 'ARGTYPE_IDENTITY', '10', NULL, NULL),
('MODIFIER_PROMOTION_CITY_GARRISON1', 'Amount', 'ARGTYPE_IDENTITY', '30', NULL, NULL),
('MODIFIER_PROMOTION_CITY_GARRISON2', 'Amount', 'ARGTYPE_IDENTITY', '30', NULL, NULL),
('MODIFIER_PROMOTION_CITY_GARRISON3', 'Amount', 'ARGTYPE_IDENTITY', '30', NULL, NULL),
('MODIFIER_PROMOTION_CITY_RAIDER1', 'Amount', 'ARGTYPE_IDENTITY', '30', NULL, NULL),
('MODIFIER_PROMOTION_CITY_RAIDER2', 'Amount', 'ARGTYPE_IDENTITY', '30', NULL, NULL),
('MODIFIER_PROMOTION_CITY_RAIDER3', 'Amount', 'ARGTYPE_IDENTITY', '30', NULL, NULL),
('MODIFIER_PROMOTION_COMBAT1', 'Amount', 'ARGTYPE_IDENTITY', '20', NULL, NULL),
('MODIFIER_PROMOTION_COMBAT2', 'Amount', 'ARGTYPE_IDENTITY', '20', NULL, NULL),
('MODIFIER_PROMOTION_COMBAT3', 'Amount', 'ARGTYPE_IDENTITY', '20', NULL, NULL),
('MODIFIER_PROMOTION_COMBAT4', 'Amount', 'ARGTYPE_IDENTITY', '20', NULL, NULL),
('MODIFIER_PROMOTION_COMBAT5', 'Amount', 'ARGTYPE_IDENTITY', '20', NULL, NULL),
('MODIFIER_PROMOTION_COVER', 'Amount', 'ARGTYPE_IDENTITY', '10', NULL, NULL),
('MODIFIER_PROMOTION_COVER2', 'Amount', 'ARGTYPE_IDENTITY', '10', NULL, NULL);

INSERT INTO Requirements(RequirementId, RequirementType, ProgressWeight) VALUES
('OPPONENT_PROMOTION_CLASS_MELEE_REQUIREMENT', 'REQUIREMENT_OPPONENT_UNIT_PROMOTION_CLASS_MATCHES', '0'),
('OPPONENT_PROMOTION_CLASS_NAVAL_REQUIREMENT', 'REQUIREMENT_OPPONENT_UNIT_PROMOTION_CLASS_MATCHES', '0'),
('OPPONENT_PROMOTION_CLASS_ARCHER_REQUIREMENT', 'REQUIREMENT_OPPONENT_UNIT_PROMOTION_CLASS_MATCHES', '0'),
('PLOT_IS_FEATURE_TYPE_REQUIREMENT', 'REQUIREMENT_PLOT_FEATURE_TYPE_MATCHES', '0'),
('PLOT_IS_ANCIENT_FOREST_REQUIREMENT', 'REQUIREMENT_PLOT_FEATURE_TYPE_MATCHES', '0'),
('PLOT_IS_TERRAIN_TYPE_REQUIREMENT', 'REQUIREMENT_PLOT_TERRAIN_TYPE_MATCHES', '0'),
('OPPONENT_PROMOTION_CLASS_MOUNTED_REQUIREMENT', 'REQUIREMENT_OPPONENT_UNIT_PROMOTION_CLASS_MATCHES', '0'),
('PLOT_IS_DESERT_REQUIREMENT', 'REQUIREMENT_PLOT_TERRAIN_TYPE_MATCHES', '0'),
('OPPONENT_PROMOTION_CLASS_DISCIPLE_REQUIREMENT', 'REQUIREMENT_OPPONENT_UNIT_PROMOTION_CLASS_MATCHES', '0'),
('OPPONENT_PROMOTION_CLASS_ANIMAL_REQUIREMENT', 'REQUIREMENT_OPPONENT_UNIT_PROMOTION_CLASS_MATCHES', '0'),
('OPPONENT_PROMOTION_CLASS_BEAST_REQUIREMENT', 'REQUIREMENT_OPPONENT_UNIT_PROMOTION_CLASS_MATCHES', '0');

INSERT INTO RequirementArguments(RequirementId, Name, Type, Value) VALUES
('OPPONENT_PROMOTION_CLASS_MELEE_REQUIREMENT', 'UnitPromotionClass', 'ARGTYPE_IDENTITY', 'PROMOTION_CLASS_PROMOTION_CLASS_MELEE'),
('OPPONENT_PROMOTION_CLASS_NAVAL_REQUIREMENT', 'UnitPromotionClass', 'ARGTYPE_IDENTITY', 'PROMOTION_CLASS_PROMOTION_CLASS_NAVAL'),
('OPPONENT_PROMOTION_CLASS_ARCHER_REQUIREMENT', 'UnitPromotionClass', 'ARGTYPE_IDENTITY', 'PROMOTION_CLASS_PROMOTION_CLASS_ARCHER'),
('PLOT_IS_FEATURE_TYPE_REQUIREMENT', 'FeatureType', 'ARGTYPE_IDENTITY', 'FEATURE_FOREST'),
('PLOT_IS_ANCIENT_FOREST_REQUIREMENT', 'FeatureType', 'ARGTYPE_IDENTITY', 'FEATURE_FOREST_ANCIENT'),
('PLOT_IS_TERRAIN_TYPE_REQUIREMENT', 'TerrainType', 'ARGTYPE_IDENTITY', 'TERRAIN_BROKEN_LANDS'),
('OPPONENT_PROMOTION_CLASS_MOUNTED_REQUIREMENT', 'UnitPromotionClass', 'ARGTYPE_IDENTITY', 'PROMOTION_CLASS_PROMOTION_CLASS_MOUNTED'),
('PLOT_IS_MARSH_REQUIREMENT', 'TerrainType', 'ARGTYPE_IDENTITY', 'TERRAIN_MARSH'),
('PLOT_IS_DESERT_REQUIREMENT', 'TerrainType', 'ARGTYPE_IDENTITY', 'TERRAIN_DESERT'),
('OPPONENT_PROMOTION_CLASS_DISCIPLE_REQUIREMENT', 'UnitPromotionClass', 'ARGTYPE_IDENTITY', 'PROMOTION_CLASS_PROMOTION_CLASS_DISCIPLE'),
('OPPONENT_PROMOTION_CLASS_ANIMAL_REQUIREMENT', 'UnitPromotionClass', 'ARGTYPE_IDENTITY', 'PROMOTION_CLASS_PROMOTION_CLASS_ANIMAL'),
('OPPONENT_PROMOTION_CLASS_BEAST_REQUIREMENT', 'UnitPromotionClass', 'ARGTYPE_IDENTITY', 'PROMOTION_CLASS_PROMOTION_CLASS_BEAST');

INSERT INTO RequirementSetRequirements(RequirementSetId, RequirementId) VALUES
('OPPONENT_PROMOTION_CLASS_MELEE_REQUIREMENT_SET', 'OPPONENT_PROMOTION_CLASS_MELEE_REQUIREMENT'),
('OPPONENT_PROMOTION_CLASS_NAVAL_REQUIREMENT_SET', 'OPPONENT_PROMOTION_CLASS_NAVAL_REQUIREMENT'),
('OPPONENT_PROMOTION_CLASS_MOUNTED_REQUIREMENT_SET', 'OPPONENT_PROMOTION_CLASS_MOUNTED_REQUIREMENT'),
('REQUIREMENT_PROMOTION_BRONZE_WEAPONS_SET', 'PLAYER_IS_DEFENDER_REQUIREMENTS'),
('REQUIREMENT_PROMOTION_BUCCANEERS_SET', 'PLAYER_IS_DEFENDER_REQUIREMENTS'),
('OPPONENT_PROMOTION_CLASS_ARCHER_REQUIREMENT_SET', 'OPPONENT_PROMOTION_CLASS_ARCHER_REQUIREMENT'),
('DARK_ELF_ABILITY_FEATUREATTACKS_REQS_FEATURE_FOREST', 'PLAYER_IS_ATTACKER_REQUIREMENTS'),
('DARK_ELF_ABILITY_FEATUREATTACKS_REQS_FEATURE_FOREST', 'PLOT_IS_FEATURE_TYPE_REQUIREMENT'),
('DARK_ELF_ABILITY_FEATUREATTACKS_REQS_FEATURE_FOREST_ANCIENT', 'PLAYER_IS_ATTACKER_REQUIREMENTS'),
('DARK_ELF_ABILITY_FEATUREATTACKS_REQS_FEATURE_FOREST_ANCIENT', 'PLOT_IS_FEATURE_TYPE_REQUIREMENT'),
('PROMOTION_DARK_ELF_ABILITY_FEATUREDOUBLEMOVES_FOREST_REQS', 'PLOT_IS_FOREST_REQUIREMENT'),
('PROMOTION_DARK_ELF_ABILITY_FEATUREDOUBLEMOVES_ANCIENT_FOREST_REQS', 'PLOT_IS_FOREST_REQUIREMENT'),
('PROMOTION_DARK_ELF_ABILITY_FEATUREDOUBLEMOVES_ANCIENT_FOREST_REQS', 'PLOT_IS_ANCIENT_FOREST_REQUIREMENT'),
('DEMON_ABILITY_TERRAINATTACKS_REQS_BROKEN_LANDS', 'PLAYER_IS_ATTACKER_REQUIREMENTS'),
('DEMON_ABILITY_TERRAINATTACKS_REQS_BROKEN_LANDS', 'PLOT_IS_TERRAIN_TYPE_REQUIREMENT'),
('DEMON_ABILITY_TERRAINATTACKS_REQS_FIELDS_OF_PERDITION', 'PLAYER_IS_ATTACKER_REQUIREMENTS'),
('DEMON_ABILITY_TERRAINATTACKS_REQS_FIELDS_OF_PERDITION', 'PLOT_IS_TERRAIN_TYPE_REQUIREMENT'),
('DEMON_ABILITY_TERRAINATTACKS_REQS_BURNING_SANDS', 'PLAYER_IS_ATTACKER_REQUIREMENTS'),
('DEMON_ABILITY_TERRAINATTACKS_REQS_BURNING_SANDS', 'PLOT_IS_TERRAIN_TYPE_REQUIREMENT'),
('DEMON_ABILITY_TERRAINDEFENSES_REQS_BROKEN_LANDS', 'PLAYER_IS_DEFENDER_REQUIREMENTS'),
('DEMON_ABILITY_TERRAINDEFENSES_REQS_BROKEN_LANDS', 'PLOT_IS_TERRAIN_TYPE_REQUIREMENT'),
('DEMON_ABILITY_TERRAINDEFENSES_REQS_FIELDS_OF_PERDITION', 'PLAYER_IS_DEFENDER_REQUIREMENTS'),
('DEMON_ABILITY_TERRAINDEFENSES_REQS_FIELDS_OF_PERDITION', 'PLOT_IS_TERRAIN_TYPE_REQUIREMENT'),
('DEMON_ABILITY_TERRAINDEFENSES_REQS_BURNING_SANDS', 'PLAYER_IS_DEFENDER_REQUIREMENTS'),
('DEMON_ABILITY_TERRAINDEFENSES_REQS_BURNING_SANDS', 'PLOT_IS_TERRAIN_TYPE_REQUIREMENT'),
('PROMOTION_DWARF_ABILITY_BHILLSDOUBLEMOVE_REQS', 'PLOT_IS_GRASS_HILLS_TERRAIN_REQUIREMENT'),
('PROMOTION_DWARF_ABILITY_BHILLSDOUBLEMOVE_REQS', 'PLOT_IS_PLAINS_HILLS_TERRAIN_REQUIREMENT'),
('PROMOTION_DWARF_ABILITY_BHILLSDOUBLEMOVE_REQS', 'PLOT_IS_DESERT_HILLS_TERRAIN_REQUIREMENT'),
('PROMOTION_DWARF_ABILITY_BHILLSDOUBLEMOVE_REQS', 'PLOT_IS_TUNDRA_HILLS_TERRAIN_REQUIREMENT'),
('PROMOTION_DWARF_ABILITY_BHILLSDOUBLEMOVE_REQS', 'PLOT_IS_SNOW_HILLS_TERRAIN_REQUIREMENT'),
('ELF_ABILITY_FEATUREATTACKS_REQS_FEATURE_FOREST', 'PLAYER_IS_ATTACKER_REQUIREMENTS'),
('ELF_ABILITY_FEATUREATTACKS_REQS_FEATURE_FOREST', 'PLOT_IS_FEATURE_TYPE_REQUIREMENT'),
('ELF_ABILITY_FEATUREATTACKS_REQS_FEATURE_FOREST_ANCIENT', 'PLAYER_IS_ATTACKER_REQUIREMENTS'),
('ELF_ABILITY_FEATUREATTACKS_REQS_FEATURE_FOREST_ANCIENT', 'PLOT_IS_FEATURE_TYPE_REQUIREMENT'),
('PROMOTION_ELF_ABILITY_FEATUREDOUBLEMOVES_FOREST_REQS', 'PLOT_IS_FOREST_REQUIREMENT'),
('PROMOTION_ELF_ABILITY_FEATUREDOUBLEMOVES_ANCIENT_FOREST_REQS', 'PLOT_IS_FOREST_REQUIREMENT'),
('PROMOTION_ELF_ABILITY_FEATUREDOUBLEMOVES_ANCIENT_FOREST_REQS', 'PLOT_IS_ANCIENT_FOREST_REQUIREMENT'),
('REQUIREMENT_PROMOTION_EMPTY_BIER_SET', 'PLAYER_IS_DEFENDER_REQUIREMENTS'),
('REQUIREMENT_PROMOTION_ENRAGED_SET', 'PLAYER_IS_DEFENDER_REQUIREMENTS'),
('FROSTLING_ABILITY_TERRAINATTACKS_REQS_SNOW', 'PLAYER_IS_ATTACKER_REQUIREMENTS'),
('FROSTLING_ABILITY_TERRAINATTACKS_REQS_SNOW', 'PLOT_IS_TERRAIN_TYPE_REQUIREMENT'),
('FROSTLING_ABILITY_TERRAINATTACKS_REQS_TUNDRA', 'PLAYER_IS_ATTACKER_REQUIREMENTS'),
('FROSTLING_ABILITY_TERRAINATTACKS_REQS_TUNDRA', 'PLOT_IS_TERRAIN_TYPE_REQUIREMENT'),
('FROSTLING_ABILITY_TERRAINATTACKS_REQS_DESERT', 'PLAYER_IS_ATTACKER_REQUIREMENTS'),
('FROSTLING_ABILITY_TERRAINATTACKS_REQS_DESERT', 'PLOT_IS_TERRAIN_TYPE_REQUIREMENT'),
('FROSTLING_ABILITY_TERRAINDEFENSES_REQS_SNOW', 'PLAYER_IS_DEFENDER_REQUIREMENTS'),
('FROSTLING_ABILITY_TERRAINDEFENSES_REQS_SNOW', 'PLOT_IS_TERRAIN_TYPE_REQUIREMENT'),
('FROSTLING_ABILITY_TERRAINDEFENSES_REQS_TUNDRA', 'PLAYER_IS_DEFENDER_REQUIREMENTS'),
('FROSTLING_ABILITY_TERRAINDEFENSES_REQS_TUNDRA', 'PLOT_IS_TERRAIN_TYPE_REQUIREMENT'),
('FROSTLING_ABILITY_TERRAINDEFENSES_REQS_DESERT', 'PLAYER_IS_DEFENDER_REQUIREMENTS'),
('FROSTLING_ABILITY_TERRAINDEFENSES_REQS_DESERT', 'PLOT_IS_TERRAIN_TYPE_REQUIREMENT'),
('REQUIREMENT_PROMOTION_GODSLAYER_SET', 'PLAYER_IS_DEFENDER_REQUIREMENTS'),
('REQUIREMENT_PROMOTION_GREAT_COMMANDER_SET', 'PLAYER_IS_DEFENDER_REQUIREMENTS'),
('PROMOTION_GUERILLA1_REQS', 'PLAYER_IS_DEFENDER_REQUIREMENTS'),
('PROMOTION_GUERILLA1_REQS', 'PLOT_IS_HILLS_REQUIREMENT'),
('PROMOTION_GUERILLA2_ABILITY_BHILLSDOUBLEMOVE_REQS', 'PLOT_IS_GRASS_HILLS_TERRAIN_REQUIREMENT'),
('PROMOTION_GUERILLA2_ABILITY_BHILLSDOUBLEMOVE_REQS', 'PLOT_IS_PLAINS_HILLS_TERRAIN_REQUIREMENT'),
('PROMOTION_GUERILLA2_ABILITY_BHILLSDOUBLEMOVE_REQS', 'PLOT_IS_DESERT_HILLS_TERRAIN_REQUIREMENT'),
('PROMOTION_GUERILLA2_ABILITY_BHILLSDOUBLEMOVE_REQS', 'PLOT_IS_TUNDRA_HILLS_TERRAIN_REQUIREMENT'),
('PROMOTION_GUERILLA2_ABILITY_BHILLSDOUBLEMOVE_REQS', 'PLOT_IS_SNOW_HILLS_TERRAIN_REQUIREMENT'),
('PROMOTION_GUERILLA2_REQS', 'PLAYER_IS_DEFENDER_REQUIREMENTS'),
('PROMOTION_GUERILLA2_REQS', 'PLOT_IS_HILLS_REQUIREMENT'),
('REQUIREMENT_PROMOTION_HEROIC_DEFENSE_SET', 'PLAYER_IS_DEFENDER_REQUIREMENTS'),
('REQUIREMENT_PROMOTION_HEROIC_DEFENSE2_SET', 'PLAYER_IS_DEFENDER_REQUIREMENTS'),
('REQUIREMENT_PROMOTION_IRON_WEAPONS_SET', 'PLAYER_IS_DEFENDER_REQUIREMENTS'),
('LIZARDMAN_ABILITY_TERRAINATTACKS_REQS_MARSH', 'PLAYER_IS_ATTACKER_REQUIREMENTS'),
('LIZARDMAN_ABILITY_TERRAINATTACKS_REQS_MARSH', 'PLOT_IS_TERRAIN_TYPE_REQUIREMENT'),
('LIZARDMAN_ABILITY_TERRAINDEFENSES_REQS_MARSH', 'PLAYER_IS_DEFENDER_REQUIREMENTS'),
('LIZARDMAN_ABILITY_TERRAINDEFENSES_REQS_MARSH', 'PLOT_IS_TERRAIN_TYPE_REQUIREMENT'),
('PROMOTION_LIZARDMAN_ABILITY_TERRAINDOUBLEMOVES_MARSH_REQS', 'PLOT_IS_MARSH_REQUIREMENT'),
('REQUIREMENT_PROMOTION_MITHRIL_WEAPONS_SET', 'PLAYER_IS_DEFENDER_REQUIREMENTS'),
('NIGHTMARE_ABILITY_TERRAINATTACKS_REQS_BROKEN_LANDS', 'PLAYER_IS_ATTACKER_REQUIREMENTS'),
('NIGHTMARE_ABILITY_TERRAINATTACKS_REQS_BROKEN_LANDS', 'PLOT_IS_TERRAIN_TYPE_REQUIREMENT'),
('NIGHTMARE_ABILITY_TERRAINATTACKS_REQS_FIELDS_OF_PERDITION', 'PLAYER_IS_ATTACKER_REQUIREMENTS'),
('NIGHTMARE_ABILITY_TERRAINATTACKS_REQS_FIELDS_OF_PERDITION', 'PLOT_IS_TERRAIN_TYPE_REQUIREMENT'),
('NIGHTMARE_ABILITY_TERRAINATTACKS_REQS_BURNING_SANDS', 'PLAYER_IS_ATTACKER_REQUIREMENTS'),
('NIGHTMARE_ABILITY_TERRAINATTACKS_REQS_BURNING_SANDS', 'PLOT_IS_TERRAIN_TYPE_REQUIREMENT'),
('NIGHTMARE_ABILITY_TERRAINDEFENSES_REQS_BROKEN_LANDS', 'PLAYER_IS_DEFENDER_REQUIREMENTS'),
('NIGHTMARE_ABILITY_TERRAINDEFENSES_REQS_BROKEN_LANDS', 'PLOT_IS_TERRAIN_TYPE_REQUIREMENT'),
('NIGHTMARE_ABILITY_TERRAINDEFENSES_REQS_FIELDS_OF_PERDITION', 'PLAYER_IS_DEFENDER_REQUIREMENTS'),
('NIGHTMARE_ABILITY_TERRAINDEFENSES_REQS_FIELDS_OF_PERDITION', 'PLOT_IS_TERRAIN_TYPE_REQUIREMENT'),
('NIGHTMARE_ABILITY_TERRAINDEFENSES_REQS_BURNING_SANDS', 'PLAYER_IS_DEFENDER_REQUIREMENTS'),
('NIGHTMARE_ABILITY_TERRAINDEFENSES_REQS_BURNING_SANDS', 'PLOT_IS_TERRAIN_TYPE_REQUIREMENT'),
('REQUIREMENT_PROMOTION_NIGHTMARE_SET', 'PLAYER_IS_DEFENDER_REQUIREMENTS'),
('NOMAD_ABILITY_TERRAINATTACKS_REQS_DESERT', 'PLAYER_IS_ATTACKER_REQUIREMENTS'),
('NOMAD_ABILITY_TERRAINATTACKS_REQS_DESERT', 'PLOT_IS_TERRAIN_TYPE_REQUIREMENT'),
('NOMAD_ABILITY_TERRAINDEFENSES_REQS_DESERT', 'PLAYER_IS_DEFENDER_REQUIREMENTS'),
('NOMAD_ABILITY_TERRAINDEFENSES_REQS_DESERT', 'PLOT_IS_TERRAIN_TYPE_REQUIREMENT'),
('PROMOTION_NOMAD_ABILITY_TERRAINDOUBLEMOVES_DESERT_REQS', 'PLOT_IS_DESERT_REQUIREMENT'),
('ORC_ABILITY_FEATUREATTACKS_REQS_FEATURE_JUNGLE', 'PLAYER_IS_ATTACKER_REQUIREMENTS'),
('ORC_ABILITY_FEATUREATTACKS_REQS_FEATURE_JUNGLE', 'PLOT_IS_FEATURE_TYPE_REQUIREMENT'),
('OPPONENT_PROMOTION_CLASS_DISCIPLE_REQUIREMENT_SET', 'OPPONENT_PROMOTION_CLASS_DISCIPLE_REQUIREMENT'),
('REQUIREMENT_PROMOTION_SHIELD_OF_FAITH_SET', 'PLAYER_IS_DEFENDER_REQUIREMENTS'),
('REQUIREMENT_PROMOTION_SKELETON_CREW_SET', 'PLAYER_IS_DEFENDER_REQUIREMENTS'),
('REQUIREMENT_PROMOTION_STONESKIN_SET', 'PLAYER_IS_DEFENDER_REQUIREMENTS'),
('REQUIREMENT_PROMOTION_STRONG_SET', 'PLAYER_IS_DEFENDER_REQUIREMENTS'),
('OPPONENT_PROMOTION_CLASS_ANIMAL_REQUIREMENT_SET', 'OPPONENT_PROMOTION_CLASS_ANIMAL_REQUIREMENT'),
('OPPONENT_PROMOTION_CLASS_BEAST_REQUIREMENT_SET', 'OPPONENT_PROMOTION_CLASS_BEAST_REQUIREMENT'),
('REQUIREMENT_PROMOTION_UNHOLY_TAINT_SET', 'PLAYER_IS_DEFENDER_REQUIREMENTS'),
('REQUIREMENT_PROMOTION_WARCRY_SET', 'PLAYER_IS_DEFENDER_REQUIREMENTS'),
('REQUIREMENT_PROMOTION_WEAK_SET', 'PLAYER_IS_DEFENDER_REQUIREMENTS'),
('WINTERBORN_ABILITY_TERRAINATTACKS_REQS_SNOW', 'PLAYER_IS_ATTACKER_REQUIREMENTS'),
('WINTERBORN_ABILITY_TERRAINATTACKS_REQS_SNOW', 'PLOT_IS_TERRAIN_TYPE_REQUIREMENT'),
('WINTERBORN_ABILITY_TERRAINATTACKS_REQS_TUNDRA', 'PLAYER_IS_ATTACKER_REQUIREMENTS'),
('WINTERBORN_ABILITY_TERRAINATTACKS_REQS_TUNDRA', 'PLOT_IS_TERRAIN_TYPE_REQUIREMENT'),
('WINTERBORN_ABILITY_TERRAINDEFENSES_REQS_SNOW', 'PLAYER_IS_DEFENDER_REQUIREMENTS'),
('WINTERBORN_ABILITY_TERRAINDEFENSES_REQS_SNOW', 'PLOT_IS_TERRAIN_TYPE_REQUIREMENT'),
('WINTERBORN_ABILITY_TERRAINDEFENSES_REQS_TUNDRA', 'PLAYER_IS_DEFENDER_REQUIREMENTS'),
('WINTERBORN_ABILITY_TERRAINDEFENSES_REQS_TUNDRA', 'PLOT_IS_TERRAIN_TYPE_REQUIREMENT'),
('WOODSMAN1_ABILITY_FEATUREATTACKS_REQS_FEATURE_JUNGLE', 'PLAYER_IS_ATTACKER_REQUIREMENTS'),
('WOODSMAN1_ABILITY_FEATUREATTACKS_REQS_FEATURE_JUNGLE', 'PLOT_IS_FEATURE_TYPE_REQUIREMENT'),
('WOODSMAN1_ABILITY_FEATUREATTACKS_REQS_FEATURE_FOREST', 'PLAYER_IS_ATTACKER_REQUIREMENTS'),
('WOODSMAN1_ABILITY_FEATUREATTACKS_REQS_FEATURE_FOREST', 'PLOT_IS_FEATURE_TYPE_REQUIREMENT'),
('WOODSMAN1_ABILITY_FEATUREATTACKS_REQS_FEATURE_FOREST_ANCIENT', 'PLAYER_IS_ATTACKER_REQUIREMENTS'),
('WOODSMAN1_ABILITY_FEATUREATTACKS_REQS_FEATURE_FOREST_ANCIENT', 'PLOT_IS_FEATURE_TYPE_REQUIREMENT'),
('WOODSMAN1_ABILITY_FEATUREDEFENSES_REQS_FEATURE_JUNGLE', 'PLAYER_IS_DEFENDER_REQUIREMENTS'),
('WOODSMAN1_ABILITY_FEATUREDEFENSES_REQS_FEATURE_JUNGLE', 'PLOT_IS_FEATURE_TYPE_REQUIREMENT'),
('WOODSMAN1_ABILITY_FEATUREDEFENSES_REQS_FEATURE_FOREST', 'PLAYER_IS_DEFENDER_REQUIREMENTS'),
('WOODSMAN1_ABILITY_FEATUREDEFENSES_REQS_FEATURE_FOREST', 'PLOT_IS_FEATURE_TYPE_REQUIREMENT'),
('WOODSMAN1_ABILITY_FEATUREDEFENSES_REQS_FEATURE_FOREST_ANCIENT', 'PLAYER_IS_DEFENDER_REQUIREMENTS'),
('WOODSMAN1_ABILITY_FEATUREDEFENSES_REQS_FEATURE_FOREST_ANCIENT', 'PLOT_IS_FEATURE_TYPE_REQUIREMENT'),
('WOODSMAN2_ABILITY_FEATUREATTACKS_REQS_FEATURE_JUNGLE', 'PLAYER_IS_ATTACKER_REQUIREMENTS'),
('WOODSMAN2_ABILITY_FEATUREATTACKS_REQS_FEATURE_JUNGLE', 'PLOT_IS_FEATURE_TYPE_REQUIREMENT'),
('WOODSMAN2_ABILITY_FEATUREATTACKS_REQS_FEATURE_FOREST', 'PLAYER_IS_ATTACKER_REQUIREMENTS'),
('WOODSMAN2_ABILITY_FEATUREATTACKS_REQS_FEATURE_FOREST', 'PLOT_IS_FEATURE_TYPE_REQUIREMENT'),
('WOODSMAN2_ABILITY_FEATUREATTACKS_REQS_FEATURE_FOREST_ANCIENT', 'PLAYER_IS_ATTACKER_REQUIREMENTS'),
('WOODSMAN2_ABILITY_FEATUREATTACKS_REQS_FEATURE_FOREST_ANCIENT', 'PLOT_IS_FEATURE_TYPE_REQUIREMENT'),
('WOODSMAN2_ABILITY_FEATUREDEFENSES_REQS_FEATURE_JUNGLE', 'PLAYER_IS_DEFENDER_REQUIREMENTS'),
('WOODSMAN2_ABILITY_FEATUREDEFENSES_REQS_FEATURE_JUNGLE', 'PLOT_IS_FEATURE_TYPE_REQUIREMENT'),
('WOODSMAN2_ABILITY_FEATUREDEFENSES_REQS_FEATURE_FOREST', 'PLAYER_IS_DEFENDER_REQUIREMENTS'),
('WOODSMAN2_ABILITY_FEATUREDEFENSES_REQS_FEATURE_FOREST', 'PLOT_IS_FEATURE_TYPE_REQUIREMENT'),
('WOODSMAN2_ABILITY_FEATUREDEFENSES_REQS_FEATURE_FOREST_ANCIENT', 'PLAYER_IS_DEFENDER_REQUIREMENTS'),
('WOODSMAN2_ABILITY_FEATUREDEFENSES_REQS_FEATURE_FOREST_ANCIENT', 'PLOT_IS_FEATURE_TYPE_REQUIREMENT'),
('PROMOTION_WOODSMAN2_ABILITY_FEATUREDOUBLEMOVES_JUNGLE_REQS', 'PLOT_IS_JUNGLE_REQUIREMENT'),
('PROMOTION_WOODSMAN2_ABILITY_FEATUREDOUBLEMOVES_FOREST_REQS', 'PLOT_IS_JUNGLE_REQUIREMENT'),
('PROMOTION_WOODSMAN2_ABILITY_FEATUREDOUBLEMOVES_FOREST_REQS', 'PLOT_IS_FOREST_REQUIREMENT'),
('PROMOTION_WOODSMAN2_ABILITY_FEATUREDOUBLEMOVES_ANCIENT_FOREST_REQS', 'PLOT_IS_JUNGLE_REQUIREMENT'),
('PROMOTION_WOODSMAN2_ABILITY_FEATUREDOUBLEMOVES_ANCIENT_FOREST_REQS', 'PLOT_IS_FOREST_REQUIREMENT'),
('PROMOTION_WOODSMAN2_ABILITY_FEATUREDOUBLEMOVES_ANCIENT_FOREST_REQS', 'PLOT_IS_ANCIENT_FOREST_REQUIREMENT');

INSERT INTO RequirementSets(RequirementSetId, RequirementSetType) VALUES
('OPPONENT_PROMOTION_CLASS_MELEE_REQUIREMENT_SET', 'REQUIREMENTSET_TEST_ALL'),
('OPPONENT_PROMOTION_CLASS_NAVAL_REQUIREMENT_SET', 'REQUIREMENTSET_TEST_ALL'),
('REQUIREMENT_PROMOTION_BRONZE_WEAPONS_SET', 'REQUIREMENTSET_TEST_ALL'),
('REQUIREMENT_PROMOTION_BUCCANEERS_SET', 'REQUIREMENTSET_TEST_ALL'),
('OPPONENT_PROMOTION_CLASS_ARCHER_REQUIREMENT_SET', 'REQUIREMENTSET_TEST_ALL'),
('DARK_ELF_ABILITY_FEATUREATTACKS_REQS_FEATURE_FOREST', 'REQUIREMENTSET_TEST_ALL'),
('DARK_ELF_ABILITY_FEATUREATTACKS_REQS_FEATURE_FOREST_ANCIENT', 'REQUIREMENTSET_TEST_ALL'),
('PROMOTION_DARK_ELF_ABILITY_FEATUREDOUBLEMOVES_FOREST_REQS', 'REQUIREMENTSET_TEST_ANY'),
('PROMOTION_DARK_ELF_ABILITY_FEATUREDOUBLEMOVES_ANCIENT_FOREST_REQS', 'REQUIREMENTSET_TEST_ANY'),
('DEMON_ABILITY_TERRAINATTACKS_REQS_BROKEN_LANDS', 'REQUIREMENTSET_TEST_ALL'),
('DEMON_ABILITY_TERRAINATTACKS_REQS_FIELDS_OF_PERDITION', 'REQUIREMENTSET_TEST_ALL'),
('DEMON_ABILITY_TERRAINATTACKS_REQS_BURNING_SANDS', 'REQUIREMENTSET_TEST_ALL'),
('DEMON_ABILITY_TERRAINDEFENSES_REQS_BROKEN_LANDS', 'REQUIREMENTSET_TEST_ALL'),
('DEMON_ABILITY_TERRAINDEFENSES_REQS_FIELDS_OF_PERDITION', 'REQUIREMENTSET_TEST_ALL'),
('DEMON_ABILITY_TERRAINDEFENSES_REQS_BURNING_SANDS', 'REQUIREMENTSET_TEST_ALL'),
('OPPONENT_PROMOTION_CLASS_MOUNTED_REQUIREMENT_SET', 'REQUIREMENTSET_TEST_ALL'),
('PROMOTION_DWARF_ABILITY_BHILLSDOUBLEMOVE_REQS', 'REQUIREMENTSET_TEST_ANY'),
('ELF_ABILITY_FEATUREATTACKS_REQS_FEATURE_FOREST', 'REQUIREMENTSET_TEST_ALL'),
('ELF_ABILITY_FEATUREATTACKS_REQS_FEATURE_FOREST_ANCIENT', 'REQUIREMENTSET_TEST_ALL'),
('PROMOTION_ELF_ABILITY_FEATUREDOUBLEMOVES_FOREST_REQS', 'REQUIREMENTSET_TEST_ANY'),
('PROMOTION_ELF_ABILITY_FEATUREDOUBLEMOVES_ANCIENT_FOREST_REQS', 'REQUIREMENTSET_TEST_ANY'),
('REQUIREMENT_PROMOTION_EMPTY_BIER_SET', 'REQUIREMENTSET_TEST_ALL'),
('REQUIREMENT_PROMOTION_ENRAGED_SET', 'REQUIREMENTSET_TEST_ALL'),
('FROSTLING_ABILITY_TERRAINATTACKS_REQS_SNOW', 'REQUIREMENTSET_TEST_ALL'),
('FROSTLING_ABILITY_TERRAINATTACKS_REQS_TUNDRA', 'REQUIREMENTSET_TEST_ALL'),
('FROSTLING_ABILITY_TERRAINATTACKS_REQS_DESERT', 'REQUIREMENTSET_TEST_ALL'),
('FROSTLING_ABILITY_TERRAINDEFENSES_REQS_SNOW', 'REQUIREMENTSET_TEST_ALL'),
('FROSTLING_ABILITY_TERRAINDEFENSES_REQS_TUNDRA', 'REQUIREMENTSET_TEST_ALL'),
('FROSTLING_ABILITY_TERRAINDEFENSES_REQS_DESERT', 'REQUIREMENTSET_TEST_ALL'),
('REQUIREMENT_PROMOTION_GODSLAYER_SET', 'REQUIREMENTSET_TEST_ALL'),
('REQUIREMENT_PROMOTION_GREAT_COMMANDER_SET', 'REQUIREMENTSET_TEST_ALL'),
('PROMOTION_GUERILLA1_REQS', 'REQUIREMENTSET_TEST_ALL'),
('PROMOTION_GUERILLA2_ABILITY_BHILLSDOUBLEMOVE_REQS', 'REQUIREMENTSET_TEST_ANY'),
('PROMOTION_GUERILLA2_REQS', 'REQUIREMENTSET_TEST_ALL'),
('REQUIREMENT_PROMOTION_HEROIC_DEFENSE_SET', 'REQUIREMENTSET_TEST_ALL'),
('REQUIREMENT_PROMOTION_HEROIC_DEFENSE2_SET', 'REQUIREMENTSET_TEST_ALL'),
('REQUIREMENT_PROMOTION_IRON_WEAPONS_SET', 'REQUIREMENTSET_TEST_ALL'),
('LIZARDMAN_ABILITY_TERRAINATTACKS_REQS_MARSH', 'REQUIREMENTSET_TEST_ALL'),
('LIZARDMAN_ABILITY_TERRAINDEFENSES_REQS_MARSH', 'REQUIREMENTSET_TEST_ALL'),
('PROMOTION_LIZARDMAN_ABILITY_TERRAINDOUBLEMOVES_MARSH_REQS', 'REQUIREMENTSET_TEST_ANY'),
('REQUIREMENT_PROMOTION_MITHRIL_WEAPONS_SET', 'REQUIREMENTSET_TEST_ALL'),
('NIGHTMARE_ABILITY_TERRAINATTACKS_REQS_BROKEN_LANDS', 'REQUIREMENTSET_TEST_ALL'),
('NIGHTMARE_ABILITY_TERRAINATTACKS_REQS_FIELDS_OF_PERDITION', 'REQUIREMENTSET_TEST_ALL'),
('NIGHTMARE_ABILITY_TERRAINATTACKS_REQS_BURNING_SANDS', 'REQUIREMENTSET_TEST_ALL'),
('NIGHTMARE_ABILITY_TERRAINDEFENSES_REQS_BROKEN_LANDS', 'REQUIREMENTSET_TEST_ALL'),
('NIGHTMARE_ABILITY_TERRAINDEFENSES_REQS_FIELDS_OF_PERDITION', 'REQUIREMENTSET_TEST_ALL'),
('NIGHTMARE_ABILITY_TERRAINDEFENSES_REQS_BURNING_SANDS', 'REQUIREMENTSET_TEST_ALL'),
('REQUIREMENT_PROMOTION_NIGHTMARE_SET', 'REQUIREMENTSET_TEST_ALL'),
('NOMAD_ABILITY_TERRAINATTACKS_REQS_DESERT', 'REQUIREMENTSET_TEST_ALL'),
('NOMAD_ABILITY_TERRAINDEFENSES_REQS_DESERT', 'REQUIREMENTSET_TEST_ALL'),
('PROMOTION_NOMAD_ABILITY_TERRAINDOUBLEMOVES_DESERT_REQS', 'REQUIREMENTSET_TEST_ANY'),
('ORC_ABILITY_FEATUREATTACKS_REQS_FEATURE_JUNGLE', 'REQUIREMENTSET_TEST_ALL'),
('OPPONENT_PROMOTION_CLASS_DISCIPLE_REQUIREMENT_SET', 'REQUIREMENTSET_TEST_ALL'),
('REQUIREMENT_PROMOTION_SHIELD_OF_FAITH_SET', 'REQUIREMENTSET_TEST_ALL'),
('REQUIREMENT_PROMOTION_SKELETON_CREW_SET', 'REQUIREMENTSET_TEST_ALL'),
('REQUIREMENT_PROMOTION_STONESKIN_SET', 'REQUIREMENTSET_TEST_ALL'),
('REQUIREMENT_PROMOTION_STRONG_SET', 'REQUIREMENTSET_TEST_ALL'),
('OPPONENT_PROMOTION_CLASS_ANIMAL_REQUIREMENT_SET', 'REQUIREMENTSET_TEST_ALL'),
('OPPONENT_PROMOTION_CLASS_BEAST_REQUIREMENT_SET', 'REQUIREMENTSET_TEST_ALL'),
('REQUIREMENT_PROMOTION_UNHOLY_TAINT_SET', 'REQUIREMENTSET_TEST_ALL'),
('REQUIREMENT_PROMOTION_WARCRY_SET', 'REQUIREMENTSET_TEST_ALL'),
('REQUIREMENT_PROMOTION_WEAK_SET', 'REQUIREMENTSET_TEST_ALL'),
('WINTERBORN_ABILITY_TERRAINATTACKS_REQS_SNOW', 'REQUIREMENTSET_TEST_ALL'),
('WINTERBORN_ABILITY_TERRAINATTACKS_REQS_TUNDRA', 'REQUIREMENTSET_TEST_ALL'),
('WINTERBORN_ABILITY_TERRAINDEFENSES_REQS_SNOW', 'REQUIREMENTSET_TEST_ALL'),
('WINTERBORN_ABILITY_TERRAINDEFENSES_REQS_TUNDRA', 'REQUIREMENTSET_TEST_ALL'),
('WOODSMAN1_ABILITY_FEATUREATTACKS_REQS_FEATURE_JUNGLE', 'REQUIREMENTSET_TEST_ALL'),
('WOODSMAN1_ABILITY_FEATUREATTACKS_REQS_FEATURE_FOREST', 'REQUIREMENTSET_TEST_ALL'),
('WOODSMAN1_ABILITY_FEATUREATTACKS_REQS_FEATURE_FOREST_ANCIENT', 'REQUIREMENTSET_TEST_ALL'),
('WOODSMAN1_ABILITY_FEATUREDEFENSES_REQS_FEATURE_JUNGLE', 'REQUIREMENTSET_TEST_ALL'),
('WOODSMAN1_ABILITY_FEATUREDEFENSES_REQS_FEATURE_FOREST', 'REQUIREMENTSET_TEST_ALL'),
('WOODSMAN1_ABILITY_FEATUREDEFENSES_REQS_FEATURE_FOREST_ANCIENT', 'REQUIREMENTSET_TEST_ALL'),
('WOODSMAN2_ABILITY_FEATUREATTACKS_REQS_FEATURE_JUNGLE', 'REQUIREMENTSET_TEST_ALL'),
('WOODSMAN2_ABILITY_FEATUREATTACKS_REQS_FEATURE_FOREST', 'REQUIREMENTSET_TEST_ALL'),
('WOODSMAN2_ABILITY_FEATUREATTACKS_REQS_FEATURE_FOREST_ANCIENT', 'REQUIREMENTSET_TEST_ALL'),
('WOODSMAN2_ABILITY_FEATUREDEFENSES_REQS_FEATURE_JUNGLE', 'REQUIREMENTSET_TEST_ALL'),
('WOODSMAN2_ABILITY_FEATUREDEFENSES_REQS_FEATURE_FOREST', 'REQUIREMENTSET_TEST_ALL'),
('WOODSMAN2_ABILITY_FEATUREDEFENSES_REQS_FEATURE_FOREST_ANCIENT', 'REQUIREMENTSET_TEST_ALL'),
('PROMOTION_WOODSMAN2_ABILITY_FEATUREDOUBLEMOVES_JUNGLE_REQS', 'REQUIREMENTSET_TEST_ANY'),
('PROMOTION_WOODSMAN2_ABILITY_FEATUREDOUBLEMOVES_FOREST_REQS', 'REQUIREMENTSET_TEST_ANY'),
('PROMOTION_WOODSMAN2_ABILITY_FEATUREDOUBLEMOVES_ANCIENT_FOREST_REQS', 'REQUIREMENTSET_TEST_ANY');

INSERT INTO ModifierStrings(ModifierId, Context, Text) VALUES
('MODIFIER_PROMOTION_ACCURACY', 'Preview', 'LOC_PROMOTION_ACCURACY_DESCRIPTION'),
('MODIFIER_PROMOTION_BARRAGE2', 'Preview', 'LOC_PROMOTION_BARRAGE2_DESCRIPTION'),
('MODIFIER_PROMOTION_BOARDING_SLAVE_TAKING_MODIFIER', 'Preview', 'LOC_PROMOTION_BOARDING_DESCRIPTION'),
('MODIFIER_PROMOTION_BRONZE_WEAPONS', 'Preview', 'LOC_PROMOTION_BRONZE_WEAPONS_DESCRIPTION'),
('MODIFIER_PROMOTION_BUCCANEERS', 'Preview', 'LOC_PROMOTION_BUCCANEERS_DESCRIPTION'),
('MODIFIER_PROMOTION_BURNING_BLOOD', 'Preview', 'LOC_PROMOTION_BURNING_BLOOD_DESCRIPTION'),
('MODIFIER_PROMOTION_CITY_GARRISON1', 'Preview', 'LOC_PROMOTION_CITY_GARRISON1_DESCRIPTION'),
('MODIFIER_PROMOTION_CITY_GARRISON2', 'Preview', 'LOC_PROMOTION_CITY_GARRISON2_DESCRIPTION'),
('MODIFIER_PROMOTION_CITY_GARRISON3', 'Preview', 'LOC_PROMOTION_CITY_GARRISON3_DESCRIPTION'),
('MODIFIER_PROMOTION_CITY_RAIDER1', 'Preview', 'LOC_PROMOTION_CITY_RAIDER1_DESCRIPTION'),
('MODIFIER_PROMOTION_CITY_RAIDER2', 'Preview', 'LOC_PROMOTION_CITY_RAIDER2_DESCRIPTION'),
('MODIFIER_PROMOTION_CITY_RAIDER3', 'Preview', 'LOC_PROMOTION_CITY_RAIDER3_DESCRIPTION'),
('MODIFIER_PROMOTION_COMBAT1', 'Preview', 'LOC_PROMOTION_COMBAT1_DESCRIPTION'),
('MODIFIER_PROMOTION_COMBAT2', 'Preview', 'LOC_PROMOTION_COMBAT2_DESCRIPTION'),
('MODIFIER_PROMOTION_COMBAT3', 'Preview', 'LOC_PROMOTION_COMBAT3_DESCRIPTION'),
('MODIFIER_PROMOTION_COMBAT4', 'Preview', 'LOC_PROMOTION_COMBAT4_DESCRIPTION'),
('MODIFIER_PROMOTION_COMBAT5', 'Preview', 'LOC_PROMOTION_COMBAT5_DESCRIPTION'),
('MODIFIER_PROMOTION_COVER', 'Preview', 'LOC_PROMOTION_COVER_DESCRIPTION'),
('MODIFIER_PROMOTION_COVER2', 'Preview', 'LOC_PROMOTION_COVER2_DESCRIPTION');

INSERT INTO Types(Type, Kind) VALUES
('CIVILIZATION_LJOSALFAR_ABILITY_SLTH_TRAIT_DEXTEROUS', 'KIND_ABILITY'),
('CIVILIZATION_HIPPUS_ABILITY_SLTH_TRAIT_HORSELORD', 'KIND_ABILITY'),
('CIVILIZATION_SVARTALFAR_ABILITY_SLTH_TRAIT_SINISTER', 'KIND_ABILITY'),
('DARK_ELF_ABILITY_FEATUREATTACKS', 'KIND_ABILITY'),
('PROMOTION_DARK_ELF_ABILITY_FEATUREDOUBLEMOVES', 'KIND_ABILITY'),
('DEMON_ABILITY_TERRAINATTACKS', 'KIND_ABILITY'),
('DEMON_ABILITY_TERRAINDEFENSES', 'KIND_ABILITY'),
('PROMOTION_DWARF_ABILITY_BHILLSDOUBLEMOVE', 'KIND_ABILITY'),
('ELF_ABILITY_FEATUREATTACKS', 'KIND_ABILITY'),
('PROMOTION_ELF_ABILITY_FEATUREDOUBLEMOVES', 'KIND_ABILITY'),
('FROSTLING_ABILITY_TERRAINATTACKS', 'KIND_ABILITY'),
('FROSTLING_ABILITY_TERRAINDEFENSES', 'KIND_ABILITY'),
('PROMOTION_GUERILLA2_ABILITY_BHILLSDOUBLEMOVE', 'KIND_ABILITY'),
('LIZARDMAN_ABILITY_TERRAINATTACKS', 'KIND_ABILITY'),
('LIZARDMAN_ABILITY_TERRAINDEFENSES', 'KIND_ABILITY'),
('PROMOTION_LIZARDMAN_ABILITY_TERRAINDOUBLEMOVES', 'KIND_ABILITY'),
('NIGHTMARE_ABILITY_TERRAINATTACKS', 'KIND_ABILITY'),
('NIGHTMARE_ABILITY_TERRAINDEFENSES', 'KIND_ABILITY'),
('NOMAD_ABILITY_TERRAINATTACKS', 'KIND_ABILITY'),
('NOMAD_ABILITY_TERRAINDEFENSES', 'KIND_ABILITY'),
('PROMOTION_NOMAD_ABILITY_TERRAINDOUBLEMOVES', 'KIND_ABILITY'),
('ORC_ABILITY_FEATUREATTACKS', 'KIND_ABILITY'),
('WINTERBORN_ABILITY_TERRAINATTACKS', 'KIND_ABILITY'),
('WINTERBORN_ABILITY_TERRAINDEFENSES', 'KIND_ABILITY'),
('WOODSMAN1_ABILITY_FEATUREATTACKS', 'KIND_ABILITY'),
('WOODSMAN1_ABILITY_FEATUREDEFENSES', 'KIND_ABILITY'),
('WOODSMAN2_ABILITY_FEATUREATTACKS', 'KIND_ABILITY'),
('WOODSMAN2_ABILITY_FEATUREDEFENSES', 'KIND_ABILITY'),
('PROMOTION_WOODSMAN2_ABILITY_FEATUREDOUBLEMOVES', 'KIND_ABILITY'),
('BAN_ABILITY_SLTH_UNIT_ABASHI', 'KIND_ABILITY'),
('BAN_ABILITY_SLTH_UNIT_ALAZKAN', 'KIND_ABILITY'),
('BAN_ABILITY_SLTH_UNIT_ARTHENDAIN', 'KIND_ABILITY'),
('BAN_ABILITY_SLTH_UNIT_AURIC_ASCENDED', 'KIND_ABILITY'),
('BAN_ABILITY_SLTH_UNIT_BAMBUR', 'KIND_ABILITY'),
('BAN_ABILITY_SLTH_UNIT_BARNAXUS', 'KIND_ABILITY'),
('BAN_ABILITY_SLTH_UNIT_BASIUM', 'KIND_ABILITY'),
('BAN_ABILITY_SLTH_UNIT_CHALID', 'KIND_ABILITY'),
('BAN_ABILITY_SLTH_UNIT_CORLINDALE', 'KIND_ABILITY'),
('BAN_ABILITY_SLTH_UNIT_DONAL', 'KIND_ABILITY'),
('BAN_ABILITY_SLTH_UNIT_DRIFA', 'KIND_ABILITY'),
('BAN_ABILITY_SLTH_UNIT_DUIN', 'KIND_ABILITY'),
('BAN_ABILITY_SLTH_UNIT_EURABATRES', 'KIND_ABILITY'),
('BAN_ABILITY_SLTH_UNIT_GIBBON', 'KIND_ABILITY'),
('BAN_ABILITY_SLTH_UNIT_GILDEN', 'KIND_ABILITY'),
('BAN_ABILITY_SLTH_UNIT_GOVANNON', 'KIND_ABILITY'),
('BAN_ABILITY_SLTH_UNIT_GUYBRUSH', 'KIND_ABILITY'),
('BAN_ABILITY_SLTH_UNIT_HEMAH', 'KIND_ABILITY'),
('BAN_ABILITY_SLTH_UNIT_HERNE', 'KIND_ABILITY'),
('BAN_ABILITY_SLTH_UNIT_HYBOREM', 'KIND_ABILITY'),
('BAN_ABILITY_SLTH_UNIT_KITHRA', 'KIND_ABILITY'),
('BAN_ABILITY_SLTH_UNIT_LOKI', 'KIND_ABILITY'),
('BAN_ABILITY_SLTH_UNIT_LOSHA', 'KIND_ABILITY'),
('BAN_ABILITY_SLTH_UNIT_LUCIAN', 'KIND_ABILITY'),
('BAN_ABILITY_SLTH_UNIT_MAGNADINE', 'KIND_ABILITY'),
('BAN_ABILITY_SLTH_UNIT_MARDERO', 'KIND_ABILITY'),
('BAN_ABILITY_SLTH_UNIT_MAROS', 'KIND_ABILITY'),
('BAN_ABILITY_SLTH_UNIT_MESHABBER', 'KIND_ABILITY'),
('BAN_ABILITY_SLTH_UNIT_MITHRIL_GOLEM', 'KIND_ABILITY'),
('BAN_ABILITY_SLTH_UNIT_RANTINE', 'KIND_ABILITY'),
('BAN_ABILITY_SLTH_UNIT_RATHUS', 'KIND_ABILITY'),
('BAN_ABILITY_SLTH_UNIT_ROSIER', 'KIND_ABILITY'),
('BAN_ABILITY_SLTH_UNIT_SAVEROUS', 'KIND_ABILITY'),
('BAN_ABILITY_SLTH_UNIT_SPHENER', 'KIND_ABILITY'),
('BAN_ABILITY_SLTH_UNIT_TEUTORIX', 'KIND_ABILITY'),
('BAN_ABILITY_SLTH_UNIT_VALIN', 'KIND_ABILITY'),
('BAN_ABILITY_SLTH_UNIT_YVAIN', 'KIND_ABILITY'),
('CHANNELING_ABILITY_PROMOTION_CHANNELING1', 'KIND_ABILITY'),
('CHANNELING_ABILITY_PROMOTION_CHANNELING2', 'KIND_ABILITY'),
('CHANNELING_ABILITY_PROMOTION_CHANNELING3', 'KIND_ABILITY'),
('CHANNELING_ABILITY_PROMOTION_DEXTEROUS', 'KIND_ABILITY'),
('RESOURCE_MANA_DEATH_ABILITY_GRANT_SPELL', 'KIND_ABILITY'),
('RESOURCE_MANA_FIRE_ABILITY_GRANT_SPELL', 'KIND_ABILITY'),
('RESOURCE_MANA_AIR_ABILITY_GRANT_SPELL', 'KIND_ABILITY'),
('RESOURCE_MANA_BODY_ABILITY_GRANT_SPELL', 'KIND_ABILITY'),
('RESOURCE_MANA_CHAOS_ABILITY_GRANT_SPELL', 'KIND_ABILITY'),
('RESOURCE_MANA_EARTH_ABILITY_GRANT_SPELL', 'KIND_ABILITY'),
('RESOURCE_MANA_ENCHANTMENT_ABILITY_GRANT_SPELL', 'KIND_ABILITY'),
('RESOURCE_MANA_ENTROPY_ABILITY_GRANT_SPELL', 'KIND_ABILITY'),
('RESOURCE_MANA_ICE_ABILITY_GRANT_SPELL', 'KIND_ABILITY'),
('RESOURCE_MANA_LAW_ABILITY_GRANT_SPELL', 'KIND_ABILITY'),
('RESOURCE_MANA_LIFE_ABILITY_GRANT_SPELL', 'KIND_ABILITY'),
('RESOURCE_MANA_METAMAGIC_ABILITY_GRANT_SPELL', 'KIND_ABILITY'),
('RESOURCE_MANA_MIND_ABILITY_GRANT_SPELL', 'KIND_ABILITY'),
('RESOURCE_MANA_NATURE_ABILITY_GRANT_SPELL', 'KIND_ABILITY'),
('RESOURCE_MANA_SPIRIT_ABILITY_GRANT_SPELL', 'KIND_ABILITY'),
('RESOURCE_MANA_WATER_ABILITY_GRANT_SPELL', 'KIND_ABILITY'),
('RESOURCE_MANA_SUN_ABILITY_GRANT_SPELL', 'KIND_ABILITY'),
('RESOURCE_MANA_SHADOW_ABILITY_GRANT_SPELL', 'KIND_ABILITY'),
('PROMOTION_ACCURACY_SIEGE', 'KIND_PROMOTION'),
('PROMOTION_AMPHIBIOUS_RANGED', 'KIND_PROMOTION'),
('PROMOTION_AMPHIBIOUS_BEAST', 'KIND_PROMOTION'),
('PROMOTION_AMPHIBIOUS_DISCIPLE', 'KIND_PROMOTION'),
('PROMOTION_AMPHIBIOUS_MELEE', 'KIND_PROMOTION'),
('PROMOTION_AMPHIBIOUS_LIGHT_CAVALRY', 'KIND_PROMOTION'),
('PROMOTION_AMPHIBIOUS_RECON', 'KIND_PROMOTION'),
('PROMOTION_BARRAGE1_NAVAL_MELEE', 'KIND_PROMOTION'),
('PROMOTION_BARRAGE1_SIEGE', 'KIND_PROMOTION'),
('PROMOTION_BARRAGE2_NAVAL_MELEE', 'KIND_PROMOTION'),
('PROMOTION_BARRAGE2_SIEGE', 'KIND_PROMOTION'),
('PROMOTION_BARRAGE3_NAVAL_MELEE', 'KIND_PROMOTION'),
('PROMOTION_BARRAGE3_SIEGE', 'KIND_PROMOTION'),
('PROMOTION_BLITZ_RANGED', 'KIND_PROMOTION'),
('PROMOTION_BLITZ_BEAST', 'KIND_PROMOTION'),
('PROMOTION_BLITZ_DISCIPLE', 'KIND_PROMOTION'),
('PROMOTION_BLITZ_MELEE', 'KIND_PROMOTION'),
('PROMOTION_BLITZ_LIGHT_CAVALRY', 'KIND_PROMOTION'),
('PROMOTION_BLITZ_RECON', 'KIND_PROMOTION'),
('PROMOTION_BOUNTY_HUNTER_RANGED', 'KIND_PROMOTION'),
('PROMOTION_BOUNTY_HUNTER_MELEE', 'KIND_PROMOTION'),
('PROMOTION_BOUNTY_HUNTER_LIGHT_CAVALRY', 'KIND_PROMOTION'),
('PROMOTION_BOUNTY_HUNTER_NAVAL_MELEE', 'KIND_PROMOTION'),
('PROMOTION_BOUNTY_HUNTER_RECON', 'KIND_PROMOTION'),
('PROMOTION_CANNIBALIZE_ADEPT', 'KIND_PROMOTION'),
('PROMOTION_CANNIBALIZE_ANIMAL', 'KIND_PROMOTION'),
('PROMOTION_CANNIBALIZE_RANGED', 'KIND_PROMOTION'),
('PROMOTION_CANNIBALIZE_BEAST', 'KIND_PROMOTION'),
('PROMOTION_CANNIBALIZE_DISCIPLE', 'KIND_PROMOTION'),
('PROMOTION_CANNIBALIZE_MELEE', 'KIND_PROMOTION'),
('PROMOTION_CANNIBALIZE_LIGHT_CAVALRY', 'KIND_PROMOTION'),
('PROMOTION_CANNIBALIZE_RECON', 'KIND_PROMOTION'),
('PROMOTION_CITY_GARRISON1_RANGED', 'KIND_PROMOTION'),
('PROMOTION_CITY_GARRISON1_DISCIPLE', 'KIND_PROMOTION'),
('PROMOTION_CITY_GARRISON2_RANGED', 'KIND_PROMOTION'),
('PROMOTION_CITY_GARRISON3_RANGED', 'KIND_PROMOTION'),
('PROMOTION_CITY_RAIDER1_ANIMAL', 'KIND_PROMOTION'),
('PROMOTION_CITY_RAIDER1_BEAST', 'KIND_PROMOTION'),
('PROMOTION_CITY_RAIDER1_DISCIPLE', 'KIND_PROMOTION'),
('PROMOTION_CITY_RAIDER1_MELEE', 'KIND_PROMOTION'),
('PROMOTION_CITY_RAIDER2_ANIMAL', 'KIND_PROMOTION'),
('PROMOTION_CITY_RAIDER2_BEAST', 'KIND_PROMOTION'),
('PROMOTION_CITY_RAIDER2_MELEE', 'KIND_PROMOTION'),
('PROMOTION_CITY_RAIDER3_ANIMAL', 'KIND_PROMOTION'),
('PROMOTION_CITY_RAIDER3_BEAST', 'KIND_PROMOTION'),
('PROMOTION_CITY_RAIDER3_MELEE', 'KIND_PROMOTION'),
('PROMOTION_COLD_RESISTANCE_ADEPT', 'KIND_PROMOTION'),
('PROMOTION_COLD_RESISTANCE_RANGED', 'KIND_PROMOTION'),
('PROMOTION_COLD_RESISTANCE_BEAST', 'KIND_PROMOTION'),
('PROMOTION_COLD_RESISTANCE_DISCIPLE', 'KIND_PROMOTION'),
('PROMOTION_COLD_RESISTANCE_MELEE', 'KIND_PROMOTION'),
('PROMOTION_COLD_RESISTANCE_LIGHT_CAVALRY', 'KIND_PROMOTION'),
('PROMOTION_COLD_RESISTANCE_NAVAL_MELEE', 'KIND_PROMOTION'),
('PROMOTION_COLD_RESISTANCE_RECON', 'KIND_PROMOTION'),
('PROMOTION_COMBAT1_ADEPT', 'KIND_PROMOTION'),
('PROMOTION_COMBAT1_ANIMAL', 'KIND_PROMOTION'),
('PROMOTION_COMBAT1_RANGED', 'KIND_PROMOTION'),
('PROMOTION_COMBAT1_BEAST', 'KIND_PROMOTION'),
('PROMOTION_COMBAT1_DISCIPLE', 'KIND_PROMOTION'),
('PROMOTION_COMBAT1_MELEE', 'KIND_PROMOTION'),
('PROMOTION_COMBAT1_LIGHT_CAVALRY', 'KIND_PROMOTION'),
('PROMOTION_COMBAT1_NAVAL_MELEE', 'KIND_PROMOTION'),
('PROMOTION_COMBAT1_RECON', 'KIND_PROMOTION'),
('PROMOTION_COMBAT1_SIEGE', 'KIND_PROMOTION'),
('PROMOTION_COMBAT2_ADEPT', 'KIND_PROMOTION'),
('PROMOTION_COMBAT2_ANIMAL', 'KIND_PROMOTION'),
('PROMOTION_COMBAT2_RANGED', 'KIND_PROMOTION'),
('PROMOTION_COMBAT2_BEAST', 'KIND_PROMOTION'),
('PROMOTION_COMBAT2_DISCIPLE', 'KIND_PROMOTION'),
('PROMOTION_COMBAT2_MELEE', 'KIND_PROMOTION'),
('PROMOTION_COMBAT2_LIGHT_CAVALRY', 'KIND_PROMOTION'),
('PROMOTION_COMBAT2_NAVAL_MELEE', 'KIND_PROMOTION'),
('PROMOTION_COMBAT2_RECON', 'KIND_PROMOTION'),
('PROMOTION_COMBAT2_SIEGE', 'KIND_PROMOTION'),
('PROMOTION_COMBAT3_ADEPT', 'KIND_PROMOTION'),
('PROMOTION_COMBAT3_ANIMAL', 'KIND_PROMOTION'),
('PROMOTION_COMBAT3_RANGED', 'KIND_PROMOTION'),
('PROMOTION_COMBAT3_BEAST', 'KIND_PROMOTION'),
('PROMOTION_COMBAT3_DISCIPLE', 'KIND_PROMOTION'),
('PROMOTION_COMBAT3_MELEE', 'KIND_PROMOTION'),
('PROMOTION_COMBAT3_LIGHT_CAVALRY', 'KIND_PROMOTION'),
('PROMOTION_COMBAT3_NAVAL_MELEE', 'KIND_PROMOTION'),
('PROMOTION_COMBAT3_RECON', 'KIND_PROMOTION'),
('PROMOTION_COMBAT3_SIEGE', 'KIND_PROMOTION'),
('PROMOTION_COMBAT4_ADEPT', 'KIND_PROMOTION'),
('PROMOTION_COMBAT4_ANIMAL', 'KIND_PROMOTION'),
('PROMOTION_COMBAT4_RANGED', 'KIND_PROMOTION'),
('PROMOTION_COMBAT4_BEAST', 'KIND_PROMOTION'),
('PROMOTION_COMBAT4_DISCIPLE', 'KIND_PROMOTION'),
('PROMOTION_COMBAT4_MELEE', 'KIND_PROMOTION'),
('PROMOTION_COMBAT4_LIGHT_CAVALRY', 'KIND_PROMOTION'),
('PROMOTION_COMBAT4_NAVAL_MELEE', 'KIND_PROMOTION'),
('PROMOTION_COMBAT4_RECON', 'KIND_PROMOTION'),
('PROMOTION_COMBAT4_SIEGE', 'KIND_PROMOTION'),
('PROMOTION_COMBAT5_ADEPT', 'KIND_PROMOTION'),
('PROMOTION_COMBAT5_ANIMAL', 'KIND_PROMOTION'),
('PROMOTION_COMBAT5_RANGED', 'KIND_PROMOTION'),
('PROMOTION_COMBAT5_BEAST', 'KIND_PROMOTION'),
('PROMOTION_COMBAT5_DISCIPLE', 'KIND_PROMOTION'),
('PROMOTION_COMBAT5_MELEE', 'KIND_PROMOTION'),
('PROMOTION_COMBAT5_LIGHT_CAVALRY', 'KIND_PROMOTION'),
('PROMOTION_COMBAT5_NAVAL_MELEE', 'KIND_PROMOTION'),
('PROMOTION_COMBAT5_RECON', 'KIND_PROMOTION'),
('PROMOTION_COMBAT5_SIEGE', 'KIND_PROMOTION'),
('PROMOTION_COMMAND1_DISCIPLE', 'KIND_PROMOTION'),
('PROMOTION_COMMAND2_DISCIPLE', 'KIND_PROMOTION'),
('PROMOTION_COMMAND3_DISCIPLE', 'KIND_PROMOTION'),
('PROMOTION_COMMAND4_DISCIPLE', 'KIND_PROMOTION'),
('PROMOTION_COMMANDO_RANGED', 'KIND_PROMOTION'),
('PROMOTION_COMMANDO_BEAST', 'KIND_PROMOTION'),
('PROMOTION_COMMANDO_DISCIPLE', 'KIND_PROMOTION'),
('PROMOTION_COMMANDO_MELEE', 'KIND_PROMOTION'),
('PROMOTION_COMMANDO_LIGHT_CAVALRY', 'KIND_PROMOTION'),
('PROMOTION_COMMANDO_RECON', 'KIND_PROMOTION'),
('PROMOTION_COVER_RANGED', 'KIND_PROMOTION'),
('PROMOTION_COVER_BEAST', 'KIND_PROMOTION'),
('PROMOTION_COVER_DISCIPLE', 'KIND_PROMOTION'),
('PROMOTION_COVER_MELEE', 'KIND_PROMOTION'),
('PROMOTION_COVER_LIGHT_CAVALRY', 'KIND_PROMOTION'),
('PROMOTION_COVER_RECON', 'KIND_PROMOTION'),
('PROMOTION_COVER2_BEAST', 'KIND_PROMOTION'),
('PROMOTION_COVER2_MELEE', 'KIND_PROMOTION'),
('PROMOTION_COVER2_LIGHT_CAVALRY', 'KIND_PROMOTION'),
('PROMOTION_DEFENSIVE_RANGED', 'KIND_PROMOTION'),
('PROMOTION_DEFENSIVE_MELEE', 'KIND_PROMOTION'),
('PROMOTION_DEMON_SLAYING_BEAST', 'KIND_PROMOTION'),
('PROMOTION_DEMON_SLAYING_DISCIPLE', 'KIND_PROMOTION'),
('PROMOTION_DEMON_SLAYING_MELEE', 'KIND_PROMOTION'),
('PROMOTION_DRILL1_RANGED', 'KIND_PROMOTION'),
('PROMOTION_DRILL1_BEAST', 'KIND_PROMOTION'),
('PROMOTION_DRILL1_DISCIPLE', 'KIND_PROMOTION'),
('PROMOTION_DRILL1_MELEE', 'KIND_PROMOTION'),
('PROMOTION_DRILL1_LIGHT_CAVALRY', 'KIND_PROMOTION'),
('PROMOTION_DRILL1_NAVAL_MELEE', 'KIND_PROMOTION'),
('PROMOTION_DRILL1_RECON', 'KIND_PROMOTION'),
('PROMOTION_DRILL1_SIEGE', 'KIND_PROMOTION'),
('PROMOTION_DRILL2_RANGED', 'KIND_PROMOTION'),
('PROMOTION_DRILL2_BEAST', 'KIND_PROMOTION'),
('PROMOTION_DRILL2_DISCIPLE', 'KIND_PROMOTION'),
('PROMOTION_DRILL2_MELEE', 'KIND_PROMOTION'),
('PROMOTION_DRILL2_LIGHT_CAVALRY', 'KIND_PROMOTION'),
('PROMOTION_DRILL2_NAVAL_MELEE', 'KIND_PROMOTION'),
('PROMOTION_DRILL2_RECON', 'KIND_PROMOTION'),
('PROMOTION_DRILL2_SIEGE', 'KIND_PROMOTION'),
('PROMOTION_DRILL3_RANGED', 'KIND_PROMOTION'),
('PROMOTION_DRILL3_BEAST', 'KIND_PROMOTION'),
('PROMOTION_DRILL3_DISCIPLE', 'KIND_PROMOTION'),
('PROMOTION_DRILL3_MELEE', 'KIND_PROMOTION'),
('PROMOTION_DRILL3_LIGHT_CAVALRY', 'KIND_PROMOTION'),
('PROMOTION_DRILL3_RECON', 'KIND_PROMOTION'),
('PROMOTION_DRILL4_RANGED', 'KIND_PROMOTION'),
('PROMOTION_DRILL4_BEAST', 'KIND_PROMOTION'),
('PROMOTION_DRILL4_DISCIPLE', 'KIND_PROMOTION'),
('PROMOTION_DRILL4_MELEE', 'KIND_PROMOTION'),
('PROMOTION_DRILL4_LIGHT_CAVALRY', 'KIND_PROMOTION'),
('PROMOTION_DRILL4_RECON', 'KIND_PROMOTION'),
('PROMOTION_EXPANDED_HULL_NAVAL_MELEE', 'KIND_PROMOTION'),
('PROMOTION_EXTENSION1_ADEPT', 'KIND_PROMOTION'),
('PROMOTION_EXTENSION2_ADEPT', 'KIND_PROMOTION'),
('PROMOTION_FEAR_ADEPT', 'KIND_PROMOTION'),
('PROMOTION_FEAR_RANGED', 'KIND_PROMOTION'),
('PROMOTION_FEAR_BEAST', 'KIND_PROMOTION'),
('PROMOTION_FEAR_DISCIPLE', 'KIND_PROMOTION'),
('PROMOTION_FEAR_MELEE', 'KIND_PROMOTION'),
('PROMOTION_FEAR_LIGHT_CAVALRY', 'KIND_PROMOTION'),
('PROMOTION_FEAR_RECON', 'KIND_PROMOTION'),
('PROMOTION_FIRE_RESISTANCE_ADEPT', 'KIND_PROMOTION'),
('PROMOTION_FIRE_RESISTANCE_RANGED', 'KIND_PROMOTION'),
('PROMOTION_FIRE_RESISTANCE_BEAST', 'KIND_PROMOTION'),
('PROMOTION_FIRE_RESISTANCE_DISCIPLE', 'KIND_PROMOTION'),
('PROMOTION_FIRE_RESISTANCE_MELEE', 'KIND_PROMOTION'),
('PROMOTION_FIRE_RESISTANCE_LIGHT_CAVALRY', 'KIND_PROMOTION'),
('PROMOTION_FIRE_RESISTANCE_NAVAL_MELEE', 'KIND_PROMOTION'),
('PROMOTION_FIRE_RESISTANCE_RECON', 'KIND_PROMOTION'),
('PROMOTION_FLANKING1_LIGHT_CAVALRY', 'KIND_PROMOTION'),
('PROMOTION_FLANKING1_NAVAL_MELEE', 'KIND_PROMOTION'),
('PROMOTION_FLANKING1_RECON', 'KIND_PROMOTION'),
('PROMOTION_FLANKING2_LIGHT_CAVALRY', 'KIND_PROMOTION'),
('PROMOTION_FLANKING2_NAVAL_MELEE', 'KIND_PROMOTION'),
('PROMOTION_FLANKING3_LIGHT_CAVALRY', 'KIND_PROMOTION'),
('PROMOTION_FLANKING3_NAVAL_MELEE', 'KIND_PROMOTION'),
('PROMOTION_FORMATION_RANGED', 'KIND_PROMOTION'),
('PROMOTION_FORMATION_BEAST', 'KIND_PROMOTION'),
('PROMOTION_FORMATION_DISCIPLE', 'KIND_PROMOTION'),
('PROMOTION_FORMATION_MELEE', 'KIND_PROMOTION'),
('PROMOTION_FORMATION_LIGHT_CAVALRY', 'KIND_PROMOTION'),
('PROMOTION_FORMATION_RECON', 'KIND_PROMOTION'),
('PROMOTION_FORMATION2_RANGED', 'KIND_PROMOTION'),
('PROMOTION_FORMATION2_BEAST', 'KIND_PROMOTION'),
('PROMOTION_FORMATION2_MELEE', 'KIND_PROMOTION'),
('PROMOTION_GUARDSMAN_MELEE', 'KIND_PROMOTION'),
('PROMOTION_GUERILLA1_ANIMAL', 'KIND_PROMOTION'),
('PROMOTION_GUERILLA1_RANGED', 'KIND_PROMOTION'),
('PROMOTION_GUERILLA1_BEAST', 'KIND_PROMOTION'),
('PROMOTION_GUERILLA1_DISCIPLE', 'KIND_PROMOTION'),
('PROMOTION_GUERILLA1_MELEE', 'KIND_PROMOTION'),
('PROMOTION_GUERILLA1_RECON', 'KIND_PROMOTION'),
('PROMOTION_GUERILLA2_RANGED', 'KIND_PROMOTION'),
('PROMOTION_GUERILLA2_BEAST', 'KIND_PROMOTION'),
('PROMOTION_GUERILLA2_DISCIPLE', 'KIND_PROMOTION'),
('PROMOTION_GUERILLA2_MELEE', 'KIND_PROMOTION'),
('PROMOTION_GUERILLA2_RECON', 'KIND_PROMOTION'),
('PROMOTION_HEROIC_DEFENSE_ADEPT', 'KIND_PROMOTION'),
('PROMOTION_HEROIC_DEFENSE_ANIMAL', 'KIND_PROMOTION'),
('PROMOTION_HEROIC_DEFENSE_RANGED', 'KIND_PROMOTION'),
('PROMOTION_HEROIC_DEFENSE_BEAST', 'KIND_PROMOTION'),
('PROMOTION_HEROIC_DEFENSE_DISCIPLE', 'KIND_PROMOTION'),
('PROMOTION_HEROIC_DEFENSE_MELEE', 'KIND_PROMOTION'),
('PROMOTION_HEROIC_DEFENSE_LIGHT_CAVALRY', 'KIND_PROMOTION'),
('PROMOTION_HEROIC_DEFENSE_NAVAL_MELEE', 'KIND_PROMOTION'),
('PROMOTION_HEROIC_DEFENSE_RECON', 'KIND_PROMOTION'),
('PROMOTION_HEROIC_DEFENSE_SIEGE', 'KIND_PROMOTION'),
('PROMOTION_HEROIC_DEFENSE2_ADEPT', 'KIND_PROMOTION'),
('PROMOTION_HEROIC_DEFENSE2_ANIMAL', 'KIND_PROMOTION'),
('PROMOTION_HEROIC_DEFENSE2_RANGED', 'KIND_PROMOTION'),
('PROMOTION_HEROIC_DEFENSE2_BEAST', 'KIND_PROMOTION'),
('PROMOTION_HEROIC_DEFENSE2_DISCIPLE', 'KIND_PROMOTION'),
('PROMOTION_HEROIC_DEFENSE2_MELEE', 'KIND_PROMOTION'),
('PROMOTION_HEROIC_DEFENSE2_LIGHT_CAVALRY', 'KIND_PROMOTION'),
('PROMOTION_HEROIC_DEFENSE2_NAVAL_MELEE', 'KIND_PROMOTION'),
('PROMOTION_HEROIC_DEFENSE2_RECON', 'KIND_PROMOTION'),
('PROMOTION_HEROIC_DEFENSE2_SIEGE', 'KIND_PROMOTION'),
('PROMOTION_HEROIC_STRENGTH_ADEPT', 'KIND_PROMOTION'),
('PROMOTION_HEROIC_STRENGTH_ANIMAL', 'KIND_PROMOTION'),
('PROMOTION_HEROIC_STRENGTH_RANGED', 'KIND_PROMOTION'),
('PROMOTION_HEROIC_STRENGTH_BEAST', 'KIND_PROMOTION'),
('PROMOTION_HEROIC_STRENGTH_DISCIPLE', 'KIND_PROMOTION'),
('PROMOTION_HEROIC_STRENGTH_MELEE', 'KIND_PROMOTION'),
('PROMOTION_HEROIC_STRENGTH_LIGHT_CAVALRY', 'KIND_PROMOTION'),
('PROMOTION_HEROIC_STRENGTH_NAVAL_MELEE', 'KIND_PROMOTION'),
('PROMOTION_HEROIC_STRENGTH_RECON', 'KIND_PROMOTION'),
('PROMOTION_HEROIC_STRENGTH_SIEGE', 'KIND_PROMOTION'),
('PROMOTION_HEROIC_STRENGTH2_ADEPT', 'KIND_PROMOTION'),
('PROMOTION_HEROIC_STRENGTH2_ANIMAL', 'KIND_PROMOTION'),
('PROMOTION_HEROIC_STRENGTH2_RANGED', 'KIND_PROMOTION'),
('PROMOTION_HEROIC_STRENGTH2_BEAST', 'KIND_PROMOTION'),
('PROMOTION_HEROIC_STRENGTH2_DISCIPLE', 'KIND_PROMOTION'),
('PROMOTION_HEROIC_STRENGTH2_MELEE', 'KIND_PROMOTION'),
('PROMOTION_HEROIC_STRENGTH2_LIGHT_CAVALRY', 'KIND_PROMOTION'),
('PROMOTION_HEROIC_STRENGTH2_NAVAL_MELEE', 'KIND_PROMOTION'),
('PROMOTION_HEROIC_STRENGTH2_RECON', 'KIND_PROMOTION'),
('PROMOTION_HEROIC_STRENGTH2_SIEGE', 'KIND_PROMOTION'),
('PROMOTION_INQUISITOR_DISCIPLE', 'KIND_PROMOTION'),
('PROMOTION_KEEN_SIGHT_RANGED', 'KIND_PROMOTION'),
('PROMOTION_LIGHTNING_RESISTANCE_ADEPT', 'KIND_PROMOTION'),
('PROMOTION_LIGHTNING_RESISTANCE_RANGED', 'KIND_PROMOTION'),
('PROMOTION_LIGHTNING_RESISTANCE_BEAST', 'KIND_PROMOTION'),
('PROMOTION_LIGHTNING_RESISTANCE_DISCIPLE', 'KIND_PROMOTION'),
('PROMOTION_LIGHTNING_RESISTANCE_MELEE', 'KIND_PROMOTION'),
('PROMOTION_LIGHTNING_RESISTANCE_LIGHT_CAVALRY', 'KIND_PROMOTION'),
('PROMOTION_LIGHTNING_RESISTANCE_NAVAL_MELEE', 'KIND_PROMOTION'),
('PROMOTION_LIGHTNING_RESISTANCE_RECON', 'KIND_PROMOTION'),
('PROMOTION_MAGIC_RESISTANCE_ADEPT', 'KIND_PROMOTION'),
('PROMOTION_MAGIC_RESISTANCE_RANGED', 'KIND_PROMOTION'),
('PROMOTION_MAGIC_RESISTANCE_BEAST', 'KIND_PROMOTION'),
('PROMOTION_MAGIC_RESISTANCE_DISCIPLE', 'KIND_PROMOTION'),
('PROMOTION_MAGIC_RESISTANCE_MELEE', 'KIND_PROMOTION'),
('PROMOTION_MAGIC_RESISTANCE_LIGHT_CAVALRY', 'KIND_PROMOTION'),
('PROMOTION_MAGIC_RESISTANCE_NAVAL_MELEE', 'KIND_PROMOTION'),
('PROMOTION_MAGIC_RESISTANCE_RECON', 'KIND_PROMOTION'),
('PROMOTION_MARCH_BEAST', 'KIND_PROMOTION'),
('PROMOTION_MARCH_DISCIPLE', 'KIND_PROMOTION'),
('PROMOTION_MARCH_MELEE', 'KIND_PROMOTION'),
('PROMOTION_MARKSMAN_RANGED', 'KIND_PROMOTION'),
('PROMOTION_MARKSMAN_RECON', 'KIND_PROMOTION'),
('PROMOTION_MOBILITY1_ADEPT', 'KIND_PROMOTION'),
('PROMOTION_MOBILITY1_ANIMAL', 'KIND_PROMOTION'),
('PROMOTION_MOBILITY1_RANGED', 'KIND_PROMOTION'),
('PROMOTION_MOBILITY1_BEAST', 'KIND_PROMOTION'),
('PROMOTION_MOBILITY1_DISCIPLE', 'KIND_PROMOTION'),
('PROMOTION_MOBILITY1_MELEE', 'KIND_PROMOTION'),
('PROMOTION_MOBILITY1_LIGHT_CAVALRY', 'KIND_PROMOTION'),
('PROMOTION_MOBILITY1_RECON', 'KIND_PROMOTION'),
('PROMOTION_MOBILITY2_ANIMAL', 'KIND_PROMOTION'),
('PROMOTION_MOBILITY2_LIGHT_CAVALRY', 'KIND_PROMOTION'),
('PROMOTION_MOBILITY2_RECON', 'KIND_PROMOTION'),
('PROMOTION_NAVIGATION1_NAVAL_MELEE', 'KIND_PROMOTION'),
('PROMOTION_NAVIGATION2_NAVAL_MELEE', 'KIND_PROMOTION'),
('PROMOTION_PERFECT_SIGHT_RANGED', 'KIND_PROMOTION'),
('PROMOTION_PERFECT_SIGHT_RECON', 'KIND_PROMOTION'),
('PROMOTION_POISON_RESISTANCE_ADEPT', 'KIND_PROMOTION'),
('PROMOTION_POISON_RESISTANCE_RANGED', 'KIND_PROMOTION'),
('PROMOTION_POISON_RESISTANCE_BEAST', 'KIND_PROMOTION'),
('PROMOTION_POISON_RESISTANCE_DISCIPLE', 'KIND_PROMOTION'),
('PROMOTION_POISON_RESISTANCE_MELEE', 'KIND_PROMOTION'),
('PROMOTION_POISON_RESISTANCE_LIGHT_CAVALRY', 'KIND_PROMOTION'),
('PROMOTION_POISON_RESISTANCE_NAVAL_MELEE', 'KIND_PROMOTION'),
('PROMOTION_POISON_RESISTANCE_RECON', 'KIND_PROMOTION'),
('PROMOTION_PRECISION_RANGED', 'KIND_PROMOTION'),
('PROMOTION_SCOURGE_BEAST', 'KIND_PROMOTION'),
('PROMOTION_SCOURGE_MELEE', 'KIND_PROMOTION'),
('PROMOTION_SCOURGE_RECON', 'KIND_PROMOTION'),
('PROMOTION_SENTRY_RANGED', 'KIND_PROMOTION'),
('PROMOTION_SENTRY_BEAST', 'KIND_PROMOTION'),
('PROMOTION_SENTRY_DISCIPLE', 'KIND_PROMOTION'),
('PROMOTION_SENTRY_MELEE', 'KIND_PROMOTION'),
('PROMOTION_SENTRY_LIGHT_CAVALRY', 'KIND_PROMOTION'),
('PROMOTION_SENTRY_NAVAL_MELEE', 'KIND_PROMOTION'),
('PROMOTION_SENTRY_RECON', 'KIND_PROMOTION'),
('PROMOTION_SENTRY_SIEGE', 'KIND_PROMOTION'),
('PROMOTION_SENTRY2_RANGED', 'KIND_PROMOTION'),
('PROMOTION_SENTRY2_RECON', 'KIND_PROMOTION'),
('PROMOTION_SHOCK_RANGED', 'KIND_PROMOTION'),
('PROMOTION_SHOCK_BEAST', 'KIND_PROMOTION'),
('PROMOTION_SHOCK_DISCIPLE', 'KIND_PROMOTION'),
('PROMOTION_SHOCK_MELEE', 'KIND_PROMOTION'),
('PROMOTION_SHOCK_LIGHT_CAVALRY', 'KIND_PROMOTION'),
('PROMOTION_SHOCK_RECON', 'KIND_PROMOTION'),
('PROMOTION_SHOCK2_RANGED', 'KIND_PROMOTION'),
('PROMOTION_SHOCK2_BEAST', 'KIND_PROMOTION'),
('PROMOTION_SHOCK2_MELEE', 'KIND_PROMOTION'),
('PROMOTION_SUBDUE_ANIMAL_RECON', 'KIND_PROMOTION'),
('PROMOTION_SUBDUE_BEASTS_RECON', 'KIND_PROMOTION'),
('PROMOTION_SUMMONER_ADEPT', 'KIND_PROMOTION'),
('PROMOTION_TWINCAST_ADEPT', 'KIND_PROMOTION'),
('PROMOTION_UNDEAD_SLAYING_BEAST', 'KIND_PROMOTION'),
('PROMOTION_UNDEAD_SLAYING_DISCIPLE', 'KIND_PROMOTION'),
('PROMOTION_UNDEAD_SLAYING_MELEE', 'KIND_PROMOTION'),
('PROMOTION_WOODSMAN1_ANIMAL', 'KIND_PROMOTION'),
('PROMOTION_WOODSMAN1_BEAST', 'KIND_PROMOTION'),
('PROMOTION_WOODSMAN1_MELEE', 'KIND_PROMOTION'),
('PROMOTION_WOODSMAN1_RECON', 'KIND_PROMOTION'),
('PROMOTION_WOODSMAN2_BEAST', 'KIND_PROMOTION'),
('PROMOTION_WOODSMAN2_RECON', 'KIND_PROMOTION');