INSERT INTO Resources(ResourceType, Name, ResourceClassType, Happiness, Frequency, PrereqTech, PrereqCivic) VALUES
('RESOURCE_MANA', 'LOC_RESOURCE_MANA', 'RESOURCECLASS_MANA', '0', '6', NULL, NULL),
('RESOURCE_GUNPOWDER', 'LOC_RESOURCE_GUNPOWDER', 'RESOURCECLASS_STRATEGIC', '0', '6', 'SLTH_TECH_BLASTING_POWDER', NULL),
('RESOURCE_HORSE', 'LOC_RESOURCE_HORSE', 'RESOURCECLASS_STRATEGIC', '0', '6', 'SLTH_TECH_ANIMAL_HUSBANDRY', NULL),
('RESOURCE_MANA_DEATH', 'LOC_RESOURCE_MANA_DEATH', 'RESOURCECLASS_BONUS', '0', '6', NULL, NULL),
('RESOURCE_NIGHTMARE', 'LOC_RESOURCE_NIGHTMARE', 'RESOURCECLASS_STRATEGIC', '0', '6', 'SLTH_TECH_ANIMAL_HUSBANDRY', NULL),
('RESOURCE_MANA_FIRE', 'LOC_RESOURCE_MANA_FIRE', 'RESOURCECLASS_BONUS', '0', '6', NULL, NULL),
('RESOURCE_BANANA', 'LOC_RESOURCE_BANANA', 'RESOURCECLASS_BONUS', '0', '6', NULL, NULL),
('RESOURCE_CLAM', 'LOC_RESOURCE_CLAM', 'RESOURCECLASS_BONUS', '0', '6', NULL, NULL),
('RESOURCE_CORN', 'LOC_RESOURCE_CORN', 'RESOURCECLASS_BONUS', '0', '6', NULL, NULL),
('RESOURCE_COW', 'LOC_RESOURCE_COW', 'RESOURCECLASS_BONUS', '0', '6', NULL, NULL),
('RESOURCE_CRAB', 'LOC_RESOURCE_CRAB', 'RESOURCECLASS_BONUS', '0', '6', NULL, NULL),
('RESOURCE_PIG', 'LOC_RESOURCE_PIG', 'RESOURCECLASS_BONUS', '0', '6', NULL, NULL),
('RESOURCE_DYE', 'LOC_RESOURCE_DYE', 'RESOURCECLASS_LUXURY', '4', '6', NULL, NULL),
('RESOURCE_FUR', 'LOC_RESOURCE_FUR', 'RESOURCECLASS_LUXURY', '4', '6', NULL, NULL),
('RESOURCE_GEMS', 'LOC_RESOURCE_GEMS', 'RESOURCECLASS_LUXURY', '4', '6', NULL, NULL),
('RESOURCE_GOLD', 'LOC_RESOURCE_GOLD', 'RESOURCECLASS_LUXURY', '4', '6', NULL, NULL),
('RESOURCE_MITHRIL', 'LOC_RESOURCE_MITHRIL', 'RESOURCECLASS_STRATEGIC', '0', '6', 'SLTH_TECH_MITHRIL_WORKING', NULL),
('RESOURCE_REAGENTS', 'LOC_RESOURCE_REAGENTS', 'RESOURCECLASS_STRATEGIC', '0', '6', NULL, NULL),
('RESOURCE_WHALE', 'LOC_RESOURCE_WHALE', 'RESOURCECLASS_LUXURY', '4', '6', NULL, NULL),
('RESOURCE_FRUIT_OF_YGGDRASIL', 'LOC_RESOURCE_FRUIT_OF_YGGDRASIL', 'RESOURCECLASS_LUXURY', '4', '6', NULL, NULL),
('RESOURCE_SHEUT_STONE', 'LOC_RESOURCE_SHEUT_STONE', 'RESOURCECLASS_STRATEGIC', '0', '6', NULL, NULL),
('RESOURCE_TOAD', 'LOC_RESOURCE_TOAD', 'RESOURCECLASS_BONUS', '0', '6', NULL, NULL),
('RESOURCE_PEARL', 'LOC_RESOURCE_PEARL', 'RESOURCECLASS_LUXURY', '4', '6', NULL, NULL),
('RESOURCE_MANA_AIR', 'LOC_RESOURCE_MANA_AIR', 'RESOURCECLASS_BONUS', '0', '6', NULL, NULL),
('RESOURCE_MANA_BODY', 'LOC_RESOURCE_MANA_BODY', 'RESOURCECLASS_BONUS', '0', '6', NULL, NULL),
('RESOURCE_MANA_CHAOS', 'LOC_RESOURCE_MANA_CHAOS', 'RESOURCECLASS_BONUS', '0', '6', NULL, NULL),
('RESOURCE_MANA_EARTH', 'LOC_RESOURCE_MANA_EARTH', 'RESOURCECLASS_BONUS', '0', '6', NULL, NULL),
('RESOURCE_MANA_ENCHANTMENT', 'LOC_RESOURCE_MANA_ENCHANTMENT', 'RESOURCECLASS_LUXURY', '4', '6', NULL, NULL),
('RESOURCE_MANA_ENTROPY', 'LOC_RESOURCE_MANA_ENTROPY', 'RESOURCECLASS_BONUS', '0', '6', NULL, NULL),
('RESOURCE_MANA_ICE', 'LOC_RESOURCE_MANA_ICE', 'RESOURCECLASS_BONUS', '0', '6', NULL, NULL),
('RESOURCE_MANA_LAW', 'LOC_RESOURCE_MANA_LAW', 'RESOURCECLASS_BONUS', '0', '6', NULL, NULL),
('RESOURCE_MANA_LIFE', 'LOC_RESOURCE_MANA_LIFE', 'RESOURCECLASS_BONUS', '0', '6', NULL, NULL),
('RESOURCE_MANA_METAMAGIC', 'LOC_RESOURCE_MANA_METAMAGIC', 'RESOURCECLASS_BONUS', '0', '6', NULL, NULL),
('RESOURCE_MANA_MIND', 'LOC_RESOURCE_MANA_MIND', 'RESOURCECLASS_BONUS', '0', '6', NULL, NULL),
('RESOURCE_MANA_NATURE', 'LOC_RESOURCE_MANA_NATURE', 'RESOURCECLASS_BONUS', '0', '6', NULL, NULL),
('RESOURCE_MANA_SPIRIT', 'LOC_RESOURCE_MANA_SPIRIT', 'RESOURCECLASS_BONUS', '0', '6', NULL, NULL),
('RESOURCE_MANA_WATER', 'LOC_RESOURCE_MANA_WATER', 'RESOURCECLASS_BONUS', '0', '6', NULL, NULL),
('RESOURCE_MANA_SUN', 'LOC_RESOURCE_MANA_SUN', 'RESOURCECLASS_BONUS', '0', '6', NULL, NULL),
('RESOURCE_MANA_SHADOW', 'LOC_RESOURCE_MANA_SHADOW', 'RESOURCECLASS_BONUS', '0', '6', NULL, NULL),
('RESOURCE_GULAGARM', 'LOC_RESOURCE_GULAGARM', 'RESOURCECLASS_LUXURY', '4', '6', NULL, NULL),
('RESOURCE_ALE', 'LOC_RESOURCE_ALE', 'RESOURCECLASS_LUXURY', '4', '6', NULL, NULL),
('RESOURCE_FINE_CLOTHES', 'LOC_RESOURCE_FINE_CLOTHES', 'RESOURCECLASS_LUXURY', '4', '6', NULL, NULL),
('RESOURCE_JEWELS', 'LOC_RESOURCE_JEWELS', 'RESOURCECLASS_LUXURY', '4', '6', NULL, NULL),
('RESOURCE_RAZORWEED', 'LOC_RESOURCE_RAZORWEED', 'RESOURCECLASS_BONUS', '0', '6', NULL, NULL);

INSERT INTO Features(FeatureType, Name, SightThroughModifier, NoCoast, NoRiver, RequiresRiver, AddsFreshWater) VALUES
('FEATURE_FOREST_ANCIENT', 'LOC_SLTH_FEATURE_FOREST_ANCIENT_NAME', '1', '1', '1', '0', '0'),
('FEATURE_OBSIDIAN_PLAINS', 'LOC_SLTH_FEATURE_OBSIDIAN_PLAINS_NAME', '0', '0', '0', '1', '0'),
('FEATURE_SHALLOWS', 'LOC_SLTH_FEATURE_SHALLOWS_NAME', 0, 0, 0, 0, 0);

INSERT INTO Terrains('TerrainType', 'Name', 'Water', 'MovementCost', 'SightModifier', 'SightThroughModifier', 'Hills', 'Mountain', 'InfluenceCost') VALUES
('TERRAIN_BURNING_SANDS', 'LOC_SLTH_TERRAIN_BURNING_SANDS_NAME', '0', '2', '1', '1', '0', '0', '2'),
('TERRAIN_BROKEN_LANDS', 'LOC_SLTH_TERRAIN_BROKEN_LANDS_NAME', '0', '1', '1', '1', '0', '0', '1'),
('TERRAIN_FIELDS_OF_PERDITION', 'LOC_SLTH_TERRAIN_FIELDS_OF_PERDITION_NAME', '0', '1', '1', '1', '0', '0', '1'),
('TERRAIN_BURNING_SANDS_HILLS', 'LOC_SLTH_TERRAIN_BURNING_SANDS_NAME_HILLS', '0', '2', '1', '1', '1', '0', '2'),
('TERRAIN_BROKEN_LANDS_MOUNTAIN', 'LOC_SLTH_TERRAIN_BROKEN_LANDS_NAME_MOUNTAIN', '0', '1', '1', '1', '0', '1', '3'),
('TERRAIN_BROKEN_LANDS_HILLS', 'LOC_SLTH_TERRAIN_BROKEN_LANDS_NAME_HILLS', '0', '1', '1', '1', '1', '0', '1'),
('TERRAIN_FIELDS_OF_PERDITION_MOUNTAIN', 'LOC_SLTH_TERRAIN_FIELDS_OF_PERDITION_NAME_MOUNTAIN', '0', '1', '1', '1', '0', '1', '3'),
('TERRAIN_FIELDS_OF_PERDITION_HILLS', 'LOC_SLTH_TERRAIN_FIELDS_OF_PERDITION_NAME_HILLS', '0', '1', '1', '1', '1', '0', '1');

INSERT INTO Resource_ValidFeatures(ResourceType, FeatureType) VALUES
('RESOURCE_MANA', 'FEATURE_SHALLOWS'),
('RESOURCE_MANA', 'FEATURE_MARSH'),
('RESOURCE_PIG', 'FEATURE_JUNGLE'),
('RESOURCE_RICE', 'FEATURE_JUNGLE'),
('RESOURCE_DYE', 'FEATURE_JUNGLE'),
('RESOURCE_FUR', 'FEATURE_FOREST'),
('RESOURCE_GEMS', 'FEATURE_JUNGLE'),
('RESOURCE_SUGAR', 'FEATURE_JUNGLE'),
('RESOURCE_RAZORWEED', 'FEATURE_SHALLOWS');
INSERT INTO Resource_ValidTerrains(ResourceType, TerrainType) VALUES
('RESOURCE_MANA', 'TERRAIN_BROKEN_LANDS_HILLS'),
('RESOURCE_MANA', 'TERRAIN_BURNING_SANDS_HILLS'),
('RESOURCE_MANA', 'TERRAIN_FIELDS_OF_PERDITION_HILLS'),
('RESOURCE_MANA', 'TERRAIN_GRASS_HILLS'),
('RESOURCE_MANA', 'TERRAIN_PLAINS_HILLS'),
('RESOURCE_MANA', 'TERRAIN_DESERT_HILLS'),
('RESOURCE_MANA', 'TERRAIN_TUNDRA_HILLS'),
('RESOURCE_MANA', 'TERRAIN_SNOW_HILLS'),
('RESOURCE_GUNPOWDER', 'TERRAIN_BROKEN_LANDS_HILLS'),
('RESOURCE_GUNPOWDER', 'TERRAIN_FIELDS_OF_PERDITION_HILLS'),
('RESOURCE_GUNPOWDER', 'TERRAIN_GRASS_HILLS'),
('RESOURCE_GUNPOWDER', 'TERRAIN_PLAINS_HILLS'),
('RESOURCE_COPPER', 'TERRAIN_BROKEN_LANDS_HILLS'),
('RESOURCE_COPPER', 'TERRAIN_BURNING_SANDS_HILLS'),
('RESOURCE_COPPER', 'TERRAIN_FIELDS_OF_PERDITION_HILLS'),
('RESOURCE_HORSE', 'TERRAIN_GRASS'),
('RESOURCE_HORSE', 'TERRAIN_PLAINS'),
('RESOURCE_HORSE', 'TERRAIN_TUNDRA'),
('RESOURCE_IRON', 'TERRAIN_BROKEN_LANDS_HILLS'),
('RESOURCE_IRON', 'TERRAIN_BURNING_SANDS_HILLS'),
('RESOURCE_IRON', 'TERRAIN_FIELDS_OF_PERDITION_HILLS'),
('RESOURCE_IRON', 'TERRAIN_SNOW_HILLS'),
('RESOURCE_MARBLE', 'TERRAIN_FIELDS_OF_PERDITION_HILLS'),
('RESOURCE_MARBLE', 'TERRAIN_TUNDRA_HILLS'),
('RESOURCE_MARBLE', 'TERRAIN_SNOW_HILLS'),
('RESOURCE_CORN', 'TERRAIN_GRASS'),
('RESOURCE_COW', 'TERRAIN_GRASS'),
('RESOURCE_COW', 'TERRAIN_PLAINS'),
('RESOURCE_PIG', 'TERRAIN_GRASS_HILLS'),
('RESOURCE_FUR', 'TERRAIN_TUNDRA_HILLS'),
('RESOURCE_FUR', 'TERRAIN_SNOW_HILLS'),
('RESOURCE_GEMS', 'TERRAIN_BROKEN_LANDS_HILLS'),
('RESOURCE_GOLD', 'TERRAIN_BURNING_SANDS_HILLS'),
('RESOURCE_GOLD', 'TERRAIN_FIELDS_OF_PERDITION_HILLS'),
('RESOURCE_GOLD', 'TERRAIN_PLAINS_HILLS'),
('RESOURCE_GOLD', 'TERRAIN_DESERT_HILLS'),
('RESOURCE_INCENSE', 'TERRAIN_BURNING_SANDS_HILLS'),
('RESOURCE_INCENSE', 'TERRAIN_FIELDS_OF_PERDITION_HILLS'),
('RESOURCE_INCENSE', 'TERRAIN_PLAINS_HILLS'),
('RESOURCE_INCENSE', 'TERRAIN_DESERT_HILLS'),
('RESOURCE_MITHRIL', 'TERRAIN_BROKEN_LANDS_HILLS'),
('RESOURCE_MITHRIL', 'TERRAIN_FIELDS_OF_PERDITION_HILLS'),
('RESOURCE_MITHRIL', 'TERRAIN_GRASS_HILLS'),
('RESOURCE_MITHRIL', 'TERRAIN_PLAINS_HILLS'),
('RESOURCE_MITHRIL', 'TERRAIN_TUNDRA_HILLS'),
('RESOURCE_MITHRIL', 'TERRAIN_SNOW_HILLS'),
('RESOURCE_REAGENTS', 'TERRAIN_BROKEN_LANDS_HILLS'),
('RESOURCE_REAGENTS', 'TERRAIN_BURNING_SANDS_HILLS'),
('RESOURCE_REAGENTS', 'TERRAIN_FIELDS_OF_PERDITION_HILLS'),
('RESOURCE_REAGENTS', 'TERRAIN_GRASS_HILLS'),
('RESOURCE_REAGENTS', 'TERRAIN_PLAINS_HILLS'),
('RESOURCE_REAGENTS', 'TERRAIN_DESERT_HILLS'),
('RESOURCE_WINE', 'TERRAIN_BROKEN_LANDS_HILLS'),
('RESOURCE_WINE', 'TERRAIN_GRASS_HILLS');
INSERT INTO Resource_YieldChanges(ResourceType, YieldType, YieldChange) VALUES
('RESOURCE_GUNPOWDER', 'YIELD_PRODUCTION', '1'),
('RESOURCE_COPPER', 'YIELD_PRODUCTION', '1'),
('RESOURCE_HORSE', 'YIELD_PRODUCTION', '1'),
('RESOURCE_IRON', 'YIELD_PRODUCTION', '1'),
('RESOURCE_MARBLE', 'YIELD_PRODUCTION', '1'),
('RESOURCE_NIGHTMARE', 'YIELD_PRODUCTION', '1'),
('RESOURCE_BANANA', 'YIELD_FOOD', '1'),
('RESOURCE_CLAM', 'YIELD_FOOD', '1'),
('RESOURCE_CORN', 'YIELD_FOOD', '1'),
('RESOURCE_COW', 'YIELD_FOOD', '1'),
('RESOURCE_CRAB', 'YIELD_FOOD', '1'),
('RESOURCE_DEER', 'YIELD_FOOD', '1'),
('RESOURCE_PIG', 'YIELD_FOOD', '1'),
('RESOURCE_DYE', 'YIELD_GOLD', '1'),
('RESOURCE_FUR', 'YIELD_GOLD', '1'),
('RESOURCE_GEMS', 'YIELD_GOLD', '1'),
('RESOURCE_GOLD', 'YIELD_GOLD', '2'),
('RESOURCE_INCENSE', 'YIELD_GOLD', '1'),
('RESOURCE_SILK', 'YIELD_GOLD', '1'),
('RESOURCE_MITHRIL', 'YIELD_PRODUCTION', '2'),
('RESOURCE_REAGENTS', 'YIELD_GOLD', '1'),
('RESOURCE_WHALE', 'YIELD_FOOD', '1'),
('RESOURCE_TOAD', 'YIELD_FOOD', '1'),
('RESOURCE_PEARL', 'YIELD_GOLD', '2'),
('RESOURCE_GULAGARM', 'YIELD_FOOD', '1'),
('RESOURCE_RAZORWEED', 'YIELD_GOLD', '1');

INSERT INTO GameModifiers(ModifierId) VALUES
('MODIFIER_DEER_YIELD_FOOD_TAG_CITY_ATTACH'),
('MODIFIER_FUR_YIELD_GOLD_TAG_CITY_ATTACH'),
('MODIFIER_IVORY_YIELD_PRODUCTION_TAG_CITY_ATTACH'),
('MODIFIER_IVORY_YIELD_GOLD_TAG_CITY_ATTACH'),
('MODIFIER_CORN_YIELD_FOOD_TAG_CITY_ATTACH'),
('MODIFIER_RICE_YIELD_FOOD_TAG_CITY_ATTACH'),
('MODIFIER_WHEAT_YIELD_FOOD_TAG_CITY_ATTACH'),
('MODIFIER_CLAM_YIELD_FOOD_TAG_CITY_ATTACH'),
('MODIFIER_CRAB_YIELD_FOOD_TAG_CITY_ATTACH'),
('MODIFIER_FISH_YIELD_FOOD_TAG_CITY_ATTACH'),
('MODIFIER_PEARL_YIELD_GOLD_TAG_CITY_ATTACH'),
('MODIFIER_COPPER_YIELD_PRODUCTION_TAG_CITY_ATTACH'),
('MODIFIER_GEMS_YIELD_PRODUCTION_TAG_CITY_ATTACH'),
('MODIFIER_GEMS_YIELD_GOLD_TAG_CITY_ATTACH'),
('MODIFIER_GOLD_YIELD_PRODUCTION_TAG_CITY_ATTACH'),
('MODIFIER_GOLD_YIELD_GOLD_TAG_CITY_ATTACH'),
('MODIFIER_IRON_YIELD_PRODUCTION_TAG_CITY_ATTACH'),
('MODIFIER_MITHRIL_YIELD_PRODUCTION_TAG_CITY_ATTACH'),
('MODIFIER_GUNPOWDER_YIELD_PRODUCTION_TAG_CITY_ATTACH'),
('MODIFIER_COW_YIELD_FOOD_TAG_CITY_ATTACH'),
('MODIFIER_COW_YIELD_PRODUCTION_TAG_CITY_ATTACH'),
('MODIFIER_HORSE_YIELD_PRODUCTION_TAG_CITY_ATTACH'),
('MODIFIER_HORSE_YIELD_GOLD_TAG_CITY_ATTACH'),
('MODIFIER_PIG_YIELD_FOOD_TAG_CITY_ATTACH'),
('MODIFIER_SHEEP_YIELD_FOOD_TAG_CITY_ATTACH'),
('MODIFIER_SHEEP_YIELD_GOLD_TAG_CITY_ATTACH'),
('MODIFIER_NIGHTMARE_YIELD_PRODUCTION_TAG_CITY_ATTACH'),
('MODIFIER_NIGHTMARE_YIELD_GOLD_TAG_CITY_ATTACH'),
('MODIFIER_TOAD_YIELD_FOOD_TAG_CITY_ATTACH'),
('MODIFIER_TOAD_YIELD_GOLD_TAG_CITY_ATTACH'),
('MODIFIER_BANANA_YIELD_FOOD_TAG_CITY_ATTACH'),
('MODIFIER_DYE_YIELD_GOLD_TAG_CITY_ATTACH'),
('MODIFIER_INCENSE_YIELD_GOLD_TAG_CITY_ATTACH'),
('MODIFIER_SILK_YIELD_GOLD_TAG_CITY_ATTACH'),
('MODIFIER_REAGENTS_YIELD_FOOD_TAG_CITY_ATTACH'),
('MODIFIER_REAGENTS_YIELD_GOLD_TAG_CITY_ATTACH'),
('MODIFIER_SUGAR_YIELD_FOOD_TAG_CITY_ATTACH'),
('MODIFIER_SUGAR_YIELD_GOLD_TAG_CITY_ATTACH'),
('MODIFIER_COTTON_YIELD_GOLD_TAG_CITY_ATTACH'),
('MODIFIER_GULAGARM_YIELD_FOOD_TAG_CITY_ATTACH'),
('MODIFIER_GULAGARM_YIELD_GOLD_TAG_CITY_ATTACH'),
('MODIFIER_RAZORWEED_YIELD_GOLD_TAG_CITY_ATTACH'),
('MODIFIER_MARBLE_YIELD_PRODUCTION_TAG_CITY_ATTACH'),
('MODIFIER_MARBLE_YIELD_GOLD_TAG_CITY_ATTACH'),
('MODIFIER_SHEUT_STONE_YIELD_PRODUCTION_TAG_CITY_ATTACH'),
('MODIFIER_WHALE_YIELD_PRODUCTION_TAG_CITY_ATTACH'),
('MODIFIER_WHALE_YIELD_GOLD_TAG_CITY_ATTACH'),
('MODIFIER_WINE_YIELD_FOOD_TAG_CITY_ATTACH'),
('MODIFIER_WINE_YIELD_GOLD_TAG_CITY_ATTACH');

INSERT INTO Modifiers(ModifierId, ModifierType, RunOnce, Permanent, OwnerRequirementSetId, SubjectRequirementSetId, OwnerStackLimit, SubjectStackLimit) VALUES
('MODIFIER_DEER_YIELD_FOOD_TAG_CITY_ATTACH', 'MODIFIER_ALL_CITIES_ATTACH_MODIFIER', '0', '0', NULL, NULL, NULL, NULL),
('MODIFIER_DEER_YIELD_FOOD_TAG', 'MODIFIER_CITY_PLOT_YIELDS_ADJUST_PLOT_YIELD', '0', '0', NULL, 'PLOT_HAS_DEER_YIELD_FOOD_TAG_IMPROVED', NULL, NULL),
('MODIFIER_FUR_YIELD_GOLD_TAG_CITY_ATTACH', 'MODIFIER_ALL_CITIES_ATTACH_MODIFIER', '0', '0', NULL, NULL, NULL, NULL),
('MODIFIER_FUR_YIELD_GOLD_TAG', 'MODIFIER_CITY_PLOT_YIELDS_ADJUST_PLOT_YIELD', '0', '0', NULL, 'PLOT_HAS_FUR_YIELD_GOLD_TAG_IMPROVED', NULL, NULL),
('MODIFIER_IVORY_YIELD_PRODUCTION_TAG_CITY_ATTACH', 'MODIFIER_ALL_CITIES_ATTACH_MODIFIER', '0', '0', NULL, NULL, NULL, NULL),
('MODIFIER_IVORY_YIELD_PRODUCTION_TAG', 'MODIFIER_CITY_PLOT_YIELDS_ADJUST_PLOT_YIELD', '0', '0', NULL, 'PLOT_HAS_IVORY_YIELD_PRODUCTION_TAG_IMPROVED', NULL, NULL),
('MODIFIER_IVORY_YIELD_GOLD_TAG_CITY_ATTACH', 'MODIFIER_ALL_CITIES_ATTACH_MODIFIER', '0', '0', NULL, NULL, NULL, NULL),
('MODIFIER_IVORY_YIELD_GOLD_TAG', 'MODIFIER_CITY_PLOT_YIELDS_ADJUST_PLOT_YIELD', '0', '0', NULL, 'PLOT_HAS_IVORY_YIELD_GOLD_TAG_IMPROVED', NULL, NULL),
('MODIFIER_CORN_YIELD_FOOD_TAG_CITY_ATTACH', 'MODIFIER_ALL_CITIES_ATTACH_MODIFIER', '0', '0', NULL, NULL, NULL, NULL),
('MODIFIER_CORN_YIELD_FOOD_TAG', 'MODIFIER_CITY_PLOT_YIELDS_ADJUST_PLOT_YIELD', '0', '0', NULL, 'PLOT_HAS_CORN_YIELD_FOOD_TAG_IMPROVED', NULL, NULL),
('MODIFIER_RICE_YIELD_FOOD_TAG_CITY_ATTACH', 'MODIFIER_ALL_CITIES_ATTACH_MODIFIER', '0', '0', NULL, NULL, NULL, NULL),
('MODIFIER_RICE_YIELD_FOOD_TAG', 'MODIFIER_CITY_PLOT_YIELDS_ADJUST_PLOT_YIELD', '0', '0', NULL, 'PLOT_HAS_RICE_YIELD_FOOD_TAG_IMPROVED', NULL, NULL),
('MODIFIER_WHEAT_YIELD_FOOD_TAG_CITY_ATTACH', 'MODIFIER_ALL_CITIES_ATTACH_MODIFIER', '0', '0', NULL, NULL, NULL, NULL),
('MODIFIER_WHEAT_YIELD_FOOD_TAG', 'MODIFIER_CITY_PLOT_YIELDS_ADJUST_PLOT_YIELD', '0', '0', NULL, 'PLOT_HAS_WHEAT_YIELD_FOOD_TAG_IMPROVED', NULL, NULL),
('MODIFIER_CLAM_YIELD_FOOD_TAG_CITY_ATTACH', 'MODIFIER_ALL_CITIES_ATTACH_MODIFIER', '0', '0', NULL, NULL, NULL, NULL),
('MODIFIER_CLAM_YIELD_FOOD_TAG', 'MODIFIER_CITY_PLOT_YIELDS_ADJUST_PLOT_YIELD', '0', '0', NULL, 'PLOT_HAS_CLAM_YIELD_FOOD_TAG_IMPROVED', NULL, NULL),
('MODIFIER_CRAB_YIELD_FOOD_TAG_CITY_ATTACH', 'MODIFIER_ALL_CITIES_ATTACH_MODIFIER', '0', '0', NULL, NULL, NULL, NULL),
('MODIFIER_CRAB_YIELD_FOOD_TAG', 'MODIFIER_CITY_PLOT_YIELDS_ADJUST_PLOT_YIELD', '0', '0', NULL, 'PLOT_HAS_CRAB_YIELD_FOOD_TAG_IMPROVED', NULL, NULL),
('MODIFIER_FISH_YIELD_FOOD_TAG_CITY_ATTACH', 'MODIFIER_ALL_CITIES_ATTACH_MODIFIER', '0', '0', NULL, NULL, NULL, NULL),
('MODIFIER_FISH_YIELD_FOOD_TAG', 'MODIFIER_CITY_PLOT_YIELDS_ADJUST_PLOT_YIELD', '0', '0', NULL, 'PLOT_HAS_FISH_YIELD_FOOD_TAG_IMPROVED', NULL, NULL),
('MODIFIER_PEARL_YIELD_GOLD_TAG_CITY_ATTACH', 'MODIFIER_ALL_CITIES_ATTACH_MODIFIER', '0', '0', NULL, NULL, NULL, NULL),
('MODIFIER_PEARL_YIELD_GOLD_TAG', 'MODIFIER_CITY_PLOT_YIELDS_ADJUST_PLOT_YIELD', '0', '0', NULL, 'PLOT_HAS_PEARL_YIELD_GOLD_TAG_IMPROVED', NULL, NULL),
('MODIFIER_COPPER_YIELD_PRODUCTION_TAG_CITY_ATTACH', 'MODIFIER_ALL_CITIES_ATTACH_MODIFIER', '0', '0', NULL, NULL, NULL, NULL),
('MODIFIER_COPPER_YIELD_PRODUCTION_TAG', 'MODIFIER_CITY_PLOT_YIELDS_ADJUST_PLOT_YIELD', '0', '0', NULL, 'PLOT_HAS_COPPER_YIELD_PRODUCTION_TAG_IMPROVED', NULL, NULL),
('MODIFIER_GEMS_YIELD_PRODUCTION_TAG_CITY_ATTACH', 'MODIFIER_ALL_CITIES_ATTACH_MODIFIER', '0', '0', NULL, NULL, NULL, NULL),
('MODIFIER_GEMS_YIELD_PRODUCTION_TAG', 'MODIFIER_CITY_PLOT_YIELDS_ADJUST_PLOT_YIELD', '0', '0', NULL, 'PLOT_HAS_GEMS_YIELD_PRODUCTION_TAG_IMPROVED', NULL, NULL),
('MODIFIER_GEMS_YIELD_GOLD_TAG_CITY_ATTACH', 'MODIFIER_ALL_CITIES_ATTACH_MODIFIER', '0', '0', NULL, NULL, NULL, NULL),
('MODIFIER_GEMS_YIELD_GOLD_TAG', 'MODIFIER_CITY_PLOT_YIELDS_ADJUST_PLOT_YIELD', '0', '0', NULL, 'PLOT_HAS_GEMS_YIELD_GOLD_TAG_IMPROVED', NULL, NULL),
('MODIFIER_GOLD_YIELD_PRODUCTION_TAG_CITY_ATTACH', 'MODIFIER_ALL_CITIES_ATTACH_MODIFIER', '0', '0', NULL, NULL, NULL, NULL),
('MODIFIER_GOLD_YIELD_PRODUCTION_TAG', 'MODIFIER_CITY_PLOT_YIELDS_ADJUST_PLOT_YIELD', '0', '0', NULL, 'PLOT_HAS_GOLD_YIELD_PRODUCTION_TAG_IMPROVED', NULL, NULL),
('MODIFIER_GOLD_YIELD_GOLD_TAG_CITY_ATTACH', 'MODIFIER_ALL_CITIES_ATTACH_MODIFIER', '0', '0', NULL, NULL, NULL, NULL),
('MODIFIER_GOLD_YIELD_GOLD_TAG', 'MODIFIER_CITY_PLOT_YIELDS_ADJUST_PLOT_YIELD', '0', '0', NULL, 'PLOT_HAS_GOLD_YIELD_GOLD_TAG_IMPROVED', NULL, NULL),
('MODIFIER_IRON_YIELD_PRODUCTION_TAG_CITY_ATTACH', 'MODIFIER_ALL_CITIES_ATTACH_MODIFIER', '0', '0', NULL, NULL, NULL, NULL),
('MODIFIER_IRON_YIELD_PRODUCTION_TAG', 'MODIFIER_CITY_PLOT_YIELDS_ADJUST_PLOT_YIELD', '0', '0', NULL, 'PLOT_HAS_IRON_YIELD_PRODUCTION_TAG_IMPROVED', NULL, NULL),
('MODIFIER_MITHRIL_YIELD_PRODUCTION_TAG_CITY_ATTACH', 'MODIFIER_ALL_CITIES_ATTACH_MODIFIER', '0', '0', NULL, NULL, NULL, NULL),
('MODIFIER_MITHRIL_YIELD_PRODUCTION_TAG', 'MODIFIER_CITY_PLOT_YIELDS_ADJUST_PLOT_YIELD', '0', '0', NULL, 'PLOT_HAS_MITHRIL_YIELD_PRODUCTION_TAG_IMPROVED', NULL, NULL),
('MODIFIER_GUNPOWDER_YIELD_PRODUCTION_TAG_CITY_ATTACH', 'MODIFIER_ALL_CITIES_ATTACH_MODIFIER', '0', '0', NULL, NULL, NULL, NULL),
('MODIFIER_GUNPOWDER_YIELD_PRODUCTION_TAG', 'MODIFIER_CITY_PLOT_YIELDS_ADJUST_PLOT_YIELD', '0', '0', NULL, 'PLOT_HAS_GUNPOWDER_YIELD_PRODUCTION_TAG_IMPROVED', NULL, NULL),
('MODIFIER_COW_YIELD_FOOD_TAG_CITY_ATTACH', 'MODIFIER_ALL_CITIES_ATTACH_MODIFIER', '0', '0', NULL, NULL, NULL, NULL),
('MODIFIER_COW_YIELD_FOOD_TAG', 'MODIFIER_CITY_PLOT_YIELDS_ADJUST_PLOT_YIELD', '0', '0', NULL, 'PLOT_HAS_COW_YIELD_FOOD_TAG_IMPROVED', NULL, NULL),
('MODIFIER_COW_YIELD_PRODUCTION_TAG_CITY_ATTACH', 'MODIFIER_ALL_CITIES_ATTACH_MODIFIER', '0', '0', NULL, NULL, NULL, NULL),
('MODIFIER_COW_YIELD_PRODUCTION_TAG', 'MODIFIER_CITY_PLOT_YIELDS_ADJUST_PLOT_YIELD', '0', '0', NULL, 'PLOT_HAS_COW_YIELD_PRODUCTION_TAG_IMPROVED', NULL, NULL),
('MODIFIER_HORSE_YIELD_PRODUCTION_TAG_CITY_ATTACH', 'MODIFIER_ALL_CITIES_ATTACH_MODIFIER', '0', '0', NULL, NULL, NULL, NULL),
('MODIFIER_HORSE_YIELD_PRODUCTION_TAG', 'MODIFIER_CITY_PLOT_YIELDS_ADJUST_PLOT_YIELD', '0', '0', NULL, 'PLOT_HAS_HORSE_YIELD_PRODUCTION_TAG_IMPROVED', NULL, NULL),
('MODIFIER_HORSE_YIELD_GOLD_TAG_CITY_ATTACH', 'MODIFIER_ALL_CITIES_ATTACH_MODIFIER', '0', '0', NULL, NULL, NULL, NULL),
('MODIFIER_HORSE_YIELD_GOLD_TAG', 'MODIFIER_CITY_PLOT_YIELDS_ADJUST_PLOT_YIELD', '0', '0', NULL, 'PLOT_HAS_HORSE_YIELD_GOLD_TAG_IMPROVED', NULL, NULL),
('MODIFIER_PIG_YIELD_FOOD_TAG_CITY_ATTACH', 'MODIFIER_ALL_CITIES_ATTACH_MODIFIER', '0', '0', NULL, NULL, NULL, NULL),
('MODIFIER_PIG_YIELD_FOOD_TAG', 'MODIFIER_CITY_PLOT_YIELDS_ADJUST_PLOT_YIELD', '0', '0', NULL, 'PLOT_HAS_PIG_YIELD_FOOD_TAG_IMPROVED', NULL, NULL),
('MODIFIER_SHEEP_YIELD_FOOD_TAG_CITY_ATTACH', 'MODIFIER_ALL_CITIES_ATTACH_MODIFIER', '0', '0', NULL, NULL, NULL, NULL),
('MODIFIER_SHEEP_YIELD_FOOD_TAG', 'MODIFIER_CITY_PLOT_YIELDS_ADJUST_PLOT_YIELD', '0', '0', NULL, 'PLOT_HAS_SHEEP_YIELD_FOOD_TAG_IMPROVED', NULL, NULL),
('MODIFIER_SHEEP_YIELD_GOLD_TAG_CITY_ATTACH', 'MODIFIER_ALL_CITIES_ATTACH_MODIFIER', '0', '0', NULL, NULL, NULL, NULL),
('MODIFIER_SHEEP_YIELD_GOLD_TAG', 'MODIFIER_CITY_PLOT_YIELDS_ADJUST_PLOT_YIELD', '0', '0', NULL, 'PLOT_HAS_SHEEP_YIELD_GOLD_TAG_IMPROVED', NULL, NULL),
('MODIFIER_NIGHTMARE_YIELD_PRODUCTION_TAG_CITY_ATTACH', 'MODIFIER_ALL_CITIES_ATTACH_MODIFIER', '0', '0', NULL, NULL, NULL, NULL),
('MODIFIER_NIGHTMARE_YIELD_PRODUCTION_TAG', 'MODIFIER_CITY_PLOT_YIELDS_ADJUST_PLOT_YIELD', '0', '0', NULL, 'PLOT_HAS_NIGHTMARE_YIELD_PRODUCTION_TAG_IMPROVED', NULL, NULL),
('MODIFIER_NIGHTMARE_YIELD_GOLD_TAG_CITY_ATTACH', 'MODIFIER_ALL_CITIES_ATTACH_MODIFIER', '0', '0', NULL, NULL, NULL, NULL),
('MODIFIER_NIGHTMARE_YIELD_GOLD_TAG', 'MODIFIER_CITY_PLOT_YIELDS_ADJUST_PLOT_YIELD', '0', '0', NULL, 'PLOT_HAS_NIGHTMARE_YIELD_GOLD_TAG_IMPROVED', NULL, NULL),
('MODIFIER_TOAD_YIELD_FOOD_TAG_CITY_ATTACH', 'MODIFIER_ALL_CITIES_ATTACH_MODIFIER', '0', '0', NULL, NULL, NULL, NULL),
('MODIFIER_TOAD_YIELD_FOOD_TAG', 'MODIFIER_CITY_PLOT_YIELDS_ADJUST_PLOT_YIELD', '0', '0', NULL, 'PLOT_HAS_TOAD_YIELD_FOOD_TAG_IMPROVED', NULL, NULL),
('MODIFIER_TOAD_YIELD_GOLD_TAG_CITY_ATTACH', 'MODIFIER_ALL_CITIES_ATTACH_MODIFIER', '0', '0', NULL, NULL, NULL, NULL),
('MODIFIER_TOAD_YIELD_GOLD_TAG', 'MODIFIER_CITY_PLOT_YIELDS_ADJUST_PLOT_YIELD', '0', '0', NULL, 'PLOT_HAS_TOAD_YIELD_GOLD_TAG_IMPROVED', NULL, NULL),
('MODIFIER_BANANA_YIELD_FOOD_TAG_CITY_ATTACH', 'MODIFIER_ALL_CITIES_ATTACH_MODIFIER', '0', '0', NULL, NULL, NULL, NULL),
('MODIFIER_BANANA_YIELD_FOOD_TAG', 'MODIFIER_CITY_PLOT_YIELDS_ADJUST_PLOT_YIELD', '0', '0', NULL, 'PLOT_HAS_BANANA_YIELD_FOOD_TAG_IMPROVED', NULL, NULL),
('MODIFIER_DYE_YIELD_GOLD_TAG_CITY_ATTACH', 'MODIFIER_ALL_CITIES_ATTACH_MODIFIER', '0', '0', NULL, NULL, NULL, NULL),
('MODIFIER_DYE_YIELD_GOLD_TAG', 'MODIFIER_CITY_PLOT_YIELDS_ADJUST_PLOT_YIELD', '0', '0', NULL, 'PLOT_HAS_DYE_YIELD_GOLD_TAG_IMPROVED', NULL, NULL),
('MODIFIER_INCENSE_YIELD_GOLD_TAG_CITY_ATTACH', 'MODIFIER_ALL_CITIES_ATTACH_MODIFIER', '0', '0', NULL, NULL, NULL, NULL),
('MODIFIER_INCENSE_YIELD_GOLD_TAG', 'MODIFIER_CITY_PLOT_YIELDS_ADJUST_PLOT_YIELD', '0', '0', NULL, 'PLOT_HAS_INCENSE_YIELD_GOLD_TAG_IMPROVED', NULL, NULL),
('MODIFIER_SILK_YIELD_GOLD_TAG_CITY_ATTACH', 'MODIFIER_ALL_CITIES_ATTACH_MODIFIER', '0', '0', NULL, NULL, NULL, NULL),
('MODIFIER_SILK_YIELD_GOLD_TAG', 'MODIFIER_CITY_PLOT_YIELDS_ADJUST_PLOT_YIELD', '0', '0', NULL, 'PLOT_HAS_SILK_YIELD_GOLD_TAG_IMPROVED', NULL, NULL),
('MODIFIER_REAGENTS_YIELD_FOOD_TAG_CITY_ATTACH', 'MODIFIER_ALL_CITIES_ATTACH_MODIFIER', '0', '0', NULL, NULL, NULL, NULL),
('MODIFIER_REAGENTS_YIELD_FOOD_TAG', 'MODIFIER_CITY_PLOT_YIELDS_ADJUST_PLOT_YIELD', '0', '0', NULL, 'PLOT_HAS_REAGENTS_YIELD_FOOD_TAG_IMPROVED', NULL, NULL),
('MODIFIER_REAGENTS_YIELD_GOLD_TAG_CITY_ATTACH', 'MODIFIER_ALL_CITIES_ATTACH_MODIFIER', '0', '0', NULL, NULL, NULL, NULL),
('MODIFIER_REAGENTS_YIELD_GOLD_TAG', 'MODIFIER_CITY_PLOT_YIELDS_ADJUST_PLOT_YIELD', '0', '0', NULL, 'PLOT_HAS_REAGENTS_YIELD_GOLD_TAG_IMPROVED', NULL, NULL),
('MODIFIER_SUGAR_YIELD_FOOD_TAG_CITY_ATTACH', 'MODIFIER_ALL_CITIES_ATTACH_MODIFIER', '0', '0', NULL, NULL, NULL, NULL),
('MODIFIER_SUGAR_YIELD_FOOD_TAG', 'MODIFIER_CITY_PLOT_YIELDS_ADJUST_PLOT_YIELD', '0', '0', NULL, 'PLOT_HAS_SUGAR_YIELD_FOOD_TAG_IMPROVED', NULL, NULL),
('MODIFIER_SUGAR_YIELD_GOLD_TAG_CITY_ATTACH', 'MODIFIER_ALL_CITIES_ATTACH_MODIFIER', '0', '0', NULL, NULL, NULL, NULL),
('MODIFIER_SUGAR_YIELD_GOLD_TAG', 'MODIFIER_CITY_PLOT_YIELDS_ADJUST_PLOT_YIELD', '0', '0', NULL, 'PLOT_HAS_SUGAR_YIELD_GOLD_TAG_IMPROVED', NULL, NULL),
('MODIFIER_COTTON_YIELD_GOLD_TAG_CITY_ATTACH', 'MODIFIER_ALL_CITIES_ATTACH_MODIFIER', '0', '0', NULL, NULL, NULL, NULL),
('MODIFIER_COTTON_YIELD_GOLD_TAG', 'MODIFIER_CITY_PLOT_YIELDS_ADJUST_PLOT_YIELD', '0', '0', NULL, 'PLOT_HAS_COTTON_YIELD_GOLD_TAG_IMPROVED', NULL, NULL),
('MODIFIER_GULAGARM_YIELD_FOOD_TAG_CITY_ATTACH', 'MODIFIER_ALL_CITIES_ATTACH_MODIFIER', '0', '0', NULL, NULL, NULL, NULL),
('MODIFIER_GULAGARM_YIELD_FOOD_TAG', 'MODIFIER_CITY_PLOT_YIELDS_ADJUST_PLOT_YIELD', '0', '0', NULL, 'PLOT_HAS_GULAGARM_YIELD_FOOD_TAG_IMPROVED', NULL, NULL),
('MODIFIER_GULAGARM_YIELD_GOLD_TAG_CITY_ATTACH', 'MODIFIER_ALL_CITIES_ATTACH_MODIFIER', '0', '0', NULL, NULL, NULL, NULL),
('MODIFIER_GULAGARM_YIELD_GOLD_TAG', 'MODIFIER_CITY_PLOT_YIELDS_ADJUST_PLOT_YIELD', '0', '0', NULL, 'PLOT_HAS_GULAGARM_YIELD_GOLD_TAG_IMPROVED', NULL, NULL),
('MODIFIER_RAZORWEED_YIELD_GOLD_TAG_CITY_ATTACH', 'MODIFIER_ALL_CITIES_ATTACH_MODIFIER', '0', '0', NULL, NULL, NULL, NULL),
('MODIFIER_RAZORWEED_YIELD_GOLD_TAG', 'MODIFIER_CITY_PLOT_YIELDS_ADJUST_PLOT_YIELD', '0', '0', NULL, 'PLOT_HAS_RAZORWEED_YIELD_GOLD_TAG_IMPROVED', NULL, NULL),
('MODIFIER_MARBLE_YIELD_PRODUCTION_TAG_CITY_ATTACH', 'MODIFIER_ALL_CITIES_ATTACH_MODIFIER', '0', '0', NULL, NULL, NULL, NULL),
('MODIFIER_MARBLE_YIELD_PRODUCTION_TAG', 'MODIFIER_CITY_PLOT_YIELDS_ADJUST_PLOT_YIELD', '0', '0', NULL, 'PLOT_HAS_MARBLE_YIELD_PRODUCTION_TAG_IMPROVED', NULL, NULL),
('MODIFIER_MARBLE_YIELD_GOLD_TAG_CITY_ATTACH', 'MODIFIER_ALL_CITIES_ATTACH_MODIFIER', '0', '0', NULL, NULL, NULL, NULL),
('MODIFIER_MARBLE_YIELD_GOLD_TAG', 'MODIFIER_CITY_PLOT_YIELDS_ADJUST_PLOT_YIELD', '0', '0', NULL, 'PLOT_HAS_MARBLE_YIELD_GOLD_TAG_IMPROVED', NULL, NULL),
('MODIFIER_SHEUT_STONE_YIELD_PRODUCTION_TAG_CITY_ATTACH', 'MODIFIER_ALL_CITIES_ATTACH_MODIFIER', '0', '0', NULL, NULL, NULL, NULL),
('MODIFIER_SHEUT_STONE_YIELD_PRODUCTION_TAG', 'MODIFIER_CITY_PLOT_YIELDS_ADJUST_PLOT_YIELD', '0', '0', NULL, 'PLOT_HAS_SHEUT_STONE_YIELD_PRODUCTION_TAG_IMPROVED', NULL, NULL),
('MODIFIER_WHALE_YIELD_PRODUCTION_TAG_CITY_ATTACH', 'MODIFIER_ALL_CITIES_ATTACH_MODIFIER', '0', '0', NULL, NULL, NULL, NULL),
('MODIFIER_WHALE_YIELD_PRODUCTION_TAG', 'MODIFIER_CITY_PLOT_YIELDS_ADJUST_PLOT_YIELD', '0', '0', NULL, 'PLOT_HAS_WHALE_YIELD_PRODUCTION_TAG_IMPROVED', NULL, NULL),
('MODIFIER_WHALE_YIELD_GOLD_TAG_CITY_ATTACH', 'MODIFIER_ALL_CITIES_ATTACH_MODIFIER', '0', '0', NULL, NULL, NULL, NULL),
('MODIFIER_WHALE_YIELD_GOLD_TAG', 'MODIFIER_CITY_PLOT_YIELDS_ADJUST_PLOT_YIELD', '0', '0', NULL, 'PLOT_HAS_WHALE_YIELD_GOLD_TAG_IMPROVED', NULL, NULL),
('MODIFIER_WINE_YIELD_FOOD_TAG_CITY_ATTACH', 'MODIFIER_ALL_CITIES_ATTACH_MODIFIER', '0', '0', NULL, NULL, NULL, NULL),
('MODIFIER_WINE_YIELD_FOOD_TAG', 'MODIFIER_CITY_PLOT_YIELDS_ADJUST_PLOT_YIELD', '0', '0', NULL, 'PLOT_HAS_WINE_YIELD_FOOD_TAG_IMPROVED', NULL, NULL),
('MODIFIER_WINE_YIELD_GOLD_TAG_CITY_ATTACH', 'MODIFIER_ALL_CITIES_ATTACH_MODIFIER', '0', '0', NULL, NULL, NULL, NULL),
('MODIFIER_WINE_YIELD_GOLD_TAG', 'MODIFIER_CITY_PLOT_YIELDS_ADJUST_PLOT_YIELD', '0', '0', NULL, 'PLOT_HAS_WINE_YIELD_GOLD_TAG_IMPROVED', NULL, NULL);

INSERT INTO ModifierArguments(ModifierId, Name, Type, Value, Extra, SecondExtra) VALUES
('MODIFIER_DEER_YIELD_FOOD_TAG_CITY_ATTACH', 'ModifierId', 'ARGTYPE_IDENTITY', 'MODIFIER_DEER_YIELD_FOOD_TAG', NULL, NULL),
('MODIFIER_DEER_YIELD_FOOD_TAG', 'YieldType', 'ARGTYPE_IDENTITY', 'YIELD_FOOD', NULL, NULL),
('MODIFIER_DEER_YIELD_FOOD_TAG', 'Amount', 'ARGTYPE_IDENTITY', '2', NULL, NULL),
('MODIFIER_FUR_YIELD_GOLD_TAG_CITY_ATTACH', 'ModifierId', 'ARGTYPE_IDENTITY', 'MODIFIER_FUR_YIELD_GOLD_TAG', NULL, NULL),
('MODIFIER_FUR_YIELD_GOLD_TAG', 'YieldType', 'ARGTYPE_IDENTITY', 'YIELD_GOLD', NULL, NULL),
('MODIFIER_FUR_YIELD_GOLD_TAG', 'Amount', 'ARGTYPE_IDENTITY', '3', NULL, NULL),
('MODIFIER_IVORY_YIELD_PRODUCTION_TAG_CITY_ATTACH', 'ModifierId', 'ARGTYPE_IDENTITY', 'MODIFIER_IVORY_YIELD_PRODUCTION_TAG', NULL, NULL),
('MODIFIER_IVORY_YIELD_PRODUCTION_TAG', 'YieldType', 'ARGTYPE_IDENTITY', 'YIELD_PRODUCTION', NULL, NULL),
('MODIFIER_IVORY_YIELD_PRODUCTION_TAG', 'Amount', 'ARGTYPE_IDENTITY', '1', NULL, NULL),
('MODIFIER_IVORY_YIELD_GOLD_TAG_CITY_ATTACH', 'ModifierId', 'ARGTYPE_IDENTITY', 'MODIFIER_IVORY_YIELD_GOLD_TAG', NULL, NULL),
('MODIFIER_IVORY_YIELD_GOLD_TAG', 'YieldType', 'ARGTYPE_IDENTITY', 'YIELD_GOLD', NULL, NULL),
('MODIFIER_IVORY_YIELD_GOLD_TAG', 'Amount', 'ARGTYPE_IDENTITY', '1', NULL, NULL),
('MODIFIER_CORN_YIELD_FOOD_TAG_CITY_ATTACH', 'ModifierId', 'ARGTYPE_IDENTITY', 'MODIFIER_CORN_YIELD_FOOD_TAG', NULL, NULL),
('MODIFIER_CORN_YIELD_FOOD_TAG', 'YieldType', 'ARGTYPE_IDENTITY', 'YIELD_FOOD', NULL, NULL),
('MODIFIER_CORN_YIELD_FOOD_TAG', 'Amount', 'ARGTYPE_IDENTITY', '2', NULL, NULL),
('MODIFIER_RICE_YIELD_FOOD_TAG_CITY_ATTACH', 'ModifierId', 'ARGTYPE_IDENTITY', 'MODIFIER_RICE_YIELD_FOOD_TAG', NULL, NULL),
('MODIFIER_RICE_YIELD_FOOD_TAG', 'YieldType', 'ARGTYPE_IDENTITY', 'YIELD_FOOD', NULL, NULL),
('MODIFIER_RICE_YIELD_FOOD_TAG', 'Amount', 'ARGTYPE_IDENTITY', '1', NULL, NULL),
('MODIFIER_WHEAT_YIELD_FOOD_TAG_CITY_ATTACH', 'ModifierId', 'ARGTYPE_IDENTITY', 'MODIFIER_WHEAT_YIELD_FOOD_TAG', NULL, NULL),
('MODIFIER_WHEAT_YIELD_FOOD_TAG', 'YieldType', 'ARGTYPE_IDENTITY', 'YIELD_FOOD', NULL, NULL),
('MODIFIER_WHEAT_YIELD_FOOD_TAG', 'Amount', 'ARGTYPE_IDENTITY', '2', NULL, NULL),
('MODIFIER_CLAM_YIELD_FOOD_TAG_CITY_ATTACH', 'ModifierId', 'ARGTYPE_IDENTITY', 'MODIFIER_CLAM_YIELD_FOOD_TAG', NULL, NULL),
('MODIFIER_CLAM_YIELD_FOOD_TAG', 'YieldType', 'ARGTYPE_IDENTITY', 'YIELD_FOOD', NULL, NULL),
('MODIFIER_CLAM_YIELD_FOOD_TAG', 'Amount', 'ARGTYPE_IDENTITY', '2', NULL, NULL),
('MODIFIER_CRAB_YIELD_FOOD_TAG_CITY_ATTACH', 'ModifierId', 'ARGTYPE_IDENTITY', 'MODIFIER_CRAB_YIELD_FOOD_TAG', NULL, NULL),
('MODIFIER_CRAB_YIELD_FOOD_TAG', 'YieldType', 'ARGTYPE_IDENTITY', 'YIELD_FOOD', NULL, NULL),
('MODIFIER_CRAB_YIELD_FOOD_TAG', 'Amount', 'ARGTYPE_IDENTITY', '2', NULL, NULL),
('MODIFIER_FISH_YIELD_FOOD_TAG_CITY_ATTACH', 'ModifierId', 'ARGTYPE_IDENTITY', 'MODIFIER_FISH_YIELD_FOOD_TAG', NULL, NULL),
('MODIFIER_FISH_YIELD_FOOD_TAG', 'YieldType', 'ARGTYPE_IDENTITY', 'YIELD_FOOD', NULL, NULL),
('MODIFIER_FISH_YIELD_FOOD_TAG', 'Amount', 'ARGTYPE_IDENTITY', '3', NULL, NULL),
('MODIFIER_PEARL_YIELD_GOLD_TAG_CITY_ATTACH', 'ModifierId', 'ARGTYPE_IDENTITY', 'MODIFIER_PEARL_YIELD_GOLD_TAG', NULL, NULL),
('MODIFIER_PEARL_YIELD_GOLD_TAG', 'YieldType', 'ARGTYPE_IDENTITY', 'YIELD_GOLD', NULL, NULL),
('MODIFIER_PEARL_YIELD_GOLD_TAG', 'Amount', 'ARGTYPE_IDENTITY', '2', NULL, NULL),
('MODIFIER_COPPER_YIELD_PRODUCTION_TAG_CITY_ATTACH', 'ModifierId', 'ARGTYPE_IDENTITY', 'MODIFIER_COPPER_YIELD_PRODUCTION_TAG', NULL, NULL),
('MODIFIER_COPPER_YIELD_PRODUCTION_TAG', 'YieldType', 'ARGTYPE_IDENTITY', 'YIELD_PRODUCTION', NULL, NULL),
('MODIFIER_COPPER_YIELD_PRODUCTION_TAG', 'Amount', 'ARGTYPE_IDENTITY', '1', NULL, NULL),
('MODIFIER_GEMS_YIELD_PRODUCTION_TAG_CITY_ATTACH', 'ModifierId', 'ARGTYPE_IDENTITY', 'MODIFIER_GEMS_YIELD_PRODUCTION_TAG', NULL, NULL),
('MODIFIER_GEMS_YIELD_PRODUCTION_TAG', 'YieldType', 'ARGTYPE_IDENTITY', 'YIELD_PRODUCTION', NULL, NULL),
('MODIFIER_GEMS_YIELD_PRODUCTION_TAG', 'Amount', 'ARGTYPE_IDENTITY', '-1', NULL, NULL),
('MODIFIER_GEMS_YIELD_GOLD_TAG_CITY_ATTACH', 'ModifierId', 'ARGTYPE_IDENTITY', 'MODIFIER_GEMS_YIELD_GOLD_TAG', NULL, NULL),
('MODIFIER_GEMS_YIELD_GOLD_TAG', 'YieldType', 'ARGTYPE_IDENTITY', 'YIELD_GOLD', NULL, NULL),
('MODIFIER_GEMS_YIELD_GOLD_TAG', 'Amount', 'ARGTYPE_IDENTITY', '5', NULL, NULL),
('MODIFIER_GOLD_YIELD_PRODUCTION_TAG_CITY_ATTACH', 'ModifierId', 'ARGTYPE_IDENTITY', 'MODIFIER_GOLD_YIELD_PRODUCTION_TAG', NULL, NULL),
('MODIFIER_GOLD_YIELD_PRODUCTION_TAG', 'YieldType', 'ARGTYPE_IDENTITY', 'YIELD_PRODUCTION', NULL, NULL),
('MODIFIER_GOLD_YIELD_PRODUCTION_TAG', 'Amount', 'ARGTYPE_IDENTITY', '-1', NULL, NULL),
('MODIFIER_GOLD_YIELD_GOLD_TAG_CITY_ATTACH', 'ModifierId', 'ARGTYPE_IDENTITY', 'MODIFIER_GOLD_YIELD_GOLD_TAG', NULL, NULL),
('MODIFIER_GOLD_YIELD_GOLD_TAG', 'YieldType', 'ARGTYPE_IDENTITY', 'YIELD_GOLD', NULL, NULL),
('MODIFIER_GOLD_YIELD_GOLD_TAG', 'Amount', 'ARGTYPE_IDENTITY', '6', NULL, NULL),
('MODIFIER_IRON_YIELD_PRODUCTION_TAG_CITY_ATTACH', 'ModifierId', 'ARGTYPE_IDENTITY', 'MODIFIER_IRON_YIELD_PRODUCTION_TAG', NULL, NULL),
('MODIFIER_IRON_YIELD_PRODUCTION_TAG', 'YieldType', 'ARGTYPE_IDENTITY', 'YIELD_PRODUCTION', NULL, NULL),
('MODIFIER_IRON_YIELD_PRODUCTION_TAG', 'Amount', 'ARGTYPE_IDENTITY', '1', NULL, NULL),
('MODIFIER_MITHRIL_YIELD_PRODUCTION_TAG_CITY_ATTACH', 'ModifierId', 'ARGTYPE_IDENTITY', 'MODIFIER_MITHRIL_YIELD_PRODUCTION_TAG', NULL, NULL),
('MODIFIER_MITHRIL_YIELD_PRODUCTION_TAG', 'YieldType', 'ARGTYPE_IDENTITY', 'YIELD_PRODUCTION', NULL, NULL),
('MODIFIER_MITHRIL_YIELD_PRODUCTION_TAG', 'Amount', 'ARGTYPE_IDENTITY', '5', NULL, NULL),
('MODIFIER_GUNPOWDER_YIELD_PRODUCTION_TAG_CITY_ATTACH', 'ModifierId', 'ARGTYPE_IDENTITY', 'MODIFIER_GUNPOWDER_YIELD_PRODUCTION_TAG', NULL, NULL),
('MODIFIER_GUNPOWDER_YIELD_PRODUCTION_TAG', 'YieldType', 'ARGTYPE_IDENTITY', 'YIELD_PRODUCTION', NULL, NULL),
('MODIFIER_GUNPOWDER_YIELD_PRODUCTION_TAG', 'Amount', 'ARGTYPE_IDENTITY', '3', NULL, NULL),
('MODIFIER_COW_YIELD_FOOD_TAG_CITY_ATTACH', 'ModifierId', 'ARGTYPE_IDENTITY', 'MODIFIER_COW_YIELD_FOOD_TAG', NULL, NULL),
('MODIFIER_COW_YIELD_FOOD_TAG', 'YieldType', 'ARGTYPE_IDENTITY', 'YIELD_FOOD', NULL, NULL),
('MODIFIER_COW_YIELD_FOOD_TAG', 'Amount', 'ARGTYPE_IDENTITY', '1', NULL, NULL),
('MODIFIER_COW_YIELD_PRODUCTION_TAG_CITY_ATTACH', 'ModifierId', 'ARGTYPE_IDENTITY', 'MODIFIER_COW_YIELD_PRODUCTION_TAG', NULL, NULL),
('MODIFIER_COW_YIELD_PRODUCTION_TAG', 'YieldType', 'ARGTYPE_IDENTITY', 'YIELD_PRODUCTION', NULL, NULL),
('MODIFIER_COW_YIELD_PRODUCTION_TAG', 'Amount', 'ARGTYPE_IDENTITY', '2', NULL, NULL),
('MODIFIER_HORSE_YIELD_PRODUCTION_TAG_CITY_ATTACH', 'ModifierId', 'ARGTYPE_IDENTITY', 'MODIFIER_HORSE_YIELD_PRODUCTION_TAG', NULL, NULL),
('MODIFIER_HORSE_YIELD_PRODUCTION_TAG', 'YieldType', 'ARGTYPE_IDENTITY', 'YIELD_PRODUCTION', NULL, NULL),
('MODIFIER_HORSE_YIELD_PRODUCTION_TAG', 'Amount', 'ARGTYPE_IDENTITY', '2', NULL, NULL),
('MODIFIER_HORSE_YIELD_GOLD_TAG_CITY_ATTACH', 'ModifierId', 'ARGTYPE_IDENTITY', 'MODIFIER_HORSE_YIELD_GOLD_TAG', NULL, NULL),
('MODIFIER_HORSE_YIELD_GOLD_TAG', 'YieldType', 'ARGTYPE_IDENTITY', 'YIELD_GOLD', NULL, NULL),
('MODIFIER_HORSE_YIELD_GOLD_TAG', 'Amount', 'ARGTYPE_IDENTITY', '1', NULL, NULL),
('MODIFIER_PIG_YIELD_FOOD_TAG_CITY_ATTACH', 'ModifierId', 'ARGTYPE_IDENTITY', 'MODIFIER_PIG_YIELD_FOOD_TAG', NULL, NULL),
('MODIFIER_PIG_YIELD_FOOD_TAG', 'YieldType', 'ARGTYPE_IDENTITY', 'YIELD_FOOD', NULL, NULL),
('MODIFIER_PIG_YIELD_FOOD_TAG', 'Amount', 'ARGTYPE_IDENTITY', '3', NULL, NULL),
('MODIFIER_SHEEP_YIELD_FOOD_TAG_CITY_ATTACH', 'ModifierId', 'ARGTYPE_IDENTITY', 'MODIFIER_SHEEP_YIELD_FOOD_TAG', NULL, NULL),
('MODIFIER_SHEEP_YIELD_FOOD_TAG', 'YieldType', 'ARGTYPE_IDENTITY', 'YIELD_FOOD', NULL, NULL),
('MODIFIER_SHEEP_YIELD_FOOD_TAG', 'Amount', 'ARGTYPE_IDENTITY', '2', NULL, NULL),
('MODIFIER_SHEEP_YIELD_GOLD_TAG_CITY_ATTACH', 'ModifierId', 'ARGTYPE_IDENTITY', 'MODIFIER_SHEEP_YIELD_GOLD_TAG', NULL, NULL),
('MODIFIER_SHEEP_YIELD_GOLD_TAG', 'YieldType', 'ARGTYPE_IDENTITY', 'YIELD_GOLD', NULL, NULL),
('MODIFIER_SHEEP_YIELD_GOLD_TAG', 'Amount', 'ARGTYPE_IDENTITY', '1', NULL, NULL),
('MODIFIER_NIGHTMARE_YIELD_PRODUCTION_TAG_CITY_ATTACH', 'ModifierId', 'ARGTYPE_IDENTITY', 'MODIFIER_NIGHTMARE_YIELD_PRODUCTION_TAG', NULL, NULL),
('MODIFIER_NIGHTMARE_YIELD_PRODUCTION_TAG', 'YieldType', 'ARGTYPE_IDENTITY', 'YIELD_PRODUCTION', NULL, NULL),
('MODIFIER_NIGHTMARE_YIELD_PRODUCTION_TAG', 'Amount', 'ARGTYPE_IDENTITY', '2', NULL, NULL),
('MODIFIER_NIGHTMARE_YIELD_GOLD_TAG_CITY_ATTACH', 'ModifierId', 'ARGTYPE_IDENTITY', 'MODIFIER_NIGHTMARE_YIELD_GOLD_TAG', NULL, NULL),
('MODIFIER_NIGHTMARE_YIELD_GOLD_TAG', 'YieldType', 'ARGTYPE_IDENTITY', 'YIELD_GOLD', NULL, NULL),
('MODIFIER_NIGHTMARE_YIELD_GOLD_TAG', 'Amount', 'ARGTYPE_IDENTITY', '1', NULL, NULL),
('MODIFIER_TOAD_YIELD_FOOD_TAG_CITY_ATTACH', 'ModifierId', 'ARGTYPE_IDENTITY', 'MODIFIER_TOAD_YIELD_FOOD_TAG', NULL, NULL),
('MODIFIER_TOAD_YIELD_FOOD_TAG', 'YieldType', 'ARGTYPE_IDENTITY', 'YIELD_FOOD', NULL, NULL),
('MODIFIER_TOAD_YIELD_FOOD_TAG', 'Amount', 'ARGTYPE_IDENTITY', '2', NULL, NULL),
('MODIFIER_TOAD_YIELD_GOLD_TAG_CITY_ATTACH', 'ModifierId', 'ARGTYPE_IDENTITY', 'MODIFIER_TOAD_YIELD_GOLD_TAG', NULL, NULL),
('MODIFIER_TOAD_YIELD_GOLD_TAG', 'YieldType', 'ARGTYPE_IDENTITY', 'YIELD_GOLD', NULL, NULL),
('MODIFIER_TOAD_YIELD_GOLD_TAG', 'Amount', 'ARGTYPE_IDENTITY', '1', NULL, NULL),
('MODIFIER_BANANA_YIELD_FOOD_TAG_CITY_ATTACH', 'ModifierId', 'ARGTYPE_IDENTITY', 'MODIFIER_BANANA_YIELD_FOOD_TAG', NULL, NULL),
('MODIFIER_BANANA_YIELD_FOOD_TAG', 'YieldType', 'ARGTYPE_IDENTITY', 'YIELD_FOOD', NULL, NULL),
('MODIFIER_BANANA_YIELD_FOOD_TAG', 'Amount', 'ARGTYPE_IDENTITY', '2', NULL, NULL),
('MODIFIER_DYE_YIELD_GOLD_TAG_CITY_ATTACH', 'ModifierId', 'ARGTYPE_IDENTITY', 'MODIFIER_DYE_YIELD_GOLD_TAG', NULL, NULL),
('MODIFIER_DYE_YIELD_GOLD_TAG', 'YieldType', 'ARGTYPE_IDENTITY', 'YIELD_GOLD', NULL, NULL),
('MODIFIER_DYE_YIELD_GOLD_TAG', 'Amount', 'ARGTYPE_IDENTITY', '4', NULL, NULL),
('MODIFIER_INCENSE_YIELD_GOLD_TAG_CITY_ATTACH', 'ModifierId', 'ARGTYPE_IDENTITY', 'MODIFIER_INCENSE_YIELD_GOLD_TAG', NULL, NULL),
('MODIFIER_INCENSE_YIELD_GOLD_TAG', 'YieldType', 'ARGTYPE_IDENTITY', 'YIELD_GOLD', NULL, NULL),
('MODIFIER_INCENSE_YIELD_GOLD_TAG', 'Amount', 'ARGTYPE_IDENTITY', '5', NULL, NULL),
('MODIFIER_SILK_YIELD_GOLD_TAG_CITY_ATTACH', 'ModifierId', 'ARGTYPE_IDENTITY', 'MODIFIER_SILK_YIELD_GOLD_TAG', NULL, NULL),
('MODIFIER_SILK_YIELD_GOLD_TAG', 'YieldType', 'ARGTYPE_IDENTITY', 'YIELD_GOLD', NULL, NULL),
('MODIFIER_SILK_YIELD_GOLD_TAG', 'Amount', 'ARGTYPE_IDENTITY', '3', NULL, NULL),
('MODIFIER_REAGENTS_YIELD_FOOD_TAG_CITY_ATTACH', 'ModifierId', 'ARGTYPE_IDENTITY', 'MODIFIER_REAGENTS_YIELD_FOOD_TAG', NULL, NULL),
('MODIFIER_REAGENTS_YIELD_FOOD_TAG', 'YieldType', 'ARGTYPE_IDENTITY', 'YIELD_FOOD', NULL, NULL),
('MODIFIER_REAGENTS_YIELD_FOOD_TAG', 'Amount', 'ARGTYPE_IDENTITY', '1', NULL, NULL),
('MODIFIER_REAGENTS_YIELD_GOLD_TAG_CITY_ATTACH', 'ModifierId', 'ARGTYPE_IDENTITY', 'MODIFIER_REAGENTS_YIELD_GOLD_TAG', NULL, NULL),
('MODIFIER_REAGENTS_YIELD_GOLD_TAG', 'YieldType', 'ARGTYPE_IDENTITY', 'YIELD_GOLD', NULL, NULL),
('MODIFIER_REAGENTS_YIELD_GOLD_TAG', 'Amount', 'ARGTYPE_IDENTITY', '2', NULL, NULL),
('MODIFIER_SUGAR_YIELD_FOOD_TAG_CITY_ATTACH', 'ModifierId', 'ARGTYPE_IDENTITY', 'MODIFIER_SUGAR_YIELD_FOOD_TAG', NULL, NULL),
('MODIFIER_SUGAR_YIELD_FOOD_TAG', 'YieldType', 'ARGTYPE_IDENTITY', 'YIELD_FOOD', NULL, NULL),
('MODIFIER_SUGAR_YIELD_FOOD_TAG', 'Amount', 'ARGTYPE_IDENTITY', '1', NULL, NULL),
('MODIFIER_SUGAR_YIELD_GOLD_TAG_CITY_ATTACH', 'ModifierId', 'ARGTYPE_IDENTITY', 'MODIFIER_SUGAR_YIELD_GOLD_TAG', NULL, NULL),
('MODIFIER_SUGAR_YIELD_GOLD_TAG', 'YieldType', 'ARGTYPE_IDENTITY', 'YIELD_GOLD', NULL, NULL),
('MODIFIER_SUGAR_YIELD_GOLD_TAG', 'Amount', 'ARGTYPE_IDENTITY', '1', NULL, NULL),
('MODIFIER_COTTON_YIELD_GOLD_TAG_CITY_ATTACH', 'ModifierId', 'ARGTYPE_IDENTITY', 'MODIFIER_COTTON_YIELD_GOLD_TAG', NULL, NULL),
('MODIFIER_COTTON_YIELD_GOLD_TAG', 'YieldType', 'ARGTYPE_IDENTITY', 'YIELD_GOLD', NULL, NULL),
('MODIFIER_COTTON_YIELD_GOLD_TAG', 'Amount', 'ARGTYPE_IDENTITY', '2', NULL, NULL),
('MODIFIER_GULAGARM_YIELD_FOOD_TAG_CITY_ATTACH', 'ModifierId', 'ARGTYPE_IDENTITY', 'MODIFIER_GULAGARM_YIELD_FOOD_TAG', NULL, NULL),
('MODIFIER_GULAGARM_YIELD_FOOD_TAG', 'YieldType', 'ARGTYPE_IDENTITY', 'YIELD_FOOD', NULL, NULL),
('MODIFIER_GULAGARM_YIELD_FOOD_TAG', 'Amount', 'ARGTYPE_IDENTITY', '2', NULL, NULL),
('MODIFIER_GULAGARM_YIELD_GOLD_TAG_CITY_ATTACH', 'ModifierId', 'ARGTYPE_IDENTITY', 'MODIFIER_GULAGARM_YIELD_GOLD_TAG', NULL, NULL),
('MODIFIER_GULAGARM_YIELD_GOLD_TAG', 'YieldType', 'ARGTYPE_IDENTITY', 'YIELD_GOLD', NULL, NULL),
('MODIFIER_GULAGARM_YIELD_GOLD_TAG', 'Amount', 'ARGTYPE_IDENTITY', '1', NULL, NULL),
('MODIFIER_RAZORWEED_YIELD_GOLD_TAG_CITY_ATTACH', 'ModifierId', 'ARGTYPE_IDENTITY', 'MODIFIER_RAZORWEED_YIELD_GOLD_TAG', NULL, NULL),
('MODIFIER_RAZORWEED_YIELD_GOLD_TAG', 'YieldType', 'ARGTYPE_IDENTITY', 'YIELD_GOLD', NULL, NULL),
('MODIFIER_RAZORWEED_YIELD_GOLD_TAG', 'Amount', 'ARGTYPE_IDENTITY', '2', NULL, NULL),
('MODIFIER_MARBLE_YIELD_PRODUCTION_TAG_CITY_ATTACH', 'ModifierId', 'ARGTYPE_IDENTITY', 'MODIFIER_MARBLE_YIELD_PRODUCTION_TAG', NULL, NULL),
('MODIFIER_MARBLE_YIELD_PRODUCTION_TAG', 'YieldType', 'ARGTYPE_IDENTITY', 'YIELD_PRODUCTION', NULL, NULL),
('MODIFIER_MARBLE_YIELD_PRODUCTION_TAG', 'Amount', 'ARGTYPE_IDENTITY', '1', NULL, NULL),
('MODIFIER_MARBLE_YIELD_GOLD_TAG_CITY_ATTACH', 'ModifierId', 'ARGTYPE_IDENTITY', 'MODIFIER_MARBLE_YIELD_GOLD_TAG', NULL, NULL),
('MODIFIER_MARBLE_YIELD_GOLD_TAG', 'YieldType', 'ARGTYPE_IDENTITY', 'YIELD_GOLD', NULL, NULL),
('MODIFIER_MARBLE_YIELD_GOLD_TAG', 'Amount', 'ARGTYPE_IDENTITY', '2', NULL, NULL),
('MODIFIER_SHEUT_STONE_YIELD_PRODUCTION_TAG_CITY_ATTACH', 'ModifierId', 'ARGTYPE_IDENTITY', 'MODIFIER_SHEUT_STONE_YIELD_PRODUCTION_TAG', NULL, NULL),
('MODIFIER_SHEUT_STONE_YIELD_PRODUCTION_TAG', 'YieldType', 'ARGTYPE_IDENTITY', 'YIELD_PRODUCTION', NULL, NULL),
('MODIFIER_SHEUT_STONE_YIELD_PRODUCTION_TAG', 'Amount', 'ARGTYPE_IDENTITY', '2', NULL, NULL),
('MODIFIER_WHALE_YIELD_PRODUCTION_TAG_CITY_ATTACH', 'ModifierId', 'ARGTYPE_IDENTITY', 'MODIFIER_WHALE_YIELD_PRODUCTION_TAG', NULL, NULL),
('MODIFIER_WHALE_YIELD_PRODUCTION_TAG', 'YieldType', 'ARGTYPE_IDENTITY', 'YIELD_PRODUCTION', NULL, NULL),
('MODIFIER_WHALE_YIELD_PRODUCTION_TAG', 'Amount', 'ARGTYPE_IDENTITY', '1', NULL, NULL),
('MODIFIER_WHALE_YIELD_GOLD_TAG_CITY_ATTACH', 'ModifierId', 'ARGTYPE_IDENTITY', 'MODIFIER_WHALE_YIELD_GOLD_TAG', NULL, NULL),
('MODIFIER_WHALE_YIELD_GOLD_TAG', 'YieldType', 'ARGTYPE_IDENTITY', 'YIELD_GOLD', NULL, NULL),
('MODIFIER_WHALE_YIELD_GOLD_TAG', 'Amount', 'ARGTYPE_IDENTITY', '2', NULL, NULL),
('MODIFIER_WINE_YIELD_FOOD_TAG_CITY_ATTACH', 'ModifierId', 'ARGTYPE_IDENTITY', 'MODIFIER_WINE_YIELD_FOOD_TAG', NULL, NULL),
('MODIFIER_WINE_YIELD_FOOD_TAG', 'YieldType', 'ARGTYPE_IDENTITY', 'YIELD_FOOD', NULL, NULL),
('MODIFIER_WINE_YIELD_FOOD_TAG', 'Amount', 'ARGTYPE_IDENTITY', '1', NULL, NULL),
('MODIFIER_WINE_YIELD_GOLD_TAG_CITY_ATTACH', 'ModifierId', 'ARGTYPE_IDENTITY', 'MODIFIER_WINE_YIELD_GOLD_TAG', NULL, NULL),
('MODIFIER_WINE_YIELD_GOLD_TAG', 'YieldType', 'ARGTYPE_IDENTITY', 'YIELD_GOLD', NULL, NULL),
('MODIFIER_WINE_YIELD_GOLD_TAG', 'Amount', 'ARGTYPE_IDENTITY', '2', NULL, NULL);

INSERT INTO Requirements(RequirementId, RequirementType, ProgressWeight) VALUES
('PLOT_HAS_DEER_YIELD_FOOD_TAG', 'REQUIREMENT_PLOT_RESOURCE_TAG_MATCHES', '0'),
('PLOT_HAS_FUR_YIELD_GOLD_TAG', 'REQUIREMENT_PLOT_RESOURCE_TAG_MATCHES', '0'),
('PLOT_HAS_IVORY_YIELD_PRODUCTION_TAG', 'REQUIREMENT_PLOT_RESOURCE_TAG_MATCHES', '0'),
('PLOT_HAS_IVORY_YIELD_GOLD_TAG', 'REQUIREMENT_PLOT_RESOURCE_TAG_MATCHES', '0'),
('PLOT_HAS_CORN_YIELD_FOOD_TAG', 'REQUIREMENT_PLOT_RESOURCE_TAG_MATCHES', '0'),
('PLOT_HAS_RICE_YIELD_FOOD_TAG', 'REQUIREMENT_PLOT_RESOURCE_TAG_MATCHES', '0'),
('PLOT_HAS_WHEAT_YIELD_FOOD_TAG', 'REQUIREMENT_PLOT_RESOURCE_TAG_MATCHES', '0'),
('PLOT_HAS_CLAM_YIELD_FOOD_TAG', 'REQUIREMENT_PLOT_RESOURCE_TAG_MATCHES', '0'),
('REQUIRES_PLOT_HAS_FISHING_BOATS', 'REQUIREMENT_PLOT_IMPROVEMENT_TYPE_MATCHES', '0'),
('PLOT_HAS_CRAB_YIELD_FOOD_TAG', 'REQUIREMENT_PLOT_RESOURCE_TAG_MATCHES', '0'),
('PLOT_HAS_FISH_YIELD_FOOD_TAG', 'REQUIREMENT_PLOT_RESOURCE_TAG_MATCHES', '0'),
('PLOT_HAS_PEARL_YIELD_GOLD_TAG', 'REQUIREMENT_PLOT_RESOURCE_TAG_MATCHES', '0'),
('PLOT_HAS_COPPER_YIELD_PRODUCTION_TAG', 'REQUIREMENT_PLOT_RESOURCE_TAG_MATCHES', '0'),
('PLOT_HAS_GEMS_YIELD_PRODUCTION_TAG', 'REQUIREMENT_PLOT_RESOURCE_TAG_MATCHES', '0'),
('PLOT_HAS_GEMS_YIELD_GOLD_TAG', 'REQUIREMENT_PLOT_RESOURCE_TAG_MATCHES', '0'),
('PLOT_HAS_GOLD_YIELD_PRODUCTION_TAG', 'REQUIREMENT_PLOT_RESOURCE_TAG_MATCHES', '0'),
('PLOT_HAS_GOLD_YIELD_GOLD_TAG', 'REQUIREMENT_PLOT_RESOURCE_TAG_MATCHES', '0'),
('PLOT_HAS_IRON_YIELD_PRODUCTION_TAG', 'REQUIREMENT_PLOT_RESOURCE_TAG_MATCHES', '0'),
('PLOT_HAS_MITHRIL_YIELD_PRODUCTION_TAG', 'REQUIREMENT_PLOT_RESOURCE_TAG_MATCHES', '0'),
('PLOT_HAS_GUNPOWDER_YIELD_PRODUCTION_TAG', 'REQUIREMENT_PLOT_RESOURCE_TAG_MATCHES', '0'),
('PLOT_HAS_COW_YIELD_FOOD_TAG', 'REQUIREMENT_PLOT_RESOURCE_TAG_MATCHES', '0'),
('PLOT_HAS_COW_YIELD_PRODUCTION_TAG', 'REQUIREMENT_PLOT_RESOURCE_TAG_MATCHES', '0'),
('PLOT_HAS_HORSE_YIELD_PRODUCTION_TAG', 'REQUIREMENT_PLOT_RESOURCE_TAG_MATCHES', '0'),
('PLOT_HAS_HORSE_YIELD_GOLD_TAG', 'REQUIREMENT_PLOT_RESOURCE_TAG_MATCHES', '0'),
('PLOT_HAS_PIG_YIELD_FOOD_TAG', 'REQUIREMENT_PLOT_RESOURCE_TAG_MATCHES', '0'),
('PLOT_HAS_SHEEP_YIELD_FOOD_TAG', 'REQUIREMENT_PLOT_RESOURCE_TAG_MATCHES', '0'),
('PLOT_HAS_SHEEP_YIELD_GOLD_TAG', 'REQUIREMENT_PLOT_RESOURCE_TAG_MATCHES', '0'),
('PLOT_HAS_NIGHTMARE_YIELD_PRODUCTION_TAG', 'REQUIREMENT_PLOT_RESOURCE_TAG_MATCHES', '0'),
('PLOT_HAS_NIGHTMARE_YIELD_GOLD_TAG', 'REQUIREMENT_PLOT_RESOURCE_TAG_MATCHES', '0'),
('PLOT_HAS_TOAD_YIELD_FOOD_TAG', 'REQUIREMENT_PLOT_RESOURCE_TAG_MATCHES', '0'),
('PLOT_HAS_TOAD_YIELD_GOLD_TAG', 'REQUIREMENT_PLOT_RESOURCE_TAG_MATCHES', '0'),
('PLOT_HAS_BANANA_YIELD_FOOD_TAG', 'REQUIREMENT_PLOT_RESOURCE_TAG_MATCHES', '0'),
('PLOT_HAS_DYE_YIELD_GOLD_TAG', 'REQUIREMENT_PLOT_RESOURCE_TAG_MATCHES', '0'),
('PLOT_HAS_INCENSE_YIELD_GOLD_TAG', 'REQUIREMENT_PLOT_RESOURCE_TAG_MATCHES', '0'),
('PLOT_HAS_SILK_YIELD_GOLD_TAG', 'REQUIREMENT_PLOT_RESOURCE_TAG_MATCHES', '0'),
('PLOT_HAS_REAGENTS_YIELD_FOOD_TAG', 'REQUIREMENT_PLOT_RESOURCE_TAG_MATCHES', '0'),
('PLOT_HAS_REAGENTS_YIELD_GOLD_TAG', 'REQUIREMENT_PLOT_RESOURCE_TAG_MATCHES', '0'),
('PLOT_HAS_SUGAR_YIELD_FOOD_TAG', 'REQUIREMENT_PLOT_RESOURCE_TAG_MATCHES', '0'),
('PLOT_HAS_SUGAR_YIELD_GOLD_TAG', 'REQUIREMENT_PLOT_RESOURCE_TAG_MATCHES', '0'),
('PLOT_HAS_COTTON_YIELD_GOLD_TAG', 'REQUIREMENT_PLOT_RESOURCE_TAG_MATCHES', '0'),
('PLOT_HAS_GULAGARM_YIELD_FOOD_TAG', 'REQUIREMENT_PLOT_RESOURCE_TAG_MATCHES', '0'),
('PLOT_HAS_GULAGARM_YIELD_GOLD_TAG', 'REQUIREMENT_PLOT_RESOURCE_TAG_MATCHES', '0'),
('PLOT_HAS_RAZORWEED_YIELD_GOLD_TAG', 'REQUIREMENT_PLOT_RESOURCE_TAG_MATCHES', '0'),
('PLOT_HAS_MARBLE_YIELD_PRODUCTION_TAG', 'REQUIREMENT_PLOT_RESOURCE_TAG_MATCHES', '0'),
('PLOT_HAS_MARBLE_YIELD_GOLD_TAG', 'REQUIREMENT_PLOT_RESOURCE_TAG_MATCHES', '0'),
('PLOT_HAS_SHEUT_STONE_YIELD_PRODUCTION_TAG', 'REQUIREMENT_PLOT_RESOURCE_TAG_MATCHES', '0'),
('PLOT_HAS_WHALE_YIELD_PRODUCTION_TAG', 'REQUIREMENT_PLOT_RESOURCE_TAG_MATCHES', '0'),
('REQUIRES_PLOT_HAS_WHALING_BOATS', 'REQUIREMENT_PLOT_IMPROVEMENT_TYPE_MATCHES', '0'),
('PLOT_HAS_WHALE_YIELD_GOLD_TAG', 'REQUIREMENT_PLOT_RESOURCE_TAG_MATCHES', '0'),
('PLOT_HAS_WINE_YIELD_FOOD_TAG', 'REQUIREMENT_PLOT_RESOURCE_TAG_MATCHES', '0'),
('REQUIRES_PLOT_HAS_WINERY', 'REQUIREMENT_PLOT_IMPROVEMENT_TYPE_MATCHES', '0'),
('PLOT_HAS_WINE_YIELD_GOLD_TAG', 'REQUIREMENT_PLOT_RESOURCE_TAG_MATCHES', '0');

INSERT INTO RequirementArguments(RequirementId, Name, Type, Value) VALUES
('PLOT_HAS_DEER_YIELD_FOOD_TAG', 'Tag', 'ARGTYPE_IDENTITY', 'CLASS_DEER_YIELD_FOOD'),
('PLOT_HAS_FUR_YIELD_GOLD_TAG', 'Tag', 'ARGTYPE_IDENTITY', 'CLASS_FUR_YIELD_GOLD'),
('PLOT_HAS_IVORY_YIELD_PRODUCTION_TAG', 'Tag', 'ARGTYPE_IDENTITY', 'CLASS_IVORY_YIELD_PRODUCTION'),
('PLOT_HAS_IVORY_YIELD_GOLD_TAG', 'Tag', 'ARGTYPE_IDENTITY', 'CLASS_IVORY_YIELD_GOLD'),
('PLOT_HAS_CORN_YIELD_FOOD_TAG', 'Tag', 'ARGTYPE_IDENTITY', 'CLASS_CORN_YIELD_FOOD'),
('PLOT_HAS_RICE_YIELD_FOOD_TAG', 'Tag', 'ARGTYPE_IDENTITY', 'CLASS_RICE_YIELD_FOOD'),
('PLOT_HAS_WHEAT_YIELD_FOOD_TAG', 'Tag', 'ARGTYPE_IDENTITY', 'CLASS_WHEAT_YIELD_FOOD'),
('PLOT_HAS_CLAM_YIELD_FOOD_TAG', 'Tag', 'ARGTYPE_IDENTITY', 'CLASS_CLAM_YIELD_FOOD'),
('REQUIRES_PLOT_HAS_FISHING_BOATS', 'ImprovementType', 'ARGTYPE_IDENTITY', 'IMPROVEMENT_FISHING_BOATS'),
('PLOT_HAS_CRAB_YIELD_FOOD_TAG', 'Tag', 'ARGTYPE_IDENTITY', 'CLASS_CRAB_YIELD_FOOD'),
('PLOT_HAS_FISH_YIELD_FOOD_TAG', 'Tag', 'ARGTYPE_IDENTITY', 'CLASS_FISH_YIELD_FOOD'),
('PLOT_HAS_PEARL_YIELD_GOLD_TAG', 'Tag', 'ARGTYPE_IDENTITY', 'CLASS_PEARL_YIELD_GOLD'),
('PLOT_HAS_COPPER_YIELD_PRODUCTION_TAG', 'Tag', 'ARGTYPE_IDENTITY', 'CLASS_COPPER_YIELD_PRODUCTION'),
('PLOT_HAS_GEMS_YIELD_PRODUCTION_TAG', 'Tag', 'ARGTYPE_IDENTITY', 'CLASS_GEMS_YIELD_PRODUCTION'),
('PLOT_HAS_GEMS_YIELD_GOLD_TAG', 'Tag', 'ARGTYPE_IDENTITY', 'CLASS_GEMS_YIELD_GOLD'),
('PLOT_HAS_GOLD_YIELD_PRODUCTION_TAG', 'Tag', 'ARGTYPE_IDENTITY', 'CLASS_GOLD_YIELD_PRODUCTION'),
('PLOT_HAS_GOLD_YIELD_GOLD_TAG', 'Tag', 'ARGTYPE_IDENTITY', 'CLASS_GOLD_YIELD_GOLD'),
('PLOT_HAS_IRON_YIELD_PRODUCTION_TAG', 'Tag', 'ARGTYPE_IDENTITY', 'CLASS_IRON_YIELD_PRODUCTION'),
('PLOT_HAS_MITHRIL_YIELD_PRODUCTION_TAG', 'Tag', 'ARGTYPE_IDENTITY', 'CLASS_MITHRIL_YIELD_PRODUCTION'),
('PLOT_HAS_GUNPOWDER_YIELD_PRODUCTION_TAG', 'Tag', 'ARGTYPE_IDENTITY', 'CLASS_GUNPOWDER_YIELD_PRODUCTION'),
('PLOT_HAS_COW_YIELD_FOOD_TAG', 'Tag', 'ARGTYPE_IDENTITY', 'CLASS_COW_YIELD_FOOD'),
('PLOT_HAS_COW_YIELD_PRODUCTION_TAG', 'Tag', 'ARGTYPE_IDENTITY', 'CLASS_COW_YIELD_PRODUCTION'),
('PLOT_HAS_HORSE_YIELD_PRODUCTION_TAG', 'Tag', 'ARGTYPE_IDENTITY', 'CLASS_HORSE_YIELD_PRODUCTION'),
('PLOT_HAS_HORSE_YIELD_GOLD_TAG', 'Tag', 'ARGTYPE_IDENTITY', 'CLASS_HORSE_YIELD_GOLD'),
('PLOT_HAS_PIG_YIELD_FOOD_TAG', 'Tag', 'ARGTYPE_IDENTITY', 'CLASS_PIG_YIELD_FOOD'),
('PLOT_HAS_SHEEP_YIELD_FOOD_TAG', 'Tag', 'ARGTYPE_IDENTITY', 'CLASS_SHEEP_YIELD_FOOD'),
('PLOT_HAS_SHEEP_YIELD_GOLD_TAG', 'Tag', 'ARGTYPE_IDENTITY', 'CLASS_SHEEP_YIELD_GOLD'),
('PLOT_HAS_NIGHTMARE_YIELD_PRODUCTION_TAG', 'Tag', 'ARGTYPE_IDENTITY', 'CLASS_NIGHTMARE_YIELD_PRODUCTION'),
('PLOT_HAS_NIGHTMARE_YIELD_GOLD_TAG', 'Tag', 'ARGTYPE_IDENTITY', 'CLASS_NIGHTMARE_YIELD_GOLD'),
('PLOT_HAS_TOAD_YIELD_FOOD_TAG', 'Tag', 'ARGTYPE_IDENTITY', 'CLASS_TOAD_YIELD_FOOD'),
('PLOT_HAS_TOAD_YIELD_GOLD_TAG', 'Tag', 'ARGTYPE_IDENTITY', 'CLASS_TOAD_YIELD_GOLD'),
('PLOT_HAS_BANANA_YIELD_FOOD_TAG', 'Tag', 'ARGTYPE_IDENTITY', 'CLASS_BANANA_YIELD_FOOD'),
('PLOT_HAS_DYE_YIELD_GOLD_TAG', 'Tag', 'ARGTYPE_IDENTITY', 'CLASS_DYE_YIELD_GOLD'),
('PLOT_HAS_INCENSE_YIELD_GOLD_TAG', 'Tag', 'ARGTYPE_IDENTITY', 'CLASS_INCENSE_YIELD_GOLD'),
('PLOT_HAS_SILK_YIELD_GOLD_TAG', 'Tag', 'ARGTYPE_IDENTITY', 'CLASS_SILK_YIELD_GOLD'),
('PLOT_HAS_REAGENTS_YIELD_FOOD_TAG', 'Tag', 'ARGTYPE_IDENTITY', 'CLASS_REAGENTS_YIELD_FOOD'),
('PLOT_HAS_REAGENTS_YIELD_GOLD_TAG', 'Tag', 'ARGTYPE_IDENTITY', 'CLASS_REAGENTS_YIELD_GOLD'),
('PLOT_HAS_SUGAR_YIELD_FOOD_TAG', 'Tag', 'ARGTYPE_IDENTITY', 'CLASS_SUGAR_YIELD_FOOD'),
('PLOT_HAS_SUGAR_YIELD_GOLD_TAG', 'Tag', 'ARGTYPE_IDENTITY', 'CLASS_SUGAR_YIELD_GOLD'),
('PLOT_HAS_COTTON_YIELD_GOLD_TAG', 'Tag', 'ARGTYPE_IDENTITY', 'CLASS_COTTON_YIELD_GOLD'),
('PLOT_HAS_GULAGARM_YIELD_FOOD_TAG', 'Tag', 'ARGTYPE_IDENTITY', 'CLASS_GULAGARM_YIELD_FOOD'),
('PLOT_HAS_GULAGARM_YIELD_GOLD_TAG', 'Tag', 'ARGTYPE_IDENTITY', 'CLASS_GULAGARM_YIELD_GOLD'),
('PLOT_HAS_RAZORWEED_YIELD_GOLD_TAG', 'Tag', 'ARGTYPE_IDENTITY', 'CLASS_RAZORWEED_YIELD_GOLD'),
('PLOT_HAS_MARBLE_YIELD_PRODUCTION_TAG', 'Tag', 'ARGTYPE_IDENTITY', 'CLASS_MARBLE_YIELD_PRODUCTION'),
('PLOT_HAS_MARBLE_YIELD_GOLD_TAG', 'Tag', 'ARGTYPE_IDENTITY', 'CLASS_MARBLE_YIELD_GOLD'),
('PLOT_HAS_SHEUT_STONE_YIELD_PRODUCTION_TAG', 'Tag', 'ARGTYPE_IDENTITY', 'CLASS_SHEUT_STONE_YIELD_PRODUCTION'),
('PLOT_HAS_WHALE_YIELD_PRODUCTION_TAG', 'Tag', 'ARGTYPE_IDENTITY', 'CLASS_WHALE_YIELD_PRODUCTION'),
('REQUIRES_PLOT_HAS_WHALING_BOATS', 'ImprovementType', 'ARGTYPE_IDENTITY', 'IMPROVEMENT_WHALING_BOATS'),
('PLOT_HAS_WHALE_YIELD_GOLD_TAG', 'Tag', 'ARGTYPE_IDENTITY', 'CLASS_WHALE_YIELD_GOLD'),
('PLOT_HAS_WINE_YIELD_FOOD_TAG', 'Tag', 'ARGTYPE_IDENTITY', 'CLASS_WINE_YIELD_FOOD'),
('REQUIRES_PLOT_HAS_WINERY', 'ImprovementType', 'ARGTYPE_IDENTITY', 'IMPROVEMENT_WINERY'),
('PLOT_HAS_WINE_YIELD_GOLD_TAG', 'Tag', 'ARGTYPE_IDENTITY', 'CLASS_WINE_YIELD_GOLD');

INSERT INTO RequirementSetRequirements(RequirementSetId, RequirementId) VALUES
('PLOT_HAS_DEER_YIELD_FOOD_TAG_IMPROVED', 'REQUIRES_PLOT_HAS_CAMP'),
('PLOT_HAS_DEER_YIELD_FOOD_TAG_IMPROVED', 'PLOT_HAS_DEER_YIELD_FOOD_TAG'),
('PLOT_HAS_FUR_YIELD_GOLD_TAG_IMPROVED', 'REQUIRES_PLOT_HAS_CAMP'),
('PLOT_HAS_FUR_YIELD_GOLD_TAG_IMPROVED', 'PLOT_HAS_FUR_YIELD_GOLD_TAG'),
('PLOT_HAS_IVORY_YIELD_PRODUCTION_TAG_IMPROVED', 'REQUIRES_PLOT_HAS_CAMP'),
('PLOT_HAS_IVORY_YIELD_PRODUCTION_TAG_IMPROVED', 'PLOT_HAS_IVORY_YIELD_PRODUCTION_TAG'),
('PLOT_HAS_IVORY_YIELD_GOLD_TAG_IMPROVED', 'REQUIRES_PLOT_HAS_CAMP'),
('PLOT_HAS_IVORY_YIELD_GOLD_TAG_IMPROVED', 'PLOT_HAS_IVORY_YIELD_GOLD_TAG'),
('PLOT_HAS_CORN_YIELD_FOOD_TAG_IMPROVED', 'REQUIRES_PLOT_HAS_FARM'),
('PLOT_HAS_CORN_YIELD_FOOD_TAG_IMPROVED', 'PLOT_HAS_CORN_YIELD_FOOD_TAG'),
('PLOT_HAS_RICE_YIELD_FOOD_TAG_IMPROVED', 'REQUIRES_PLOT_HAS_FARM'),
('PLOT_HAS_RICE_YIELD_FOOD_TAG_IMPROVED', 'PLOT_HAS_RICE_YIELD_FOOD_TAG'),
('PLOT_HAS_WHEAT_YIELD_FOOD_TAG_IMPROVED', 'REQUIRES_PLOT_HAS_FARM'),
('PLOT_HAS_WHEAT_YIELD_FOOD_TAG_IMPROVED', 'PLOT_HAS_WHEAT_YIELD_FOOD_TAG'),
('PLOT_HAS_CLAM_YIELD_FOOD_TAG_IMPROVED', 'REQUIRES_PLOT_HAS_FISHING_BOATS'),
('PLOT_HAS_CLAM_YIELD_FOOD_TAG_IMPROVED', 'PLOT_HAS_CLAM_YIELD_FOOD_TAG'),
('PLOT_HAS_CRAB_YIELD_FOOD_TAG_IMPROVED', 'REQUIRES_PLOT_HAS_FISHING_BOATS'),
('PLOT_HAS_CRAB_YIELD_FOOD_TAG_IMPROVED', 'PLOT_HAS_CRAB_YIELD_FOOD_TAG'),
('PLOT_HAS_FISH_YIELD_FOOD_TAG_IMPROVED', 'REQUIRES_PLOT_HAS_FISHING_BOATS'),
('PLOT_HAS_FISH_YIELD_FOOD_TAG_IMPROVED', 'PLOT_HAS_FISH_YIELD_FOOD_TAG'),
('PLOT_HAS_PEARL_YIELD_GOLD_TAG_IMPROVED', 'REQUIRES_PLOT_HAS_FISHING_BOATS'),
('PLOT_HAS_PEARL_YIELD_GOLD_TAG_IMPROVED', 'PLOT_HAS_PEARL_YIELD_GOLD_TAG'),
('PLOT_HAS_COPPER_YIELD_PRODUCTION_TAG_IMPROVED', 'REQUIRES_PLOT_HAS_MINE'),
('PLOT_HAS_COPPER_YIELD_PRODUCTION_TAG_IMPROVED', 'PLOT_HAS_COPPER_YIELD_PRODUCTION_TAG'),
('PLOT_HAS_GEMS_YIELD_PRODUCTION_TAG_IMPROVED', 'REQUIRES_PLOT_HAS_MINE'),
('PLOT_HAS_GEMS_YIELD_PRODUCTION_TAG_IMPROVED', 'PLOT_HAS_GEMS_YIELD_PRODUCTION_TAG'),
('PLOT_HAS_GEMS_YIELD_GOLD_TAG_IMPROVED', 'REQUIRES_PLOT_HAS_MINE'),
('PLOT_HAS_GEMS_YIELD_GOLD_TAG_IMPROVED', 'PLOT_HAS_GEMS_YIELD_GOLD_TAG'),
('PLOT_HAS_GOLD_YIELD_PRODUCTION_TAG_IMPROVED', 'REQUIRES_PLOT_HAS_MINE'),
('PLOT_HAS_GOLD_YIELD_PRODUCTION_TAG_IMPROVED', 'PLOT_HAS_GOLD_YIELD_PRODUCTION_TAG'),
('PLOT_HAS_GOLD_YIELD_GOLD_TAG_IMPROVED', 'REQUIRES_PLOT_HAS_MINE'),
('PLOT_HAS_GOLD_YIELD_GOLD_TAG_IMPROVED', 'PLOT_HAS_GOLD_YIELD_GOLD_TAG'),
('PLOT_HAS_IRON_YIELD_PRODUCTION_TAG_IMPROVED', 'REQUIRES_PLOT_HAS_MINE'),
('PLOT_HAS_IRON_YIELD_PRODUCTION_TAG_IMPROVED', 'PLOT_HAS_IRON_YIELD_PRODUCTION_TAG'),
('PLOT_HAS_MITHRIL_YIELD_PRODUCTION_TAG_IMPROVED', 'REQUIRES_PLOT_HAS_MINE'),
('PLOT_HAS_MITHRIL_YIELD_PRODUCTION_TAG_IMPROVED', 'PLOT_HAS_MITHRIL_YIELD_PRODUCTION_TAG'),
('PLOT_HAS_GUNPOWDER_YIELD_PRODUCTION_TAG_IMPROVED', 'REQUIRES_PLOT_HAS_MINE'),
('PLOT_HAS_GUNPOWDER_YIELD_PRODUCTION_TAG_IMPROVED', 'PLOT_HAS_GUNPOWDER_YIELD_PRODUCTION_TAG'),
('PLOT_HAS_COW_YIELD_FOOD_TAG_IMPROVED', 'REQUIRES_PLOT_HAS_PASTURE'),
('PLOT_HAS_COW_YIELD_FOOD_TAG_IMPROVED', 'PLOT_HAS_COW_YIELD_FOOD_TAG'),
('PLOT_HAS_COW_YIELD_PRODUCTION_TAG_IMPROVED', 'REQUIRES_PLOT_HAS_PASTURE'),
('PLOT_HAS_COW_YIELD_PRODUCTION_TAG_IMPROVED', 'PLOT_HAS_COW_YIELD_PRODUCTION_TAG'),
('PLOT_HAS_HORSE_YIELD_PRODUCTION_TAG_IMPROVED', 'REQUIRES_PLOT_HAS_PASTURE'),
('PLOT_HAS_HORSE_YIELD_PRODUCTION_TAG_IMPROVED', 'PLOT_HAS_HORSE_YIELD_PRODUCTION_TAG'),
('PLOT_HAS_HORSE_YIELD_GOLD_TAG_IMPROVED', 'REQUIRES_PLOT_HAS_PASTURE'),
('PLOT_HAS_HORSE_YIELD_GOLD_TAG_IMPROVED', 'PLOT_HAS_HORSE_YIELD_GOLD_TAG'),
('PLOT_HAS_PIG_YIELD_FOOD_TAG_IMPROVED', 'REQUIRES_PLOT_HAS_PASTURE'),
('PLOT_HAS_PIG_YIELD_FOOD_TAG_IMPROVED', 'PLOT_HAS_PIG_YIELD_FOOD_TAG'),
('PLOT_HAS_SHEEP_YIELD_FOOD_TAG_IMPROVED', 'REQUIRES_PLOT_HAS_PASTURE'),
('PLOT_HAS_SHEEP_YIELD_FOOD_TAG_IMPROVED', 'PLOT_HAS_SHEEP_YIELD_FOOD_TAG'),
('PLOT_HAS_SHEEP_YIELD_GOLD_TAG_IMPROVED', 'REQUIRES_PLOT_HAS_PASTURE'),
('PLOT_HAS_SHEEP_YIELD_GOLD_TAG_IMPROVED', 'PLOT_HAS_SHEEP_YIELD_GOLD_TAG'),
('PLOT_HAS_NIGHTMARE_YIELD_PRODUCTION_TAG_IMPROVED', 'REQUIRES_PLOT_HAS_PASTURE'),
('PLOT_HAS_NIGHTMARE_YIELD_PRODUCTION_TAG_IMPROVED', 'PLOT_HAS_NIGHTMARE_YIELD_PRODUCTION_TAG'),
('PLOT_HAS_NIGHTMARE_YIELD_GOLD_TAG_IMPROVED', 'REQUIRES_PLOT_HAS_PASTURE'),
('PLOT_HAS_NIGHTMARE_YIELD_GOLD_TAG_IMPROVED', 'PLOT_HAS_NIGHTMARE_YIELD_GOLD_TAG'),
('PLOT_HAS_TOAD_YIELD_FOOD_TAG_IMPROVED', 'REQUIRES_PLOT_HAS_PASTURE'),
('PLOT_HAS_TOAD_YIELD_FOOD_TAG_IMPROVED', 'PLOT_HAS_TOAD_YIELD_FOOD_TAG'),
('PLOT_HAS_TOAD_YIELD_GOLD_TAG_IMPROVED', 'REQUIRES_PLOT_HAS_PASTURE'),
('PLOT_HAS_TOAD_YIELD_GOLD_TAG_IMPROVED', 'PLOT_HAS_TOAD_YIELD_GOLD_TAG'),
('PLOT_HAS_BANANA_YIELD_FOOD_TAG_IMPROVED', 'REQUIRES_PLOT_HAS_PLANTATION'),
('PLOT_HAS_BANANA_YIELD_FOOD_TAG_IMPROVED', 'PLOT_HAS_BANANA_YIELD_FOOD_TAG'),
('PLOT_HAS_DYE_YIELD_GOLD_TAG_IMPROVED', 'REQUIRES_PLOT_HAS_PLANTATION'),
('PLOT_HAS_DYE_YIELD_GOLD_TAG_IMPROVED', 'PLOT_HAS_DYE_YIELD_GOLD_TAG'),
('PLOT_HAS_INCENSE_YIELD_GOLD_TAG_IMPROVED', 'REQUIRES_PLOT_HAS_PLANTATION'),
('PLOT_HAS_INCENSE_YIELD_GOLD_TAG_IMPROVED', 'PLOT_HAS_INCENSE_YIELD_GOLD_TAG'),
('PLOT_HAS_SILK_YIELD_GOLD_TAG_IMPROVED', 'REQUIRES_PLOT_HAS_PLANTATION'),
('PLOT_HAS_SILK_YIELD_GOLD_TAG_IMPROVED', 'PLOT_HAS_SILK_YIELD_GOLD_TAG'),
('PLOT_HAS_REAGENTS_YIELD_FOOD_TAG_IMPROVED', 'REQUIRES_PLOT_HAS_PLANTATION'),
('PLOT_HAS_REAGENTS_YIELD_FOOD_TAG_IMPROVED', 'PLOT_HAS_REAGENTS_YIELD_FOOD_TAG'),
('PLOT_HAS_REAGENTS_YIELD_GOLD_TAG_IMPROVED', 'REQUIRES_PLOT_HAS_PLANTATION'),
('PLOT_HAS_REAGENTS_YIELD_GOLD_TAG_IMPROVED', 'PLOT_HAS_REAGENTS_YIELD_GOLD_TAG'),
('PLOT_HAS_SUGAR_YIELD_FOOD_TAG_IMPROVED', 'REQUIRES_PLOT_HAS_PLANTATION'),
('PLOT_HAS_SUGAR_YIELD_FOOD_TAG_IMPROVED', 'PLOT_HAS_SUGAR_YIELD_FOOD_TAG'),
('PLOT_HAS_SUGAR_YIELD_GOLD_TAG_IMPROVED', 'REQUIRES_PLOT_HAS_PLANTATION'),
('PLOT_HAS_SUGAR_YIELD_GOLD_TAG_IMPROVED', 'PLOT_HAS_SUGAR_YIELD_GOLD_TAG'),
('PLOT_HAS_COTTON_YIELD_GOLD_TAG_IMPROVED', 'REQUIRES_PLOT_HAS_PLANTATION'),
('PLOT_HAS_COTTON_YIELD_GOLD_TAG_IMPROVED', 'PLOT_HAS_COTTON_YIELD_GOLD_TAG'),
('PLOT_HAS_GULAGARM_YIELD_FOOD_TAG_IMPROVED', 'REQUIRES_PLOT_HAS_PLANTATION'),
('PLOT_HAS_GULAGARM_YIELD_FOOD_TAG_IMPROVED', 'PLOT_HAS_GULAGARM_YIELD_FOOD_TAG'),
('PLOT_HAS_GULAGARM_YIELD_GOLD_TAG_IMPROVED', 'REQUIRES_PLOT_HAS_PLANTATION'),
('PLOT_HAS_GULAGARM_YIELD_GOLD_TAG_IMPROVED', 'PLOT_HAS_GULAGARM_YIELD_GOLD_TAG'),
('PLOT_HAS_RAZORWEED_YIELD_GOLD_TAG_IMPROVED', 'REQUIRES_PLOT_HAS_PLANTATION'),
('PLOT_HAS_RAZORWEED_YIELD_GOLD_TAG_IMPROVED', 'PLOT_HAS_RAZORWEED_YIELD_GOLD_TAG'),
('PLOT_HAS_MARBLE_YIELD_PRODUCTION_TAG_IMPROVED', 'REQUIRES_PLOT_HAS_QUARRY'),
('PLOT_HAS_MARBLE_YIELD_PRODUCTION_TAG_IMPROVED', 'PLOT_HAS_MARBLE_YIELD_PRODUCTION_TAG'),
('PLOT_HAS_MARBLE_YIELD_GOLD_TAG_IMPROVED', 'REQUIRES_PLOT_HAS_QUARRY'),
('PLOT_HAS_MARBLE_YIELD_GOLD_TAG_IMPROVED', 'PLOT_HAS_MARBLE_YIELD_GOLD_TAG'),
('PLOT_HAS_SHEUT_STONE_YIELD_PRODUCTION_TAG_IMPROVED', 'REQUIRES_PLOT_HAS_QUARRY'),
('PLOT_HAS_SHEUT_STONE_YIELD_PRODUCTION_TAG_IMPROVED', 'PLOT_HAS_SHEUT_STONE_YIELD_PRODUCTION_TAG'),
('PLOT_HAS_WHALE_YIELD_PRODUCTION_TAG_IMPROVED', 'REQUIRES_PLOT_HAS_WHALING_BOATS'),
('PLOT_HAS_WHALE_YIELD_PRODUCTION_TAG_IMPROVED', 'PLOT_HAS_WHALE_YIELD_PRODUCTION_TAG'),
('PLOT_HAS_WHALE_YIELD_GOLD_TAG_IMPROVED', 'REQUIRES_PLOT_HAS_WHALING_BOATS'),
('PLOT_HAS_WHALE_YIELD_GOLD_TAG_IMPROVED', 'PLOT_HAS_WHALE_YIELD_GOLD_TAG'),
('PLOT_HAS_WINE_YIELD_FOOD_TAG_IMPROVED', 'REQUIRES_PLOT_HAS_WINERY'),
('PLOT_HAS_WINE_YIELD_FOOD_TAG_IMPROVED', 'PLOT_HAS_WINE_YIELD_FOOD_TAG'),
('PLOT_HAS_WINE_YIELD_GOLD_TAG_IMPROVED', 'REQUIRES_PLOT_HAS_WINERY'),
('PLOT_HAS_WINE_YIELD_GOLD_TAG_IMPROVED', 'PLOT_HAS_WINE_YIELD_GOLD_TAG');

INSERT INTO RequirementSets(RequirementSetId, RequirementSetType) VALUES
('PLOT_HAS_DEER_YIELD_FOOD_TAG_IMPROVED', 'REQUIREMENTSET_TEST_ALL'),
('PLOT_HAS_FUR_YIELD_GOLD_TAG_IMPROVED', 'REQUIREMENTSET_TEST_ALL'),
('PLOT_HAS_IVORY_YIELD_PRODUCTION_TAG_IMPROVED', 'REQUIREMENTSET_TEST_ALL'),
('PLOT_HAS_IVORY_YIELD_GOLD_TAG_IMPROVED', 'REQUIREMENTSET_TEST_ALL'),
('PLOT_HAS_CORN_YIELD_FOOD_TAG_IMPROVED', 'REQUIREMENTSET_TEST_ALL'),
('PLOT_HAS_RICE_YIELD_FOOD_TAG_IMPROVED', 'REQUIREMENTSET_TEST_ALL'),
('PLOT_HAS_WHEAT_YIELD_FOOD_TAG_IMPROVED', 'REQUIREMENTSET_TEST_ALL'),
('PLOT_HAS_CLAM_YIELD_FOOD_TAG_IMPROVED', 'REQUIREMENTSET_TEST_ALL'),
('PLOT_HAS_CRAB_YIELD_FOOD_TAG_IMPROVED', 'REQUIREMENTSET_TEST_ALL'),
('PLOT_HAS_FISH_YIELD_FOOD_TAG_IMPROVED', 'REQUIREMENTSET_TEST_ALL'),
('PLOT_HAS_PEARL_YIELD_GOLD_TAG_IMPROVED', 'REQUIREMENTSET_TEST_ALL'),
('PLOT_HAS_COPPER_YIELD_PRODUCTION_TAG_IMPROVED', 'REQUIREMENTSET_TEST_ALL'),
('PLOT_HAS_GEMS_YIELD_PRODUCTION_TAG_IMPROVED', 'REQUIREMENTSET_TEST_ALL'),
('PLOT_HAS_GEMS_YIELD_GOLD_TAG_IMPROVED', 'REQUIREMENTSET_TEST_ALL'),
('PLOT_HAS_GOLD_YIELD_PRODUCTION_TAG_IMPROVED', 'REQUIREMENTSET_TEST_ALL'),
('PLOT_HAS_GOLD_YIELD_GOLD_TAG_IMPROVED', 'REQUIREMENTSET_TEST_ALL'),
('PLOT_HAS_IRON_YIELD_PRODUCTION_TAG_IMPROVED', 'REQUIREMENTSET_TEST_ALL'),
('PLOT_HAS_MITHRIL_YIELD_PRODUCTION_TAG_IMPROVED', 'REQUIREMENTSET_TEST_ALL'),
('PLOT_HAS_GUNPOWDER_YIELD_PRODUCTION_TAG_IMPROVED', 'REQUIREMENTSET_TEST_ALL'),
('PLOT_HAS_COW_YIELD_FOOD_TAG_IMPROVED', 'REQUIREMENTSET_TEST_ALL'),
('PLOT_HAS_COW_YIELD_PRODUCTION_TAG_IMPROVED', 'REQUIREMENTSET_TEST_ALL'),
('PLOT_HAS_HORSE_YIELD_PRODUCTION_TAG_IMPROVED', 'REQUIREMENTSET_TEST_ALL'),
('PLOT_HAS_HORSE_YIELD_GOLD_TAG_IMPROVED', 'REQUIREMENTSET_TEST_ALL'),
('PLOT_HAS_PIG_YIELD_FOOD_TAG_IMPROVED', 'REQUIREMENTSET_TEST_ALL'),
('PLOT_HAS_SHEEP_YIELD_FOOD_TAG_IMPROVED', 'REQUIREMENTSET_TEST_ALL'),
('PLOT_HAS_SHEEP_YIELD_GOLD_TAG_IMPROVED', 'REQUIREMENTSET_TEST_ALL'),
('PLOT_HAS_NIGHTMARE_YIELD_PRODUCTION_TAG_IMPROVED', 'REQUIREMENTSET_TEST_ALL'),
('PLOT_HAS_NIGHTMARE_YIELD_GOLD_TAG_IMPROVED', 'REQUIREMENTSET_TEST_ALL'),
('PLOT_HAS_TOAD_YIELD_FOOD_TAG_IMPROVED', 'REQUIREMENTSET_TEST_ALL'),
('PLOT_HAS_TOAD_YIELD_GOLD_TAG_IMPROVED', 'REQUIREMENTSET_TEST_ALL'),
('PLOT_HAS_BANANA_YIELD_FOOD_TAG_IMPROVED', 'REQUIREMENTSET_TEST_ALL'),
('PLOT_HAS_DYE_YIELD_GOLD_TAG_IMPROVED', 'REQUIREMENTSET_TEST_ALL'),
('PLOT_HAS_INCENSE_YIELD_GOLD_TAG_IMPROVED', 'REQUIREMENTSET_TEST_ALL'),
('PLOT_HAS_SILK_YIELD_GOLD_TAG_IMPROVED', 'REQUIREMENTSET_TEST_ALL'),
('PLOT_HAS_REAGENTS_YIELD_FOOD_TAG_IMPROVED', 'REQUIREMENTSET_TEST_ALL'),
('PLOT_HAS_REAGENTS_YIELD_GOLD_TAG_IMPROVED', 'REQUIREMENTSET_TEST_ALL'),
('PLOT_HAS_SUGAR_YIELD_FOOD_TAG_IMPROVED', 'REQUIREMENTSET_TEST_ALL'),
('PLOT_HAS_SUGAR_YIELD_GOLD_TAG_IMPROVED', 'REQUIREMENTSET_TEST_ALL'),
('PLOT_HAS_COTTON_YIELD_GOLD_TAG_IMPROVED', 'REQUIREMENTSET_TEST_ALL'),
('PLOT_HAS_GULAGARM_YIELD_FOOD_TAG_IMPROVED', 'REQUIREMENTSET_TEST_ALL'),
('PLOT_HAS_GULAGARM_YIELD_GOLD_TAG_IMPROVED', 'REQUIREMENTSET_TEST_ALL'),
('PLOT_HAS_RAZORWEED_YIELD_GOLD_TAG_IMPROVED', 'REQUIREMENTSET_TEST_ALL'),
('PLOT_HAS_MARBLE_YIELD_PRODUCTION_TAG_IMPROVED', 'REQUIREMENTSET_TEST_ALL'),
('PLOT_HAS_MARBLE_YIELD_GOLD_TAG_IMPROVED', 'REQUIREMENTSET_TEST_ALL'),
('PLOT_HAS_SHEUT_STONE_YIELD_PRODUCTION_TAG_IMPROVED', 'REQUIREMENTSET_TEST_ALL'),
('PLOT_HAS_WHALE_YIELD_PRODUCTION_TAG_IMPROVED', 'REQUIREMENTSET_TEST_ALL'),
('PLOT_HAS_WHALE_YIELD_GOLD_TAG_IMPROVED', 'REQUIREMENTSET_TEST_ALL'),
('PLOT_HAS_WINE_YIELD_FOOD_TAG_IMPROVED', 'REQUIREMENTSET_TEST_ALL'),
('PLOT_HAS_WINE_YIELD_GOLD_TAG_IMPROVED', 'REQUIREMENTSET_TEST_ALL');

INSERT INTO Tags(Tag, Vocabulary) VALUES
('CLASS_DEER_YIELD_FOOD', 'RESOURCE_CLASS'),
('CLASS_FUR_YIELD_GOLD', 'RESOURCE_CLASS'),
('CLASS_IVORY_YIELD_PRODUCTION', 'RESOURCE_CLASS'),
('CLASS_IVORY_YIELD_GOLD', 'RESOURCE_CLASS'),
('CLASS_CORN_YIELD_FOOD', 'RESOURCE_CLASS'),
('CLASS_RICE_YIELD_FOOD', 'RESOURCE_CLASS'),
('CLASS_WHEAT_YIELD_FOOD', 'RESOURCE_CLASS'),
('CLASS_CLAM_YIELD_FOOD', 'RESOURCE_CLASS'),
('CLASS_CRAB_YIELD_FOOD', 'RESOURCE_CLASS'),
('CLASS_FISH_YIELD_FOOD', 'RESOURCE_CLASS'),
('CLASS_PEARL_YIELD_GOLD', 'RESOURCE_CLASS'),
('CLASS_COPPER_YIELD_PRODUCTION', 'RESOURCE_CLASS'),
('CLASS_GEMS_YIELD_PRODUCTION', 'RESOURCE_CLASS'),
('CLASS_GEMS_YIELD_GOLD', 'RESOURCE_CLASS'),
('CLASS_GOLD_YIELD_PRODUCTION', 'RESOURCE_CLASS'),
('CLASS_GOLD_YIELD_GOLD', 'RESOURCE_CLASS'),
('CLASS_IRON_YIELD_PRODUCTION', 'RESOURCE_CLASS'),
('CLASS_MITHRIL_YIELD_PRODUCTION', 'RESOURCE_CLASS'),
('CLASS_GUNPOWDER_YIELD_PRODUCTION', 'RESOURCE_CLASS'),
('CLASS_COW_YIELD_FOOD', 'RESOURCE_CLASS'),
('CLASS_COW_YIELD_PRODUCTION', 'RESOURCE_CLASS'),
('CLASS_HORSE_YIELD_PRODUCTION', 'RESOURCE_CLASS'),
('CLASS_HORSE_YIELD_GOLD', 'RESOURCE_CLASS'),
('CLASS_PIG_YIELD_FOOD', 'RESOURCE_CLASS'),
('CLASS_SHEEP_YIELD_FOOD', 'RESOURCE_CLASS'),
('CLASS_SHEEP_YIELD_GOLD', 'RESOURCE_CLASS'),
('CLASS_NIGHTMARE_YIELD_PRODUCTION', 'RESOURCE_CLASS'),
('CLASS_NIGHTMARE_YIELD_GOLD', 'RESOURCE_CLASS'),
('CLASS_TOAD_YIELD_FOOD', 'RESOURCE_CLASS'),
('CLASS_TOAD_YIELD_GOLD', 'RESOURCE_CLASS'),
('CLASS_BANANA_YIELD_FOOD', 'RESOURCE_CLASS'),
('CLASS_DYE_YIELD_GOLD', 'RESOURCE_CLASS'),
('CLASS_INCENSE_YIELD_GOLD', 'RESOURCE_CLASS'),
('CLASS_SILK_YIELD_GOLD', 'RESOURCE_CLASS'),
('CLASS_REAGENTS_YIELD_FOOD', 'RESOURCE_CLASS'),
('CLASS_REAGENTS_YIELD_GOLD', 'RESOURCE_CLASS'),
('CLASS_SUGAR_YIELD_FOOD', 'RESOURCE_CLASS'),
('CLASS_SUGAR_YIELD_GOLD', 'RESOURCE_CLASS'),
('CLASS_COTTON_YIELD_GOLD', 'RESOURCE_CLASS'),
('CLASS_GULAGARM_YIELD_FOOD', 'RESOURCE_CLASS'),
('CLASS_GULAGARM_YIELD_GOLD', 'RESOURCE_CLASS'),
('CLASS_RAZORWEED_YIELD_GOLD', 'RESOURCE_CLASS'),
('CLASS_MARBLE_YIELD_PRODUCTION', 'RESOURCE_CLASS'),
('CLASS_MARBLE_YIELD_GOLD', 'RESOURCE_CLASS'),
('CLASS_SHEUT_STONE_YIELD_PRODUCTION', 'RESOURCE_CLASS'),
('CLASS_WHALE_YIELD_PRODUCTION', 'RESOURCE_CLASS'),
('CLASS_WHALE_YIELD_GOLD', 'RESOURCE_CLASS'),
('CLASS_WINE_YIELD_FOOD', 'RESOURCE_CLASS'),
('CLASS_WINE_YIELD_GOLD', 'RESOURCE_CLASS');

INSERT INTO TypeTags(Type, Tag) VALUES
('RESOURCE_DEER', 'CLASS_DEER_YIELD_FOOD'),
('RESOURCE_FUR', 'CLASS_FUR_YIELD_GOLD'),
('RESOURCE_IVORY', 'CLASS_IVORY_YIELD_PRODUCTION'),
('RESOURCE_IVORY', 'CLASS_IVORY_YIELD_GOLD'),
('RESOURCE_CORN', 'CLASS_CORN_YIELD_FOOD'),
('RESOURCE_RICE', 'CLASS_RICE_YIELD_FOOD'),
('RESOURCE_WHEAT', 'CLASS_WHEAT_YIELD_FOOD'),
('RESOURCE_CLAM', 'CLASS_CLAM_YIELD_FOOD'),
('RESOURCE_CRAB', 'CLASS_CRAB_YIELD_FOOD'),
('RESOURCE_FISH', 'CLASS_FISH_YIELD_FOOD'),
('RESOURCE_PEARL', 'CLASS_PEARL_YIELD_GOLD'),
('RESOURCE_COPPER', 'CLASS_COPPER_YIELD_PRODUCTION'),
('RESOURCE_GEMS', 'CLASS_GEMS_YIELD_PRODUCTION'),
('RESOURCE_GEMS', 'CLASS_GEMS_YIELD_GOLD'),
('RESOURCE_GOLD', 'CLASS_GOLD_YIELD_PRODUCTION'),
('RESOURCE_GOLD', 'CLASS_GOLD_YIELD_GOLD'),
('RESOURCE_IRON', 'CLASS_IRON_YIELD_PRODUCTION'),
('RESOURCE_MITHRIL', 'CLASS_MITHRIL_YIELD_PRODUCTION'),
('RESOURCE_GUNPOWDER', 'CLASS_GUNPOWDER_YIELD_PRODUCTION'),
('RESOURCE_COW', 'CLASS_COW_YIELD_FOOD'),
('RESOURCE_COW', 'CLASS_COW_YIELD_PRODUCTION'),
('RESOURCE_HORSE', 'CLASS_HORSE_YIELD_PRODUCTION'),
('RESOURCE_HORSE', 'CLASS_HORSE_YIELD_GOLD'),
('RESOURCE_PIG', 'CLASS_PIG_YIELD_FOOD'),
('RESOURCE_SHEEP', 'CLASS_SHEEP_YIELD_FOOD'),
('RESOURCE_SHEEP', 'CLASS_SHEEP_YIELD_GOLD'),
('RESOURCE_NIGHTMARE', 'CLASS_NIGHTMARE_YIELD_PRODUCTION'),
('RESOURCE_NIGHTMARE', 'CLASS_NIGHTMARE_YIELD_GOLD'),
('RESOURCE_TOAD', 'CLASS_TOAD_YIELD_FOOD'),
('RESOURCE_TOAD', 'CLASS_TOAD_YIELD_GOLD'),
('RESOURCE_BANANA', 'CLASS_BANANA_YIELD_FOOD'),
('RESOURCE_DYE', 'CLASS_DYE_YIELD_GOLD'),
('RESOURCE_INCENSE', 'CLASS_INCENSE_YIELD_GOLD'),
('RESOURCE_SILK', 'CLASS_SILK_YIELD_GOLD'),
('RESOURCE_REAGENTS', 'CLASS_REAGENTS_YIELD_FOOD'),
('RESOURCE_REAGENTS', 'CLASS_REAGENTS_YIELD_GOLD'),
('RESOURCE_SUGAR', 'CLASS_SUGAR_YIELD_FOOD'),
('RESOURCE_SUGAR', 'CLASS_SUGAR_YIELD_GOLD'),
('RESOURCE_COTTON', 'CLASS_COTTON_YIELD_GOLD'),
('RESOURCE_GULAGARM', 'CLASS_GULAGARM_YIELD_FOOD'),
('RESOURCE_GULAGARM', 'CLASS_GULAGARM_YIELD_GOLD'),
('RESOURCE_RAZORWEED', 'CLASS_RAZORWEED_YIELD_GOLD'),
('RESOURCE_MARBLE', 'CLASS_MARBLE_YIELD_PRODUCTION'),
('RESOURCE_MARBLE', 'CLASS_MARBLE_YIELD_GOLD'),
('RESOURCE_SHEUT_STONE', 'CLASS_SHEUT_STONE_YIELD_PRODUCTION'),
('RESOURCE_WHALE', 'CLASS_WHALE_YIELD_PRODUCTION'),
('RESOURCE_WHALE', 'CLASS_WHALE_YIELD_GOLD'),
('RESOURCE_WINE', 'CLASS_WINE_YIELD_FOOD'),
('RESOURCE_WINE', 'CLASS_WINE_YIELD_GOLD');

INSERT INTO Types(Type, Kind) VALUES
('RESOURCE_MANA', 'KIND_RESOURCE'),
('RESOURCE_GUNPOWDER', 'KIND_RESOURCE'),
('RESOURCE_HORSE', 'KIND_RESOURCE'),
('RESOURCE_MANA_DEATH', 'KIND_RESOURCE'),
('RESOURCE_NIGHTMARE', 'KIND_RESOURCE'),
('RESOURCE_MANA_FIRE', 'KIND_RESOURCE'),
('RESOURCE_BANANA', 'KIND_RESOURCE'),
('RESOURCE_CLAM', 'KIND_RESOURCE'),
('RESOURCE_CORN', 'KIND_RESOURCE'),
('RESOURCE_COW', 'KIND_RESOURCE'),
('RESOURCE_CRAB', 'KIND_RESOURCE'),
('RESOURCE_PIG', 'KIND_RESOURCE'),
('RESOURCE_DYE', 'KIND_RESOURCE'),
('RESOURCE_FUR', 'KIND_RESOURCE'),
('RESOURCE_GEMS', 'KIND_RESOURCE'),
('RESOURCE_GOLD', 'KIND_RESOURCE'),
('RESOURCE_MITHRIL', 'KIND_RESOURCE'),
('RESOURCE_REAGENTS', 'KIND_RESOURCE'),
('RESOURCE_WHALE', 'KIND_RESOURCE'),
('RESOURCE_FRUIT_OF_YGGDRASIL', 'KIND_RESOURCE'),
('RESOURCE_SHEUT_STONE', 'KIND_RESOURCE'),
('RESOURCE_TOAD', 'KIND_RESOURCE'),
('RESOURCE_PEARL', 'KIND_RESOURCE'),
('RESOURCE_MANA_AIR', 'KIND_RESOURCE'),
('RESOURCE_MANA_BODY', 'KIND_RESOURCE'),
('RESOURCE_MANA_CHAOS', 'KIND_RESOURCE'),
('RESOURCE_MANA_EARTH', 'KIND_RESOURCE'),
('RESOURCE_MANA_ENCHANTMENT', 'KIND_RESOURCE'),
('RESOURCE_MANA_ENTROPY', 'KIND_RESOURCE'),
('RESOURCE_MANA_ICE', 'KIND_RESOURCE'),
('RESOURCE_MANA_LAW', 'KIND_RESOURCE'),
('RESOURCE_MANA_LIFE', 'KIND_RESOURCE'),
('RESOURCE_MANA_METAMAGIC', 'KIND_RESOURCE'),
('RESOURCE_MANA_MIND', 'KIND_RESOURCE'),
('RESOURCE_MANA_NATURE', 'KIND_RESOURCE'),
('RESOURCE_MANA_SPIRIT', 'KIND_RESOURCE'),
('RESOURCE_MANA_WATER', 'KIND_RESOURCE'),
('RESOURCE_MANA_SUN', 'KIND_RESOURCE'),
('RESOURCE_MANA_SHADOW', 'KIND_RESOURCE'),
('RESOURCE_GULAGARM', 'KIND_RESOURCE'),
('RESOURCE_ALE', 'KIND_RESOURCE'),
('RESOURCE_FINE_CLOTHES', 'KIND_RESOURCE'),
('RESOURCE_JEWELS', 'KIND_RESOURCE'),
('RESOURCE_RAZORWEED', 'KIND_RESOURCE'),
('TERRAIN_BURNING_SANDS', 'KIND_TERRAIN'),
('TERRAIN_BROKEN_LANDS', 'KIND_TERRAIN'),
('TERRAIN_FIELDS_OF_PERDITION', 'KIND_TERRAIN'),
('TERRAIN_BURNING_SANDS_MOUNTAIN', 'KIND_TERRAIN'),
('TERRAIN_BURNING_SANDS_HILLS', 'KIND_TERRAIN'),
('TERRAIN_BROKEN_LANDS_MOUNTAIN', 'KIND_TERRAIN'),
('TERRAIN_BROKEN_LANDS_HILLS', 'KIND_TERRAIN'),
('TERRAIN_FIELDS_OF_PERDITION_MOUNTAIN', 'KIND_TERRAIN'),
('TERRAIN_FIELDS_OF_PERDITION_HILLS', 'KIND_TERRAIN'),
('FEATURE_FOREST_ANCIENT', 'KIND_FEATURE'),
('FEATURE_OBSIDIAN_PLAINS', 'KIND_FEATURE'),
('FEATURE_SHALLOWS', 'KIND_FEATURE'),
('IMPROVEMENT_CASTLE', 'KIND_IMPROVEMENT'),
('IMPROVEMENT_CITADEL', 'KIND_IMPROVEMENT'),
('IMPROVEMENT_COTTAGE', 'KIND_IMPROVEMENT'),
('IMPROVEMENT_ENCLAVE', 'KIND_IMPROVEMENT'),
('IMPROVEMENT_HAMLET', 'KIND_IMPROVEMENT'),
('IMPROVEMENT_LUMBERMILL', 'KIND_IMPROVEMENT'),
('IMPROVEMENT_PIRATE_COVE', 'KIND_IMPROVEMENT'),
('IMPROVEMENT_PIRATE_HARBOR', 'KIND_IMPROVEMENT'),
('IMPROVEMENT_PIRATE_PORT', 'KIND_IMPROVEMENT'),
('IMPROVEMENT_TOWN', 'KIND_IMPROVEMENT'),
('IMPROVEMENT_VILLAGE', 'KIND_IMPROVEMENT'),
('IMPROVEMENT_WHALING_BOATS', 'KIND_IMPROVEMENT'),
('IMPROVEMENT_WINDMILL', 'KIND_IMPROVEMENT'),
('IMPROVEMENT_WINERY', 'KIND_IMPROVEMENT'),
('IMPROVEMENT_WORKSHOP', 'KIND_IMPROVEMENT'),
('IMPROVEMENT_MANA_AIR', 'KIND_IMPROVEMENT'),
('IMPROVEMENT_MANA_BODY', 'KIND_IMPROVEMENT'),
('IMPROVEMENT_MANA_CHAOS', 'KIND_IMPROVEMENT'),
('IMPROVEMENT_MANA_DEATH', 'KIND_IMPROVEMENT'),
('IMPROVEMENT_MANA_EARTH', 'KIND_IMPROVEMENT'),
('IMPROVEMENT_MANA_ENCHANTMENT', 'KIND_IMPROVEMENT'),
('IMPROVEMENT_MANA_ENTROPY', 'KIND_IMPROVEMENT'),
('IMPROVEMENT_MANA_FIRE', 'KIND_IMPROVEMENT'),
('IMPROVEMENT_MANA_LAW', 'KIND_IMPROVEMENT'),
('IMPROVEMENT_MANA_LIFE', 'KIND_IMPROVEMENT'),
('IMPROVEMENT_MANA_METAMAGIC', 'KIND_IMPROVEMENT'),
('IMPROVEMENT_MANA_MIND', 'KIND_IMPROVEMENT'),
('IMPROVEMENT_MANA_NATURE', 'KIND_IMPROVEMENT'),
('IMPROVEMENT_MANA_SHADOW', 'KIND_IMPROVEMENT'),
('IMPROVEMENT_MANA_SPIRIT', 'KIND_IMPROVEMENT'),
('IMPROVEMENT_MANA_SUN', 'KIND_IMPROVEMENT'),
('IMPROVEMENT_MANA_WATER', 'KIND_IMPROVEMENT');

