INSERT INTO Civilizations(CivilizationType, Name, Description, Adjective, RandomCityNameDepth, StartingCivilizationLevelType, Ethnicity) VALUES
('SLTH_CIVILIZATION_ILLIANS', 'LOC_CIV_ILLIANS_NAME', 'LOC_CIV_ILLIANS_DESCRIPTION', 'LOC_SLTH_CIV_ILLIANS_ADJECTIVE', '10', 'CIVILIZATION_LEVEL_FULL_CIV', 'ETHNICITY_EURO');
INSERT INTO Leaders(LeaderType, Name, InheritFrom) VALUES
('SLTH_LEADER_AURIC', 'LOC_SLTH_LEADER_AURIC_NAME', 'LEADER_DEFAULT');
INSERT INTO CivilizationLeaders(LeaderType, CivilizationType, CapitalName) VALUES
('SLTH_LEADER_AURIC', 'SLTH_CIVILIZATION_ILLIANS', 'LOC_CITY_ILLIANS_1_NAME');

INSERT INTO	StartBiasTerrains (CivilizationType,			TerrainType,			        Tier	)
VALUES	                      ('SLTH_CIVILIZATION_ILLIANS',	'TERRAIN_TUNDRA',		    2	),
                              ('SLTH_CIVILIZATION_ILLIANS',	'TERRAIN_TUNDRA_HILLS',		2	),
                              ('SLTH_CIVILIZATION_ILLIANS',	'TERRAIN_SNOW',		        2	),
                              ('SLTH_CIVILIZATION_ILLIANS',	'TERRAIN_SNOW_HILLS',		2	);

INSERT INTO	StartBiasFeatures (CivilizationType,			    FeatureType,			Tier	)
VALUES	                      ('SLTH_CIVILIZATION_ILLIANS',	'FEATURE_FOREST',	        3		);


INSERT INTO CivilizationTraits(CivilizationType, TraitType) VALUES
('SLTH_CIVILIZATION_ILLIANS', 'SLTH_TRAIT_CIVILIZATION_BUILDING_TEMPLE_OF_THE_HAND'),
('SLTH_CIVILIZATION_ILLIANS', 'SLTH_TRAIT_CIVILIZATION_UNIT_HIGH_PRIEST_OF_WINTER'),
('SLTH_CIVILIZATION_ILLIANS', 'SLTH_TRAIT_CIVILIZATION_UNIT_WILBOMAN'),
('SLTH_CIVILIZATION_ILLIANS', 'SLTH_TRAIT_CIVILIZATION_UNIT_JAVELIN_THROWER'),
('SLTH_CIVILIZATION_ILLIANS', 'SLTH_TRAIT_CIVILIZATION_ILLIANS_COOL'),
('SLTH_CIVILIZATION_ILLIANS', 'SLTH_TRAIT_WINTERBORN');

INSERT INTO Traits(TraitType, Name, Description) VALUES
('SLTH_TRAIT_CIVILIZATION_ILLIANS_COOL', 'LOC_SLTH_TRAIT_CIVILIZATION_ILLIANS_COOL_NAME', 'LOC_SLTH_TRAIT_CIVILIZATION_ILLIANS_COOL_DESCRIPTION'),
('SLTH_TRAIT_CIVILIZATION_BUILDING_TEMPLE_OF_THE_HAND', 'LOC_SLTH_TRAIT_CIVILIZATION_BUILDING_TEMPLE_OF_THE_HAND_NAME', 'LOC_SLTH_TRAIT_CIVILIZATION_BUILDING_TEMPLE_OF_THE_HAND_DESCRIPTION'),
('SLTH_TRAIT_CIVILIZATION_UNIT_WILBOMAN', 'LOC_SLTH_TRAIT_CIVILIZATION_UNIT_WILBOMAN_NAME', 'LOC_SLTH_TRAIT_CIVILIZATION_UNIT_WILBOMAN_DESCRIPTION'),
('SLTH_TRAIT_CIVILIZATION_UNIT_JAVELIN_THROWER', 'LOC_SLTH_TRAIT_CIVILIZATION_UNIT_JAVELIN_THROWER_NAME', 'LOC_SLTH_TRAIT_CIVILIZATION_UNIT_JAVELIN_THROWER_DESCRIPTION'),
('SLTH_TRAIT_CIVILIZATION_UNIT_HIGH_PRIEST_OF_WINTER', 'LOC_SLTH_TRAIT_CIVILIZATION_UNIT_HIGH_PRIEST_OF_WINTER_NAME', 'LOC_SLTH_TRAIT_CIVILIZATION_UNIT_HIGH_PRIEST_OF_WINTER_DESCRIPTION');

INSERT INTO TraitModifiers(TraitType, ModifierId) VALUES
('SLTH_TRAIT_CIVILIZATION_ILLIANS_COOL', 'MODIFIER_SLTH_GRANT_TECH_EXPLORATION'),
('SLTH_TRAIT_CIVILIZATION_ILLIANS_COOL', 'MODIFIER_SLTH_GRANT_MANA_ICE'),
('SLTH_TRAIT_CIVILIZATION_ILLIANS_COOL', 'MODIFIER_SLTH_GRANT_MANA_ENCHANTMENT'),
('SLTH_TRAIT_CIVILIZATION_ILLIANS_COOL', 'MODIFIER_SLTH_GRANT_MANA_LAW'),
('SLTH_TRAIT_CIVILIZATION_ILLIANS_COOL', 'MODIFIER_SLTH_ILIAN_BONUS_FOOD_SNOW');

INSERT INTO Modifiers(ModifierId, ModifierType, RunOnce, Permanent, SubjectRequirementSetId) VALUES
('MODIFIER_SLTH_ILIAN_BONUS_FOOD_SNOW', 'MODIFIER_PLAYER_ADJUST_PLOT_YIELD', '0', '0', 'FROSTLING_ABILITY_TERRAIN_STRENGTH_SNOW_REQS');     -- borrowed from Racials

INSERT INTO ModifierArguments(ModifierId, Name, Type, Value) VALUES
('MODIFIER_SLTH_ILIAN_BONUS_FOOD_SNOW', 'YieldType', 'ARGTYPE_IDENTITY', 'YIELD_FARM'),
('MODIFIER_SLTH_ILIAN_BONUS_FOOD_SNOW', 'Amount', 'ARGTYPE_IDENTITY', '2');


INSERT INTO Units(UnitType, Name, BaseSightRange, BaseMoves, Combat, RangedCombat, Range, Domain, FormationClass, Cost, BuildCharges, Description, TraitType, AllowBarbarians, PromotionClass, PrereqTech, PrereqCivic, CanTrain, Maintenance, Stackable, AirSlots, CanTargetAir, PseudoYieldType, IgnoreMoves, AdvisorType, EnabledByReligion, PurchaseYield, MustPurchase) VALUES
('SLTH_UNIT_WILBOMAN', 'LOC_SLTH_UNIT_WILBOMAN_NAME', '2', '1', '34', '0', '0', 'DOMAIN_LAND', 'FORMATION_CLASS_LAND_COMBAT', '360', '0', 'LOC_SLTH_UNIT_WILBOMAN_DESCRIPTION', 'SLTH_TRAIT_CIVILIZATION_UNIT_WILBOMAN', '1', 'PROMOTION_CLASS_MELEE', 'TECH_IRON_WORKING', NULL, '1', '1', '0', '0', '0', NULL, '0', 'ADVISOR_CONQUEST', '0', NULL, '0'),
('SLTH_UNIT_HIGH_PRIEST_OF_WINTER', 'LOC_SLTH_UNIT_HIGH_PRIEST_OF_WINTER_NAME', '2', '1', '29', '0', '0', 'DOMAIN_LAND', 'FORMATION_CLASS_LAND_COMBAT', '240', '0', 'LOC_SLTH_UNIT_HIGH_PRIEST_OF_WINTER_DESCRIPTION', 'SLTH_TRAIT_CIVILIZATION_UNIT_HIGH_PRIEST_OF_WINTER', '1', 'PROMOTION_CLASS_DISCIPLE', NULL, 'CIVIC_THEOLOGY', '1', '1', '0', '0', '0', NULL, '0', 'ADVISOR_CONQUEST', '0', NULL, '1'),
('SLTH_UNIT_AURIC_ASCENDED', 'LOC_SLTH_UNIT_AURIC_ASCENDED_NAME', '2', '3', '144', '0', '0', 'DOMAIN_LAND', 'FORMATION_CLASS_LAND_COMBAT', '-1', '0', 'LOC_SLTH_UNIT_AURIC_ASCENDED_DESCRIPTION', NULL, '1', NULL, 'TECH_OMNISCIENCE', NULL, '0', '1', '0', '0', '0', NULL, '0', 'ADVISOR_CONQUEST', '1', NULL, '1'),
('SLTH_UNIT_DRIFA', 'LOC_SLTH_UNIT_DRIFA_NAME', '2', '3', '68', '0', '0', 'DOMAIN_LAND', 'FORMATION_CLASS_LAND_COMBAT', '-1', '0', 'LOC_SLTH_UNIT_DRIFA_DESCRIPTION', NULL, '1', 'PROMOTION_CLASS_BEAST', NULL, 'CIVIC_DIVINE_ESSENCE', '0', '1', '0', '0', '0', NULL, '0', 'ADVISOR_CONQUEST', '0', NULL, '1');

INSERT INTO TypeTags(Type, Tag) VALUES
('SLTH_UNIT_HIGH_PRIEST_OF_WINTER', 'CLASS_DISCIPLE'),
('SLTH_UNIT_HIGH_PRIEST_OF_WINTER', 'CAN_BE_RACIALIZED'),
('SLTH_UNIT_WILBOMAN', 'CLASS_MELEE');

INSERT INTO Buildings(BuildingType, Name, PrereqTech, PrereqCivic, Cost, PrereqDistrict, Description, OuterDefenseHitPoints, Housing, Entertainment, TraitType, CitizenSlots, AdvisorType) VALUES
('SLTH_BUILDING_TEMPLE_OF_THE_HAND', 'LOC_SLTH_BUILDING_TEMPLE_OF_THE_HAND_NAME', NULL, 'CIVIC_MYSTICISM', '100', 'DISTRICT_HOLY_SITE', 'LOC_SLTH_BUILDING_TEMPLE_OF_THE_HAND_DESCRIPTION', '0', '0', '0', 'SLTH_TRAIT_CIVILIZATION_BUILDING_TEMPLE_OF_THE_HAND', '1', 'ADVISOR_CULTURE');

INSERT INTO BuildingReplaces(CivUniqueBuildingType, ReplacesBuildingType) VALUES
('SLTH_BUILDING_TEMPLE_OF_THE_HAND', 'BUILDING_SHRINE');

INSERT INTO BuildingModifiers(BuildingType, ModifierId) VALUES
('SLTH_BUILDING_TEMPLE_OF_THE_HAND', 'MODIFIER_BUILDING_SHRINE_ADD_CULTUREYIELD');

INSERT INTO Types(Type, Kind) VALUES
('SLTH_CIVILIZATION_ILLIANS', 'KIND_CIVILIZATION'),
('SLTH_TRAIT_CIVILIZATION_ILLIANS_COOL', 'KIND_TRAIT'),
('SLTH_TRAIT_CIVILIZATION_BUILDING_TEMPLE_OF_THE_HAND', 'KIND_TRAIT'),
('SLTH_TRAIT_CIVILIZATION_UNIT_WILBOMAN', 'KIND_TRAIT'),
('SLTH_TRAIT_CIVILIZATION_UNIT_HIGH_PRIEST_OF_WINTER', 'KIND_TRAIT'),
('SLTH_LEADER_AURIC', 'KIND_LEADER'),
('SLTH_UNIT_WILBOMAN', 'KIND_UNIT'),
('SLTH_UNIT_HIGH_PRIEST_OF_WINTER', 'KIND_UNIT'),
('SLTH_BUILDING_TEMPLE_OF_THE_HAND', 'KIND_BUILDING'),
('SLTH_TRAIT_CIVILIZATION_UNIT_JAVELIN_THROWER', 'KIND_TRAIT');