INSERT INTO Traits(TraitType, Name, Description) VALUES
('SLTH_TRAIT_DWARVEN', 'LOC_SLTH_TRAIT_DWARVEN_NAME', 'LOC_SLTH_TRAIT_DWARVEN_DESCRIPTION'),
('SLTH_TRAIT_CIVILIZATION_UNIT_DWARVEN_SLINGER', 'LOC_SLTH_TRAIT_CIVILIZATION_UNIT_DWARVEN_SLINGER_NAME', 'LOC_SLTH_TRAIT_CIVILIZATION_UNIT_DWARVEN_SLINGER_DESCRIPTION'),
('SLTH_TRAIT_CIVILIZATION_UNIT_DWARVEN_DRUID', 'LOC_SLTH_TRAIT_CIVILIZATION_UNIT_DWARVEN_DRUID_NAME', 'LOC_SLTH_TRAIT_CIVILIZATION_UNIT_DWARVEN_DRUID_DESCRIPTION'),
('SLTH_TRAIT_CIVILIZATION_UNIT_BOAR_RIDER', 'LOC_SLTH_TRAIT_CIVILIZATION_UNIT_BOAR_RIDER_NAME', 'LOC_SLTH_TRAIT_CIVILIZATION_UNIT_BOAR_RIDER_DESCRIPTION'),
('SLTH_TRAIT_CIVILIZATION_UNIT_HORNGUARD', 'LOC_SLTH_TRAIT_CIVILIZATION_UNIT_HORNGUARD_NAME', 'LOC_SLTH_TRAIT_CIVILIZATION_UNIT_HORNGUARD_DESCRIPTION'),
('SLTH_TRAIT_CIVILIZATION_UNIT_DWARVEN_SHADOW', 'LOC_SLTH_TRAIT_CIVILIZATION_UNIT_DWARVEN_SHADOW_NAME', 'LOC_SLTH_TRAIT_CIVILIZATION_UNIT_DWARVEN_SHADOW_DESCRIPTION');

INSERT INTO TraitModifiers(TraitType, ModifierId) VALUES
('SLTH_TRAIT_DWARVEN', 'TRAIT_GRANT_DWARF_ABILITY_HILLS_DOUBLE_MOVE_CITY_ATTACH'),
('SLTH_TRAIT_DWARVEN', 'MODIFIER_BAN_SLTH_UNIT_HORSE_ARCHER'),
('SLTH_TRAIT_DWARVEN', 'MODIFIER_BAN_SLTH_UNIT_MARKSMAN'),
('SLTH_TRAIT_DWARVEN', 'MODIFIER_BAN_SLTH_UNIT_RANGER');

INSERT INTO Modifiers(ModifierId, ModifierType, RunOnce, Permanent, SubjectRequirementSetId) VALUES
('TRAIT_GRANT_DWARF_ABILITY_HILLS_DOUBLE_MOVE_CITY_ATTACH', 'MODIFIER_PLAYER_CITIES_ATTACH_MODIFIER', 0, 0, NULL),
('GRANT_DWARF_ABILITY_HILLS_DOUBLE_MOVE_CITY', 'MODIFIER_SINGLE_CITY_GRANT_ABILITY_FOR_TRAINED_UNITS', '0', '0', NULL);

INSERT INTO ModifierArguments(ModifierId, Name, Type, Value) VALUES
('TRAIT_GRANT_DWARF_ABILITY_HILLS_DOUBLE_MOVE_CITY_ATTACH', 'ModifierId', 'ARGTYPE_IDENTITY', 'GRANT_DWARF_ABILITY_HILLS_DOUBLE_MOVE_CITY'),
('GRANT_DWARF_ABILITY_HILLS_DOUBLE_MOVE_CITY', 'AbilityType', 'ARGTYPE_IDENTITY', 'DWARF_ABILITY_HILLS_DOUBLE_MOVE');

INSERT INTO Units(UnitType, Name, BaseSightRange, BaseMoves, Combat, RangedCombat, Range, Domain, FormationClass, Cost, BuildCharges, Description, TraitType, AllowBarbarians, PromotionClass, PrereqTech, PrereqCivic, CanTrain, Maintenance, Stackable, AirSlots, CanTargetAir, PseudoYieldType, IgnoreMoves, AdvisorType, EnabledByReligion) VALUES
('SLTH_UNIT_DWARVEN_SLINGER', 'LOC_SLTH_UNIT_DWARVEN_SLINGER_NAME', '2', '1', '3', '3', '2', 'DOMAIN_LAND', 'FORMATION_CLASS_LAND_COMBAT', '60', '0', 'LOC_SLTH_UNIT_DWARVEN_SLINGER_DESCRIPTION', 'SLTH_TRAIT_CIVILIZATION_UNIT_DWARVEN_SLINGER', '1', 'PROMOTION_CLASS_RANGED', 'SLTH_TECH_ARCHERY', NULL, '1', '1', '0', '0', '0', NULL, '0', 'ADVISOR_CONQUEST', '0'),
('SLTH_UNIT_DWARVEN_DRUID', 'LOC_SLTH_UNIT_DWARVEN_DRUID_NAME', '2', '2', '8', '0', '0', 'DOMAIN_LAND', 'FORMATION_CLASS_LAND_COMBAT', '240', '0', 'LOC_SLTH_UNIT_DWARVEN_DRUID_DESCRIPTION', 'SLTH_TRAIT_CIVILIZATION_UNIT_DWARVEN_DRUID', '1', 'PROMOTION_CLASS_DISCIPLE', NULL, 'SLTH_CIVIC_COMMUNE_WITH_NATURE', '1', '1', '0', '1', '0', NULL, '0', 'ADVISOR_GENERIC', '0'),
('SLTH_UNIT_BOAR_RIDER', 'LOC_SLTH_UNIT_BOAR_RIDER_NAME', '2', '2', '4', '0', '0', 'DOMAIN_LAND', 'FORMATION_CLASS_LAND_COMBAT', '60', '0', 'LOC_SLTH_UNIT_BOAR_RIDER_DESCRIPTION', 'SLTH_TRAIT_CIVILIZATION_UNIT_BOAR_RIDER', '1', 'PROMOTION_CLASS_LIGHT_CAVALRY', 'SLTH_TECH_HORSEBACK_RIDING', NULL, '1', '1', '0', '0', '0', NULL, '0', 'ADVISOR_CONQUEST', '0'),
('SLTH_UNIT_DWARVEN_SHADOW', 'LOC_SLTH_UNIT_DWARVEN_SHADOW_NAME', '2', '2', '8', '0', '0', 'DOMAIN_LAND', 'FORMATION_CLASS_LAND_COMBAT', '240', '0', 'LOC_SLTH_UNIT_DWARVEN_SHADOW_DESCRIPTION', 'SLTH_TRAIT_CIVILIZATION_UNIT_DWARVEN_SHADOW', '1', 'PROMOTION_CLASS_RECON', NULL, 'SLTH_CIVIC_GUILDS', '1', '1', '0', '0', '0', NULL, '0', 'ADVISOR_CONQUEST', '0');

INSERT INTO UnitReplaces(CivUniqueUnitType, ReplacesUnitType) VALUES
('SLTH_UNIT_DWARVEN_SLINGER', 'SLTH_UNIT_ARCHER'),
('SLTH_UNIT_DWARVEN_DRUID', 'SLTH_UNIT_DRUID'),
('SLTH_UNIT_BOAR_RIDER', 'SLTH_UNIT_HORSEMAN'),
('SLTH_UNIT_DWARVEN_SHADOW', 'SLTH_UNIT_SHADOW');

INSERT INTO TypeTags(Type, Tag) VALUES
('SLTH_UNIT_DWARVEN_SLINGER', 'CLASS_RANGED'),
('SLTH_UNIT_DWARVEN_SLINGER', 'RACE_DWARVEN'),
('SLTH_UNIT_DWARVEN_DRUID', 'CLASS_DISCIPLE'),
('SLTH_UNIT_BOAR_RIDER', 'CLASS_LIGHT_CAVALRY'),
('SLTH_UNIT_DWARVEN_SHADOW', 'CLASS_RECON'),
('SLTH_UNIT_DWARVEN_DRUID', 'RACE_DWARVEN'),
('SLTH_UNIT_BOAR_RIDER', 'RACE_DWARVEN'),
('SLTH_UNIT_DWARVEN_SHADOW', 'RACE_DWARVEN');


INSERT INTO Types(Type, Kind) VALUES
('SLTH_UNIT_DWARVEN_SLINGER', 'KIND_UNIT'),
('SLTH_TRAIT_DWARVEN', 'KIND_TRAIT'),
('SLTH_TRAIT_CIVILIZATION_UNIT_DWARVEN_SLINGER', 'KIND_TRAIT'),
('SLTH_TRAIT_CIVILIZATION_UNIT_DWARVEN_DRUID', 'KIND_TRAIT'),
('SLTH_TRAIT_CIVILIZATION_UNIT_BOAR_RIDER', 'KIND_TRAIT'),
('SLTH_TRAIT_CIVILIZATION_UNIT_DWARVEN_SHADOW', 'KIND_TRAIT'),
('SLTH_UNIT_DWARVEN_DRUID', 'KIND_UNIT'),
('SLTH_UNIT_BOAR_RIDER', 'KIND_UNIT'),
('SLTH_UNIT_DWARVEN_SHADOW', 'KIND_UNIT');