INSERT INTO Civilizations(CivilizationType, Name, Description, Adjective, RandomCityNameDepth, StartingCivilizationLevelType, Ethnicity) VALUES
('SLTH_CIVILIZATION_KHAZAD', 'LOC_CIV_KHAZAD_NAME', 'LOC_CIV_KHAZAD_DESCRIPTION', 'LOC_SLTH_CIV_KHAZAD_ADJECTIVE', '10', 'CIVILIZATION_LEVEL_FULL_CIV', 'ETHNICITY_EURO');


INSERT INTO	StartBiasTerrains (CivilizationType,			TerrainType,			        Tier	)
VALUES	                      ('SLTH_CIVILIZATION_KHAZAD',	'TERRAIN_GRASS_HILLS',		    3	),
                              ('SLTH_CIVILIZATION_KHAZAD',	'TERRAIN_PLAINS_HILLS',		    5	),
                              ('SLTH_CIVILIZATION_KHAZAD',	'TERRAIN_DESERT_HILLS',		    2	);

INSERT INTO	StartBiasResources
		(CivilizationType,			ResourceType,			Tier	)
VALUES	('SLTH_CIVILIZATION_KHAZAD',	'RESOURCE_GOLD',		5	),
        ('SLTH_CIVILIZATION_KHAZAD',	'RESOURCE_MITHRIL',		5	),
        ('SLTH_CIVILIZATION_KHAZAD',	'RESOURCE_IRON',		5	);

INSERT INTO	StartBiasRivers(CivilizationType,	        Tier)           -- do we want a river bias?
VALUES	                   ('SLTH_CIVILIZATION_KHAZAD',	5);

INSERT INTO Leaders(LeaderType, Name, InheritFrom) VALUES
('LEADER_ARTURUS', 'LOC_LEADER_ARTURUS_NAME', 'LEADER_DEFAULT'),
('LEADER_KANDROS', 'LOC_LEADER_KANDROS_NAME', 'LEADER_DEFAULT');

INSERT INTO CivilizationLeaders(LeaderType, CivilizationType, CapitalName) VALUES
('LEADER_ARTURUS', 'SLTH_CIVILIZATION_KHAZAD', 'LOC_CITY_KHAZAD_1_NAME'),
('LEADER_KANDROS', 'SLTH_CIVILIZATION_KHAZAD', 'LOC_CITY_KHAZAD_1_NAME');

INSERT INTO CivilizationTraits(CivilizationType, TraitType) VALUES
('SLTH_CIVILIZATION_KHAZAD', 'SLTH_TRAIT_CIVILIZATION_BUILDING_DWARVEN_SMITHY'),
('SLTH_CIVILIZATION_KHAZAD', 'SLTH_TRAIT_CIVILIZATION_UNIT_MAROS'),
('SLTH_CIVILIZATION_KHAZAD', 'SLTH_TRAIT_CIVILIZATION_UNIT_DWARVEN_SLINGER'),
('SLTH_CIVILIZATION_KHAZAD', 'SLTH_TRAIT_CIVILIZATION_UNIT_DWARVEN_DRUID'),
('SLTH_CIVILIZATION_KHAZAD', 'SLTH_TRAIT_CIVILIZATION_UNIT_BOAR_RIDER'),
('SLTH_CIVILIZATION_KHAZAD', 'SLTH_TRAIT_CIVILIZATION_UNIT_HORNGUARD'),
('SLTH_CIVILIZATION_KHAZAD', 'SLTH_TRAIT_CIVILIZATION_UNIT_DWARVEN_SHADOW'),
('SLTH_CIVILIZATION_KHAZAD', 'SLTH_TRAIT_CIVILIZATION_UNIT_MYCONID'),
('SLTH_CIVILIZATION_KHAZAD', 'SLTH_TRAIT_CIVILIZATION_UNIT_DWARVEN_CANNON'),
('SLTH_CIVILIZATION_KHAZAD', 'SLTH_TRAIT_CIVILIZATION_UNIT_TREBUCHET'),
('SLTH_CIVILIZATION_KHAZAD', 'SLTH_TRAIT_CIVILIZATION_KHAZAD_COOL'),
('SLTH_CIVILIZATION_KHAZAD', 'SLTH_TRAIT_DWARVEN');

INSERT INTO Traits(TraitType, Name, Description) VALUES
('SLTH_TRAIT_CIVILIZATION_BUILDING_DWARVEN_SMITHY', 'LOC_SLTH_TRAIT_CIVILIZATION_BUILDING_DWARVEN_SMITHY_NAME', 'LOC_SLTH_TRAIT_CIVILIZATION_BUILDING_DWARVEN_SMITHY_DESCRIPTION'),
('SLTH_TRAIT_CIVILIZATION_UNIT_MAROS', 'LOC_SLTH_TRAIT_CIVILIZATION_UNIT_MAROS_NAME', 'LOC_SLTH_TRAIT_CIVILIZATION_UNIT_MAROS_DESCRIPTION'),
('SLTH_TRAIT_CIVILIZATION_UNIT_MYCONID', 'LOC_SLTH_TRAIT_CIVILIZATION_UNIT_MYCONID_NAME', 'LOC_SLTH_TRAIT_CIVILIZATION_UNIT_MYCONID_DESCRIPTION'),
('SLTH_TRAIT_CIVILIZATION_UNIT_DWARVEN_CANNON', 'LOC_SLTH_TRAIT_CIVILIZATION_UNIT_DWARVEN_CANNON_NAME', 'LOC_SLTH_TRAIT_CIVILIZATION_UNIT_DWARVEN_CANNON_DESCRIPTION'),
('SLTH_TRAIT_CIVILIZATION_UNIT_TREBUCHET', 'LOC_SLTH_TRAIT_CIVILIZATION_UNIT_TREBUCHET_NAME', 'LOC_SLTH_TRAIT_CIVILIZATION_UNIT_TREBUCHET_DESCRIPTION'),
('SLTH_TRAIT_CIVILIZATION_KHAZAD_COOL', 'LOC_SLTH_TRAIT_CIVILIZATION_KHAZAD_COOL_NAME', 'LOC_SLTH_TRAIT_CIVILIZATION_KHAZAD_COOL_DESCRIPTION');


INSERT INTO TraitModifiers(TraitType, ModifierId) VALUES
('SLTH_TRAIT_CIVILIZATION_KHAZAD_COOL', 'MODIFIER_SLTH_GRANT_TECH_CRAFTING'),
('SLTH_TRAIT_CIVILIZATION_KHAZAD_COOL', 'MODIFIER_SLTH_GRANT_MANA_EARTH'),
('SLTH_TRAIT_CIVILIZATION_KHAZAD_COOL', 'MODIFIER_SLTH_SMALL_ADJUST_WAR_WEARINESS'),
('SLTH_TRAIT_CIVILIZATION_KHAZAD_COOL', 'MODIFIER_SLTH_GRANT_GOLD'),
('SLTH_TRAIT_CIVILIZATION_KHAZAD_COOL', 'MODIFIER_SLTH_GRANT_MANA_LAW'),
('SLTH_TRAIT_CIVILIZATION_KHAZAD_COOL', 'SLTH_VAULT_EMPTY_AMENITY_MODIFIER'),
('SLTH_TRAIT_CIVILIZATION_KHAZAD_COOL', 'SLTH_VAULT_LOW_AMENITY_MODIFIER'),
('SLTH_TRAIT_CIVILIZATION_KHAZAD_COOL', 'SLTH_VAULT_STOCKED_AMENITY_MODIFIER'),
('SLTH_TRAIT_CIVILIZATION_KHAZAD_COOL', 'SLTH_VAULT_ABUNDANT_AMENITY_MODIFIER'),
('SLTH_TRAIT_CIVILIZATION_KHAZAD_COOL', 'SLTH_VAULT_ABUNDANT_PROD_MODIFIER'),
('SLTH_TRAIT_CIVILIZATION_KHAZAD_COOL', 'SLTH_VAULT_FULL_PROD_MODIFIER'),
('SLTH_TRAIT_CIVILIZATION_KHAZAD_COOL', 'SLTH_VAULT_OVERFLOWING_PROD_MODIFIER'),
('SLTH_TRAIT_CIVILIZATION_KHAZAD_COOL', 'SLTH_VAULT_OVERFLOWING_AMENITY_MODIFIER'),
('SLTH_TRAIT_CIVILIZATION_KHAZAD_COOL', 'SLTH_VAULT_OVERFLOWING_GPP_MODIFIER'),
('SLTH_TRAIT_CIVILIZATION_KHAZAD_COOL', 'MODIFIER_BAN_SLTH_UNIT_ARCHMAGE'),
('SLTH_TRAIT_CIVILIZATION_KHAZAD_COOL', 'MODIFIER_BAN_SLTH_UNIT_LONGBOWMAN'),
('SLTH_TRAIT_CIVILIZATION_KHAZAD_COOL', 'MODIFIER_BAN_SLTH_UNIT_MAGE');


INSERT INTO Modifiers(ModifierId, ModifierType, OwnerRequirementSetId, SubjectRequirementSetId) VALUES
('SLTH_VAULT_EMPTY_AMENITY_MODIFIER', 'MODIFIER_PLAYER_CITIES_ADJUST_POLICY_AMENITY', NULL, 'SLTH_VAULT_EMPTY_REQ_SET'),
('SLTH_VAULT_LOW_AMENITY_MODIFIER', 'MODIFIER_PLAYER_CITIES_ADJUST_POLICY_AMENITY', NULL, 'SLTH_VAULT_LOW_REQ_SET'),
('SLTH_VAULT_STOCKED_AMENITY_MODIFIER', 'MODIFIER_PLAYER_CITIES_ADJUST_POLICY_AMENITY', NULL, 'SLTH_VAULT_STOCKED_REQ_SET'),
('SLTH_VAULT_ABUNDANT_PROD_MODIFIER', 'MODIFIER_PLAYER_CITIES_ADJUST_CITY_YIELD_MODIFIER', NULL, 'SLTH_VAULT_ABUNDANT_REQ_SET'),
('SLTH_VAULT_ABUNDANT_AMENITY_MODIFIER', 'MODIFIER_PLAYER_CITIES_ADJUST_POLICY_AMENITY', NULL, 'SLTH_VAULT_ABUNDANT_REQ_SET'),
('SLTH_VAULT_FULL_PROD_MODIFIER', 'MODIFIER_PLAYER_CITIES_ADJUST_CITY_YIELD_MODIFIER', NULL, 'SLTH_VAULT_FULL_REQ_SET'),
('SLTH_VAULT_OVERFLOWING_PROD_MODIFIER', 'MODIFIER_PLAYER_CITIES_ADJUST_CITY_YIELD_MODIFIER', NULL, 'SLTH_VAULT_OVERFLOWING_REQ_SET'),
('SLTH_VAULT_OVERFLOWING_AMENITY_MODIFIER', 'MODIFIER_PLAYER_CITIES_ADJUST_POLICY_AMENITY', NULL, 'SLTH_VAULT_OVERFLOWING_REQ_SET'),
('SLTH_VAULT_OVERFLOWING_GPP_MODIFIER', 'MODIFIER_PLAYER_CITIES_ADJUST_GREAT_PERSON_POINT_BONUS', NULL, 'SLTH_VAULT_OVERFLOWING_REQ_SET'),
('MODIFIER_SLTH_BUILDING_DWARVEN_SMITHY_ADD_PRODUCTIONYIELD', 'MODIFIER_SINGLE_CITY_ADJUST_CITY_YIELD_MODIFIER', NULL, NULL);               -- TODO needs the metals additions

INSERT INTO ModifierArguments(ModifierId, Name, Type, Value) VALUES
('SLTH_VAULT_ABUNDANT_PROD_MODIFIER', 'YieldType', 'ARGTYPE_IDENTITY', 'YIELD_PRODUCTION'),
('SLTH_VAULT_ABUNDANT_PROD_MODIFIER', 'Amount', 'ARGTYPE_IDENTITY', '10'),
('SLTH_VAULT_FULL_PROD_MODIFIER', 'YieldType', 'ARGTYPE_IDENTITY', 'YIELD_PRODUCTION'),
('SLTH_VAULT_FULL_PROD_MODIFIER', 'Amount', 'ARGTYPE_IDENTITY', '15'),
('SLTH_VAULT_OVERFLOWING_PROD_MODIFIER', 'YieldType', 'ARGTYPE_IDENTITY', 'YIELD_PRODUCTION'),
('SLTH_VAULT_OVERFLOWING_PROD_MODIFIER', 'Amount', 'ARGTYPE_IDENTITY', '15'),
('SLTH_VAULT_EMPTY_AMENITY_MODIFIER', 'Amount', 'ARGTYPE_IDENTITY', '-2'),
('SLTH_VAULT_LOW_AMENITY_MODIFIER', 'Amount', 'ARGTYPE_IDENTITY', '-1'),
('SLTH_VAULT_STOCKED_AMENITY_MODIFIER', 'Amount', 'ARGTYPE_IDENTITY', '1'),
('SLTH_VAULT_ABUNDANT_AMENITY_MODIFIER', 'Amount', 'ARGTYPE_IDENTITY', '1'),
('SLTH_VAULT_OVERFLOWING_AMENITY_MODIFIER', 'Amount', 'ARGTYPE_IDENTITY', '1'),
('SLTH_VAULT_OVERFLOWING_GPP_MODIFIER', 'Amount', 'ARGTYPE_IDENTITY', '25'),
('MODIFIER_SLTH_BUILDING_DWARVEN_SMITHY_ADD_PRODUCTIONYIELD', 'Amount', 'ARGTYPE_IDENTITY', '20'),
('MODIFIER_SLTH_BUILDING_DWARVEN_SMITHY_ADD_PRODUCTIONYIELD', 'YieldType', 'ARGTYPE_IDENTITY', 'YIELD_PRODUCTION');

INSERT INTO RequirementSets(RequirementSetId, RequirementSetType) VALUES
('SLTH_VAULT_EMPTY_REQ_SET', 'REQUIREMENTSET_TEST_ALL'),
('SLTH_VAULT_LOW_REQ_SET', 'REQUIREMENTSET_TEST_ALL'),
('SLTH_VAULT_STOCKED_REQ_SET', 'REQUIREMENTSET_TEST_ALL'),
('SLTH_VAULT_ABUNDANT_REQ_SET', 'REQUIREMENTSET_TEST_ALL'),
('SLTH_VAULT_FULL_REQ_SET', 'REQUIREMENTSET_TEST_ALL'),
('SLTH_VAULT_OVERFLOWING_REQ_SET', 'REQUIREMENTSET_TEST_ALL');

INSERT INTO RequirementSetRequirements(RequirementSetId, RequirementId) VALUES
('SLTH_VAULT_EMPTY_REQ_SET', 'SLTH_REQUIREMENT_VAULT_EMPTY'),
('SLTH_VAULT_EMPTY_REQ_SET', 'SLTH_REQUIREMENT_VAULT_NOT_LOW'),
('SLTH_VAULT_LOW_REQ_SET', 'SLTH_REQUIREMENT_VAULT_LOW'),
('SLTH_VAULT_LOW_REQ_SET', 'SLTH_REQUIREMENT_VAULT_NOT_NORMAL'),
('SLTH_VAULT_STOCKED_REQ_SET', 'SLTH_REQUIREMENT_VAULT_STOCKED'),
('SLTH_VAULT_ABUNDANT_REQ_SET', 'SLTH_REQUIREMENT_VAULT_ABUNDANT'),
('SLTH_VAULT_FULL_REQ_SET', 'SLTH_REQUIREMENT_VAULT_FULL'),
('SLTH_VAULT_OVERFLOWING_REQ_SET', 'SLTH_REQUIREMENT_VAULT_OVERFLOWING');

INSERT INTO Requirements(RequirementId, RequirementType) VALUES
('SLTH_REQUIREMENT_VAULT_EMPTY', 'REQUIREMENT_PLOT_PROPERTY_MATCHES'),
('SLTH_REQUIREMENT_VAULT_LOW', 'REQUIREMENT_PLOT_PROPERTY_MATCHES'),
('SLTH_REQUIREMENT_VAULT_NORMAL', 'REQUIREMENT_PLOT_PROPERTY_MATCHES'),
('SLTH_REQUIREMENT_VAULT_STOCKED', 'REQUIREMENT_PLOT_PROPERTY_MATCHES'),
('SLTH_REQUIREMENT_VAULT_ABUNDANT', 'REQUIREMENT_PLOT_PROPERTY_MATCHES'),
('SLTH_REQUIREMENT_VAULT_FULL', 'REQUIREMENT_PLOT_PROPERTY_MATCHES'),
('SLTH_REQUIREMENT_VAULT_OVERFLOWING', 'REQUIREMENT_PLOT_PROPERTY_MATCHES');

INSERT INTO RequirementArguments(RequirementId, Name, Value) VALUES
('SLTH_REQUIREMENT_VAULT_EMPTY', 'PropertyName','vault_level'),
('SLTH_REQUIREMENT_VAULT_EMPTY', 'PropertyMinimum','1'),
('SLTH_REQUIREMENT_VAULT_LOW', 'PropertyName','vault_level'),
('SLTH_REQUIREMENT_VAULT_LOW', 'PropertyMinimum','2'),
('SLTH_REQUIREMENT_VAULT_NORMAL', 'PropertyName','vault_level'),
('SLTH_REQUIREMENT_VAULT_NORMAL', 'PropertyMinimum','3'),
('SLTH_REQUIREMENT_VAULT_STOCKED', 'PropertyName','vault_level'),
('SLTH_REQUIREMENT_VAULT_STOCKED', 'PropertyMinimum','4'),
('SLTH_REQUIREMENT_VAULT_ABUNDANT', 'PropertyName','vault_level'),
('SLTH_REQUIREMENT_VAULT_ABUNDANT', 'PropertyMinimum','5'),
('SLTH_REQUIREMENT_VAULT_FULL', 'PropertyName','vault_level'),
('SLTH_REQUIREMENT_VAULT_FULL', 'PropertyMinimum','6'),
('SLTH_REQUIREMENT_VAULT_OVERFLOWING', 'PropertyName','vault_level'),
('SLTH_REQUIREMENT_VAULT_OVERFLOWING', 'PropertyMinimum','7');

INSERT INTO Requirements(RequirementId, RequirementType, Inverse) VALUES
('SLTH_REQUIREMENT_VAULT_NOT_LOW', 'REQUIREMENT_PLOT_PROPERTY_MATCHES', 1),
('SLTH_REQUIREMENT_VAULT_NOT_NORMAL', 'REQUIREMENT_PLOT_PROPERTY_MATCHES', 1);

INSERT INTO RequirementArguments(RequirementId, Name, Value) VALUES
('SLTH_REQUIREMENT_VAULT_NOT_LOW', 'PropertyName','vault_level'),
('SLTH_REQUIREMENT_VAULT_NOT_LOW', 'PropertyMinimum','2'),
('SLTH_REQUIREMENT_VAULT_NOT_NORMAL', 'PropertyName','vault_level'),
('SLTH_REQUIREMENT_VAULT_NOT_NORMAL', 'PropertyMinimum','3');

INSERT INTO Buildings(BuildingType, Name, PrereqTech, PrereqCivic, Cost, PrereqDistrict, Description, OuterDefenseHitPoints, Housing, Entertainment, TraitType, CitizenSlots, AdvisorType) VALUES
('SLTH_BUILDING_DWARVEN_SMITHY', 'LOC_SLTH_BUILDING_DWARVEN_SMITHY_NAME', 'TECH_SMELTING', NULL, '250', 'DISTRICT_INDUSTRIAL_ZONE', 'LOC_SLTH_BUILDING_DWARVEN_SMITHY_DESCRIPTION', '0', '-1', '0', 'SLTH_TRAIT_CIVILIZATION_BUILDING_DWARVEN_SMITHY', '1', 'ADVISOR_GENERIC');

INSERT INTO BuildingReplaces(CivUniqueBuildingType, ReplacesBuildingType) VALUES
('SLTH_BUILDING_DWARVEN_SMITHY', 'BUILDING_WORKSHOP');

INSERT INTO BuildingModifiers(BuildingType, ModifierId) VALUES
('SLTH_BUILDING_DWARVEN_SMITHY', 'MODIFIER_SLTH_BUILDING_DWARVEN_SMITHY_ADD_PRODUCTIONYIELD');

INSERT INTO Units(UnitType, Name, BaseSightRange, BaseMoves, Combat, RangedCombat, Range, Domain, FormationClass, Cost, BuildCharges, Description, TraitType, AllowBarbarians, PromotionClass, PrereqTech, PrereqCivic, CanTrain, Maintenance, Stackable, AirSlots, CanTargetAir, PseudoYieldType, IgnoreMoves, AdvisorType, EnabledByReligion) VALUES
('SLTH_UNIT_MAROS', 'LOC_SLTH_UNIT_MAROS_NAME', '2', '1', '29', '0', '0', 'DOMAIN_LAND', 'FORMATION_CLASS_LAND_COMBAT', '180', '0', 'LOC_SLTH_UNIT_MAROS_DESCRIPTION', 'SLTH_TRAIT_CIVILIZATION_UNIT_MAROS', '1', 'PROMOTION_CLASS_MELEE', 'TECH_IRON_WORKING', NULL, '1', '1', '0', '0', '0', NULL, '0', 'ADVISOR_CONQUEST', '0'),
('SLTH_UNIT_MYCONID', 'LOC_SLTH_UNIT_MYCONID_NAME', '2', '2', '68', '0', '0', 'DOMAIN_LAND', 'FORMATION_CLASS_LAND_COMBAT', '240', '0', 'LOC_SLTH_UNIT_MYCONID_DESCRIPTION', 'SLTH_TRAIT_CIVILIZATION_UNIT_MYCONID', '1', 'PROMOTION_CLASS_RECON', 'TECH_ANIMAL_MASTERY', NULL, '1', '1', '0', '0', '0', NULL, '0', 'ADVISOR_GENERIC', '0'),
('SLTH_UNIT_DWARVEN_CANNON', 'LOC_SLTH_UNIT_DWARVEN_CANNON_NAME', '2', '1', '48', '53', '2', 'DOMAIN_LAND', 'FORMATION_CLASS_LAND_COMBAT', '180', '0', 'LOC_SLTH_UNIT_DWARVEN_CANNON_DESCRIPTION', 'SLTH_TRAIT_CIVILIZATION_UNIT_DWARVEN_CANNON', '1', 'PROMOTION_CLASS_SIEGE', 'TECH_BLASTING_POWDER', NULL, '1', '1', '0', '0', '0', NULL, '0', 'ADVISOR_CONQUEST', '0'),
('SLTH_UNIT_TREBUCHET', 'LOC_SLTH_UNIT_TREBUCHET_NAME', '2', '1', '29', '34', '2', 'DOMAIN_LAND', 'FORMATION_CLASS_LAND_COMBAT', '90', '0', 'LOC_SLTH_UNIT_TREBUCHET_DESCRIPTION', 'SLTH_TRAIT_CIVILIZATION_UNIT_TREBUCHET', '1', 'PROMOTION_CLASS_SIEGE', 'TECH_CONSTRUCTION', NULL, '1', '1', '0', '0', '0', NULL, '0', 'ADVISOR_CONQUEST', '0');
INSERT INTO UnitReplaces(CivUniqueUnitType, ReplacesUnitType) VALUES
('SLTH_UNIT_MYCONID', 'SLTH_UNIT_BEASTMASTER'),
('SLTH_UNIT_DWARVEN_CANNON', 'SLTH_UNIT_CANNON'),
('SLTH_UNIT_TREBUCHET', 'SLTH_UNIT_CATAPULT');

INSERT INTO Unit_BuildingPrereqs(Unit, PrereqBuilding) VALUES
('SLTH_UNIT_DWARVEN_CANNON', 'SLTH_BUILDING_SIEGE_WORKSHOP'),
('SLTH_UNIT_TREBUCHET', 'SLTH_BUILDING_SIEGE_WORKSHOP'),
('SLTH_UNIT_MYCONID', 'BUILDING_GROVE');

INSERT INTO TypeTags(Type, Tag) VALUES
('SLTH_UNIT_MAROS', 'CLASS_MELEE'),
('SLTH_UNIT_MYCONID', 'CLASS_RECON'),
('SLTH_UNIT_DWARVEN_CANNON', 'CLASS_SIEGE'),
('SLTH_UNIT_TREBUCHET', 'CLASS_SIEGE'),
('SLTH_UNIT_MAROS', 'RACE_DWARVEN');

INSERT INTO Types(Type, Kind) VALUES
('SLTH_CIVILIZATION_KHAZAD', 'KIND_CIVILIZATION'),
('LEADER_ARTURUS', 'KIND_LEADER'),
('LEADER_KANDROS', 'KIND_LEADER'),
('SLTH_TRAIT_CIVILIZATION_BUILDING_DWARVEN_SMITHY', 'KIND_TRAIT'),
('SLTH_TRAIT_CIVILIZATION_UNIT_MAROS', 'KIND_TRAIT'),
('SLTH_TRAIT_CIVILIZATION_UNIT_MYCONID', 'KIND_TRAIT'),
('SLTH_TRAIT_CIVILIZATION_UNIT_DWARVEN_CANNON', 'KIND_TRAIT'),
('SLTH_TRAIT_CIVILIZATION_UNIT_TREBUCHET', 'KIND_TRAIT'),
('SLTH_TRAIT_CIVILIZATION_KHAZAD_COOL', 'KIND_TRAIT'),
('SLTH_UNIT_MAROS', 'KIND_UNIT'),
('SLTH_UNIT_MYCONID', 'KIND_UNIT'),
('SLTH_UNIT_DWARVEN_CANNON', 'KIND_UNIT'),
('SLTH_UNIT_TREBUCHET', 'KIND_UNIT'),
('SLTH_BUILDING_DWARVEN_SMITHY', 'KIND_BUILDING');
