INSERT INTO UnitAbilities(UnitAbilityType, Name, Description, Inactive, Permanent) VALUES
('CIVILIZATION_LJOSALFAR_ABILITY_SLTH_TRAIT_DEXTEROUS', 'LOC_SLTH_CIVILIZATION_LJOSALFAR_ABILITY_SLTH_TRAIT_DEXTEROUS_NAME', 'LOC_CIVILIZATION_LJOSALFAR_ABILITY_SLTH_TRAIT_DEXTEROUS_DESCRIPTION', '1', '1'),
('CIVILIZATION_HIPPUS_ABILITY_SLTH_TRAIT_HORSELORD', 'LOC_SLTH_CIVILIZATION_HIPPUS_ABILITY_SLTH_TRAIT_HORSELORD_NAME', 'LOC_CIVILIZATION_HIPPUS_ABILITY_SLTH_TRAIT_HORSELORD_DESCRIPTION', '1', '1'),
('CIVILIZATION_SVARTALFAR_ABILITY_SLTH_TRAIT_SINISTER', 'LOC_SLTH_CIVILIZATION_SVARTALFAR_ABILITY_SLTH_TRAIT_SINISTER_NAME', 'LOC_CIVILIZATION_SVARTALFAR_ABILITY_SLTH_TRAIT_SINISTER_DESCRIPTION', '1', '1'),
('DARK_ELF_ABILITY_FEATUREATTACKS', 'LOC_SLTH_DARK_ELF_ABILITY_FEATUREATTACKS_NAME', 'LOC_DARK_ELF_ABILITY_FEATUREATTACKS_DESCRIPTION', '1', '1'),
('PROMOTION_DARK_ELF_ABILITY_FEATUREDOUBLEMOVES', 'LOC_SLTH_PROMOTION_DARK_ELF_ABILITY_FEATUREDOUBLEMOVES_NAME', 'LOC_PROMOTION_DARK_ELF_ABILITY_FEATUREDOUBLEMOVES_DESCRIPTION', '1', '1'),
('DEMON_ABILITY_TERRAINATTACKS', 'LOC_SLTH_DEMON_ABILITY_TERRAINATTACKS_NAME', 'LOC_DEMON_ABILITY_TERRAINATTACKS_DESCRIPTION', '1', '1'),
('DEMON_ABILITY_TERRAINDEFENSES', 'LOC_SLTH_DEMON_ABILITY_TERRAINDEFENSES_NAME', 'LOC_DEMON_ABILITY_TERRAINDEFENSES_DESCRIPTION', '1', '1'),
('PROMOTION_DWARF_ABILITY_BHILLSDOUBLEMOVE', 'LOC_SLTH_PROMOTION_DWARF_ABILITY_BHILLSDOUBLEMOVE_NAME', 'LOC_PROMOTION_DWARF_ABILITY_BHILLSDOUBLEMOVE_DESCRIPTION', '1', '1'),
('ELF_ABILITY_FEATUREATTACKS', 'LOC_SLTH_ELF_ABILITY_FEATUREATTACKS_NAME', 'LOC_ELF_ABILITY_FEATUREATTACKS_DESCRIPTION', '1', '1'),
('PROMOTION_ELF_ABILITY_FEATUREDOUBLEMOVES', 'LOC_SLTH_PROMOTION_ELF_ABILITY_FEATUREDOUBLEMOVES_NAME', 'LOC_PROMOTION_ELF_ABILITY_FEATUREDOUBLEMOVES_DESCRIPTION', '1', '1'),
('FROSTLING_ABILITY_TERRAINATTACKS', 'LOC_SLTH_FROSTLING_ABILITY_TERRAINATTACKS_NAME', 'LOC_FROSTLING_ABILITY_TERRAINATTACKS_DESCRIPTION', '1', '1'),
('FROSTLING_ABILITY_TERRAINDEFENSES', 'LOC_SLTH_FROSTLING_ABILITY_TERRAINDEFENSES_NAME', 'LOC_FROSTLING_ABILITY_TERRAINDEFENSES_DESCRIPTION', '1', '1'),
('PROMOTION_GUERILLA2_ABILITY_BHILLSDOUBLEMOVE', 'LOC_SLTH_PROMOTION_GUERILLA2_ABILITY_BHILLSDOUBLEMOVE_NAME', 'LOC_PROMOTION_GUERILLA2_ABILITY_BHILLSDOUBLEMOVE_DESCRIPTION', '1', '1'),
('LIZARDMAN_ABILITY_TERRAINATTACKS', 'LOC_SLTH_LIZARDMAN_ABILITY_TERRAINATTACKS_NAME', 'LOC_LIZARDMAN_ABILITY_TERRAINATTACKS_DESCRIPTION', '1', '1'),
('LIZARDMAN_ABILITY_TERRAINDEFENSES', 'LOC_SLTH_LIZARDMAN_ABILITY_TERRAINDEFENSES_NAME', 'LOC_LIZARDMAN_ABILITY_TERRAINDEFENSES_DESCRIPTION', '1', '1'),
('PROMOTION_LIZARDMAN_ABILITY_TERRAINDOUBLEMOVES', 'LOC_SLTH_PROMOTION_LIZARDMAN_ABILITY_TERRAINDOUBLEMOVES_NAME', 'LOC_PROMOTION_LIZARDMAN_ABILITY_TERRAINDOUBLEMOVES_DESCRIPTION', '1', '1'),
('NIGHTMARE_ABILITY_TERRAINATTACKS', 'LOC_SLTH_NIGHTMARE_ABILITY_TERRAINATTACKS_NAME', 'LOC_NIGHTMARE_ABILITY_TERRAINATTACKS_DESCRIPTION', '1', '1'),
('NIGHTMARE_ABILITY_TERRAINDEFENSES', 'LOC_SLTH_NIGHTMARE_ABILITY_TERRAINDEFENSES_NAME', 'LOC_NIGHTMARE_ABILITY_TERRAINDEFENSES_DESCRIPTION', '1', '1'),
('NOMAD_ABILITY_TERRAINATTACKS', 'LOC_SLTH_NOMAD_ABILITY_TERRAINATTACKS_NAME', 'LOC_NOMAD_ABILITY_TERRAINATTACKS_DESCRIPTION', '1', '1'),
('NOMAD_ABILITY_TERRAINDEFENSES', 'LOC_SLTH_NOMAD_ABILITY_TERRAINDEFENSES_NAME', 'LOC_NOMAD_ABILITY_TERRAINDEFENSES_DESCRIPTION', '1', '1'),
('PROMOTION_NOMAD_ABILITY_TERRAINDOUBLEMOVES', 'LOC_SLTH_PROMOTION_NOMAD_ABILITY_TERRAINDOUBLEMOVES_NAME', 'LOC_PROMOTION_NOMAD_ABILITY_TERRAINDOUBLEMOVES_DESCRIPTION', '1', '1'),
('ORC_ABILITY_FEATUREATTACKS', 'LOC_SLTH_ORC_ABILITY_FEATUREATTACKS_NAME', 'LOC_ORC_ABILITY_FEATUREATTACKS_DESCRIPTION', '1', '1'),
('WINTERBORN_ABILITY_TERRAINATTACKS', 'LOC_SLTH_WINTERBORN_ABILITY_TERRAINATTACKS_NAME', 'LOC_WINTERBORN_ABILITY_TERRAINATTACKS_DESCRIPTION', '1', '1'),
('WINTERBORN_ABILITY_TERRAINDEFENSES', 'LOC_SLTH_WINTERBORN_ABILITY_TERRAINDEFENSES_NAME', 'LOC_WINTERBORN_ABILITY_TERRAINDEFENSES_DESCRIPTION', '1', '1'),
('WOODSMAN1_ABILITY_FEATUREATTACKS', 'LOC_SLTH_WOODSMAN1_ABILITY_FEATUREATTACKS_NAME', 'LOC_WOODSMAN1_ABILITY_FEATUREATTACKS_DESCRIPTION', '1', '1'),
('WOODSMAN1_ABILITY_FEATUREDEFENSES', 'LOC_SLTH_WOODSMAN1_ABILITY_FEATUREDEFENSES_NAME', 'LOC_WOODSMAN1_ABILITY_FEATUREDEFENSES_DESCRIPTION', '1', '1'),
('WOODSMAN2_ABILITY_FEATUREATTACKS', 'LOC_SLTH_WOODSMAN2_ABILITY_FEATUREATTACKS_NAME', 'LOC_WOODSMAN2_ABILITY_FEATUREATTACKS_DESCRIPTION', '1', '1'),
('WOODSMAN2_ABILITY_FEATUREDEFENSES', 'LOC_SLTH_WOODSMAN2_ABILITY_FEATUREDEFENSES_NAME', 'LOC_WOODSMAN2_ABILITY_FEATUREDEFENSES_DESCRIPTION', '1', '1'),
('PROMOTION_WOODSMAN2_ABILITY_FEATUREDOUBLEMOVES', 'LOC_SLTH_PROMOTION_WOODSMAN2_ABILITY_FEATUREDOUBLEMOVES_NAME', 'LOC_PROMOTION_WOODSMAN2_ABILITY_FEATUREDOUBLEMOVES_DESCRIPTION', '1', '1'),
('BAN_ABILITY_SLTH_UNIT_ABASHI', 'LOC_SLTH_BAN_ABILITY_SLTH_UNIT_ABASHI_NAME', 'LOC_BAN_ABILITY_SLTH_UNIT_ABASHI_DESCRIPTION', '0', '0'),
('BAN_ABILITY_SLTH_UNIT_ALAZKAN', 'LOC_SLTH_BAN_ABILITY_SLTH_UNIT_ALAZKAN_NAME', 'LOC_BAN_ABILITY_SLTH_UNIT_ALAZKAN_DESCRIPTION', '0', '0'),
('BAN_ABILITY_SLTH_UNIT_ARTHENDAIN', 'LOC_SLTH_BAN_ABILITY_SLTH_UNIT_ARTHENDAIN_NAME', 'LOC_BAN_ABILITY_SLTH_UNIT_ARTHENDAIN_DESCRIPTION', '0', '0'),
('BAN_ABILITY_SLTH_UNIT_AURIC_ASCENDED', 'LOC_SLTH_BAN_ABILITY_SLTH_UNIT_AURIC_ASCENDED_NAME', 'LOC_BAN_ABILITY_SLTH_UNIT_AURIC_ASCENDED_DESCRIPTION', '0', '0'),
('BAN_ABILITY_SLTH_UNIT_BAMBUR', 'LOC_SLTH_BAN_ABILITY_SLTH_UNIT_BAMBUR_NAME', 'LOC_BAN_ABILITY_SLTH_UNIT_BAMBUR_DESCRIPTION', '0', '0'),
('BAN_ABILITY_SLTH_UNIT_BARNAXUS', 'LOC_SLTH_BAN_ABILITY_SLTH_UNIT_BARNAXUS_NAME', 'LOC_BAN_ABILITY_SLTH_UNIT_BARNAXUS_DESCRIPTION', '0', '0'),
('BAN_ABILITY_SLTH_UNIT_BASIUM', 'LOC_SLTH_BAN_ABILITY_SLTH_UNIT_BASIUM_NAME', 'LOC_BAN_ABILITY_SLTH_UNIT_BASIUM_DESCRIPTION', '0', '0'),
('BAN_ABILITY_SLTH_UNIT_CHALID', 'LOC_SLTH_BAN_ABILITY_SLTH_UNIT_CHALID_NAME', 'LOC_BAN_ABILITY_SLTH_UNIT_CHALID_DESCRIPTION', '0', '0'),
('BAN_ABILITY_SLTH_UNIT_CORLINDALE', 'LOC_SLTH_BAN_ABILITY_SLTH_UNIT_CORLINDALE_NAME', 'LOC_BAN_ABILITY_SLTH_UNIT_CORLINDALE_DESCRIPTION', '0', '0'),
('BAN_ABILITY_SLTH_UNIT_DONAL', 'LOC_SLTH_BAN_ABILITY_SLTH_UNIT_DONAL_NAME', 'LOC_BAN_ABILITY_SLTH_UNIT_DONAL_DESCRIPTION', '0', '0'),
('BAN_ABILITY_SLTH_UNIT_DRIFA', 'LOC_SLTH_BAN_ABILITY_SLTH_UNIT_DRIFA_NAME', 'LOC_BAN_ABILITY_SLTH_UNIT_DRIFA_DESCRIPTION', '0', '0'),
('BAN_ABILITY_SLTH_UNIT_DUIN', 'LOC_SLTH_BAN_ABILITY_SLTH_UNIT_DUIN_NAME', 'LOC_BAN_ABILITY_SLTH_UNIT_DUIN_DESCRIPTION', '0', '0'),
('BAN_ABILITY_SLTH_UNIT_EURABATRES', 'LOC_SLTH_BAN_ABILITY_SLTH_UNIT_EURABATRES_NAME', 'LOC_BAN_ABILITY_SLTH_UNIT_EURABATRES_DESCRIPTION', '0', '0'),
('BAN_ABILITY_SLTH_UNIT_GIBBON', 'LOC_SLTH_BAN_ABILITY_SLTH_UNIT_GIBBON_NAME', 'LOC_BAN_ABILITY_SLTH_UNIT_GIBBON_DESCRIPTION', '0', '0'),
('BAN_ABILITY_SLTH_UNIT_GILDEN', 'LOC_SLTH_BAN_ABILITY_SLTH_UNIT_GILDEN_NAME', 'LOC_BAN_ABILITY_SLTH_UNIT_GILDEN_DESCRIPTION', '0', '0'),
('BAN_ABILITY_SLTH_UNIT_GOVANNON', 'LOC_SLTH_BAN_ABILITY_SLTH_UNIT_GOVANNON_NAME', 'LOC_BAN_ABILITY_SLTH_UNIT_GOVANNON_DESCRIPTION', '0', '0'),
('BAN_ABILITY_SLTH_UNIT_GUYBRUSH', 'LOC_SLTH_BAN_ABILITY_SLTH_UNIT_GUYBRUSH_NAME', 'LOC_BAN_ABILITY_SLTH_UNIT_GUYBRUSH_DESCRIPTION', '0', '0'),
('BAN_ABILITY_SLTH_UNIT_HEMAH', 'LOC_SLTH_BAN_ABILITY_SLTH_UNIT_HEMAH_NAME', 'LOC_BAN_ABILITY_SLTH_UNIT_HEMAH_DESCRIPTION', '0', '0'),
('BAN_ABILITY_SLTH_UNIT_HERNE', 'LOC_SLTH_BAN_ABILITY_SLTH_UNIT_HERNE_NAME', 'LOC_BAN_ABILITY_SLTH_UNIT_HERNE_DESCRIPTION', '0', '0'),
('BAN_ABILITY_SLTH_UNIT_HYBOREM', 'LOC_SLTH_BAN_ABILITY_SLTH_UNIT_HYBOREM_NAME', 'LOC_BAN_ABILITY_SLTH_UNIT_HYBOREM_DESCRIPTION', '0', '0'),
('BAN_ABILITY_SLTH_UNIT_KITHRA', 'LOC_SLTH_BAN_ABILITY_SLTH_UNIT_KITHRA_NAME', 'LOC_BAN_ABILITY_SLTH_UNIT_KITHRA_DESCRIPTION', '0', '0'),
('BAN_ABILITY_SLTH_UNIT_LOKI', 'LOC_SLTH_BAN_ABILITY_SLTH_UNIT_LOKI_NAME', 'LOC_BAN_ABILITY_SLTH_UNIT_LOKI_DESCRIPTION', '0', '0'),
('BAN_ABILITY_SLTH_UNIT_LOSHA', 'LOC_SLTH_BAN_ABILITY_SLTH_UNIT_LOSHA_NAME', 'LOC_BAN_ABILITY_SLTH_UNIT_LOSHA_DESCRIPTION', '0', '0'),
('BAN_ABILITY_SLTH_UNIT_LUCIAN', 'LOC_SLTH_BAN_ABILITY_SLTH_UNIT_LUCIAN_NAME', 'LOC_BAN_ABILITY_SLTH_UNIT_LUCIAN_DESCRIPTION', '0', '0'),
('BAN_ABILITY_SLTH_UNIT_MAGNADINE', 'LOC_SLTH_BAN_ABILITY_SLTH_UNIT_MAGNADINE_NAME', 'LOC_BAN_ABILITY_SLTH_UNIT_MAGNADINE_DESCRIPTION', '0', '0'),
('BAN_ABILITY_SLTH_UNIT_MARDERO', 'LOC_SLTH_BAN_ABILITY_SLTH_UNIT_MARDERO_NAME', 'LOC_BAN_ABILITY_SLTH_UNIT_MARDERO_DESCRIPTION', '0', '0'),
('BAN_ABILITY_SLTH_UNIT_MAROS', 'LOC_SLTH_BAN_ABILITY_SLTH_UNIT_MAROS_NAME', 'LOC_BAN_ABILITY_SLTH_UNIT_MAROS_DESCRIPTION', '0', '0'),
('BAN_ABILITY_SLTH_UNIT_MESHABBER', 'LOC_SLTH_BAN_ABILITY_SLTH_UNIT_MESHABBER_NAME', 'LOC_BAN_ABILITY_SLTH_UNIT_MESHABBER_DESCRIPTION', '0', '0'),
('BAN_ABILITY_SLTH_UNIT_MITHRIL_GOLEM', 'LOC_SLTH_BAN_ABILITY_SLTH_UNIT_MITHRIL_GOLEM_NAME', 'LOC_BAN_ABILITY_SLTH_UNIT_MITHRIL_GOLEM_DESCRIPTION', '0', '0'),
('BAN_ABILITY_SLTH_UNIT_RANTINE', 'LOC_SLTH_BAN_ABILITY_SLTH_UNIT_RANTINE_NAME', 'LOC_BAN_ABILITY_SLTH_UNIT_RANTINE_DESCRIPTION', '0', '0'),
('BAN_ABILITY_SLTH_UNIT_RATHUS', 'LOC_SLTH_BAN_ABILITY_SLTH_UNIT_RATHUS_NAME', 'LOC_BAN_ABILITY_SLTH_UNIT_RATHUS_DESCRIPTION', '0', '0'),
('BAN_ABILITY_SLTH_UNIT_ROSIER', 'LOC_SLTH_BAN_ABILITY_SLTH_UNIT_ROSIER_NAME', 'LOC_BAN_ABILITY_SLTH_UNIT_ROSIER_DESCRIPTION', '0', '0'),
('BAN_ABILITY_SLTH_UNIT_SAVEROUS', 'LOC_SLTH_BAN_ABILITY_SLTH_UNIT_SAVEROUS_NAME', 'LOC_BAN_ABILITY_SLTH_UNIT_SAVEROUS_DESCRIPTION', '0', '0'),
('BAN_ABILITY_SLTH_UNIT_SPHENER', 'LOC_SLTH_BAN_ABILITY_SLTH_UNIT_SPHENER_NAME', 'LOC_BAN_ABILITY_SLTH_UNIT_SPHENER_DESCRIPTION', '0', '0'),
('BAN_ABILITY_SLTH_UNIT_TEUTORIX', 'LOC_SLTH_BAN_ABILITY_SLTH_UNIT_TEUTORIX_NAME', 'LOC_BAN_ABILITY_SLTH_UNIT_TEUTORIX_DESCRIPTION', '0', '0'),
('BAN_ABILITY_SLTH_UNIT_VALIN', 'LOC_SLTH_BAN_ABILITY_SLTH_UNIT_VALIN_NAME', 'LOC_BAN_ABILITY_SLTH_UNIT_VALIN_DESCRIPTION', '0', '0'),
('BAN_ABILITY_SLTH_UNIT_YVAIN', 'LOC_SLTH_BAN_ABILITY_SLTH_UNIT_YVAIN_NAME', 'LOC_BAN_ABILITY_SLTH_UNIT_YVAIN_DESCRIPTION', '0', '0');
INSERT INTO UnitAbilityModifiers(UnitAbilityType, ModifierId) VALUES
('CIVILIZATION_LJOSALFAR_ABILITY_SLTH_TRAIT_DEXTEROUS', 'MODIFIER_CIVILIZATION_LJOSALFAR_ABILITY_SLTH_TRAIT_DEXTEROUS'),
('CIVILIZATION_HIPPUS_ABILITY_SLTH_TRAIT_HORSELORD', 'MODIFIER_CIVILIZATION_HIPPUS_ABILITY_SLTH_TRAIT_HORSELORD'),
('CIVILIZATION_HIPPUS_ABILITY_SLTH_TRAIT_HORSELORD', 'MODIFIER_CIVILIZATION_HIPPUS_ABILITY_SLTH_TRAIT_HORSELORD_MOVE'),
('CIVILIZATION_SVARTALFAR_ABILITY_SLTH_TRAIT_SINISTER', 'MODIFIER_CIVILIZATION_SVARTALFAR_ABILITY_SLTH_TRAIT_SINISTER'),
('DARK_ELF_ABILITY_FEATUREATTACKS', 'MODIFIER_DARK_ELF_ABILITY_FEATUREATTACKS_FEATURE_FOREST'),
('DARK_ELF_ABILITY_FEATUREATTACKS', 'MODIFIER_DARK_ELF_ABILITY_FEATUREATTACKS_FEATURE_FOREST_ANCIENT'),
('PROMOTION_DARK_ELF_ABILITY_FEATUREDOUBLEMOVES', 'MODIFIER_PROMOTION_DARK_ELF_ABILITY_FEATUREDOUBLEMOVES_FOREST'),
('PROMOTION_DARK_ELF_ABILITY_FEATUREDOUBLEMOVES', 'MODIFIER_PROMOTION_DARK_ELF_ABILITY_FEATUREDOUBLEMOVES_ANCIENT_FOREST'),
('DEMON_ABILITY_TERRAINATTACKS', 'MODIFIER_DEMON_ABILITY_TERRAINATTACKS_BROKEN_LANDS'),
('DEMON_ABILITY_TERRAINATTACKS', 'MODIFIER_DEMON_ABILITY_TERRAINATTACKS_FIELDS_OF_PERDITION'),
('DEMON_ABILITY_TERRAINATTACKS', 'MODIFIER_DEMON_ABILITY_TERRAINATTACKS_BURNING_SANDS'),
('DEMON_ABILITY_TERRAINDEFENSES', 'MODIFIER_DEMON_ABILITY_TERRAINDEFENSES_BROKEN_LANDS'),
('DEMON_ABILITY_TERRAINDEFENSES', 'MODIFIER_DEMON_ABILITY_TERRAINDEFENSES_FIELDS_OF_PERDITION'),
('DEMON_ABILITY_TERRAINDEFENSES', 'MODIFIER_DEMON_ABILITY_TERRAINDEFENSES_BURNING_SANDS'),
('PROMOTION_DWARF_ABILITY_BHILLSDOUBLEMOVE', 'MODIFIER_PROMOTION_DWARF_ABILITY_BHILLSDOUBLEMOVE'),
('ELF_ABILITY_FEATUREATTACKS', 'MODIFIER_ELF_ABILITY_FEATUREATTACKS_FEATURE_FOREST'),
('ELF_ABILITY_FEATUREATTACKS', 'MODIFIER_ELF_ABILITY_FEATUREATTACKS_FEATURE_FOREST_ANCIENT'),
('PROMOTION_ELF_ABILITY_FEATUREDOUBLEMOVES', 'MODIFIER_PROMOTION_ELF_ABILITY_FEATUREDOUBLEMOVES_FOREST'),
('PROMOTION_ELF_ABILITY_FEATUREDOUBLEMOVES', 'MODIFIER_PROMOTION_ELF_ABILITY_FEATUREDOUBLEMOVES_ANCIENT_FOREST'),
('FROSTLING_ABILITY_TERRAINATTACKS', 'MODIFIER_FROSTLING_ABILITY_TERRAINATTACKS_SNOW'),
('FROSTLING_ABILITY_TERRAINATTACKS', 'MODIFIER_FROSTLING_ABILITY_TERRAINATTACKS_TUNDRA'),
('FROSTLING_ABILITY_TERRAINATTACKS', 'MODIFIER_FROSTLING_ABILITY_TERRAINATTACKS_DESERT'),
('FROSTLING_ABILITY_TERRAINDEFENSES', 'MODIFIER_FROSTLING_ABILITY_TERRAINDEFENSES_SNOW'),
('FROSTLING_ABILITY_TERRAINDEFENSES', 'MODIFIER_FROSTLING_ABILITY_TERRAINDEFENSES_TUNDRA'),
('FROSTLING_ABILITY_TERRAINDEFENSES', 'MODIFIER_FROSTLING_ABILITY_TERRAINDEFENSES_DESERT'),
('PROMOTION_GUERILLA2_ABILITY_BHILLSDOUBLEMOVE', 'MODIFIER_PROMOTION_GUERILLA2_ABILITY_BHILLSDOUBLEMOVE'),
('LIZARDMAN_ABILITY_TERRAINATTACKS', 'MODIFIER_LIZARDMAN_ABILITY_TERRAINATTACKS_MARSH'),
('LIZARDMAN_ABILITY_TERRAINDEFENSES', 'MODIFIER_LIZARDMAN_ABILITY_TERRAINDEFENSES_MARSH'),
('PROMOTION_LIZARDMAN_ABILITY_TERRAINDOUBLEMOVES', 'MODIFIER_PROMOTION_LIZARDMAN_ABILITY_TERRAINDOUBLEMOVES_MARSH'),
('NIGHTMARE_ABILITY_TERRAINATTACKS', 'MODIFIER_NIGHTMARE_ABILITY_TERRAINATTACKS_BROKEN_LANDS'),
('NIGHTMARE_ABILITY_TERRAINATTACKS', 'MODIFIER_NIGHTMARE_ABILITY_TERRAINATTACKS_FIELDS_OF_PERDITION'),
('NIGHTMARE_ABILITY_TERRAINATTACKS', 'MODIFIER_NIGHTMARE_ABILITY_TERRAINATTACKS_BURNING_SANDS'),
('NIGHTMARE_ABILITY_TERRAINDEFENSES', 'MODIFIER_NIGHTMARE_ABILITY_TERRAINDEFENSES_BROKEN_LANDS'),
('NIGHTMARE_ABILITY_TERRAINDEFENSES', 'MODIFIER_NIGHTMARE_ABILITY_TERRAINDEFENSES_FIELDS_OF_PERDITION'),
('NIGHTMARE_ABILITY_TERRAINDEFENSES', 'MODIFIER_NIGHTMARE_ABILITY_TERRAINDEFENSES_BURNING_SANDS'),
('NOMAD_ABILITY_TERRAINATTACKS', 'MODIFIER_NOMAD_ABILITY_TERRAINATTACKS_DESERT'),
('NOMAD_ABILITY_TERRAINDEFENSES', 'MODIFIER_NOMAD_ABILITY_TERRAINDEFENSES_DESERT'),
('PROMOTION_NOMAD_ABILITY_TERRAINDOUBLEMOVES', 'MODIFIER_PROMOTION_NOMAD_ABILITY_TERRAINDOUBLEMOVES_DESERT'),
('ORC_ABILITY_FEATUREATTACKS', 'MODIFIER_ORC_ABILITY_FEATUREATTACKS_FEATURE_JUNGLE'),
('WINTERBORN_ABILITY_TERRAINATTACKS', 'MODIFIER_WINTERBORN_ABILITY_TERRAINATTACKS_SNOW'),
('WINTERBORN_ABILITY_TERRAINATTACKS', 'MODIFIER_WINTERBORN_ABILITY_TERRAINATTACKS_TUNDRA'),
('WINTERBORN_ABILITY_TERRAINDEFENSES', 'MODIFIER_WINTERBORN_ABILITY_TERRAINDEFENSES_SNOW'),
('WINTERBORN_ABILITY_TERRAINDEFENSES', 'MODIFIER_WINTERBORN_ABILITY_TERRAINDEFENSES_TUNDRA'),
('WOODSMAN1_ABILITY_FEATUREATTACKS', 'MODIFIER_WOODSMAN1_ABILITY_FEATUREATTACKS_FEATURE_JUNGLE'),
('WOODSMAN1_ABILITY_FEATUREATTACKS', 'MODIFIER_WOODSMAN1_ABILITY_FEATUREATTACKS_FEATURE_FOREST'),
('WOODSMAN1_ABILITY_FEATUREATTACKS', 'MODIFIER_WOODSMAN1_ABILITY_FEATUREATTACKS_FEATURE_FOREST_ANCIENT'),
('WOODSMAN1_ABILITY_FEATUREDEFENSES', 'MODIFIER_WOODSMAN1_ABILITY_FEATUREDEFENSES_FEATURE_JUNGLE'),
('WOODSMAN1_ABILITY_FEATUREDEFENSES', 'MODIFIER_WOODSMAN1_ABILITY_FEATUREDEFENSES_FEATURE_FOREST'),
('WOODSMAN1_ABILITY_FEATUREDEFENSES', 'MODIFIER_WOODSMAN1_ABILITY_FEATUREDEFENSES_FEATURE_FOREST_ANCIENT'),
('WOODSMAN2_ABILITY_FEATUREATTACKS', 'MODIFIER_WOODSMAN2_ABILITY_FEATUREATTACKS_FEATURE_JUNGLE'),
('WOODSMAN2_ABILITY_FEATUREATTACKS', 'MODIFIER_WOODSMAN2_ABILITY_FEATUREATTACKS_FEATURE_FOREST'),
('WOODSMAN2_ABILITY_FEATUREATTACKS', 'MODIFIER_WOODSMAN2_ABILITY_FEATUREATTACKS_FEATURE_FOREST_ANCIENT'),
('WOODSMAN2_ABILITY_FEATUREDEFENSES', 'MODIFIER_WOODSMAN2_ABILITY_FEATUREDEFENSES_FEATURE_JUNGLE'),
('WOODSMAN2_ABILITY_FEATUREDEFENSES', 'MODIFIER_WOODSMAN2_ABILITY_FEATUREDEFENSES_FEATURE_FOREST'),
('WOODSMAN2_ABILITY_FEATUREDEFENSES', 'MODIFIER_WOODSMAN2_ABILITY_FEATUREDEFENSES_FEATURE_FOREST_ANCIENT'),
('PROMOTION_WOODSMAN2_ABILITY_FEATUREDOUBLEMOVES', 'MODIFIER_PROMOTION_WOODSMAN2_ABILITY_FEATUREDOUBLEMOVES_JUNGLE'),
('PROMOTION_WOODSMAN2_ABILITY_FEATUREDOUBLEMOVES', 'MODIFIER_PROMOTION_WOODSMAN2_ABILITY_FEATUREDOUBLEMOVES_FOREST'),
('PROMOTION_WOODSMAN2_ABILITY_FEATUREDOUBLEMOVES', 'MODIFIER_PROMOTION_WOODSMAN2_ABILITY_FEATUREDOUBLEMOVES_ANCIENT_FOREST'),
('BAN_ABILITY_SLTH_UNIT_ABASHI', 'MODIFIER_BAN_ABILITY_SLTH_UNIT_ABASHI'),
('BAN_ABILITY_SLTH_UNIT_ALAZKAN', 'MODIFIER_BAN_ABILITY_SLTH_UNIT_ALAZKAN'),
('BAN_ABILITY_SLTH_UNIT_ARTHENDAIN', 'MODIFIER_BAN_ABILITY_SLTH_UNIT_ARTHENDAIN'),
('BAN_ABILITY_SLTH_UNIT_AURIC_ASCENDED', 'MODIFIER_BAN_ABILITY_SLTH_UNIT_AURIC_ASCENDED'),
('BAN_ABILITY_SLTH_UNIT_BAMBUR', 'MODIFIER_BAN_ABILITY_SLTH_UNIT_BAMBUR'),
('BAN_ABILITY_SLTH_UNIT_BARNAXUS', 'MODIFIER_BAN_ABILITY_SLTH_UNIT_BARNAXUS'),
('BAN_ABILITY_SLTH_UNIT_BASIUM', 'MODIFIER_BAN_ABILITY_SLTH_UNIT_BASIUM'),
('BAN_ABILITY_SLTH_UNIT_CHALID', 'MODIFIER_BAN_ABILITY_SLTH_UNIT_CHALID'),
('BAN_ABILITY_SLTH_UNIT_CORLINDALE', 'MODIFIER_BAN_ABILITY_SLTH_UNIT_CORLINDALE'),
('BAN_ABILITY_SLTH_UNIT_DONAL', 'MODIFIER_BAN_ABILITY_SLTH_UNIT_DONAL'),
('BAN_ABILITY_SLTH_UNIT_DRIFA', 'MODIFIER_BAN_ABILITY_SLTH_UNIT_DRIFA'),
('BAN_ABILITY_SLTH_UNIT_DUIN', 'MODIFIER_BAN_ABILITY_SLTH_UNIT_DUIN'),
('BAN_ABILITY_SLTH_UNIT_EURABATRES', 'MODIFIER_BAN_ABILITY_SLTH_UNIT_EURABATRES'),
('BAN_ABILITY_SLTH_UNIT_GIBBON', 'MODIFIER_BAN_ABILITY_SLTH_UNIT_GIBBON'),
('BAN_ABILITY_SLTH_UNIT_GILDEN', 'MODIFIER_BAN_ABILITY_SLTH_UNIT_GILDEN'),
('BAN_ABILITY_SLTH_UNIT_GOVANNON', 'MODIFIER_BAN_ABILITY_SLTH_UNIT_GOVANNON'),
('BAN_ABILITY_SLTH_UNIT_GUYBRUSH', 'MODIFIER_BAN_ABILITY_SLTH_UNIT_GUYBRUSH'),
('BAN_ABILITY_SLTH_UNIT_HEMAH', 'MODIFIER_BAN_ABILITY_SLTH_UNIT_HEMAH'),
('BAN_ABILITY_SLTH_UNIT_HERNE', 'MODIFIER_BAN_ABILITY_SLTH_UNIT_HERNE'),
('BAN_ABILITY_SLTH_UNIT_HYBOREM', 'MODIFIER_BAN_ABILITY_SLTH_UNIT_HYBOREM'),
('BAN_ABILITY_SLTH_UNIT_KITHRA', 'MODIFIER_BAN_ABILITY_SLTH_UNIT_KITHRA'),
('BAN_ABILITY_SLTH_UNIT_LOKI', 'MODIFIER_BAN_ABILITY_SLTH_UNIT_LOKI'),
('BAN_ABILITY_SLTH_UNIT_LOSHA', 'MODIFIER_BAN_ABILITY_SLTH_UNIT_LOSHA'),
('BAN_ABILITY_SLTH_UNIT_LUCIAN', 'MODIFIER_BAN_ABILITY_SLTH_UNIT_LUCIAN'),
('BAN_ABILITY_SLTH_UNIT_MAGNADINE', 'MODIFIER_BAN_ABILITY_SLTH_UNIT_MAGNADINE'),
('BAN_ABILITY_SLTH_UNIT_MARDERO', 'MODIFIER_BAN_ABILITY_SLTH_UNIT_MARDERO'),
('BAN_ABILITY_SLTH_UNIT_MAROS', 'MODIFIER_BAN_ABILITY_SLTH_UNIT_MAROS'),
('BAN_ABILITY_SLTH_UNIT_MESHABBER', 'MODIFIER_BAN_ABILITY_SLTH_UNIT_MESHABBER'),
('BAN_ABILITY_SLTH_UNIT_MITHRIL_GOLEM', 'MODIFIER_BAN_ABILITY_SLTH_UNIT_MITHRIL_GOLEM'),
('BAN_ABILITY_SLTH_UNIT_RANTINE', 'MODIFIER_BAN_ABILITY_SLTH_UNIT_RANTINE'),
('BAN_ABILITY_SLTH_UNIT_RATHUS', 'MODIFIER_BAN_ABILITY_SLTH_UNIT_RATHUS'),
('BAN_ABILITY_SLTH_UNIT_ROSIER', 'MODIFIER_BAN_ABILITY_SLTH_UNIT_ROSIER'),
('BAN_ABILITY_SLTH_UNIT_SAVEROUS', 'MODIFIER_BAN_ABILITY_SLTH_UNIT_SAVEROUS'),
('BAN_ABILITY_SLTH_UNIT_SPHENER', 'MODIFIER_BAN_ABILITY_SLTH_UNIT_SPHENER'),
('BAN_ABILITY_SLTH_UNIT_TEUTORIX', 'MODIFIER_BAN_ABILITY_SLTH_UNIT_TEUTORIX'),
('BAN_ABILITY_SLTH_UNIT_VALIN', 'MODIFIER_BAN_ABILITY_SLTH_UNIT_VALIN'),
('BAN_ABILITY_SLTH_UNIT_YVAIN', 'MODIFIER_BAN_ABILITY_SLTH_UNIT_YVAIN');
INSERT INTO Modifiers(ModifierId, ModifierType, RunOnce, Permanent, SubjectRequirementSetId) VALUES
('MODIFIER_DARK_ELF_ABILITY_FEATUREATTACKS_FEATURE_FOREST', 'MODIFIER_UNIT_ADJUST_COMBAT_STRENGTH', '0', '0', 'DARK_ELF_ABILITY_FEATUREATTACKS_REQS_FEATURE_FOREST'),
('MODIFIER_DARK_ELF_ABILITY_FEATUREATTACKS_FEATURE_FOREST_ANCIENT', 'MODIFIER_UNIT_ADJUST_COMBAT_STRENGTH', '0', '0', 'DARK_ELF_ABILITY_FEATUREATTACKS_REQS_FEATURE_FOREST_ANCIENT'),
('TRAIT_GRANT_DARK_ELF_ABILITY_FEATUREATTACKS', 'MODIFIER_PLAYER_UNITS_GRANT_ABILITY_GRANCOLOMBIA_MAYA', '0', '0', NULL),
('MODIFIER_PROMOTION_DARK_ELF_ABILITY_FEATUREDOUBLEMOVES_FOREST', 'MODIFIER_PLAYER_UNIT_ADJUST_MOVEMENT', '0', '0', 'PROMOTION_DARK_ELF_ABILITY_FEATUREDOUBLEMOVES_FOREST_REQS'),
('MODIFIER_PROMOTION_DARK_ELF_ABILITY_FEATUREDOUBLEMOVES_ANCIENT_FOREST', 'MODIFIER_PLAYER_UNIT_ADJUST_MOVEMENT', '0', '0', 'PROMOTION_DARK_ELF_ABILITY_FEATUREDOUBLEMOVES_ANCIENT_FOREST_REQS'),
('TRAIT_GRANT_PROMOTION_DARK_ELF_ABILITY_FEATUREDOUBLEMOVES', 'MODIFIER_PLAYER_UNITS_GRANT_ABILITY_GRANCOLOMBIA_MAYA', '0', '0', NULL),
('MODIFIER_DEMON_ABILITY_TERRAINATTACKS_BROKEN_LANDS', 'MODIFIER_UNIT_ADJUST_COMBAT_STRENGTH', '0', '0', 'DEMON_ABILITY_TERRAINATTACKS_REQS_BROKEN_LANDS'),
('MODIFIER_DEMON_ABILITY_TERRAINATTACKS_FIELDS_OF_PERDITION', 'MODIFIER_UNIT_ADJUST_COMBAT_STRENGTH', '0', '0', 'DEMON_ABILITY_TERRAINATTACKS_REQS_FIELDS_OF_PERDITION'),
('MODIFIER_DEMON_ABILITY_TERRAINATTACKS_BURNING_SANDS', 'MODIFIER_UNIT_ADJUST_COMBAT_STRENGTH', '0', '0', 'DEMON_ABILITY_TERRAINATTACKS_REQS_BURNING_SANDS'),
('TRAIT_GRANT_DEMON_ABILITY_TERRAINATTACKS', 'MODIFIER_PLAYER_UNITS_GRANT_ABILITY_GRANCOLOMBIA_MAYA', '0', '0', NULL),
('MODIFIER_DEMON_ABILITY_TERRAINDEFENSES_BROKEN_LANDS', 'MODIFIER_UNIT_ADJUST_COMBAT_STRENGTH', '0', '0', 'DEMON_ABILITY_TERRAINDEFENSES_REQS_BROKEN_LANDS'),
('MODIFIER_DEMON_ABILITY_TERRAINDEFENSES_FIELDS_OF_PERDITION', 'MODIFIER_UNIT_ADJUST_COMBAT_STRENGTH', '0', '0', 'DEMON_ABILITY_TERRAINDEFENSES_REQS_FIELDS_OF_PERDITION'),
('MODIFIER_DEMON_ABILITY_TERRAINDEFENSES_BURNING_SANDS', 'MODIFIER_UNIT_ADJUST_COMBAT_STRENGTH', '0', '0', 'DEMON_ABILITY_TERRAINDEFENSES_REQS_BURNING_SANDS'),
('TRAIT_GRANT_DEMON_ABILITY_TERRAINDEFENSES', 'MODIFIER_PLAYER_UNITS_GRANT_ABILITY_GRANCOLOMBIA_MAYA', '0', '0', NULL),
('MODIFIER_PROMOTION_DEXTEROUS', 'MODIFIER_UNIT_ADJUST_COMBAT_STRENGTH', '0', '0', 'UNIT_STRONG_WHEN_ATTACKING_REQUIREMENTS'),
('MODIFIER_PROMOTION_DISEASED', 'MODIFIER_UNIT_ADJUST_COMBAT_STRENGTH', '0', '0', NULL),
('MODIFIER_PROMOTION_DRILL4', 'MODIFIER_UNIT_ADJUST_COMBAT_STRENGTH', '0', '0', 'OPPONENT_PROMOTION_CLASS_MOUNTED_REQUIREMENT_SET'),
('MODIFIER_PROMOTION_DWARF_ABILITY_BHILLSDOUBLEMOVE', 'MODIFIER_PLAYER_UNIT_ADJUST_MOVEMENT', '0', '0', 'PROMOTION_DWARF_ABILITY_BHILLSDOUBLEMOVE_REQS'),
('TRAIT_GRANT_PROMOTION_DWARF_ABILITY_BHILLSDOUBLEMOVE', 'MODIFIER_PLAYER_UNITS_GRANT_ABILITY_GRANCOLOMBIA_MAYA', '0', '0', NULL),
('MODIFIER_ELF_ABILITY_FEATUREATTACKS_FEATURE_FOREST', 'MODIFIER_UNIT_ADJUST_COMBAT_STRENGTH', '0', '0', 'ELF_ABILITY_FEATUREATTACKS_REQS_FEATURE_FOREST'),
('MODIFIER_ELF_ABILITY_FEATUREATTACKS_FEATURE_FOREST_ANCIENT', 'MODIFIER_UNIT_ADJUST_COMBAT_STRENGTH', '0', '0', 'ELF_ABILITY_FEATUREATTACKS_REQS_FEATURE_FOREST_ANCIENT'),
('TRAIT_GRANT_ELF_ABILITY_FEATUREATTACKS', 'MODIFIER_PLAYER_UNITS_GRANT_ABILITY_GRANCOLOMBIA_MAYA', '0', '0', NULL),
('MODIFIER_PROMOTION_ELF_ABILITY_FEATUREDOUBLEMOVES_FOREST', 'MODIFIER_PLAYER_UNIT_ADJUST_MOVEMENT', '0', '0', 'PROMOTION_ELF_ABILITY_FEATUREDOUBLEMOVES_FOREST_REQS'),
('MODIFIER_PROMOTION_ELF_ABILITY_FEATUREDOUBLEMOVES_ANCIENT_FOREST', 'MODIFIER_PLAYER_UNIT_ADJUST_MOVEMENT', '0', '0', 'PROMOTION_ELF_ABILITY_FEATUREDOUBLEMOVES_ANCIENT_FOREST_REQS'),
('TRAIT_GRANT_PROMOTION_ELF_ABILITY_FEATUREDOUBLEMOVES', 'MODIFIER_PLAYER_UNITS_GRANT_ABILITY_GRANCOLOMBIA_MAYA', '0', '0', NULL),
('MODIFIER_PROMOTION_EMPOWER1', 'MODIFIER_UNIT_ADJUST_COMBAT_STRENGTH', '0', '0', NULL),
('MODIFIER_PROMOTION_EMPOWER2', 'MODIFIER_UNIT_ADJUST_COMBAT_STRENGTH', '0', '0', NULL),
('MODIFIER_PROMOTION_EMPOWER3', 'MODIFIER_UNIT_ADJUST_COMBAT_STRENGTH', '0', '0', NULL),
('MODIFIER_PROMOTION_EMPOWER4', 'MODIFIER_UNIT_ADJUST_COMBAT_STRENGTH', '0', '0', NULL),
('MODIFIER_PROMOTION_EMPOWER5', 'MODIFIER_UNIT_ADJUST_COMBAT_STRENGTH', '0', '0', NULL),
('MODIFIER_PROMOTION_EMPTY_BIER', 'MODIFIER_UNIT_ADJUST_COMBAT_STRENGTH', '0', '0', 'REQUIREMENT_PROMOTION_EMPTY_BIER_SET'),
('MODIFIER_PROMOTION_ENCHANTED_BLADE', 'MODIFIER_UNIT_ADJUST_COMBAT_STRENGTH', '0', '0', NULL),
('MODIFIER_PROMOTION_ENRAGED_MOVEMENT', 'MODIFIER_PLAYER_UNIT_ADJUST_MOVEMENT', '0', '0', NULL),
('MODIFIER_PROMOTION_ENRAGED', 'MODIFIER_UNIT_ADJUST_COMBAT_STRENGTH', '0', '0', 'REQUIREMENT_PROMOTION_ENRAGED_SET'),
('MODIFIER_PROMOTION_FAIR_WINDS_MOVEMENT', 'MODIFIER_PLAYER_UNIT_ADJUST_MOVEMENT', '0', '0', NULL),
('MODIFIER_PROMOTION_FATIGUED', 'MODIFIER_UNIT_ADJUST_COMBAT_STRENGTH', '0', '0', NULL),
('MODIFIER_PROMOTION_FLYING_MOVEMENT', 'MODIFIER_PLAYER_UNIT_ADJUST_MOVEMENT', '0', '0', NULL),
('MODIFIER_PROMOTION_FORMATION', 'MODIFIER_UNIT_ADJUST_COMBAT_STRENGTH', '0', '0', 'OPPONENT_PROMOTION_CLASS_MOUNTED_REQUIREMENT_SET'),
('MODIFIER_PROMOTION_FORMATION2', 'MODIFIER_UNIT_ADJUST_COMBAT_STRENGTH', '0', '0', 'OPPONENT_PROMOTION_CLASS_MOUNTED_REQUIREMENT_SET'),
('MODIFIER_FROSTLING_ABILITY_TERRAINATTACKS_SNOW', 'MODIFIER_UNIT_ADJUST_COMBAT_STRENGTH', '0', '0', 'FROSTLING_ABILITY_TERRAINATTACKS_REQS_SNOW'),
('MODIFIER_FROSTLING_ABILITY_TERRAINATTACKS_TUNDRA', 'MODIFIER_UNIT_ADJUST_COMBAT_STRENGTH', '0', '0', 'FROSTLING_ABILITY_TERRAINATTACKS_REQS_TUNDRA'),
('MODIFIER_FROSTLING_ABILITY_TERRAINATTACKS_DESERT', 'MODIFIER_UNIT_ADJUST_COMBAT_STRENGTH', '0', '0', 'FROSTLING_ABILITY_TERRAINATTACKS_REQS_DESERT'),
('TRAIT_GRANT_FROSTLING_ABILITY_TERRAINATTACKS', 'MODIFIER_PLAYER_UNITS_GRANT_ABILITY_GRANCOLOMBIA_MAYA', '0', '0', NULL),
('MODIFIER_FROSTLING_ABILITY_TERRAINDEFENSES_SNOW', 'MODIFIER_UNIT_ADJUST_COMBAT_STRENGTH', '0', '0', 'FROSTLING_ABILITY_TERRAINDEFENSES_REQS_SNOW'),
('MODIFIER_FROSTLING_ABILITY_TERRAINDEFENSES_TUNDRA', 'MODIFIER_UNIT_ADJUST_COMBAT_STRENGTH', '0', '0', 'FROSTLING_ABILITY_TERRAINDEFENSES_REQS_TUNDRA'),
('MODIFIER_FROSTLING_ABILITY_TERRAINDEFENSES_DESERT', 'MODIFIER_UNIT_ADJUST_COMBAT_STRENGTH', '0', '0', 'FROSTLING_ABILITY_TERRAINDEFENSES_REQS_DESERT'),
('TRAIT_GRANT_FROSTLING_ABILITY_TERRAINDEFENSES', 'MODIFIER_PLAYER_UNITS_GRANT_ABILITY_GRANCOLOMBIA_MAYA', '0', '0', NULL),
('MODIFIER_PROMOTION_GODSLAYER', 'MODIFIER_UNIT_ADJUST_COMBAT_STRENGTH', '0', '0', 'REQUIREMENT_PROMOTION_GODSLAYER_SET'),
('MODIFIER_PROMOTION_GOLDEN_HAMMER', 'MODIFIER_UNIT_ADJUST_COMBAT_STRENGTH', '0', '0', 'UNIT_STRONG_WHEN_ATTACKING_REQUIREMENTS'),
('MODIFIER_PROMOTION_GREAT_COMMANDER', 'MODIFIER_UNIT_ADJUST_COMBAT_STRENGTH', '0', '0', 'REQUIREMENT_PROMOTION_GREAT_COMMANDER_SET'),
('MODIFIER_PROMOTION_GUERILLA1', 'MODIFIER_UNIT_ADJUST_COMBAT_STRENGTH', '0', '0', 'PROMOTION_GUERILLA1_REQS'),
('MODIFIER_PROMOTION_GUERILLA2_ABILITY_BHILLSDOUBLEMOVE', 'MODIFIER_PLAYER_UNIT_ADJUST_MOVEMENT', '0', '0', 'PROMOTION_GUERILLA2_ABILITY_BHILLSDOUBLEMOVE_REQS'),
('TRAIT_GRANT_PROMOTION_GUERILLA2_ABILITY_BHILLSDOUBLEMOVE', 'MODIFIER_PLAYER_UNITS_GRANT_ABILITY_GRANCOLOMBIA_MAYA', '0', '0', NULL),
('MODIFIER_PROMOTION_GUERILLA2', 'MODIFIER_UNIT_ADJUST_COMBAT_STRENGTH', '0', '0', 'PROMOTION_GUERILLA2_REQS'),
('MODIFIER_PROMOTION_HASTED_MOVEMENT', 'MODIFIER_PLAYER_UNIT_ADJUST_MOVEMENT', '0', '0', NULL),
('MODIFIER_PROMOTION_HEAVY', 'MODIFIER_UNIT_ADJUST_COMBAT_STRENGTH', '0', '0', NULL),
('MODIFIER_PROMOTION_HEROIC_DEFENSE', 'MODIFIER_UNIT_ADJUST_COMBAT_STRENGTH', '0', '0', 'REQUIREMENT_PROMOTION_HEROIC_DEFENSE_SET'),
('MODIFIER_PROMOTION_HEROIC_DEFENSE2', 'MODIFIER_UNIT_ADJUST_COMBAT_STRENGTH', '0', '0', 'REQUIREMENT_PROMOTION_HEROIC_DEFENSE2_SET'),
('MODIFIER_PROMOTION_HEROIC_STRENGTH', 'MODIFIER_UNIT_ADJUST_COMBAT_STRENGTH', '0', '0', 'UNIT_STRONG_WHEN_ATTACKING_REQUIREMENTS'),
('MODIFIER_PROMOTION_HEROIC_STRENGTH2', 'MODIFIER_UNIT_ADJUST_COMBAT_STRENGTH', '0', '0', 'UNIT_STRONG_WHEN_ATTACKING_REQUIREMENTS'),
('MODIFIER_PROMOTION_HORSELORD_MOVEMENT', 'MODIFIER_PLAYER_UNIT_ADJUST_MOVEMENT', '0', '0', NULL),
('MODIFIER_PROMOTION_ILLUSION', 'MODIFIER_PLAYER_UNIT_ADJUST_HEAL_FROM_COMBAT', '0', '0', NULL),
('MODIFIER_PROMOTION_IRON_WEAPONS', 'MODIFIER_UNIT_ADJUST_COMBAT_STRENGTH', '0', '0', 'REQUIREMENT_PROMOTION_IRON_WEAPONS_SET'),
('MODIFIER_PROMOTION_LIGHT_MOVEMENT', 'MODIFIER_PLAYER_UNIT_ADJUST_MOVEMENT', '0', '0', NULL),
('MODIFIER_PROMOTION_LIGHT', 'MODIFIER_UNIT_ADJUST_COMBAT_STRENGTH', '0', '0', NULL),
('MODIFIER_LIZARDMAN_ABILITY_TERRAINATTACKS_MARSH', 'MODIFIER_UNIT_ADJUST_COMBAT_STRENGTH', '0', '0', 'LIZARDMAN_ABILITY_TERRAINATTACKS_REQS_MARSH'),
('TRAIT_GRANT_LIZARDMAN_ABILITY_TERRAINATTACKS', 'MODIFIER_PLAYER_UNITS_GRANT_ABILITY_GRANCOLOMBIA_MAYA', '0', '0', NULL),
('MODIFIER_LIZARDMAN_ABILITY_TERRAINDEFENSES_MARSH', 'MODIFIER_UNIT_ADJUST_COMBAT_STRENGTH', '0', '0', 'LIZARDMAN_ABILITY_TERRAINDEFENSES_REQS_MARSH'),
('TRAIT_GRANT_LIZARDMAN_ABILITY_TERRAINDEFENSES', 'MODIFIER_PLAYER_UNITS_GRANT_ABILITY_GRANCOLOMBIA_MAYA', '0', '0', NULL),
('MODIFIER_PROMOTION_LIZARDMAN_ABILITY_TERRAINDOUBLEMOVES_MARSH', 'MODIFIER_PLAYER_UNIT_ADJUST_MOVEMENT', '0', '0', 'PROMOTION_LIZARDMAN_ABILITY_TERRAINDOUBLEMOVES_MARSH_REQS'),
('TRAIT_GRANT_PROMOTION_LIZARDMAN_ABILITY_TERRAINDOUBLEMOVES', 'MODIFIER_PLAYER_UNITS_GRANT_ABILITY_GRANCOLOMBIA_MAYA', '0', '0', NULL),
('MODIFIER_PROMOTION_LONGSHOREMEN_MOVEMENT', 'MODIFIER_PLAYER_UNIT_ADJUST_MOVEMENT', '0', '0', NULL),
('MODIFIER_PROMOTION_MARCH', 'MODIFIER_PLAYER_UNIT_GRANT_HEAL_AFTER_ACTION', '0', '0', NULL),
('MODIFIER_PROMOTION_MITHRIL_WEAPONS', 'MODIFIER_UNIT_ADJUST_COMBAT_STRENGTH', '0', '0', 'REQUIREMENT_PROMOTION_MITHRIL_WEAPONS_SET'),
('MODIFIER_PROMOTION_MOBILITY1_MOVEMENT', 'MODIFIER_PLAYER_UNIT_ADJUST_MOVEMENT', '0', '0', NULL),
('MODIFIER_PROMOTION_MOBILITY2_MOVEMENT', 'MODIFIER_PLAYER_UNIT_ADJUST_MOVEMENT', '0', '0', NULL),
('MODIFIER_PROMOTION_MORALE', 'MODIFIER_UNIT_ADJUST_COMBAT_STRENGTH', '0', '0', 'URBAN_RAIDER_REQUIREMENTS'),
('MODIFIER_PROMOTION_NAVIGATION1_MOVEMENT', 'MODIFIER_PLAYER_UNIT_ADJUST_MOVEMENT', '0', '0', NULL),
('MODIFIER_PROMOTION_NAVIGATION2_MOVEMENT', 'MODIFIER_PLAYER_UNIT_ADJUST_MOVEMENT', '0', '0', NULL),
('MODIFIER_NIGHTMARE_ABILITY_TERRAINATTACKS_BROKEN_LANDS', 'MODIFIER_UNIT_ADJUST_COMBAT_STRENGTH', '0', '0', 'NIGHTMARE_ABILITY_TERRAINATTACKS_REQS_BROKEN_LANDS'),
('MODIFIER_NIGHTMARE_ABILITY_TERRAINATTACKS_FIELDS_OF_PERDITION', 'MODIFIER_UNIT_ADJUST_COMBAT_STRENGTH', '0', '0', 'NIGHTMARE_ABILITY_TERRAINATTACKS_REQS_FIELDS_OF_PERDITION'),
('MODIFIER_NIGHTMARE_ABILITY_TERRAINATTACKS_BURNING_SANDS', 'MODIFIER_UNIT_ADJUST_COMBAT_STRENGTH', '0', '0', 'NIGHTMARE_ABILITY_TERRAINATTACKS_REQS_BURNING_SANDS'),
('TRAIT_GRANT_NIGHTMARE_ABILITY_TERRAINATTACKS', 'MODIFIER_PLAYER_UNITS_GRANT_ABILITY_GRANCOLOMBIA_MAYA', '0', '0', NULL),
('MODIFIER_NIGHTMARE_ABILITY_TERRAINDEFENSES_BROKEN_LANDS', 'MODIFIER_UNIT_ADJUST_COMBAT_STRENGTH', '0', '0', 'NIGHTMARE_ABILITY_TERRAINDEFENSES_REQS_BROKEN_LANDS'),
('MODIFIER_NIGHTMARE_ABILITY_TERRAINDEFENSES_FIELDS_OF_PERDITION', 'MODIFIER_UNIT_ADJUST_COMBAT_STRENGTH', '0', '0', 'NIGHTMARE_ABILITY_TERRAINDEFENSES_REQS_FIELDS_OF_PERDITION'),
('MODIFIER_NIGHTMARE_ABILITY_TERRAINDEFENSES_BURNING_SANDS', 'MODIFIER_UNIT_ADJUST_COMBAT_STRENGTH', '0', '0', 'NIGHTMARE_ABILITY_TERRAINDEFENSES_REQS_BURNING_SANDS'),
('TRAIT_GRANT_NIGHTMARE_ABILITY_TERRAINDEFENSES', 'MODIFIER_PLAYER_UNITS_GRANT_ABILITY_GRANCOLOMBIA_MAYA', '0', '0', NULL),
('MODIFIER_PROMOTION_NIGHTMARE', 'MODIFIER_UNIT_ADJUST_COMBAT_STRENGTH', '0', '0', 'REQUIREMENT_PROMOTION_NIGHTMARE_SET'),
('MODIFIER_NOMAD_ABILITY_TERRAINATTACKS_DESERT', 'MODIFIER_UNIT_ADJUST_COMBAT_STRENGTH', '0', '0', 'NOMAD_ABILITY_TERRAINATTACKS_REQS_DESERT'),
('TRAIT_GRANT_NOMAD_ABILITY_TERRAINATTACKS', 'MODIFIER_PLAYER_UNITS_GRANT_ABILITY_GRANCOLOMBIA_MAYA', '0', '0', NULL),
('MODIFIER_NOMAD_ABILITY_TERRAINDEFENSES_DESERT', 'MODIFIER_UNIT_ADJUST_COMBAT_STRENGTH', '0', '0', 'NOMAD_ABILITY_TERRAINDEFENSES_REQS_DESERT'),
('TRAIT_GRANT_NOMAD_ABILITY_TERRAINDEFENSES', 'MODIFIER_PLAYER_UNITS_GRANT_ABILITY_GRANCOLOMBIA_MAYA', '0', '0', NULL),
('MODIFIER_PROMOTION_NOMAD_ABILITY_TERRAINDOUBLEMOVES_DESERT', 'MODIFIER_PLAYER_UNIT_ADJUST_MOVEMENT', '0', '0', 'PROMOTION_NOMAD_ABILITY_TERRAINDOUBLEMOVES_DESERT_REQS'),
('TRAIT_GRANT_PROMOTION_NOMAD_ABILITY_TERRAINDOUBLEMOVES', 'MODIFIER_PLAYER_UNITS_GRANT_ABILITY_GRANCOLOMBIA_MAYA', '0', '0', NULL),
('MODIFIER_ORC_ABILITY_FEATUREATTACKS_FEATURE_JUNGLE', 'MODIFIER_UNIT_ADJUST_COMBAT_STRENGTH', '0', '0', 'ORC_ABILITY_FEATUREATTACKS_REQS_FEATURE_JUNGLE'),
('TRAIT_GRANT_ORC_ABILITY_FEATUREATTACKS', 'MODIFIER_PLAYER_UNITS_GRANT_ABILITY_GRANCOLOMBIA_MAYA', '0', '0', NULL),
('MODIFIER_PROMOTION_PLAGUED', 'MODIFIER_UNIT_ADJUST_COMBAT_STRENGTH', '0', '0', NULL),
('MODIFIER_PROMOTION_POISONED', 'MODIFIER_UNIT_ADJUST_COMBAT_STRENGTH', '0', '0', NULL),
('MODIFIER_PROMOTION_PUPPET', 'MODIFIER_UNIT_ADJUST_COMBAT_STRENGTH', '0', '0', NULL),
('MODIFIER_PROMOTION_REGENERATION', 'MODIFIER_PLAYER_UNIT_GRANT_HEAL_AFTER_ACTION', '0', '0', NULL),
('MODIFIER_PROMOTION_RUSTED', 'MODIFIER_UNIT_ADJUST_COMBAT_STRENGTH', '0', '0', NULL),
('MODIFIER_PROMOTION_SCOURGE', 'MODIFIER_UNIT_ADJUST_COMBAT_STRENGTH', '0', '0', 'OPPONENT_PROMOTION_CLASS_DISCIPLE_REQUIREMENT_SET'),
('MODIFIER_PROMOTION_SHIELD_OF_FAITH', 'MODIFIER_UNIT_ADJUST_COMBAT_STRENGTH', '0', '0', 'REQUIREMENT_PROMOTION_SHIELD_OF_FAITH_SET'),
('MODIFIER_PROMOTION_SHOCK', 'MODIFIER_UNIT_ADJUST_COMBAT_STRENGTH', '0', '0', 'OPPONENT_PROMOTION_CLASS_MELEE_REQUIREMENT_SET'),
('MODIFIER_PROMOTION_SHOCK2', 'MODIFIER_UNIT_ADJUST_COMBAT_STRENGTH', '0', '0', 'OPPONENT_PROMOTION_CLASS_MELEE_REQUIREMENT_SET'),
('MODIFIER_PROMOTION_SINISTER', 'MODIFIER_UNIT_ADJUST_COMBAT_STRENGTH', '0', '0', 'UNIT_STRONG_WHEN_ATTACKING_REQUIREMENTS'),
('MODIFIER_PROMOTION_SKELETON_CREW', 'MODIFIER_UNIT_ADJUST_COMBAT_STRENGTH', '0', '0', 'REQUIREMENT_PROMOTION_SKELETON_CREW_SET'),
('MODIFIER_PROMOTION_SLOW_MOVEMENT', 'MODIFIER_PLAYER_UNIT_ADJUST_MOVEMENT', '0', '0', NULL),
('MODIFIER_PROMOTION_STARTING_SETTLER_MOVEMENT', 'MODIFIER_PLAYER_UNIT_ADJUST_MOVEMENT', '0', '0', NULL),
('MODIFIER_PROMOTION_STONESKIN', 'MODIFIER_UNIT_ADJUST_COMBAT_STRENGTH', '0', '0', 'REQUIREMENT_PROMOTION_STONESKIN_SET'),
('MODIFIER_PROMOTION_STRONG', 'MODIFIER_UNIT_ADJUST_COMBAT_STRENGTH', '0', '0', 'REQUIREMENT_PROMOTION_STRONG_SET'),
('MODIFIER_PROMOTION_SUBDUE_ANIMAL', 'MODIFIER_UNIT_ADJUST_COMBAT_STRENGTH', '0', '0', 'OPPONENT_PROMOTION_CLASS_ANIMAL_REQUIREMENT_SET'),
('MODIFIER_PROMOTION_SUBDUE_ANIMAL_SLAVE_TAKING_MODIFIER', 'MODIFIER_UNIT_ADJUST_PROPERTY', '0', '0', 'OPPONENT_PROMOTION_CLASS_ANIMAL_REQUIREMENT_SET'),
('MODIFIER_PROMOTION_SUBDUE_BEASTS', 'MODIFIER_UNIT_ADJUST_COMBAT_STRENGTH', '0', '0', 'OPPONENT_PROMOTION_CLASS_BEAST_REQUIREMENT_SET'),
('MODIFIER_PROMOTION_SUBDUE_BEASTS_SLAVE_TAKING_MODIFIER', 'MODIFIER_UNIT_ADJUST_PROPERTY', '0', '0', 'OPPONENT_PROMOTION_CLASS_BEAST_REQUIREMENT_SET'),
('MODIFIER_PROMOTION_UNHOLY_TAINT', 'MODIFIER_UNIT_ADJUST_COMBAT_STRENGTH', '0', '0', 'REQUIREMENT_PROMOTION_UNHOLY_TAINT_SET'),
('MODIFIER_PROMOTION_VAMPIRE', 'MODIFIER_UNIT_ADJUST_COMBAT_STRENGTH', '0', '0', NULL),
('MODIFIER_PROMOTION_WARCRY_MOVEMENT', 'MODIFIER_PLAYER_UNIT_ADJUST_MOVEMENT', '0', '0', NULL),
('MODIFIER_PROMOTION_WARCRY', 'MODIFIER_UNIT_ADJUST_COMBAT_STRENGTH', '0', '0', 'REQUIREMENT_PROMOTION_WARCRY_SET'),
('MODIFIER_PROMOTION_WEAK', 'MODIFIER_UNIT_ADJUST_COMBAT_STRENGTH', '0', '0', 'REQUIREMENT_PROMOTION_WEAK_SET'),
('MODIFIER_WINTERBORN_ABILITY_TERRAINATTACKS_SNOW', 'MODIFIER_UNIT_ADJUST_COMBAT_STRENGTH', '0', '0', 'WINTERBORN_ABILITY_TERRAINATTACKS_REQS_SNOW'),
('MODIFIER_WINTERBORN_ABILITY_TERRAINATTACKS_TUNDRA', 'MODIFIER_UNIT_ADJUST_COMBAT_STRENGTH', '0', '0', 'WINTERBORN_ABILITY_TERRAINATTACKS_REQS_TUNDRA'),
('TRAIT_GRANT_WINTERBORN_ABILITY_TERRAINATTACKS', 'MODIFIER_PLAYER_UNITS_GRANT_ABILITY_GRANCOLOMBIA_MAYA', '0', '0', NULL),
('MODIFIER_WINTERBORN_ABILITY_TERRAINDEFENSES_SNOW', 'MODIFIER_UNIT_ADJUST_COMBAT_STRENGTH', '0', '0', 'WINTERBORN_ABILITY_TERRAINDEFENSES_REQS_SNOW'),
('MODIFIER_WINTERBORN_ABILITY_TERRAINDEFENSES_TUNDRA', 'MODIFIER_UNIT_ADJUST_COMBAT_STRENGTH', '0', '0', 'WINTERBORN_ABILITY_TERRAINDEFENSES_REQS_TUNDRA'),
('TRAIT_GRANT_WINTERBORN_ABILITY_TERRAINDEFENSES', 'MODIFIER_PLAYER_UNITS_GRANT_ABILITY_GRANCOLOMBIA_MAYA', '0', '0', NULL),
('MODIFIER_PROMOTION_WITHERED', 'MODIFIER_UNIT_ADJUST_COMBAT_STRENGTH', '0', '0', NULL),
('MODIFIER_BAN_ABILITY_SLTH_UNIT_ABASHI', 'MODIFIER_ALL_PLAYERS_ATTACH_MODIFIER', '1', '1', NULL),
('TRAIT_CANT_BUILD_HERO_SLTH_UNIT_ABASHI', 'MODIFIER_PLAYER_UNIT_BUILD_DISABLED', '0', '0', NULL),
('MODIFIER_BAN_ABILITY_SLTH_UNIT_ALAZKAN', 'MODIFIER_ALL_PLAYERS_ATTACH_MODIFIER', '1', '1', NULL),
('TRAIT_CANT_BUILD_HERO_SLTH_UNIT_ALAZKAN', 'MODIFIER_PLAYER_UNIT_BUILD_DISABLED', '0', '0', NULL),
('MODIFIER_BAN_ABILITY_SLTH_UNIT_ARTHENDAIN', 'MODIFIER_ALL_PLAYERS_ATTACH_MODIFIER', '1', '1', NULL),
('TRAIT_CANT_BUILD_HERO_SLTH_UNIT_ARTHENDAIN', 'MODIFIER_PLAYER_UNIT_BUILD_DISABLED', '0', '0', NULL),
('MODIFIER_BAN_ABILITY_SLTH_UNIT_AURIC_ASCENDED', 'MODIFIER_ALL_PLAYERS_ATTACH_MODIFIER', '1', '1', NULL),
('TRAIT_CANT_BUILD_HERO_SLTH_UNIT_AURIC_ASCENDED', 'MODIFIER_PLAYER_UNIT_BUILD_DISABLED', '0', '0', NULL),
('MODIFIER_BAN_ABILITY_SLTH_UNIT_BAMBUR', 'MODIFIER_ALL_PLAYERS_ATTACH_MODIFIER', '1', '1', NULL),
('TRAIT_CANT_BUILD_HERO_SLTH_UNIT_BAMBUR', 'MODIFIER_PLAYER_UNIT_BUILD_DISABLED', '0', '0', NULL),
('MODIFIER_BAN_ABILITY_SLTH_UNIT_BARNAXUS', 'MODIFIER_ALL_PLAYERS_ATTACH_MODIFIER', '1', '1', NULL),
('TRAIT_CANT_BUILD_HERO_SLTH_UNIT_BARNAXUS', 'MODIFIER_PLAYER_UNIT_BUILD_DISABLED', '0', '0', NULL),
('MODIFIER_BAN_ABILITY_SLTH_UNIT_BASIUM', 'MODIFIER_ALL_PLAYERS_ATTACH_MODIFIER', '1', '1', NULL),
('TRAIT_CANT_BUILD_HERO_SLTH_UNIT_BASIUM', 'MODIFIER_PLAYER_UNIT_BUILD_DISABLED', '0', '0', NULL),
('MODIFIER_BAN_ABILITY_SLTH_UNIT_CHALID', 'MODIFIER_ALL_PLAYERS_ATTACH_MODIFIER', '1', '1', NULL),
('TRAIT_CANT_BUILD_HERO_SLTH_UNIT_CHALID', 'MODIFIER_PLAYER_UNIT_BUILD_DISABLED', '0', '0', NULL),
('MODIFIER_BAN_ABILITY_SLTH_UNIT_CORLINDALE', 'MODIFIER_ALL_PLAYERS_ATTACH_MODIFIER', '1', '1', NULL),
('TRAIT_CANT_BUILD_HERO_SLTH_UNIT_CORLINDALE', 'MODIFIER_PLAYER_UNIT_BUILD_DISABLED', '0', '0', NULL),
('MODIFIER_BAN_ABILITY_SLTH_UNIT_DONAL', 'MODIFIER_ALL_PLAYERS_ATTACH_MODIFIER', '1', '1', NULL),
('TRAIT_CANT_BUILD_HERO_SLTH_UNIT_DONAL', 'MODIFIER_PLAYER_UNIT_BUILD_DISABLED', '0', '0', NULL),
('MODIFIER_BAN_ABILITY_SLTH_UNIT_DRIFA', 'MODIFIER_ALL_PLAYERS_ATTACH_MODIFIER', '1', '1', NULL),
('TRAIT_CANT_BUILD_HERO_SLTH_UNIT_DRIFA', 'MODIFIER_PLAYER_UNIT_BUILD_DISABLED', '0', '0', NULL),
('MODIFIER_BAN_ABILITY_SLTH_UNIT_DUIN', 'MODIFIER_ALL_PLAYERS_ATTACH_MODIFIER', '1', '1', NULL),
('TRAIT_CANT_BUILD_HERO_SLTH_UNIT_DUIN', 'MODIFIER_PLAYER_UNIT_BUILD_DISABLED', '0', '0', NULL),
('MODIFIER_BAN_ABILITY_SLTH_UNIT_EURABATRES', 'MODIFIER_ALL_PLAYERS_ATTACH_MODIFIER', '1', '1', NULL),
('TRAIT_CANT_BUILD_HERO_SLTH_UNIT_EURABATRES', 'MODIFIER_PLAYER_UNIT_BUILD_DISABLED', '0', '0', NULL),
('MODIFIER_BAN_ABILITY_SLTH_UNIT_GIBBON', 'MODIFIER_ALL_PLAYERS_ATTACH_MODIFIER', '1', '1', NULL),
('TRAIT_CANT_BUILD_HERO_SLTH_UNIT_GIBBON', 'MODIFIER_PLAYER_UNIT_BUILD_DISABLED', '0', '0', NULL),
('MODIFIER_BAN_ABILITY_SLTH_UNIT_GILDEN', 'MODIFIER_ALL_PLAYERS_ATTACH_MODIFIER', '1', '1', NULL),
('TRAIT_CANT_BUILD_HERO_SLTH_UNIT_GILDEN', 'MODIFIER_PLAYER_UNIT_BUILD_DISABLED', '0', '0', NULL),
('MODIFIER_BAN_ABILITY_SLTH_UNIT_GOVANNON', 'MODIFIER_ALL_PLAYERS_ATTACH_MODIFIER', '1', '1', NULL),
('TRAIT_CANT_BUILD_HERO_SLTH_UNIT_GOVANNON', 'MODIFIER_PLAYER_UNIT_BUILD_DISABLED', '0', '0', NULL),
('MODIFIER_BAN_ABILITY_SLTH_UNIT_GUYBRUSH', 'MODIFIER_ALL_PLAYERS_ATTACH_MODIFIER', '1', '1', NULL),
('TRAIT_CANT_BUILD_HERO_SLTH_UNIT_GUYBRUSH', 'MODIFIER_PLAYER_UNIT_BUILD_DISABLED', '0', '0', NULL),
('MODIFIER_BAN_ABILITY_SLTH_UNIT_HEMAH', 'MODIFIER_ALL_PLAYERS_ATTACH_MODIFIER', '1', '1', NULL),
('TRAIT_CANT_BUILD_HERO_SLTH_UNIT_HEMAH', 'MODIFIER_PLAYER_UNIT_BUILD_DISABLED', '0', '0', NULL),
('MODIFIER_BAN_ABILITY_SLTH_UNIT_HERNE', 'MODIFIER_ALL_PLAYERS_ATTACH_MODIFIER', '1', '1', NULL),
('TRAIT_CANT_BUILD_HERO_SLTH_UNIT_HERNE', 'MODIFIER_PLAYER_UNIT_BUILD_DISABLED', '0', '0', NULL),
('MODIFIER_BAN_ABILITY_SLTH_UNIT_HYBOREM', 'MODIFIER_ALL_PLAYERS_ATTACH_MODIFIER', '1', '1', NULL),
('TRAIT_CANT_BUILD_HERO_SLTH_UNIT_HYBOREM', 'MODIFIER_PLAYER_UNIT_BUILD_DISABLED', '0', '0', NULL),
('MODIFIER_BAN_ABILITY_SLTH_UNIT_KITHRA', 'MODIFIER_ALL_PLAYERS_ATTACH_MODIFIER', '1', '1', NULL),
('TRAIT_CANT_BUILD_HERO_SLTH_UNIT_KITHRA', 'MODIFIER_PLAYER_UNIT_BUILD_DISABLED', '0', '0', NULL),
('MODIFIER_BAN_ABILITY_SLTH_UNIT_LOKI', 'MODIFIER_ALL_PLAYERS_ATTACH_MODIFIER', '1', '1', NULL),
('TRAIT_CANT_BUILD_HERO_SLTH_UNIT_LOKI', 'MODIFIER_PLAYER_UNIT_BUILD_DISABLED', '0', '0', NULL),
('MODIFIER_BAN_ABILITY_SLTH_UNIT_LOSHA', 'MODIFIER_ALL_PLAYERS_ATTACH_MODIFIER', '1', '1', NULL),
('TRAIT_CANT_BUILD_HERO_SLTH_UNIT_LOSHA', 'MODIFIER_PLAYER_UNIT_BUILD_DISABLED', '0', '0', NULL),
('MODIFIER_BAN_ABILITY_SLTH_UNIT_LUCIAN', 'MODIFIER_ALL_PLAYERS_ATTACH_MODIFIER', '1', '1', NULL),
('TRAIT_CANT_BUILD_HERO_SLTH_UNIT_LUCIAN', 'MODIFIER_PLAYER_UNIT_BUILD_DISABLED', '0', '0', NULL),
('MODIFIER_BAN_ABILITY_SLTH_UNIT_MAGNADINE', 'MODIFIER_ALL_PLAYERS_ATTACH_MODIFIER', '1', '1', NULL),
('TRAIT_CANT_BUILD_HERO_SLTH_UNIT_MAGNADINE', 'MODIFIER_PLAYER_UNIT_BUILD_DISABLED', '0', '0', NULL),
('MODIFIER_BAN_ABILITY_SLTH_UNIT_MARDERO', 'MODIFIER_ALL_PLAYERS_ATTACH_MODIFIER', '1', '1', NULL),
('TRAIT_CANT_BUILD_HERO_SLTH_UNIT_MARDERO', 'MODIFIER_PLAYER_UNIT_BUILD_DISABLED', '0', '0', NULL),
('MODIFIER_BAN_ABILITY_SLTH_UNIT_MAROS', 'MODIFIER_ALL_PLAYERS_ATTACH_MODIFIER', '1', '1', NULL),
('TRAIT_CANT_BUILD_HERO_SLTH_UNIT_MAROS', 'MODIFIER_PLAYER_UNIT_BUILD_DISABLED', '0', '0', NULL),
('MODIFIER_BAN_ABILITY_SLTH_UNIT_MESHABBER', 'MODIFIER_ALL_PLAYERS_ATTACH_MODIFIER', '1', '1', NULL),
('TRAIT_CANT_BUILD_HERO_SLTH_UNIT_MESHABBER', 'MODIFIER_PLAYER_UNIT_BUILD_DISABLED', '0', '0', NULL),
('MODIFIER_BAN_ABILITY_SLTH_UNIT_MITHRIL_GOLEM', 'MODIFIER_ALL_PLAYERS_ATTACH_MODIFIER', '1', '1', NULL),
('TRAIT_CANT_BUILD_HERO_SLTH_UNIT_MITHRIL_GOLEM', 'MODIFIER_PLAYER_UNIT_BUILD_DISABLED', '0', '0', NULL),
('MODIFIER_BAN_ABILITY_SLTH_UNIT_RANTINE', 'MODIFIER_ALL_PLAYERS_ATTACH_MODIFIER', '1', '1', NULL),
('TRAIT_CANT_BUILD_HERO_SLTH_UNIT_RANTINE', 'MODIFIER_PLAYER_UNIT_BUILD_DISABLED', '0', '0', NULL),
('MODIFIER_BAN_ABILITY_SLTH_UNIT_RATHUS', 'MODIFIER_ALL_PLAYERS_ATTACH_MODIFIER', '1', '1', NULL),
('TRAIT_CANT_BUILD_HERO_SLTH_UNIT_RATHUS', 'MODIFIER_PLAYER_UNIT_BUILD_DISABLED', '0', '0', NULL),
('MODIFIER_BAN_ABILITY_SLTH_UNIT_ROSIER', 'MODIFIER_ALL_PLAYERS_ATTACH_MODIFIER', '1', '1', NULL),
('TRAIT_CANT_BUILD_HERO_SLTH_UNIT_ROSIER', 'MODIFIER_PLAYER_UNIT_BUILD_DISABLED', '0', '0', NULL),
('MODIFIER_BAN_ABILITY_SLTH_UNIT_SAVEROUS', 'MODIFIER_ALL_PLAYERS_ATTACH_MODIFIER', '1', '1', NULL),
('TRAIT_CANT_BUILD_HERO_SLTH_UNIT_SAVEROUS', 'MODIFIER_PLAYER_UNIT_BUILD_DISABLED', '0', '0', NULL),
('MODIFIER_BAN_ABILITY_SLTH_UNIT_SPHENER', 'MODIFIER_ALL_PLAYERS_ATTACH_MODIFIER', '1', '1', NULL),
('TRAIT_CANT_BUILD_HERO_SLTH_UNIT_SPHENER', 'MODIFIER_PLAYER_UNIT_BUILD_DISABLED', '0', '0', NULL),
('MODIFIER_BAN_ABILITY_SLTH_UNIT_TEUTORIX', 'MODIFIER_ALL_PLAYERS_ATTACH_MODIFIER', '1', '1', NULL),
('TRAIT_CANT_BUILD_HERO_SLTH_UNIT_TEUTORIX', 'MODIFIER_PLAYER_UNIT_BUILD_DISABLED', '0', '0', NULL),
('MODIFIER_BAN_ABILITY_SLTH_UNIT_VALIN', 'MODIFIER_ALL_PLAYERS_ATTACH_MODIFIER', '1', '1', NULL),
('TRAIT_CANT_BUILD_HERO_SLTH_UNIT_VALIN', 'MODIFIER_PLAYER_UNIT_BUILD_DISABLED', '0', '0', NULL),
('MODIFIER_BAN_ABILITY_SLTH_UNIT_YVAIN', 'MODIFIER_ALL_PLAYERS_ATTACH_MODIFIER', '1', '1', NULL),
('TRAIT_CANT_BUILD_HERO_SLTH_UNIT_YVAIN', 'MODIFIER_PLAYER_UNIT_BUILD_DISABLED', '0', '0', NULL);
INSERT INTO ModifierArguments(ModifierId, Name, Type, Value) VALUES
('MODIFIER_DARK_ELF_ABILITY_FEATUREATTACKS_FEATURE_FOREST', 'Amount', 'ARGTYPE_IDENTITY', '10'),
('MODIFIER_DARK_ELF_ABILITY_FEATUREATTACKS_FEATURE_FOREST_ANCIENT', 'Amount', 'ARGTYPE_IDENTITY', '10'),
('TRAIT_GRANT_DARK_ELF_ABILITY_FEATUREATTACKS', 'AbilityType', 'ARGTYPE_IDENTITY', 'DARK_ELF_ABILITY_FEATUREATTACKS'),
('MODIFIER_PROMOTION_DARK_ELF_ABILITY_FEATUREDOUBLEMOVES_FOREST', 'Amount', 'ARGTYPE_IDENTITY', '1'),
('MODIFIER_PROMOTION_DARK_ELF_ABILITY_FEATUREDOUBLEMOVES_ANCIENT_FOREST', 'Amount', 'ARGTYPE_IDENTITY', '1'),
('TRAIT_GRANT_PROMOTION_DARK_ELF_ABILITY_FEATUREDOUBLEMOVES', 'AbilityType', 'ARGTYPE_IDENTITY', 'PROMOTION_DARK_ELF_ABILITY_FEATUREDOUBLEMOVES'),
('MODIFIER_DEMON_ABILITY_TERRAINATTACKS_BROKEN_LANDS', 'Amount', 'ARGTYPE_IDENTITY', '10'),
('MODIFIER_DEMON_ABILITY_TERRAINATTACKS_FIELDS_OF_PERDITION', 'Amount', 'ARGTYPE_IDENTITY', '10'),
('MODIFIER_DEMON_ABILITY_TERRAINATTACKS_BURNING_SANDS', 'Amount', 'ARGTYPE_IDENTITY', '10'),
('TRAIT_GRANT_DEMON_ABILITY_TERRAINATTACKS', 'AbilityType', 'ARGTYPE_IDENTITY', 'DEMON_ABILITY_TERRAINATTACKS'),
('MODIFIER_DEMON_ABILITY_TERRAINDEFENSES_BROKEN_LANDS', 'Amount', 'ARGTYPE_IDENTITY', '10'),
('MODIFIER_DEMON_ABILITY_TERRAINDEFENSES_FIELDS_OF_PERDITION', 'Amount', 'ARGTYPE_IDENTITY', '10'),
('MODIFIER_DEMON_ABILITY_TERRAINDEFENSES_BURNING_SANDS', 'Amount', 'ARGTYPE_IDENTITY', '10'),
('TRAIT_GRANT_DEMON_ABILITY_TERRAINDEFENSES', 'AbilityType', 'ARGTYPE_IDENTITY', 'DEMON_ABILITY_TERRAINDEFENSES'),
('MODIFIER_PROMOTION_DEXTEROUS', 'Amount', 'ARGTYPE_IDENTITY', '1'),
('MODIFIER_PROMOTION_DISEASED', 'Type', 'ARGTYPE_IDENTITY', 'ALL'),
('MODIFIER_PROMOTION_DISEASED', 'Amount', 'ARGTYPE_IDENTITY', '-10'),
('MODIFIER_PROMOTION_DRILL4', 'Amount', 'ARGTYPE_IDENTITY', '2'),
('MODIFIER_PROMOTION_DWARF_ABILITY_BHILLSDOUBLEMOVE', 'Amount', 'ARGTYPE_IDENTITY', '5'),
('TRAIT_GRANT_PROMOTION_DWARF_ABILITY_BHILLSDOUBLEMOVE', 'AbilityType', 'ARGTYPE_IDENTITY', 'PROMOTION_DWARF_ABILITY_BHILLSDOUBLEMOVE'),
('MODIFIER_ELF_ABILITY_FEATUREATTACKS_FEATURE_FOREST', 'Amount', 'ARGTYPE_IDENTITY', '10'),
('MODIFIER_ELF_ABILITY_FEATUREATTACKS_FEATURE_FOREST_ANCIENT', 'Amount', 'ARGTYPE_IDENTITY', '10'),
('TRAIT_GRANT_ELF_ABILITY_FEATUREATTACKS', 'AbilityType', 'ARGTYPE_IDENTITY', 'ELF_ABILITY_FEATUREATTACKS'),
('MODIFIER_PROMOTION_ELF_ABILITY_FEATUREDOUBLEMOVES_FOREST', 'Amount', 'ARGTYPE_IDENTITY', '1'),
('MODIFIER_PROMOTION_ELF_ABILITY_FEATUREDOUBLEMOVES_ANCIENT_FOREST', 'Amount', 'ARGTYPE_IDENTITY', '1'),
('TRAIT_GRANT_PROMOTION_ELF_ABILITY_FEATUREDOUBLEMOVES', 'AbilityType', 'ARGTYPE_IDENTITY', 'PROMOTION_ELF_ABILITY_FEATUREDOUBLEMOVES'),
('MODIFIER_PROMOTION_EMPOWER1', 'Amount', 'ARGTYPE_IDENTITY', '10'),
('MODIFIER_PROMOTION_EMPOWER2', 'Amount', 'ARGTYPE_IDENTITY', '10'),
('MODIFIER_PROMOTION_EMPOWER3', 'Amount', 'ARGTYPE_IDENTITY', '10'),
('MODIFIER_PROMOTION_EMPOWER4', 'Amount', 'ARGTYPE_IDENTITY', '10'),
('MODIFIER_PROMOTION_EMPOWER5', 'Amount', 'ARGTYPE_IDENTITY', '10'),
('MODIFIER_PROMOTION_EMPTY_BIER', 'Amount', 'ARGTYPE_IDENTITY', '2'),
('MODIFIER_PROMOTION_ENCHANTED_BLADE', 'Amount', 'ARGTYPE_IDENTITY', '20'),
('MODIFIER_PROMOTION_ENRAGED_MOVEMENT', 'Amount', 'ARGTYPE_IDENTITY', '1'),
('MODIFIER_PROMOTION_ENRAGED', 'Amount', 'ARGTYPE_IDENTITY', '20'),
('MODIFIER_PROMOTION_FAIR_WINDS_MOVEMENT', 'Amount', 'ARGTYPE_IDENTITY', '1'),
('MODIFIER_PROMOTION_FATIGUED', 'Amount', 'ARGTYPE_IDENTITY', '-10'),
('MODIFIER_PROMOTION_FLYING_MOVEMENT', 'Amount', 'ARGTYPE_IDENTITY', '1'),
('MODIFIER_PROMOTION_FORMATION', 'Amount', 'ARGTYPE_IDENTITY', '10'),
('MODIFIER_PROMOTION_FORMATION2', 'Amount', 'ARGTYPE_IDENTITY', '10'),
('MODIFIER_FROSTLING_ABILITY_TERRAINATTACKS_SNOW', 'Amount', 'ARGTYPE_IDENTITY', '25'),
('MODIFIER_FROSTLING_ABILITY_TERRAINATTACKS_TUNDRA', 'Amount', 'ARGTYPE_IDENTITY', '10'),
('MODIFIER_FROSTLING_ABILITY_TERRAINATTACKS_DESERT', 'Amount', 'ARGTYPE_IDENTITY', '-25'),
('TRAIT_GRANT_FROSTLING_ABILITY_TERRAINATTACKS', 'AbilityType', 'ARGTYPE_IDENTITY', 'FROSTLING_ABILITY_TERRAINATTACKS'),
('MODIFIER_FROSTLING_ABILITY_TERRAINDEFENSES_SNOW', 'Amount', 'ARGTYPE_IDENTITY', '25'),
('MODIFIER_FROSTLING_ABILITY_TERRAINDEFENSES_TUNDRA', 'Amount', 'ARGTYPE_IDENTITY', '10'),
('MODIFIER_FROSTLING_ABILITY_TERRAINDEFENSES_DESERT', 'Amount', 'ARGTYPE_IDENTITY', '-25'),
('TRAIT_GRANT_FROSTLING_ABILITY_TERRAINDEFENSES', 'AbilityType', 'ARGTYPE_IDENTITY', 'FROSTLING_ABILITY_TERRAINDEFENSES'),
('MODIFIER_PROMOTION_GODSLAYER', 'Amount', 'ARGTYPE_IDENTITY', '3'),
('MODIFIER_PROMOTION_GOLDEN_HAMMER', 'Amount', 'ARGTYPE_IDENTITY', '1'),
('MODIFIER_PROMOTION_GREAT_COMMANDER', 'Amount', 'ARGTYPE_IDENTITY', '1'),
('MODIFIER_PROMOTION_GUERILLA1', 'Amount', 'ARGTYPE_IDENTITY', '40'),
('MODIFIER_PROMOTION_GUERILLA2_ABILITY_BHILLSDOUBLEMOVE', 'Amount', 'ARGTYPE_IDENTITY', '5'),
('TRAIT_GRANT_PROMOTION_GUERILLA2_ABILITY_BHILLSDOUBLEMOVE', 'AbilityType', 'ARGTYPE_IDENTITY', 'PROMOTION_GUERILLA2_ABILITY_BHILLSDOUBLEMOVE'),
('MODIFIER_PROMOTION_GUERILLA2', 'Amount', 'ARGTYPE_IDENTITY', '60'),
('MODIFIER_PROMOTION_HASTED_MOVEMENT', 'Amount', 'ARGTYPE_IDENTITY', '1'),
('MODIFIER_PROMOTION_HEAVY', 'Amount', 'ARGTYPE_IDENTITY', '30'),
('MODIFIER_PROMOTION_HEROIC_DEFENSE', 'Amount', 'ARGTYPE_IDENTITY', '1'),
('MODIFIER_PROMOTION_HEROIC_DEFENSE2', 'Amount', 'ARGTYPE_IDENTITY', '1'),
('MODIFIER_PROMOTION_HEROIC_STRENGTH', 'Amount', 'ARGTYPE_IDENTITY', '1'),
('MODIFIER_PROMOTION_HEROIC_STRENGTH2', 'Amount', 'ARGTYPE_IDENTITY', '1'),
('MODIFIER_PROMOTION_HORSELORD_MOVEMENT', 'Amount', 'ARGTYPE_IDENTITY', '1'),
('MODIFIER_PROMOTION_ILLUSION', 'Amount', 'ARGTYPE_IDENTITY', '100'),
('MODIFIER_PROMOTION_IRON_WEAPONS', 'Amount', 'ARGTYPE_IDENTITY', '2'),
('MODIFIER_PROMOTION_LIGHT_MOVEMENT', 'Amount', 'ARGTYPE_IDENTITY', '1'),
('MODIFIER_PROMOTION_LIGHT', 'Amount', 'ARGTYPE_IDENTITY', '-20'),
('MODIFIER_LIZARDMAN_ABILITY_TERRAINATTACKS_MARSH', 'Amount', 'ARGTYPE_IDENTITY', '10'),
('TRAIT_GRANT_LIZARDMAN_ABILITY_TERRAINATTACKS', 'AbilityType', 'ARGTYPE_IDENTITY', 'LIZARDMAN_ABILITY_TERRAINATTACKS'),
('MODIFIER_LIZARDMAN_ABILITY_TERRAINDEFENSES_MARSH', 'Amount', 'ARGTYPE_IDENTITY', '10'),
('TRAIT_GRANT_LIZARDMAN_ABILITY_TERRAINDEFENSES', 'AbilityType', 'ARGTYPE_IDENTITY', 'LIZARDMAN_ABILITY_TERRAINDEFENSES'),
('MODIFIER_PROMOTION_LIZARDMAN_ABILITY_TERRAINDOUBLEMOVES_MARSH', 'Amount', 'ARGTYPE_IDENTITY', '1'),
('TRAIT_GRANT_PROMOTION_LIZARDMAN_ABILITY_TERRAINDOUBLEMOVES', 'AbilityType', 'ARGTYPE_IDENTITY', 'PROMOTION_LIZARDMAN_ABILITY_TERRAINDOUBLEMOVES'),
('MODIFIER_PROMOTION_LONGSHOREMEN_MOVEMENT', 'Amount', 'ARGTYPE_IDENTITY', '1'),
('MODIFIER_PROMOTION_MARCH', 'Type', 'ARGTYPE_IDENTITY', 'ALL'),
('MODIFIER_PROMOTION_MARCH', 'Amount', 'ARGTYPE_IDENTITY', '10'),
('MODIFIER_PROMOTION_MITHRIL_WEAPONS', 'Amount', 'ARGTYPE_IDENTITY', '4'),
('MODIFIER_PROMOTION_MOBILITY1_MOVEMENT', 'Amount', 'ARGTYPE_IDENTITY', '1'),
('MODIFIER_PROMOTION_MOBILITY2_MOVEMENT', 'Amount', 'ARGTYPE_IDENTITY', '1'),
('MODIFIER_PROMOTION_MORALE', 'Amount', 'ARGTYPE_IDENTITY', '10'),
('MODIFIER_PROMOTION_NAVIGATION1_MOVEMENT', 'Amount', 'ARGTYPE_IDENTITY', '1'),
('MODIFIER_PROMOTION_NAVIGATION2_MOVEMENT', 'Amount', 'ARGTYPE_IDENTITY', '1'),
('MODIFIER_NIGHTMARE_ABILITY_TERRAINATTACKS_BROKEN_LANDS', 'Amount', 'ARGTYPE_IDENTITY', '10'),
('MODIFIER_NIGHTMARE_ABILITY_TERRAINATTACKS_FIELDS_OF_PERDITION', 'Amount', 'ARGTYPE_IDENTITY', '10'),
('MODIFIER_NIGHTMARE_ABILITY_TERRAINATTACKS_BURNING_SANDS', 'Amount', 'ARGTYPE_IDENTITY', '10'),
('TRAIT_GRANT_NIGHTMARE_ABILITY_TERRAINATTACKS', 'AbilityType', 'ARGTYPE_IDENTITY', 'NIGHTMARE_ABILITY_TERRAINATTACKS'),
('MODIFIER_NIGHTMARE_ABILITY_TERRAINDEFENSES_BROKEN_LANDS', 'Amount', 'ARGTYPE_IDENTITY', '10'),
('MODIFIER_NIGHTMARE_ABILITY_TERRAINDEFENSES_FIELDS_OF_PERDITION', 'Amount', 'ARGTYPE_IDENTITY', '10'),
('MODIFIER_NIGHTMARE_ABILITY_TERRAINDEFENSES_BURNING_SANDS', 'Amount', 'ARGTYPE_IDENTITY', '10'),
('TRAIT_GRANT_NIGHTMARE_ABILITY_TERRAINDEFENSES', 'AbilityType', 'ARGTYPE_IDENTITY', 'NIGHTMARE_ABILITY_TERRAINDEFENSES'),
('MODIFIER_PROMOTION_NIGHTMARE', 'Amount', 'ARGTYPE_IDENTITY', '1'),
('MODIFIER_NOMAD_ABILITY_TERRAINATTACKS_DESERT', 'Amount', 'ARGTYPE_IDENTITY', '20'),
('TRAIT_GRANT_NOMAD_ABILITY_TERRAINATTACKS', 'AbilityType', 'ARGTYPE_IDENTITY', 'NOMAD_ABILITY_TERRAINATTACKS'),
('MODIFIER_NOMAD_ABILITY_TERRAINDEFENSES_DESERT', 'Amount', 'ARGTYPE_IDENTITY', '20'),
('TRAIT_GRANT_NOMAD_ABILITY_TERRAINDEFENSES', 'AbilityType', 'ARGTYPE_IDENTITY', 'NOMAD_ABILITY_TERRAINDEFENSES'),
('MODIFIER_PROMOTION_NOMAD_ABILITY_TERRAINDOUBLEMOVES_DESERT', 'Amount', 'ARGTYPE_IDENTITY', '1'),
('TRAIT_GRANT_PROMOTION_NOMAD_ABILITY_TERRAINDOUBLEMOVES', 'AbilityType', 'ARGTYPE_IDENTITY', 'PROMOTION_NOMAD_ABILITY_TERRAINDOUBLEMOVES'),
('MODIFIER_ORC_ABILITY_FEATUREATTACKS_FEATURE_JUNGLE', 'Amount', 'ARGTYPE_IDENTITY', '10'),
('TRAIT_GRANT_ORC_ABILITY_FEATUREATTACKS', 'AbilityType', 'ARGTYPE_IDENTITY', 'ORC_ABILITY_FEATUREATTACKS'),
('MODIFIER_PROMOTION_PLAGUED', 'Type', 'ARGTYPE_IDENTITY', 'ALL'),
('MODIFIER_PROMOTION_PLAGUED', 'Amount', 'ARGTYPE_IDENTITY', '-20'),
('MODIFIER_PROMOTION_POISONED', 'Type', 'ARGTYPE_IDENTITY', 'ALL'),
('MODIFIER_PROMOTION_POISONED', 'Amount', 'ARGTYPE_IDENTITY', '-3'),
('MODIFIER_PROMOTION_PUPPET', 'Amount', 'ARGTYPE_IDENTITY', '-20'),
('MODIFIER_PROMOTION_REGENERATION', 'Type', 'ARGTYPE_IDENTITY', 'ALL'),
('MODIFIER_PROMOTION_REGENERATION', 'Amount', 'ARGTYPE_IDENTITY', '10'),
('MODIFIER_PROMOTION_RUSTED', 'Amount', 'ARGTYPE_IDENTITY', '-10'),
('MODIFIER_PROMOTION_SCOURGE', 'Amount', 'ARGTYPE_IDENTITY', '10'),
('MODIFIER_PROMOTION_SHIELD_OF_FAITH', 'Amount', 'ARGTYPE_IDENTITY', '10'),
('MODIFIER_PROMOTION_SHOCK', 'Amount', 'ARGTYPE_IDENTITY', '10'),
('MODIFIER_PROMOTION_SHOCK2', 'Amount', 'ARGTYPE_IDENTITY', '10'),
('MODIFIER_PROMOTION_SINISTER', 'Amount', 'ARGTYPE_IDENTITY', '1'),
('MODIFIER_PROMOTION_SKELETON_CREW', 'Amount', 'ARGTYPE_IDENTITY', '-1'),
('MODIFIER_PROMOTION_SLOW_MOVEMENT', 'Amount', 'ARGTYPE_IDENTITY', '-1'),
('MODIFIER_PROMOTION_STARTING_SETTLER_MOVEMENT', 'Amount', 'ARGTYPE_IDENTITY', '2'),
('MODIFIER_PROMOTION_STONESKIN', 'Amount', 'ARGTYPE_IDENTITY', '2'),
('MODIFIER_PROMOTION_STRONG', 'Amount', 'ARGTYPE_IDENTITY', '1'),
('MODIFIER_PROMOTION_SUBDUE_ANIMAL', 'Amount', 'ARGTYPE_IDENTITY', '6'),
('MODIFIER_PROMOTION_SUBDUE_ANIMAL_SLAVE_TAKING_MODIFIER', 'Key', 'ARGTYPE_IDENTITY', 'HeroResurrectKill'),
('MODIFIER_PROMOTION_SUBDUE_ANIMAL_SLAVE_TAKING_MODIFIER', 'Amount', 'ARGTYPE_IDENTITY', '1'),
('MODIFIER_PROMOTION_SUBDUE_BEASTS', 'Amount', 'ARGTYPE_IDENTITY', '6'),
('MODIFIER_PROMOTION_SUBDUE_BEASTS_SLAVE_TAKING_MODIFIER', 'Key', 'ARGTYPE_IDENTITY', 'HeroResurrectKill'),
('MODIFIER_PROMOTION_SUBDUE_BEASTS_SLAVE_TAKING_MODIFIER', 'Amount', 'ARGTYPE_IDENTITY', '1'),
('MODIFIER_PROMOTION_UNHOLY_TAINT', 'Amount', 'ARGTYPE_IDENTITY', '-25'),
('MODIFIER_PROMOTION_VAMPIRE', 'Type', 'ARGTYPE_IDENTITY', 'ALL'),
('MODIFIER_PROMOTION_VAMPIRE', 'Amount', 'ARGTYPE_IDENTITY', '5'),
('MODIFIER_PROMOTION_WARCRY_MOVEMENT', 'Amount', 'ARGTYPE_IDENTITY', '1'),
('MODIFIER_PROMOTION_WARCRY', 'Amount', 'ARGTYPE_IDENTITY', '1'),
('MODIFIER_PROMOTION_WEAK', 'Amount', 'ARGTYPE_IDENTITY', '-1'),
('MODIFIER_WINTERBORN_ABILITY_TERRAINATTACKS_SNOW', 'Amount', 'ARGTYPE_IDENTITY', '10'),
('MODIFIER_WINTERBORN_ABILITY_TERRAINATTACKS_TUNDRA', 'Amount', 'ARGTYPE_IDENTITY', '10'),
('TRAIT_GRANT_WINTERBORN_ABILITY_TERRAINATTACKS', 'AbilityType', 'ARGTYPE_IDENTITY', 'WINTERBORN_ABILITY_TERRAINATTACKS'),
('MODIFIER_WINTERBORN_ABILITY_TERRAINDEFENSES_SNOW', 'Amount', 'ARGTYPE_IDENTITY', '10'),
('MODIFIER_WINTERBORN_ABILITY_TERRAINDEFENSES_TUNDRA', 'Amount', 'ARGTYPE_IDENTITY', '10'),
('TRAIT_GRANT_WINTERBORN_ABILITY_TERRAINDEFENSES', 'AbilityType', 'ARGTYPE_IDENTITY', 'WINTERBORN_ABILITY_TERRAINDEFENSES'),
('MODIFIER_PROMOTION_WITHERED', 'Type', 'ARGTYPE_IDENTITY', 'ALL'),
('MODIFIER_PROMOTION_WITHERED', 'Amount', 'ARGTYPE_IDENTITY', '-20'),
('MODIFIER_BAN_ABILITY_SLTH_UNIT_ABASHI', 'ModifierId', 'ARGTYPE_IDENTITY', 'TRAIT_CANT_BUILD_HERO_SLTH_UNIT_ABASHI'),
('TRAIT_CANT_BUILD_HERO_SLTH_UNIT_ABASHI', 'UnitType', 'ARGTYPE_IDENTITY', 'SLTH_UNIT_ABASHI'),
('MODIFIER_BAN_ABILITY_SLTH_UNIT_ALAZKAN', 'ModifierId', 'ARGTYPE_IDENTITY', 'TRAIT_CANT_BUILD_HERO_SLTH_UNIT_ALAZKAN'),
('TRAIT_CANT_BUILD_HERO_SLTH_UNIT_ALAZKAN', 'UnitType', 'ARGTYPE_IDENTITY', 'SLTH_UNIT_ALAZKAN'),
('MODIFIER_BAN_ABILITY_SLTH_UNIT_ARTHENDAIN', 'ModifierId', 'ARGTYPE_IDENTITY', 'TRAIT_CANT_BUILD_HERO_SLTH_UNIT_ARTHENDAIN'),
('TRAIT_CANT_BUILD_HERO_SLTH_UNIT_ARTHENDAIN', 'UnitType', 'ARGTYPE_IDENTITY', 'SLTH_UNIT_ARTHENDAIN'),
('MODIFIER_BAN_ABILITY_SLTH_UNIT_AURIC_ASCENDED', 'ModifierId', 'ARGTYPE_IDENTITY', 'TRAIT_CANT_BUILD_HERO_SLTH_UNIT_AURIC_ASCENDED'),
('TRAIT_CANT_BUILD_HERO_SLTH_UNIT_AURIC_ASCENDED', 'UnitType', 'ARGTYPE_IDENTITY', 'SLTH_UNIT_AURIC_ASCENDED'),
('MODIFIER_BAN_ABILITY_SLTH_UNIT_BAMBUR', 'ModifierId', 'ARGTYPE_IDENTITY', 'TRAIT_CANT_BUILD_HERO_SLTH_UNIT_BAMBUR'),
('TRAIT_CANT_BUILD_HERO_SLTH_UNIT_BAMBUR', 'UnitType', 'ARGTYPE_IDENTITY', 'SLTH_UNIT_BAMBUR'),
('MODIFIER_BAN_ABILITY_SLTH_UNIT_BARNAXUS', 'ModifierId', 'ARGTYPE_IDENTITY', 'TRAIT_CANT_BUILD_HERO_SLTH_UNIT_BARNAXUS'),
('TRAIT_CANT_BUILD_HERO_SLTH_UNIT_BARNAXUS', 'UnitType', 'ARGTYPE_IDENTITY', 'SLTH_UNIT_BARNAXUS'),
('MODIFIER_BAN_ABILITY_SLTH_UNIT_BASIUM', 'ModifierId', 'ARGTYPE_IDENTITY', 'TRAIT_CANT_BUILD_HERO_SLTH_UNIT_BASIUM'),
('TRAIT_CANT_BUILD_HERO_SLTH_UNIT_BASIUM', 'UnitType', 'ARGTYPE_IDENTITY', 'SLTH_UNIT_BASIUM'),
('MODIFIER_BAN_ABILITY_SLTH_UNIT_CHALID', 'ModifierId', 'ARGTYPE_IDENTITY', 'TRAIT_CANT_BUILD_HERO_SLTH_UNIT_CHALID'),
('TRAIT_CANT_BUILD_HERO_SLTH_UNIT_CHALID', 'UnitType', 'ARGTYPE_IDENTITY', 'SLTH_UNIT_CHALID'),
('MODIFIER_BAN_ABILITY_SLTH_UNIT_CORLINDALE', 'ModifierId', 'ARGTYPE_IDENTITY', 'TRAIT_CANT_BUILD_HERO_SLTH_UNIT_CORLINDALE'),
('TRAIT_CANT_BUILD_HERO_SLTH_UNIT_CORLINDALE', 'UnitType', 'ARGTYPE_IDENTITY', 'SLTH_UNIT_CORLINDALE'),
('MODIFIER_BAN_ABILITY_SLTH_UNIT_DONAL', 'ModifierId', 'ARGTYPE_IDENTITY', 'TRAIT_CANT_BUILD_HERO_SLTH_UNIT_DONAL'),
('TRAIT_CANT_BUILD_HERO_SLTH_UNIT_DONAL', 'UnitType', 'ARGTYPE_IDENTITY', 'SLTH_UNIT_DONAL'),
('MODIFIER_BAN_ABILITY_SLTH_UNIT_DRIFA', 'ModifierId', 'ARGTYPE_IDENTITY', 'TRAIT_CANT_BUILD_HERO_SLTH_UNIT_DRIFA'),
('TRAIT_CANT_BUILD_HERO_SLTH_UNIT_DRIFA', 'UnitType', 'ARGTYPE_IDENTITY', 'SLTH_UNIT_DRIFA'),
('MODIFIER_BAN_ABILITY_SLTH_UNIT_DUIN', 'ModifierId', 'ARGTYPE_IDENTITY', 'TRAIT_CANT_BUILD_HERO_SLTH_UNIT_DUIN'),
('TRAIT_CANT_BUILD_HERO_SLTH_UNIT_DUIN', 'UnitType', 'ARGTYPE_IDENTITY', 'SLTH_UNIT_DUIN'),
('MODIFIER_BAN_ABILITY_SLTH_UNIT_EURABATRES', 'ModifierId', 'ARGTYPE_IDENTITY', 'TRAIT_CANT_BUILD_HERO_SLTH_UNIT_EURABATRES'),
('TRAIT_CANT_BUILD_HERO_SLTH_UNIT_EURABATRES', 'UnitType', 'ARGTYPE_IDENTITY', 'SLTH_UNIT_EURABATRES'),
('MODIFIER_BAN_ABILITY_SLTH_UNIT_GIBBON', 'ModifierId', 'ARGTYPE_IDENTITY', 'TRAIT_CANT_BUILD_HERO_SLTH_UNIT_GIBBON'),
('TRAIT_CANT_BUILD_HERO_SLTH_UNIT_GIBBON', 'UnitType', 'ARGTYPE_IDENTITY', 'SLTH_UNIT_GIBBON'),
('MODIFIER_BAN_ABILITY_SLTH_UNIT_GILDEN', 'ModifierId', 'ARGTYPE_IDENTITY', 'TRAIT_CANT_BUILD_HERO_SLTH_UNIT_GILDEN'),
('TRAIT_CANT_BUILD_HERO_SLTH_UNIT_GILDEN', 'UnitType', 'ARGTYPE_IDENTITY', 'SLTH_UNIT_GILDEN'),
('MODIFIER_BAN_ABILITY_SLTH_UNIT_GOVANNON', 'ModifierId', 'ARGTYPE_IDENTITY', 'TRAIT_CANT_BUILD_HERO_SLTH_UNIT_GOVANNON'),
('TRAIT_CANT_BUILD_HERO_SLTH_UNIT_GOVANNON', 'UnitType', 'ARGTYPE_IDENTITY', 'SLTH_UNIT_GOVANNON'),
('MODIFIER_BAN_ABILITY_SLTH_UNIT_GUYBRUSH', 'ModifierId', 'ARGTYPE_IDENTITY', 'TRAIT_CANT_BUILD_HERO_SLTH_UNIT_GUYBRUSH'),
('TRAIT_CANT_BUILD_HERO_SLTH_UNIT_GUYBRUSH', 'UnitType', 'ARGTYPE_IDENTITY', 'SLTH_UNIT_GUYBRUSH'),
('MODIFIER_BAN_ABILITY_SLTH_UNIT_HEMAH', 'ModifierId', 'ARGTYPE_IDENTITY', 'TRAIT_CANT_BUILD_HERO_SLTH_UNIT_HEMAH'),
('TRAIT_CANT_BUILD_HERO_SLTH_UNIT_HEMAH', 'UnitType', 'ARGTYPE_IDENTITY', 'SLTH_UNIT_HEMAH'),
('MODIFIER_BAN_ABILITY_SLTH_UNIT_HERNE', 'ModifierId', 'ARGTYPE_IDENTITY', 'TRAIT_CANT_BUILD_HERO_SLTH_UNIT_HERNE'),
('TRAIT_CANT_BUILD_HERO_SLTH_UNIT_HERNE', 'UnitType', 'ARGTYPE_IDENTITY', 'SLTH_UNIT_HERNE'),
('MODIFIER_BAN_ABILITY_SLTH_UNIT_HYBOREM', 'ModifierId', 'ARGTYPE_IDENTITY', 'TRAIT_CANT_BUILD_HERO_SLTH_UNIT_HYBOREM'),
('TRAIT_CANT_BUILD_HERO_SLTH_UNIT_HYBOREM', 'UnitType', 'ARGTYPE_IDENTITY', 'SLTH_UNIT_HYBOREM'),
('MODIFIER_BAN_ABILITY_SLTH_UNIT_KITHRA', 'ModifierId', 'ARGTYPE_IDENTITY', 'TRAIT_CANT_BUILD_HERO_SLTH_UNIT_KITHRA'),
('TRAIT_CANT_BUILD_HERO_SLTH_UNIT_KITHRA', 'UnitType', 'ARGTYPE_IDENTITY', 'SLTH_UNIT_KITHRA'),
('MODIFIER_BAN_ABILITY_SLTH_UNIT_LOKI', 'ModifierId', 'ARGTYPE_IDENTITY', 'TRAIT_CANT_BUILD_HERO_SLTH_UNIT_LOKI'),
('TRAIT_CANT_BUILD_HERO_SLTH_UNIT_LOKI', 'UnitType', 'ARGTYPE_IDENTITY', 'SLTH_UNIT_LOKI'),
('MODIFIER_BAN_ABILITY_SLTH_UNIT_LOSHA', 'ModifierId', 'ARGTYPE_IDENTITY', 'TRAIT_CANT_BUILD_HERO_SLTH_UNIT_LOSHA'),
('TRAIT_CANT_BUILD_HERO_SLTH_UNIT_LOSHA', 'UnitType', 'ARGTYPE_IDENTITY', 'SLTH_UNIT_LOSHA'),
('MODIFIER_BAN_ABILITY_SLTH_UNIT_LUCIAN', 'ModifierId', 'ARGTYPE_IDENTITY', 'TRAIT_CANT_BUILD_HERO_SLTH_UNIT_LUCIAN'),
('TRAIT_CANT_BUILD_HERO_SLTH_UNIT_LUCIAN', 'UnitType', 'ARGTYPE_IDENTITY', 'SLTH_UNIT_LUCIAN'),
('MODIFIER_BAN_ABILITY_SLTH_UNIT_MAGNADINE', 'ModifierId', 'ARGTYPE_IDENTITY', 'TRAIT_CANT_BUILD_HERO_SLTH_UNIT_MAGNADINE'),
('TRAIT_CANT_BUILD_HERO_SLTH_UNIT_MAGNADINE', 'UnitType', 'ARGTYPE_IDENTITY', 'SLTH_UNIT_MAGNADINE'),
('MODIFIER_BAN_ABILITY_SLTH_UNIT_MARDERO', 'ModifierId', 'ARGTYPE_IDENTITY', 'TRAIT_CANT_BUILD_HERO_SLTH_UNIT_MARDERO'),
('TRAIT_CANT_BUILD_HERO_SLTH_UNIT_MARDERO', 'UnitType', 'ARGTYPE_IDENTITY', 'SLTH_UNIT_MARDERO'),
('MODIFIER_BAN_ABILITY_SLTH_UNIT_MAROS', 'ModifierId', 'ARGTYPE_IDENTITY', 'TRAIT_CANT_BUILD_HERO_SLTH_UNIT_MAROS'),
('TRAIT_CANT_BUILD_HERO_SLTH_UNIT_MAROS', 'UnitType', 'ARGTYPE_IDENTITY', 'SLTH_UNIT_MAROS'),
('MODIFIER_BAN_ABILITY_SLTH_UNIT_MESHABBER', 'ModifierId', 'ARGTYPE_IDENTITY', 'TRAIT_CANT_BUILD_HERO_SLTH_UNIT_MESHABBER'),
('TRAIT_CANT_BUILD_HERO_SLTH_UNIT_MESHABBER', 'UnitType', 'ARGTYPE_IDENTITY', 'SLTH_UNIT_MESHABBER'),
('MODIFIER_BAN_ABILITY_SLTH_UNIT_MITHRIL_GOLEM', 'ModifierId', 'ARGTYPE_IDENTITY', 'TRAIT_CANT_BUILD_HERO_SLTH_UNIT_MITHRIL_GOLEM'),
('TRAIT_CANT_BUILD_HERO_SLTH_UNIT_MITHRIL_GOLEM', 'UnitType', 'ARGTYPE_IDENTITY', 'SLTH_UNIT_MITHRIL_GOLEM'),
('MODIFIER_BAN_ABILITY_SLTH_UNIT_RANTINE', 'ModifierId', 'ARGTYPE_IDENTITY', 'TRAIT_CANT_BUILD_HERO_SLTH_UNIT_RANTINE'),
('TRAIT_CANT_BUILD_HERO_SLTH_UNIT_RANTINE', 'UnitType', 'ARGTYPE_IDENTITY', 'SLTH_UNIT_RANTINE'),
('MODIFIER_BAN_ABILITY_SLTH_UNIT_RATHUS', 'ModifierId', 'ARGTYPE_IDENTITY', 'TRAIT_CANT_BUILD_HERO_SLTH_UNIT_RATHUS'),
('TRAIT_CANT_BUILD_HERO_SLTH_UNIT_RATHUS', 'UnitType', 'ARGTYPE_IDENTITY', 'SLTH_UNIT_RATHUS'),
('MODIFIER_BAN_ABILITY_SLTH_UNIT_ROSIER', 'ModifierId', 'ARGTYPE_IDENTITY', 'TRAIT_CANT_BUILD_HERO_SLTH_UNIT_ROSIER'),
('TRAIT_CANT_BUILD_HERO_SLTH_UNIT_ROSIER', 'UnitType', 'ARGTYPE_IDENTITY', 'SLTH_UNIT_ROSIER'),
('MODIFIER_BAN_ABILITY_SLTH_UNIT_SAVEROUS', 'ModifierId', 'ARGTYPE_IDENTITY', 'TRAIT_CANT_BUILD_HERO_SLTH_UNIT_SAVEROUS'),
('TRAIT_CANT_BUILD_HERO_SLTH_UNIT_SAVEROUS', 'UnitType', 'ARGTYPE_IDENTITY', 'SLTH_UNIT_SAVEROUS'),
('MODIFIER_BAN_ABILITY_SLTH_UNIT_SPHENER', 'ModifierId', 'ARGTYPE_IDENTITY', 'TRAIT_CANT_BUILD_HERO_SLTH_UNIT_SPHENER'),
('TRAIT_CANT_BUILD_HERO_SLTH_UNIT_SPHENER', 'UnitType', 'ARGTYPE_IDENTITY', 'SLTH_UNIT_SPHENER'),
('MODIFIER_BAN_ABILITY_SLTH_UNIT_TEUTORIX', 'ModifierId', 'ARGTYPE_IDENTITY', 'TRAIT_CANT_BUILD_HERO_SLTH_UNIT_TEUTORIX'),
('TRAIT_CANT_BUILD_HERO_SLTH_UNIT_TEUTORIX', 'UnitType', 'ARGTYPE_IDENTITY', 'SLTH_UNIT_TEUTORIX'),
('MODIFIER_BAN_ABILITY_SLTH_UNIT_VALIN', 'ModifierId', 'ARGTYPE_IDENTITY', 'TRAIT_CANT_BUILD_HERO_SLTH_UNIT_VALIN'),
('TRAIT_CANT_BUILD_HERO_SLTH_UNIT_VALIN', 'UnitType', 'ARGTYPE_IDENTITY', 'SLTH_UNIT_VALIN'),
('MODIFIER_BAN_ABILITY_SLTH_UNIT_YVAIN', 'ModifierId', 'ARGTYPE_IDENTITY', 'TRAIT_CANT_BUILD_HERO_SLTH_UNIT_YVAIN'),
('TRAIT_CANT_BUILD_HERO_SLTH_UNIT_YVAIN', 'UnitType', 'ARGTYPE_IDENTITY', 'SLTH_UNIT_YVAIN');
INSERT INTO RequirementSetRequirements(RequirementSetId, RequirementId) VALUES
('OPPONENT_PROMOTION_CLASS_MELEE_REQUIREMENT_SET', 'OPPONENT_PROMOTION_CLASS_MELEE_REQUIREMENT'),
('OPPONENT_PROMOTION_CLASS_NAVAL_REQUIREMENT_SET', 'OPPONENT_PROMOTION_CLASS_NAVAL_REQUIREMENT'),
('OPPONENT_PROMOTION_CLASS_MOUNTED_REQUIREMENT_SET', 'OPPONENT_PROMOTION_CLASS_MOUNTED_REQUIREMENT'),
('REQUIREMENT_PROMOTION_BRONZE_WEAPONS_SET', 'PLAYER_IS_DEFENDER_REQUIREMENTS'),
('REQUIREMENT_PROMOTION_BUCCANEERS_SET', 'PLAYER_IS_DEFENDER_REQUIREMENTS'),
('OPPONENT_PROMOTION_CLASS_ARCHER_REQUIREMENT_SET', 'OPPONENT_PROMOTION_CLASS_ARCHER_REQUIREMENT'),
('DARK_ELF_ABILITY_FEATUREATTACKS_REQS_FEATURE_FOREST', 'PLAYER_IS_ATTACKER_REQUIREMENTS'),
('DARK_ELF_ABILITY_FEATUREATTACKS_REQS_FEATURE_FOREST', 'PLOT_IS_FEATURE_TYPE_REQUIREMENT'),
('DARK_ELF_ABILITY_FEATUREATTACKS_REQS_FEATURE_FOREST_ANCIENT', 'PLAYER_IS_ATTACKER_REQUIREMENTS'),
('DARK_ELF_ABILITY_FEATUREATTACKS_REQS_FEATURE_FOREST_ANCIENT', 'PLOT_IS_FEATURE_TYPE_REQUIREMENT'),
('PROMOTION_DARK_ELF_ABILITY_FEATUREDOUBLEMOVES_FOREST_REQS', 'PLOT_IS_FOREST_REQUIREMENT'),
('PROMOTION_DARK_ELF_ABILITY_FEATUREDOUBLEMOVES_ANCIENT_FOREST_REQS', 'PLOT_IS_FOREST_REQUIREMENT'),
('PROMOTION_DARK_ELF_ABILITY_FEATUREDOUBLEMOVES_ANCIENT_FOREST_REQS', 'PLOT_IS_ANCIENT_FOREST_REQUIREMENT'),
('DEMON_ABILITY_TERRAINATTACKS_REQS_BROKEN_LANDS', 'PLAYER_IS_ATTACKER_REQUIREMENTS'),
('DEMON_ABILITY_TERRAINATTACKS_REQS_BROKEN_LANDS', 'PLOT_IS_TERRAIN_TYPE_REQUIREMENT'),
('DEMON_ABILITY_TERRAINATTACKS_REQS_FIELDS_OF_PERDITION', 'PLAYER_IS_ATTACKER_REQUIREMENTS'),
('DEMON_ABILITY_TERRAINATTACKS_REQS_FIELDS_OF_PERDITION', 'PLOT_IS_TERRAIN_TYPE_REQUIREMENT'),
('DEMON_ABILITY_TERRAINATTACKS_REQS_BURNING_SANDS', 'PLAYER_IS_ATTACKER_REQUIREMENTS'),
('DEMON_ABILITY_TERRAINATTACKS_REQS_BURNING_SANDS', 'PLOT_IS_TERRAIN_TYPE_REQUIREMENT'),
('DEMON_ABILITY_TERRAINDEFENSES_REQS_BROKEN_LANDS', 'PLAYER_IS_DEFENDER_REQUIREMENTS'),
('DEMON_ABILITY_TERRAINDEFENSES_REQS_BROKEN_LANDS', 'PLOT_IS_TERRAIN_TYPE_REQUIREMENT'),
('DEMON_ABILITY_TERRAINDEFENSES_REQS_FIELDS_OF_PERDITION', 'PLAYER_IS_DEFENDER_REQUIREMENTS'),
('DEMON_ABILITY_TERRAINDEFENSES_REQS_FIELDS_OF_PERDITION', 'PLOT_IS_TERRAIN_TYPE_REQUIREMENT'),
('DEMON_ABILITY_TERRAINDEFENSES_REQS_BURNING_SANDS', 'PLAYER_IS_DEFENDER_REQUIREMENTS'),
('DEMON_ABILITY_TERRAINDEFENSES_REQS_BURNING_SANDS', 'PLOT_IS_TERRAIN_TYPE_REQUIREMENT'),
('PROMOTION_DWARF_ABILITY_BHILLSDOUBLEMOVE_REQS', 'PLOT_IS_GRASS_HILLS_TERRAIN_REQUIREMENT'),
('PROMOTION_DWARF_ABILITY_BHILLSDOUBLEMOVE_REQS', 'PLOT_IS_PLAINS_HILLS_TERRAIN_REQUIREMENT'),
('PROMOTION_DWARF_ABILITY_BHILLSDOUBLEMOVE_REQS', 'PLOT_IS_DESERT_HILLS_TERRAIN_REQUIREMENT'),
('PROMOTION_DWARF_ABILITY_BHILLSDOUBLEMOVE_REQS', 'PLOT_IS_TUNDRA_HILLS_TERRAIN_REQUIREMENT'),
('PROMOTION_DWARF_ABILITY_BHILLSDOUBLEMOVE_REQS', 'PLOT_IS_SNOW_HILLS_TERRAIN_REQUIREMENT'),
('ELF_ABILITY_FEATUREATTACKS_REQS_FEATURE_FOREST', 'PLAYER_IS_ATTACKER_REQUIREMENTS'),
('ELF_ABILITY_FEATUREATTACKS_REQS_FEATURE_FOREST', 'PLOT_IS_FEATURE_TYPE_REQUIREMENT'),
('ELF_ABILITY_FEATUREATTACKS_REQS_FEATURE_FOREST_ANCIENT', 'PLAYER_IS_ATTACKER_REQUIREMENTS'),
('ELF_ABILITY_FEATUREATTACKS_REQS_FEATURE_FOREST_ANCIENT', 'PLOT_IS_FEATURE_TYPE_REQUIREMENT'),
('PROMOTION_ELF_ABILITY_FEATUREDOUBLEMOVES_FOREST_REQS', 'PLOT_IS_FOREST_REQUIREMENT'),
('PROMOTION_ELF_ABILITY_FEATUREDOUBLEMOVES_ANCIENT_FOREST_REQS', 'PLOT_IS_FOREST_REQUIREMENT'),
('PROMOTION_ELF_ABILITY_FEATUREDOUBLEMOVES_ANCIENT_FOREST_REQS', 'PLOT_IS_ANCIENT_FOREST_REQUIREMENT'),
('REQUIREMENT_PROMOTION_EMPTY_BIER_SET', 'PLAYER_IS_DEFENDER_REQUIREMENTS'),
('REQUIREMENT_PROMOTION_ENRAGED_SET', 'PLAYER_IS_DEFENDER_REQUIREMENTS'),
('FROSTLING_ABILITY_TERRAINATTACKS_REQS_SNOW', 'PLAYER_IS_ATTACKER_REQUIREMENTS'),
('FROSTLING_ABILITY_TERRAINATTACKS_REQS_SNOW', 'PLOT_IS_TERRAIN_TYPE_REQUIREMENT'),
('FROSTLING_ABILITY_TERRAINATTACKS_REQS_TUNDRA', 'PLAYER_IS_ATTACKER_REQUIREMENTS'),
('FROSTLING_ABILITY_TERRAINATTACKS_REQS_TUNDRA', 'PLOT_IS_TERRAIN_TYPE_REQUIREMENT'),
('FROSTLING_ABILITY_TERRAINATTACKS_REQS_DESERT', 'PLAYER_IS_ATTACKER_REQUIREMENTS'),
('FROSTLING_ABILITY_TERRAINATTACKS_REQS_DESERT', 'PLOT_IS_TERRAIN_TYPE_REQUIREMENT'),
('FROSTLING_ABILITY_TERRAINDEFENSES_REQS_SNOW', 'PLAYER_IS_DEFENDER_REQUIREMENTS'),
('FROSTLING_ABILITY_TERRAINDEFENSES_REQS_SNOW', 'PLOT_IS_TERRAIN_TYPE_REQUIREMENT'),
('FROSTLING_ABILITY_TERRAINDEFENSES_REQS_TUNDRA', 'PLAYER_IS_DEFENDER_REQUIREMENTS'),
('FROSTLING_ABILITY_TERRAINDEFENSES_REQS_TUNDRA', 'PLOT_IS_TERRAIN_TYPE_REQUIREMENT'),
('FROSTLING_ABILITY_TERRAINDEFENSES_REQS_DESERT', 'PLAYER_IS_DEFENDER_REQUIREMENTS'),
('FROSTLING_ABILITY_TERRAINDEFENSES_REQS_DESERT', 'PLOT_IS_TERRAIN_TYPE_REQUIREMENT'),
('REQUIREMENT_PROMOTION_GODSLAYER_SET', 'PLAYER_IS_DEFENDER_REQUIREMENTS'),
('REQUIREMENT_PROMOTION_GREAT_COMMANDER_SET', 'PLAYER_IS_DEFENDER_REQUIREMENTS'),
('REQUIREMENT_PROMOTION_IRON_WEAPONS_SET', 'PLAYER_IS_DEFENDER_REQUIREMENTS'),
('LIZARDMAN_ABILITY_TERRAINATTACKS_REQS_MARSH', 'PLAYER_IS_ATTACKER_REQUIREMENTS'),
('LIZARDMAN_ABILITY_TERRAINATTACKS_REQS_MARSH', 'PLOT_IS_TERRAIN_TYPE_REQUIREMENT'),
('LIZARDMAN_ABILITY_TERRAINDEFENSES_REQS_MARSH', 'PLAYER_IS_DEFENDER_REQUIREMENTS'),
('LIZARDMAN_ABILITY_TERRAINDEFENSES_REQS_MARSH', 'PLOT_IS_TERRAIN_TYPE_REQUIREMENT'),
('PROMOTION_LIZARDMAN_ABILITY_TERRAINDOUBLEMOVES_MARSH_REQS', 'PLOT_IS_MARSH_REQUIREMENT'),
('REQUIREMENT_PROMOTION_MITHRIL_WEAPONS_SET', 'PLAYER_IS_DEFENDER_REQUIREMENTS'),
('NIGHTMARE_ABILITY_TERRAINATTACKS_REQS_BROKEN_LANDS', 'PLAYER_IS_ATTACKER_REQUIREMENTS'),
('NIGHTMARE_ABILITY_TERRAINATTACKS_REQS_BROKEN_LANDS', 'PLOT_IS_TERRAIN_TYPE_REQUIREMENT'),
('NIGHTMARE_ABILITY_TERRAINATTACKS_REQS_FIELDS_OF_PERDITION', 'PLAYER_IS_ATTACKER_REQUIREMENTS'),
('NIGHTMARE_ABILITY_TERRAINATTACKS_REQS_FIELDS_OF_PERDITION', 'PLOT_IS_TERRAIN_TYPE_REQUIREMENT'),
('NIGHTMARE_ABILITY_TERRAINATTACKS_REQS_BURNING_SANDS', 'PLAYER_IS_ATTACKER_REQUIREMENTS'),
('NIGHTMARE_ABILITY_TERRAINATTACKS_REQS_BURNING_SANDS', 'PLOT_IS_TERRAIN_TYPE_REQUIREMENT'),
('NIGHTMARE_ABILITY_TERRAINDEFENSES_REQS_BROKEN_LANDS', 'PLAYER_IS_DEFENDER_REQUIREMENTS'),
('NIGHTMARE_ABILITY_TERRAINDEFENSES_REQS_BROKEN_LANDS', 'PLOT_IS_TERRAIN_TYPE_REQUIREMENT'),
('NIGHTMARE_ABILITY_TERRAINDEFENSES_REQS_FIELDS_OF_PERDITION', 'PLAYER_IS_DEFENDER_REQUIREMENTS'),
('NIGHTMARE_ABILITY_TERRAINDEFENSES_REQS_FIELDS_OF_PERDITION', 'PLOT_IS_TERRAIN_TYPE_REQUIREMENT'),
('NIGHTMARE_ABILITY_TERRAINDEFENSES_REQS_BURNING_SANDS', 'PLAYER_IS_DEFENDER_REQUIREMENTS'),
('NIGHTMARE_ABILITY_TERRAINDEFENSES_REQS_BURNING_SANDS', 'PLOT_IS_TERRAIN_TYPE_REQUIREMENT'),
('REQUIREMENT_PROMOTION_NIGHTMARE_SET', 'PLAYER_IS_DEFENDER_REQUIREMENTS'),
('NOMAD_ABILITY_TERRAINATTACKS_REQS_DESERT', 'PLAYER_IS_ATTACKER_REQUIREMENTS'),
('NOMAD_ABILITY_TERRAINATTACKS_REQS_DESERT', 'PLOT_IS_TERRAIN_TYPE_REQUIREMENT'),
('NOMAD_ABILITY_TERRAINDEFENSES_REQS_DESERT', 'PLAYER_IS_DEFENDER_REQUIREMENTS'),
('NOMAD_ABILITY_TERRAINDEFENSES_REQS_DESERT', 'PLOT_IS_TERRAIN_TYPE_REQUIREMENT'),
('PROMOTION_NOMAD_ABILITY_TERRAINDOUBLEMOVES_DESERT_REQS', 'PLOT_IS_DESERT_REQUIREMENT'),
('ORC_ABILITY_FEATUREATTACKS_REQS_FEATURE_JUNGLE', 'PLAYER_IS_ATTACKER_REQUIREMENTS'),
('ORC_ABILITY_FEATUREATTACKS_REQS_FEATURE_JUNGLE', 'PLOT_IS_FEATURE_TYPE_REQUIREMENT'),
('OPPONENT_PROMOTION_CLASS_DISCIPLE_REQUIREMENT_SET', 'OPPONENT_PROMOTION_CLASS_DISCIPLE_REQUIREMENT'),
('REQUIREMENT_PROMOTION_SHIELD_OF_FAITH_SET', 'PLAYER_IS_DEFENDER_REQUIREMENTS'),
('REQUIREMENT_PROMOTION_SKELETON_CREW_SET', 'PLAYER_IS_DEFENDER_REQUIREMENTS'),
('REQUIREMENT_PROMOTION_STONESKIN_SET', 'PLAYER_IS_DEFENDER_REQUIREMENTS'),
('REQUIREMENT_PROMOTION_STRONG_SET', 'PLAYER_IS_DEFENDER_REQUIREMENTS'),
('OPPONENT_PROMOTION_CLASS_ANIMAL_REQUIREMENT_SET', 'OPPONENT_PROMOTION_CLASS_ANIMAL_REQUIREMENT'),
('OPPONENT_PROMOTION_CLASS_BEAST_REQUIREMENT_SET', 'OPPONENT_PROMOTION_CLASS_BEAST_REQUIREMENT'),
('REQUIREMENT_PROMOTION_UNHOLY_TAINT_SET', 'PLAYER_IS_DEFENDER_REQUIREMENTS'),
('REQUIREMENT_PROMOTION_WARCRY_SET', 'PLAYER_IS_DEFENDER_REQUIREMENTS'),
('REQUIREMENT_PROMOTION_WEAK_SET', 'PLAYER_IS_DEFENDER_REQUIREMENTS'),
('WINTERBORN_ABILITY_TERRAINATTACKS_REQS_SNOW', 'PLAYER_IS_ATTACKER_REQUIREMENTS'),
('WINTERBORN_ABILITY_TERRAINATTACKS_REQS_SNOW', 'PLOT_IS_TERRAIN_TYPE_REQUIREMENT'),
('WINTERBORN_ABILITY_TERRAINATTACKS_REQS_TUNDRA', 'PLAYER_IS_ATTACKER_REQUIREMENTS'),
('WINTERBORN_ABILITY_TERRAINATTACKS_REQS_TUNDRA', 'PLOT_IS_TERRAIN_TYPE_REQUIREMENT'),
('WINTERBORN_ABILITY_TERRAINDEFENSES_REQS_SNOW', 'PLAYER_IS_DEFENDER_REQUIREMENTS'),
('WINTERBORN_ABILITY_TERRAINDEFENSES_REQS_SNOW', 'PLOT_IS_TERRAIN_TYPE_REQUIREMENT'),
('WINTERBORN_ABILITY_TERRAINDEFENSES_REQS_TUNDRA', 'PLAYER_IS_DEFENDER_REQUIREMENTS'),
('WINTERBORN_ABILITY_TERRAINDEFENSES_REQS_TUNDRA', 'PLOT_IS_TERRAIN_TYPE_REQUIREMENT');
INSERT INTO RequirementSets(RequirementSetId, RequirementSetType) VALUES
('OPPONENT_PROMOTION_CLASS_MELEE_REQUIREMENT_SET', 'REQUIREMENTSET_TEST_ALL'),
('OPPONENT_PROMOTION_CLASS_NAVAL_REQUIREMENT_SET', 'REQUIREMENTSET_TEST_ALL'),
('REQUIREMENT_PROMOTION_BRONZE_WEAPONS_SET', 'REQUIREMENTSET_TEST_ALL'),
('REQUIREMENT_PROMOTION_BUCCANEERS_SET', 'REQUIREMENTSET_TEST_ALL'),
('OPPONENT_PROMOTION_CLASS_ARCHER_REQUIREMENT_SET', 'REQUIREMENTSET_TEST_ALL'),
('DARK_ELF_ABILITY_FEATUREATTACKS_REQS_FEATURE_FOREST', 'REQUIREMENTSET_TEST_ALL'),
('DARK_ELF_ABILITY_FEATUREATTACKS_REQS_FEATURE_FOREST_ANCIENT', 'REQUIREMENTSET_TEST_ALL'),
('PROMOTION_DARK_ELF_ABILITY_FEATUREDOUBLEMOVES_FOREST_REQS', 'REQUIREMENTSET_TEST_ANY'),
('PROMOTION_DARK_ELF_ABILITY_FEATUREDOUBLEMOVES_ANCIENT_FOREST_REQS', 'REQUIREMENTSET_TEST_ANY'),
('DEMON_ABILITY_TERRAINATTACKS_REQS_BROKEN_LANDS', 'REQUIREMENTSET_TEST_ALL'),
('DEMON_ABILITY_TERRAINATTACKS_REQS_FIELDS_OF_PERDITION', 'REQUIREMENTSET_TEST_ALL'),
('DEMON_ABILITY_TERRAINATTACKS_REQS_BURNING_SANDS', 'REQUIREMENTSET_TEST_ALL'),
('DEMON_ABILITY_TERRAINDEFENSES_REQS_BROKEN_LANDS', 'REQUIREMENTSET_TEST_ALL'),
('DEMON_ABILITY_TERRAINDEFENSES_REQS_FIELDS_OF_PERDITION', 'REQUIREMENTSET_TEST_ALL'),
('DEMON_ABILITY_TERRAINDEFENSES_REQS_BURNING_SANDS', 'REQUIREMENTSET_TEST_ALL'),
('OPPONENT_PROMOTION_CLASS_MOUNTED_REQUIREMENT_SET', 'REQUIREMENTSET_TEST_ALL'),
('PROMOTION_DWARF_ABILITY_BHILLSDOUBLEMOVE_REQS', 'REQUIREMENTSET_TEST_ANY'),
('ELF_ABILITY_FEATUREATTACKS_REQS_FEATURE_FOREST', 'REQUIREMENTSET_TEST_ALL'),
('ELF_ABILITY_FEATUREATTACKS_REQS_FEATURE_FOREST_ANCIENT', 'REQUIREMENTSET_TEST_ALL'),
('PROMOTION_ELF_ABILITY_FEATUREDOUBLEMOVES_FOREST_REQS', 'REQUIREMENTSET_TEST_ANY'),
('PROMOTION_ELF_ABILITY_FEATUREDOUBLEMOVES_ANCIENT_FOREST_REQS', 'REQUIREMENTSET_TEST_ANY'),
('REQUIREMENT_PROMOTION_EMPTY_BIER_SET', 'REQUIREMENTSET_TEST_ALL'),
('REQUIREMENT_PROMOTION_ENRAGED_SET', 'REQUIREMENTSET_TEST_ALL'),
('FROSTLING_ABILITY_TERRAINATTACKS_REQS_SNOW', 'REQUIREMENTSET_TEST_ALL'),
('FROSTLING_ABILITY_TERRAINATTACKS_REQS_TUNDRA', 'REQUIREMENTSET_TEST_ALL'),
('FROSTLING_ABILITY_TERRAINATTACKS_REQS_DESERT', 'REQUIREMENTSET_TEST_ALL'),
('FROSTLING_ABILITY_TERRAINDEFENSES_REQS_SNOW', 'REQUIREMENTSET_TEST_ALL'),
('FROSTLING_ABILITY_TERRAINDEFENSES_REQS_TUNDRA', 'REQUIREMENTSET_TEST_ALL'),
('FROSTLING_ABILITY_TERRAINDEFENSES_REQS_DESERT', 'REQUIREMENTSET_TEST_ALL'),
('REQUIREMENT_PROMOTION_GODSLAYER_SET', 'REQUIREMENTSET_TEST_ALL'),
('REQUIREMENT_PROMOTION_GREAT_COMMANDER_SET', 'REQUIREMENTSET_TEST_ALL'),
('LIZARDMAN_ABILITY_TERRAINATTACKS_REQS_MARSH', 'REQUIREMENTSET_TEST_ALL'),
('LIZARDMAN_ABILITY_TERRAINDEFENSES_REQS_MARSH', 'REQUIREMENTSET_TEST_ALL'),
('PROMOTION_LIZARDMAN_ABILITY_TERRAINDOUBLEMOVES_MARSH_REQS', 'REQUIREMENTSET_TEST_ANY'),
('REQUIREMENT_PROMOTION_MITHRIL_WEAPONS_SET', 'REQUIREMENTSET_TEST_ALL'),
('NIGHTMARE_ABILITY_TERRAINATTACKS_REQS_BROKEN_LANDS', 'REQUIREMENTSET_TEST_ALL'),
('NIGHTMARE_ABILITY_TERRAINATTACKS_REQS_FIELDS_OF_PERDITION', 'REQUIREMENTSET_TEST_ALL'),
('NIGHTMARE_ABILITY_TERRAINATTACKS_REQS_BURNING_SANDS', 'REQUIREMENTSET_TEST_ALL'),
('NIGHTMARE_ABILITY_TERRAINDEFENSES_REQS_BROKEN_LANDS', 'REQUIREMENTSET_TEST_ALL'),
('NIGHTMARE_ABILITY_TERRAINDEFENSES_REQS_FIELDS_OF_PERDITION', 'REQUIREMENTSET_TEST_ALL'),
('NIGHTMARE_ABILITY_TERRAINDEFENSES_REQS_BURNING_SANDS', 'REQUIREMENTSET_TEST_ALL'),
('REQUIREMENT_PROMOTION_NIGHTMARE_SET', 'REQUIREMENTSET_TEST_ALL'),
('NOMAD_ABILITY_TERRAINATTACKS_REQS_DESERT', 'REQUIREMENTSET_TEST_ALL'),
('NOMAD_ABILITY_TERRAINDEFENSES_REQS_DESERT', 'REQUIREMENTSET_TEST_ALL'),
('PROMOTION_NOMAD_ABILITY_TERRAINDOUBLEMOVES_DESERT_REQS', 'REQUIREMENTSET_TEST_ANY'),
('ORC_ABILITY_FEATUREATTACKS_REQS_FEATURE_JUNGLE', 'REQUIREMENTSET_TEST_ALL'),
('OPPONENT_PROMOTION_CLASS_DISCIPLE_REQUIREMENT_SET', 'REQUIREMENTSET_TEST_ALL'),
('REQUIREMENT_PROMOTION_SHIELD_OF_FAITH_SET', 'REQUIREMENTSET_TEST_ALL'),
('REQUIREMENT_PROMOTION_SKELETON_CREW_SET', 'REQUIREMENTSET_TEST_ALL'),
('REQUIREMENT_PROMOTION_STONESKIN_SET', 'REQUIREMENTSET_TEST_ALL'),
('REQUIREMENT_PROMOTION_STRONG_SET', 'REQUIREMENTSET_TEST_ALL'),
('OPPONENT_PROMOTION_CLASS_ANIMAL_REQUIREMENT_SET', 'REQUIREMENTSET_TEST_ALL'),
('OPPONENT_PROMOTION_CLASS_BEAST_REQUIREMENT_SET', 'REQUIREMENTSET_TEST_ALL'),
('REQUIREMENT_PROMOTION_UNHOLY_TAINT_SET', 'REQUIREMENTSET_TEST_ALL'),
('REQUIREMENT_PROMOTION_WARCRY_SET', 'REQUIREMENTSET_TEST_ALL'),
('REQUIREMENT_PROMOTION_WEAK_SET', 'REQUIREMENTSET_TEST_ALL'),
('WINTERBORN_ABILITY_TERRAINATTACKS_REQS_SNOW', 'REQUIREMENTSET_TEST_ALL'),
('WINTERBORN_ABILITY_TERRAINATTACKS_REQS_TUNDRA', 'REQUIREMENTSET_TEST_ALL'),
('WINTERBORN_ABILITY_TERRAINDEFENSES_REQS_SNOW', 'REQUIREMENTSET_TEST_ALL'),
('WINTERBORN_ABILITY_TERRAINDEFENSES_REQS_TUNDRA', 'REQUIREMENTSET_TEST_ALL');
INSERT INTO ModifierStrings(ModifierId, Context, Text) VALUES
('MODIFIER_DARK_ELF_ABILITY_FEATUREATTACKS_FEATURE_FOREST', 'Preview', 'LOC_DARK_ELF_ABILITY_FEATUREATTACKS_FEATURE_FOREST_PREVIEW'),
('MODIFIER_DARK_ELF_ABILITY_FEATUREATTACKS_FEATURE_FOREST_ANCIENT', 'Preview', 'LOC_DARK_ELF_ABILITY_FEATUREATTACKS_FEATURE_FOREST_ANCIENT_PREVIEW'),
('MODIFIER_DEMON_ABILITY_TERRAINATTACKS_BROKEN_LANDS', 'Preview', 'LOC_DEMON_ABILITY_TERRAINATTACKS_BROKEN_LANDS_PREVIEW'),
('MODIFIER_DEMON_ABILITY_TERRAINATTACKS_FIELDS_OF_PERDITION', 'Preview', 'LOC_DEMON_ABILITY_TERRAINATTACKS_FIELDS_OF_PERDITION_PREVIEW'),
('MODIFIER_DEMON_ABILITY_TERRAINATTACKS_BURNING_SANDS', 'Preview', 'LOC_DEMON_ABILITY_TERRAINATTACKS_BURNING_SANDS_PREVIEW'),
('MODIFIER_DEMON_ABILITY_TERRAINDEFENSES_BROKEN_LANDS', 'Preview', 'LOC_DEMON_ABILITY_TERRAINDEFENSES_BROKEN_LANDS_PREVIEW'),
('MODIFIER_DEMON_ABILITY_TERRAINDEFENSES_FIELDS_OF_PERDITION', 'Preview', 'LOC_DEMON_ABILITY_TERRAINDEFENSES_FIELDS_OF_PERDITION_PREVIEW'),
('MODIFIER_DEMON_ABILITY_TERRAINDEFENSES_BURNING_SANDS', 'Preview', 'LOC_DEMON_ABILITY_TERRAINDEFENSES_BURNING_SANDS_PREVIEW'),
('MODIFIER_PROMOTION_DEXTEROUS', 'Preview', 'LOC_PROMOTION_DEXTEROUS_DESCRIPTION'),
('MODIFIER_PROMOTION_DISEASED', 'Preview', 'LOC_PROMOTION_DISEASED_DESCRIPTION'),
('MODIFIER_PROMOTION_DRILL4', 'Preview', 'LOC_PROMOTION_DRILL4_DESCRIPTION'),
('MODIFIER_ELF_ABILITY_FEATUREATTACKS_FEATURE_FOREST', 'Preview', 'LOC_ELF_ABILITY_FEATUREATTACKS_FEATURE_FOREST_PREVIEW'),
('MODIFIER_ELF_ABILITY_FEATUREATTACKS_FEATURE_FOREST_ANCIENT', 'Preview', 'LOC_ELF_ABILITY_FEATUREATTACKS_FEATURE_FOREST_ANCIENT_PREVIEW'),
('MODIFIER_PROMOTION_EMPOWER1', 'Preview', 'LOC_PROMOTION_EMPOWER1_DESCRIPTION'),
('MODIFIER_PROMOTION_EMPOWER2', 'Preview', 'LOC_PROMOTION_EMPOWER2_DESCRIPTION'),
('MODIFIER_PROMOTION_EMPOWER3', 'Preview', 'LOC_PROMOTION_EMPOWER3_DESCRIPTION'),
('MODIFIER_PROMOTION_EMPOWER4', 'Preview', 'LOC_PROMOTION_EMPOWER4_DESCRIPTION'),
('MODIFIER_PROMOTION_EMPOWER5', 'Preview', 'LOC_PROMOTION_EMPOWER5_DESCRIPTION'),
('MODIFIER_PROMOTION_EMPTY_BIER', 'Preview', 'LOC_PROMOTION_EMPTY_BIER_DESCRIPTION'),
('MODIFIER_PROMOTION_ENCHANTED_BLADE', 'Preview', 'LOC_PROMOTION_ENCHANTED_BLADE_DESCRIPTION'),
('MODIFIER_PROMOTION_ENRAGED', 'Preview', 'LOC_PROMOTION_ENRAGED_DESCRIPTION'),
('MODIFIER_PROMOTION_FATIGUED', 'Preview', 'LOC_PROMOTION_FATIGUED_DESCRIPTION'),
('MODIFIER_PROMOTION_FORMATION', 'Preview', 'LOC_PROMOTION_FORMATION_DESCRIPTION'),
('MODIFIER_PROMOTION_FORMATION2', 'Preview', 'LOC_PROMOTION_FORMATION2_DESCRIPTION'),
('MODIFIER_FROSTLING_ABILITY_TERRAINATTACKS_SNOW', 'Preview', 'LOC_FROSTLING_ABILITY_TERRAINATTACKS_SNOW_PREVIEW'),
('MODIFIER_FROSTLING_ABILITY_TERRAINATTACKS_TUNDRA', 'Preview', 'LOC_FROSTLING_ABILITY_TERRAINATTACKS_TUNDRA_PREVIEW'),
('MODIFIER_FROSTLING_ABILITY_TERRAINATTACKS_DESERT', 'Preview', 'LOC_FROSTLING_ABILITY_TERRAINATTACKS_DESERT_PREVIEW'),
('MODIFIER_FROSTLING_ABILITY_TERRAINDEFENSES_SNOW', 'Preview', 'LOC_FROSTLING_ABILITY_TERRAINDEFENSES_SNOW_PREVIEW'),
('MODIFIER_FROSTLING_ABILITY_TERRAINDEFENSES_TUNDRA', 'Preview', 'LOC_FROSTLING_ABILITY_TERRAINDEFENSES_TUNDRA_PREVIEW'),
('MODIFIER_FROSTLING_ABILITY_TERRAINDEFENSES_DESERT', 'Preview', 'LOC_FROSTLING_ABILITY_TERRAINDEFENSES_DESERT_PREVIEW'),
('MODIFIER_PROMOTION_GODSLAYER', 'Preview', 'LOC_PROMOTION_GODSLAYER_DESCRIPTION'),
('MODIFIER_PROMOTION_GOLDEN_HAMMER', 'Preview', 'LOC_PROMOTION_GOLDEN_HAMMER_DESCRIPTION'),
('MODIFIER_PROMOTION_GREAT_COMMANDER', 'Preview', 'LOC_PROMOTION_GREAT_COMMANDER_DESCRIPTION'),
('MODIFIER_PROMOTION_GUERILLA1', 'Preview', 'LOC_PROMOTION_GUERILLA1_DESCRIPTION'),
('MODIFIER_PROMOTION_GUERILLA2', 'Preview', 'LOC_PROMOTION_GUERILLA2_DESCRIPTION'),
('MODIFIER_PROMOTION_HEAVY', 'Preview', 'LOC_PROMOTION_HEAVY_DESCRIPTION'),
('MODIFIER_PROMOTION_HEROIC_DEFENSE', 'Preview', 'LOC_PROMOTION_HEROIC_DEFENSE_DESCRIPTION'),
('MODIFIER_PROMOTION_HEROIC_DEFENSE2', 'Preview', 'LOC_PROMOTION_HEROIC_DEFENSE2_DESCRIPTION'),
('MODIFIER_PROMOTION_HEROIC_STRENGTH', 'Preview', 'LOC_PROMOTION_HEROIC_STRENGTH_DESCRIPTION'),
('MODIFIER_PROMOTION_HEROIC_STRENGTH2', 'Preview', 'LOC_PROMOTION_HEROIC_STRENGTH2_DESCRIPTION'),
('MODIFIER_PROMOTION_IRON_WEAPONS', 'Preview', 'LOC_PROMOTION_IRON_WEAPONS_DESCRIPTION'),
('MODIFIER_PROMOTION_LIGHT', 'Preview', 'LOC_PROMOTION_LIGHT_DESCRIPTION'),
('MODIFIER_LIZARDMAN_ABILITY_TERRAINATTACKS_MARSH', 'Preview', 'LOC_LIZARDMAN_ABILITY_TERRAINATTACKS_MARSH_PREVIEW'),
('MODIFIER_LIZARDMAN_ABILITY_TERRAINDEFENSES_MARSH', 'Preview', 'LOC_LIZARDMAN_ABILITY_TERRAINDEFENSES_MARSH_PREVIEW'),
('MODIFIER_PROMOTION_MITHRIL_WEAPONS', 'Preview', 'LOC_PROMOTION_MITHRIL_WEAPONS_DESCRIPTION'),
('MODIFIER_PROMOTION_MORALE', 'Preview', 'LOC_PROMOTION_MORALE_DESCRIPTION'),
('MODIFIER_NIGHTMARE_ABILITY_TERRAINATTACKS_BROKEN_LANDS', 'Preview', 'LOC_NIGHTMARE_ABILITY_TERRAINATTACKS_BROKEN_LANDS_PREVIEW'),
('MODIFIER_NIGHTMARE_ABILITY_TERRAINATTACKS_FIELDS_OF_PERDITION', 'Preview', 'LOC_NIGHTMARE_ABILITY_TERRAINATTACKS_FIELDS_OF_PERDITION_PREVIEW'),
('MODIFIER_NIGHTMARE_ABILITY_TERRAINATTACKS_BURNING_SANDS', 'Preview', 'LOC_NIGHTMARE_ABILITY_TERRAINATTACKS_BURNING_SANDS_PREVIEW'),
('MODIFIER_NIGHTMARE_ABILITY_TERRAINDEFENSES_BROKEN_LANDS', 'Preview', 'LOC_NIGHTMARE_ABILITY_TERRAINDEFENSES_BROKEN_LANDS_PREVIEW'),
('MODIFIER_NIGHTMARE_ABILITY_TERRAINDEFENSES_FIELDS_OF_PERDITION', 'Preview', 'LOC_NIGHTMARE_ABILITY_TERRAINDEFENSES_FIELDS_OF_PERDITION_PREVIEW'),
('MODIFIER_NIGHTMARE_ABILITY_TERRAINDEFENSES_BURNING_SANDS', 'Preview', 'LOC_NIGHTMARE_ABILITY_TERRAINDEFENSES_BURNING_SANDS_PREVIEW'),
('MODIFIER_PROMOTION_NIGHTMARE', 'Preview', 'LOC_PROMOTION_NIGHTMARE_DESCRIPTION'),
('MODIFIER_NOMAD_ABILITY_TERRAINATTACKS_DESERT', 'Preview', 'LOC_NOMAD_ABILITY_TERRAINATTACKS_DESERT_PREVIEW'),
('MODIFIER_NOMAD_ABILITY_TERRAINDEFENSES_DESERT', 'Preview', 'LOC_NOMAD_ABILITY_TERRAINDEFENSES_DESERT_PREVIEW'),
('MODIFIER_ORC_ABILITY_FEATUREATTACKS_FEATURE_JUNGLE', 'Preview', 'LOC_ORC_ABILITY_FEATUREATTACKS_FEATURE_JUNGLE_PREVIEW'),
('MODIFIER_PROMOTION_PLAGUED', 'Preview', 'LOC_PROMOTION_PLAGUED_DESCRIPTION'),
('MODIFIER_PROMOTION_POISONED', 'Preview', 'LOC_PROMOTION_POISONED_DESCRIPTION'),
('MODIFIER_PROMOTION_PUPPET', 'Preview', 'LOC_PROMOTION_PUPPET_DESCRIPTION'),
('MODIFIER_PROMOTION_RUSTED', 'Preview', 'LOC_PROMOTION_RUSTED_DESCRIPTION'),
('MODIFIER_PROMOTION_SCOURGE', 'Preview', 'LOC_PROMOTION_SCOURGE_DESCRIPTION'),
('MODIFIER_PROMOTION_SHIELD_OF_FAITH', 'Preview', 'LOC_PROMOTION_SHIELD_OF_FAITH_DESCRIPTION'),
('MODIFIER_PROMOTION_SHOCK', 'Preview', 'LOC_PROMOTION_SHOCK_DESCRIPTION'),
('MODIFIER_PROMOTION_SHOCK2', 'Preview', 'LOC_PROMOTION_SHOCK2_DESCRIPTION'),
('MODIFIER_PROMOTION_SINISTER', 'Preview', 'LOC_PROMOTION_SINISTER_DESCRIPTION'),
('MODIFIER_PROMOTION_SKELETON_CREW', 'Preview', 'LOC_PROMOTION_SKELETON_CREW_DESCRIPTION'),
('MODIFIER_PROMOTION_STONESKIN', 'Preview', 'LOC_PROMOTION_STONESKIN_DESCRIPTION'),
('MODIFIER_PROMOTION_STRONG', 'Preview', 'LOC_PROMOTION_STRONG_DESCRIPTION'),
('MODIFIER_PROMOTION_SUBDUE_ANIMAL', 'Preview', 'LOC_PROMOTION_SUBDUE_ANIMAL_DESCRIPTION'),
('MODIFIER_PROMOTION_SUBDUE_ANIMAL_SLAVE_TAKING_MODIFIER', 'Preview', 'LOC_PROMOTION_SUBDUE_ANIMAL_DESCRIPTION'),
('MODIFIER_PROMOTION_SUBDUE_BEASTS', 'Preview', 'LOC_PROMOTION_SUBDUE_BEASTS_DESCRIPTION'),
('MODIFIER_PROMOTION_SUBDUE_BEASTS_SLAVE_TAKING_MODIFIER', 'Preview', 'LOC_PROMOTION_SUBDUE_BEASTS_DESCRIPTION'),
('MODIFIER_PROMOTION_UNHOLY_TAINT', 'Preview', 'LOC_PROMOTION_UNHOLY_TAINT_DESCRIPTION'),
('MODIFIER_PROMOTION_VAMPIRE', 'Preview', 'LOC_PROMOTION_VAMPIRE_DESCRIPTION'),
('MODIFIER_PROMOTION_WARCRY', 'Preview', 'LOC_PROMOTION_WARCRY_DESCRIPTION'),
('MODIFIER_PROMOTION_WEAK', 'Preview', 'LOC_PROMOTION_WEAK_DESCRIPTION'),
('MODIFIER_WINTERBORN_ABILITY_TERRAINATTACKS_SNOW', 'Preview', 'LOC_WINTERBORN_ABILITY_TERRAINATTACKS_SNOW_PREVIEW'),
('MODIFIER_WINTERBORN_ABILITY_TERRAINATTACKS_TUNDRA', 'Preview', 'LOC_WINTERBORN_ABILITY_TERRAINATTACKS_TUNDRA_PREVIEW'),
('MODIFIER_WINTERBORN_ABILITY_TERRAINDEFENSES_SNOW', 'Preview', 'LOC_WINTERBORN_ABILITY_TERRAINDEFENSES_SNOW_PREVIEW'),
('MODIFIER_WINTERBORN_ABILITY_TERRAINDEFENSES_TUNDRA', 'Preview', 'LOC_WINTERBORN_ABILITY_TERRAINDEFENSES_TUNDRA_PREVIEW'),
('MODIFIER_PROMOTION_WITHERED', 'Preview', 'LOC_PROMOTION_WITHERED_DESCRIPTION'),
('MODIFIER_WOODSMAN1_ABILITY_FEATUREATTACKS_FEATURE_JUNGLE', 'Preview', 'LOC_WOODSMAN1_ABILITY_FEATUREATTACKS_FEATURE_JUNGLE_PREVIEW'),
('MODIFIER_WOODSMAN1_ABILITY_FEATUREATTACKS_FEATURE_FOREST', 'Preview', 'LOC_WOODSMAN1_ABILITY_FEATUREATTACKS_FEATURE_FOREST_PREVIEW'),
('MODIFIER_WOODSMAN1_ABILITY_FEATUREATTACKS_FEATURE_FOREST_ANCIENT', 'Preview', 'LOC_WOODSMAN1_ABILITY_FEATUREATTACKS_FEATURE_FOREST_ANCIENT_PREVIEW'),
('MODIFIER_WOODSMAN1_ABILITY_FEATUREDEFENSES_FEATURE_JUNGLE', 'Preview', 'LOC_WOODSMAN1_ABILITY_FEATUREDEFENSES_FEATURE_JUNGLE_PREVIEW'),
('MODIFIER_WOODSMAN1_ABILITY_FEATUREDEFENSES_FEATURE_FOREST', 'Preview', 'LOC_WOODSMAN1_ABILITY_FEATUREDEFENSES_FEATURE_FOREST_PREVIEW'),
('MODIFIER_WOODSMAN1_ABILITY_FEATUREDEFENSES_FEATURE_FOREST_ANCIENT', 'Preview', 'LOC_WOODSMAN1_ABILITY_FEATUREDEFENSES_FEATURE_FOREST_ANCIENT_PREVIEW'),
('MODIFIER_WOODSMAN2_ABILITY_FEATUREATTACKS_FEATURE_JUNGLE', 'Preview', 'LOC_WOODSMAN2_ABILITY_FEATUREATTACKS_FEATURE_JUNGLE_PREVIEW'),
('MODIFIER_WOODSMAN2_ABILITY_FEATUREATTACKS_FEATURE_FOREST', 'Preview', 'LOC_WOODSMAN2_ABILITY_FEATUREATTACKS_FEATURE_FOREST_PREVIEW'),
('MODIFIER_WOODSMAN2_ABILITY_FEATUREATTACKS_FEATURE_FOREST_ANCIENT', 'Preview', 'LOC_WOODSMAN2_ABILITY_FEATUREATTACKS_FEATURE_FOREST_ANCIENT_PREVIEW'),
('MODIFIER_WOODSMAN2_ABILITY_FEATUREDEFENSES_FEATURE_JUNGLE', 'Preview', 'LOC_WOODSMAN2_ABILITY_FEATUREDEFENSES_FEATURE_JUNGLE_PREVIEW'),
('MODIFIER_WOODSMAN2_ABILITY_FEATUREDEFENSES_FEATURE_FOREST', 'Preview', 'LOC_WOODSMAN2_ABILITY_FEATUREDEFENSES_FEATURE_FOREST_PREVIEW'),
('MODIFIER_WOODSMAN2_ABILITY_FEATUREDEFENSES_FEATURE_FOREST_ANCIENT', 'Preview', 'LOC_WOODSMAN2_ABILITY_FEATUREDEFENSES_FEATURE_FOREST_ANCIENT_PREVIEW');
INSERT INTO Tags(Tag, Vocabulary) VALUES
('SLTH_CLASS_SLTH_UNIT_ABASHI', 'ABILITY_CLASS'),
('SLTH_CLASS_SLTH_UNIT_ALAZKAN', 'ABILITY_CLASS'),
('SLTH_CLASS_SLTH_UNIT_ARTHENDAIN', 'ABILITY_CLASS'),
('SLTH_CLASS_SLTH_UNIT_AURIC_ASCENDED', 'ABILITY_CLASS'),
('SLTH_CLASS_SLTH_UNIT_BAMBUR', 'ABILITY_CLASS'),
('SLTH_CLASS_SLTH_UNIT_BARNAXUS', 'ABILITY_CLASS'),
('SLTH_CLASS_SLTH_UNIT_BASIUM', 'ABILITY_CLASS'),
('SLTH_CLASS_SLTH_UNIT_CHALID', 'ABILITY_CLASS'),
('SLTH_CLASS_SLTH_UNIT_CORLINDALE', 'ABILITY_CLASS'),
('SLTH_CLASS_SLTH_UNIT_DONAL', 'ABILITY_CLASS'),
('SLTH_CLASS_SLTH_UNIT_DRIFA', 'ABILITY_CLASS'),
('SLTH_CLASS_SLTH_UNIT_DUIN', 'ABILITY_CLASS'),
('SLTH_CLASS_SLTH_UNIT_EURABATRES', 'ABILITY_CLASS'),
('SLTH_CLASS_SLTH_UNIT_GIBBON', 'ABILITY_CLASS'),
('SLTH_CLASS_SLTH_UNIT_GILDEN', 'ABILITY_CLASS'),
('SLTH_CLASS_SLTH_UNIT_GOVANNON', 'ABILITY_CLASS'),
('SLTH_CLASS_SLTH_UNIT_GUYBRUSH', 'ABILITY_CLASS'),
('SLTH_CLASS_SLTH_UNIT_HEMAH', 'ABILITY_CLASS'),
('SLTH_CLASS_SLTH_UNIT_HERNE', 'ABILITY_CLASS'),
('SLTH_CLASS_SLTH_UNIT_HYBOREM', 'ABILITY_CLASS'),
('SLTH_CLASS_SLTH_UNIT_KITHRA', 'ABILITY_CLASS'),
('SLTH_CLASS_SLTH_UNIT_LOKI', 'ABILITY_CLASS'),
('SLTH_CLASS_SLTH_UNIT_LOSHA', 'ABILITY_CLASS'),
('SLTH_CLASS_SLTH_UNIT_LUCIAN', 'ABILITY_CLASS'),
('SLTH_CLASS_SLTH_UNIT_MAGNADINE', 'ABILITY_CLASS'),
('SLTH_CLASS_SLTH_UNIT_MARDERO', 'ABILITY_CLASS'),
('SLTH_CLASS_SLTH_UNIT_MAROS', 'ABILITY_CLASS'),
('SLTH_CLASS_SLTH_UNIT_MESHABBER', 'ABILITY_CLASS'),
('SLTH_CLASS_SLTH_UNIT_MITHRIL_GOLEM', 'ABILITY_CLASS'),
('SLTH_CLASS_SLTH_UNIT_RANTINE', 'ABILITY_CLASS'),
('SLTH_CLASS_SLTH_UNIT_RATHUS', 'ABILITY_CLASS'),
('SLTH_CLASS_SLTH_UNIT_ROSIER', 'ABILITY_CLASS'),
('SLTH_CLASS_SLTH_UNIT_SAVEROUS', 'ABILITY_CLASS'),
('SLTH_CLASS_SLTH_UNIT_SPHENER', 'ABILITY_CLASS'),
('SLTH_CLASS_SLTH_UNIT_TEUTORIX', 'ABILITY_CLASS'),
('SLTH_CLASS_SLTH_UNIT_VALIN', 'ABILITY_CLASS'),
('SLTH_CLASS_SLTH_UNIT_YVAIN', 'ABILITY_CLASS');
INSERT INTO TypeTags(Type, Tag) VALUES
('FROSTLING_ABILITY_TERRAINATTACKS', 'CLASS_ALL_UNITS'),
('FROSTLING_ABILITY_TERRAINDEFENSES', 'CLASS_ALL_UNITS'),
('PROMOTION_GUERILLA2_ABILITY_BHILLSDOUBLEMOVE', 'CLASS_ALL_UNITS'),
('LIZARDMAN_ABILITY_TERRAINATTACKS', 'CLASS_ALL_UNITS'),
('LIZARDMAN_ABILITY_TERRAINDEFENSES', 'CLASS_ALL_UNITS'),
('PROMOTION_LIZARDMAN_ABILITY_TERRAINDOUBLEMOVES', 'CLASS_ALL_UNITS'),
('NIGHTMARE_ABILITY_TERRAINATTACKS', 'CLASS_ALL_UNITS'),
('NIGHTMARE_ABILITY_TERRAINDEFENSES', 'CLASS_ALL_UNITS'),
('NOMAD_ABILITY_TERRAINATTACKS', 'CLASS_ALL_UNITS'),
('NOMAD_ABILITY_TERRAINDEFENSES', 'CLASS_ALL_UNITS'),
('PROMOTION_NOMAD_ABILITY_TERRAINDOUBLEMOVES', 'CLASS_ALL_UNITS'),
('ORC_ABILITY_FEATUREATTACKS', 'CLASS_ALL_UNITS'),
('WINTERBORN_ABILITY_TERRAINATTACKS', 'CLASS_ALL_UNITS'),
('WINTERBORN_ABILITY_TERRAINDEFENSES', 'CLASS_ALL_UNITS'),
('WOODSMAN1_ABILITY_FEATUREATTACKS', 'CLASS_ALL_UNITS'),
('WOODSMAN1_ABILITY_FEATUREDEFENSES', 'CLASS_ALL_UNITS'),
('WOODSMAN2_ABILITY_FEATUREATTACKS', 'CLASS_ALL_UNITS'),
('WOODSMAN2_ABILITY_FEATUREDEFENSES', 'CLASS_ALL_UNITS'),
('PROMOTION_WOODSMAN2_ABILITY_FEATUREDOUBLEMOVES', 'CLASS_ALL_UNITS'),
('BAN_ABILITY_SLTH_UNIT_ABASHI', 'SLTH_CLASS_SLTH_UNIT_ABASHI'),
('SLTH_UNIT_ABASHI', 'SLTH_CLASS_SLTH_UNIT_ABASHI'),
('BAN_ABILITY_SLTH_UNIT_ALAZKAN', 'SLTH_CLASS_SLTH_UNIT_ALAZKAN'),
('SLTH_UNIT_ALAZKAN', 'SLTH_CLASS_SLTH_UNIT_ALAZKAN'),
('BAN_ABILITY_SLTH_UNIT_ARTHENDAIN', 'SLTH_CLASS_SLTH_UNIT_ARTHENDAIN'),
('SLTH_UNIT_ARTHENDAIN', 'SLTH_CLASS_SLTH_UNIT_ARTHENDAIN'),
('BAN_ABILITY_SLTH_UNIT_AURIC_ASCENDED', 'SLTH_CLASS_SLTH_UNIT_AURIC_ASCENDED'),
('SLTH_UNIT_AURIC_ASCENDED', 'SLTH_CLASS_SLTH_UNIT_AURIC_ASCENDED'),
('BAN_ABILITY_SLTH_UNIT_BAMBUR', 'SLTH_CLASS_SLTH_UNIT_BAMBUR'),
('SLTH_UNIT_BAMBUR', 'SLTH_CLASS_SLTH_UNIT_BAMBUR'),
('BAN_ABILITY_SLTH_UNIT_BARNAXUS', 'SLTH_CLASS_SLTH_UNIT_BARNAXUS'),
('SLTH_UNIT_BARNAXUS', 'SLTH_CLASS_SLTH_UNIT_BARNAXUS'),
('BAN_ABILITY_SLTH_UNIT_BASIUM', 'SLTH_CLASS_SLTH_UNIT_BASIUM'),
('SLTH_UNIT_BASIUM', 'SLTH_CLASS_SLTH_UNIT_BASIUM'),
('BAN_ABILITY_SLTH_UNIT_CHALID', 'SLTH_CLASS_SLTH_UNIT_CHALID'),
('SLTH_UNIT_CHALID', 'SLTH_CLASS_SLTH_UNIT_CHALID'),
('BAN_ABILITY_SLTH_UNIT_CORLINDALE', 'SLTH_CLASS_SLTH_UNIT_CORLINDALE'),
('SLTH_UNIT_CORLINDALE', 'SLTH_CLASS_SLTH_UNIT_CORLINDALE'),
('BAN_ABILITY_SLTH_UNIT_DONAL', 'SLTH_CLASS_SLTH_UNIT_DONAL'),
('SLTH_UNIT_DONAL', 'SLTH_CLASS_SLTH_UNIT_DONAL'),
('BAN_ABILITY_SLTH_UNIT_DRIFA', 'SLTH_CLASS_SLTH_UNIT_DRIFA'),
('SLTH_UNIT_DRIFA', 'SLTH_CLASS_SLTH_UNIT_DRIFA'),
('BAN_ABILITY_SLTH_UNIT_DUIN', 'SLTH_CLASS_SLTH_UNIT_DUIN'),
('SLTH_UNIT_DUIN', 'SLTH_CLASS_SLTH_UNIT_DUIN'),
('BAN_ABILITY_SLTH_UNIT_EURABATRES', 'SLTH_CLASS_SLTH_UNIT_EURABATRES'),
('SLTH_UNIT_EURABATRES', 'SLTH_CLASS_SLTH_UNIT_EURABATRES'),
('BAN_ABILITY_SLTH_UNIT_GIBBON', 'SLTH_CLASS_SLTH_UNIT_GIBBON'),
('SLTH_UNIT_GIBBON', 'SLTH_CLASS_SLTH_UNIT_GIBBON'),
('BAN_ABILITY_SLTH_UNIT_GILDEN', 'SLTH_CLASS_SLTH_UNIT_GILDEN'),
('SLTH_UNIT_GILDEN', 'SLTH_CLASS_SLTH_UNIT_GILDEN'),
('BAN_ABILITY_SLTH_UNIT_GOVANNON', 'SLTH_CLASS_SLTH_UNIT_GOVANNON'),
('SLTH_UNIT_GOVANNON', 'SLTH_CLASS_SLTH_UNIT_GOVANNON'),
('BAN_ABILITY_SLTH_UNIT_GUYBRUSH', 'SLTH_CLASS_SLTH_UNIT_GUYBRUSH'),
('SLTH_UNIT_GUYBRUSH', 'SLTH_CLASS_SLTH_UNIT_GUYBRUSH'),
('BAN_ABILITY_SLTH_UNIT_HEMAH', 'SLTH_CLASS_SLTH_UNIT_HEMAH'),
('SLTH_UNIT_HEMAH', 'SLTH_CLASS_SLTH_UNIT_HEMAH'),
('BAN_ABILITY_SLTH_UNIT_HERNE', 'SLTH_CLASS_SLTH_UNIT_HERNE'),
('SLTH_UNIT_HERNE', 'SLTH_CLASS_SLTH_UNIT_HERNE'),
('BAN_ABILITY_SLTH_UNIT_HYBOREM', 'SLTH_CLASS_SLTH_UNIT_HYBOREM'),
('SLTH_UNIT_HYBOREM', 'SLTH_CLASS_SLTH_UNIT_HYBOREM'),
('BAN_ABILITY_SLTH_UNIT_KITHRA', 'SLTH_CLASS_SLTH_UNIT_KITHRA'),
('SLTH_UNIT_KITHRA', 'SLTH_CLASS_SLTH_UNIT_KITHRA'),
('BAN_ABILITY_SLTH_UNIT_LOKI', 'SLTH_CLASS_SLTH_UNIT_LOKI'),
('SLTH_UNIT_LOKI', 'SLTH_CLASS_SLTH_UNIT_LOKI'),
('BAN_ABILITY_SLTH_UNIT_LOSHA', 'SLTH_CLASS_SLTH_UNIT_LOSHA'),
('SLTH_UNIT_LOSHA', 'SLTH_CLASS_SLTH_UNIT_LOSHA'),
('BAN_ABILITY_SLTH_UNIT_LUCIAN', 'SLTH_CLASS_SLTH_UNIT_LUCIAN'),
('SLTH_UNIT_LUCIAN', 'SLTH_CLASS_SLTH_UNIT_LUCIAN'),
('BAN_ABILITY_SLTH_UNIT_MAGNADINE', 'SLTH_CLASS_SLTH_UNIT_MAGNADINE'),
('SLTH_UNIT_MAGNADINE', 'SLTH_CLASS_SLTH_UNIT_MAGNADINE'),
('BAN_ABILITY_SLTH_UNIT_MARDERO', 'SLTH_CLASS_SLTH_UNIT_MARDERO'),
('SLTH_UNIT_MARDERO', 'SLTH_CLASS_SLTH_UNIT_MARDERO'),
('BAN_ABILITY_SLTH_UNIT_MAROS', 'SLTH_CLASS_SLTH_UNIT_MAROS'),
('SLTH_UNIT_MAROS', 'SLTH_CLASS_SLTH_UNIT_MAROS'),
('BAN_ABILITY_SLTH_UNIT_MESHABBER', 'SLTH_CLASS_SLTH_UNIT_MESHABBER'),
('SLTH_UNIT_MESHABBER', 'SLTH_CLASS_SLTH_UNIT_MESHABBER'),
('BAN_ABILITY_SLTH_UNIT_MITHRIL_GOLEM', 'SLTH_CLASS_SLTH_UNIT_MITHRIL_GOLEM'),
('SLTH_UNIT_MITHRIL_GOLEM', 'SLTH_CLASS_SLTH_UNIT_MITHRIL_GOLEM'),
('BAN_ABILITY_SLTH_UNIT_RANTINE', 'SLTH_CLASS_SLTH_UNIT_RANTINE'),
('SLTH_UNIT_RANTINE', 'SLTH_CLASS_SLTH_UNIT_RANTINE'),
('BAN_ABILITY_SLTH_UNIT_RATHUS', 'SLTH_CLASS_SLTH_UNIT_RATHUS'),
('SLTH_UNIT_RATHUS', 'SLTH_CLASS_SLTH_UNIT_RATHUS'),
('BAN_ABILITY_SLTH_UNIT_ROSIER', 'SLTH_CLASS_SLTH_UNIT_ROSIER'),
('SLTH_UNIT_ROSIER', 'SLTH_CLASS_SLTH_UNIT_ROSIER'),
('BAN_ABILITY_SLTH_UNIT_SAVEROUS', 'SLTH_CLASS_SLTH_UNIT_SAVEROUS'),
('SLTH_UNIT_SAVEROUS', 'SLTH_CLASS_SLTH_UNIT_SAVEROUS'),
('BAN_ABILITY_SLTH_UNIT_SPHENER', 'SLTH_CLASS_SLTH_UNIT_SPHENER'),
('SLTH_UNIT_SPHENER', 'SLTH_CLASS_SLTH_UNIT_SPHENER'),
('BAN_ABILITY_SLTH_UNIT_TEUTORIX', 'SLTH_CLASS_SLTH_UNIT_TEUTORIX'),
('SLTH_UNIT_TEUTORIX', 'SLTH_CLASS_SLTH_UNIT_TEUTORIX'),
('BAN_ABILITY_SLTH_UNIT_VALIN', 'SLTH_CLASS_SLTH_UNIT_VALIN'),
('SLTH_UNIT_VALIN', 'SLTH_CLASS_SLTH_UNIT_VALIN'),
('BAN_ABILITY_SLTH_UNIT_YVAIN', 'SLTH_CLASS_SLTH_UNIT_YVAIN'),
('SLTH_UNIT_YVAIN', 'SLTH_CLASS_SLTH_UNIT_YVAIN');
INSERT INTO Types(Type, Kind) VALUES
('CIVILIZATION_LJOSALFAR_ABILITY_SLTH_TRAIT_DEXTEROUS', 'KIND_ABILITY'),
('CIVILIZATION_HIPPUS_ABILITY_SLTH_TRAIT_HORSELORD', 'KIND_ABILITY'),
('CIVILIZATION_SVARTALFAR_ABILITY_SLTH_TRAIT_SINISTER', 'KIND_ABILITY'),
('DARK_ELF_ABILITY_FEATUREATTACKS', 'KIND_ABILITY'),
('PROMOTION_DARK_ELF_ABILITY_FEATUREDOUBLEMOVES', 'KIND_ABILITY'),
('DEMON_ABILITY_TERRAINATTACKS', 'KIND_ABILITY'),
('DEMON_ABILITY_TERRAINDEFENSES', 'KIND_ABILITY'),
('PROMOTION_DWARF_ABILITY_BHILLSDOUBLEMOVE', 'KIND_ABILITY'),
('ELF_ABILITY_FEATUREATTACKS', 'KIND_ABILITY'),
('PROMOTION_ELF_ABILITY_FEATUREDOUBLEMOVES', 'KIND_ABILITY'),
('FROSTLING_ABILITY_TERRAINATTACKS', 'KIND_ABILITY'),
('FROSTLING_ABILITY_TERRAINDEFENSES', 'KIND_ABILITY'),
('PROMOTION_GUERILLA2_ABILITY_BHILLSDOUBLEMOVE', 'KIND_ABILITY'),
('LIZARDMAN_ABILITY_TERRAINATTACKS', 'KIND_ABILITY'),
('LIZARDMAN_ABILITY_TERRAINDEFENSES', 'KIND_ABILITY'),
('PROMOTION_LIZARDMAN_ABILITY_TERRAINDOUBLEMOVES', 'KIND_ABILITY'),
('NIGHTMARE_ABILITY_TERRAINATTACKS', 'KIND_ABILITY'),
('NIGHTMARE_ABILITY_TERRAINDEFENSES', 'KIND_ABILITY'),
('NOMAD_ABILITY_TERRAINATTACKS', 'KIND_ABILITY'),
('NOMAD_ABILITY_TERRAINDEFENSES', 'KIND_ABILITY'),
('PROMOTION_NOMAD_ABILITY_TERRAINDOUBLEMOVES', 'KIND_ABILITY'),
('ORC_ABILITY_FEATUREATTACKS', 'KIND_ABILITY'),
('WINTERBORN_ABILITY_TERRAINATTACKS', 'KIND_ABILITY'),
('WINTERBORN_ABILITY_TERRAINDEFENSES', 'KIND_ABILITY'),
('WOODSMAN1_ABILITY_FEATUREATTACKS', 'KIND_ABILITY'),
('WOODSMAN1_ABILITY_FEATUREDEFENSES', 'KIND_ABILITY'),
('WOODSMAN2_ABILITY_FEATUREATTACKS', 'KIND_ABILITY'),
('WOODSMAN2_ABILITY_FEATUREDEFENSES', 'KIND_ABILITY'),
('PROMOTION_WOODSMAN2_ABILITY_FEATUREDOUBLEMOVES', 'KIND_ABILITY'),
('BAN_ABILITY_SLTH_UNIT_ABASHI', 'KIND_ABILITY'),
('BAN_ABILITY_SLTH_UNIT_ALAZKAN', 'KIND_ABILITY'),
('BAN_ABILITY_SLTH_UNIT_ARTHENDAIN', 'KIND_ABILITY'),
('BAN_ABILITY_SLTH_UNIT_AURIC_ASCENDED', 'KIND_ABILITY'),
('BAN_ABILITY_SLTH_UNIT_BAMBUR', 'KIND_ABILITY'),
('BAN_ABILITY_SLTH_UNIT_BARNAXUS', 'KIND_ABILITY'),
('BAN_ABILITY_SLTH_UNIT_BASIUM', 'KIND_ABILITY'),
('BAN_ABILITY_SLTH_UNIT_CHALID', 'KIND_ABILITY'),
('BAN_ABILITY_SLTH_UNIT_CORLINDALE', 'KIND_ABILITY'),
('BAN_ABILITY_SLTH_UNIT_DONAL', 'KIND_ABILITY'),
('BAN_ABILITY_SLTH_UNIT_DRIFA', 'KIND_ABILITY'),
('BAN_ABILITY_SLTH_UNIT_DUIN', 'KIND_ABILITY'),
('BAN_ABILITY_SLTH_UNIT_EURABATRES', 'KIND_ABILITY'),
('BAN_ABILITY_SLTH_UNIT_GIBBON', 'KIND_ABILITY'),
('BAN_ABILITY_SLTH_UNIT_GILDEN', 'KIND_ABILITY'),
('BAN_ABILITY_SLTH_UNIT_GOVANNON', 'KIND_ABILITY'),
('BAN_ABILITY_SLTH_UNIT_GUYBRUSH', 'KIND_ABILITY'),
('BAN_ABILITY_SLTH_UNIT_HEMAH', 'KIND_ABILITY'),
('BAN_ABILITY_SLTH_UNIT_HERNE', 'KIND_ABILITY'),
('BAN_ABILITY_SLTH_UNIT_HYBOREM', 'KIND_ABILITY'),
('BAN_ABILITY_SLTH_UNIT_KITHRA', 'KIND_ABILITY'),
('BAN_ABILITY_SLTH_UNIT_LOKI', 'KIND_ABILITY'),
('BAN_ABILITY_SLTH_UNIT_LOSHA', 'KIND_ABILITY'),
('BAN_ABILITY_SLTH_UNIT_LUCIAN', 'KIND_ABILITY'),
('BAN_ABILITY_SLTH_UNIT_MAGNADINE', 'KIND_ABILITY'),
('BAN_ABILITY_SLTH_UNIT_MARDERO', 'KIND_ABILITY'),
('BAN_ABILITY_SLTH_UNIT_MAROS', 'KIND_ABILITY'),
('BAN_ABILITY_SLTH_UNIT_MESHABBER', 'KIND_ABILITY'),
('BAN_ABILITY_SLTH_UNIT_MITHRIL_GOLEM', 'KIND_ABILITY'),
('BAN_ABILITY_SLTH_UNIT_RANTINE', 'KIND_ABILITY'),
('BAN_ABILITY_SLTH_UNIT_RATHUS', 'KIND_ABILITY'),
('BAN_ABILITY_SLTH_UNIT_ROSIER', 'KIND_ABILITY'),
('BAN_ABILITY_SLTH_UNIT_SAVEROUS', 'KIND_ABILITY'),
('BAN_ABILITY_SLTH_UNIT_SPHENER', 'KIND_ABILITY'),
('BAN_ABILITY_SLTH_UNIT_TEUTORIX', 'KIND_ABILITY'),
('BAN_ABILITY_SLTH_UNIT_VALIN', 'KIND_ABILITY'),
('BAN_ABILITY_SLTH_UNIT_YVAIN', 'KIND_ABILITY');
