INSERT INTO UnitAbilities(UnitAbilityType, Name, Description, Inactive, Permanent) VALUES
('WOODSMAN1_ABILITY', 'LOC_SLTH_WOODSMAN1_ABILITY_FEATUREATTACKS_NAME', 'LOC_WOODSMAN1_ABILITY_FEATUREATTACKS_DESCRIPTION', '1', '1'),
('WOODSMAN2_ABILITY', 'LOC_SLTH_WOODSMAN2_ABILITY_FEATUREDEFENSES_NAME', 'LOC_WOODSMAN2_ABILITY_FEATUREDEFENSES_DESCRIPTION', '1', '1'),
('ABILITY_AERONS_CHOSEN', 'LOC_ABILITY_AERONS_CHOSEN_NAME', 'LOC_ABILITY_AERONS_CHOSEN_DESCRIPTION', '1', '1'),
('ABILITY_BLESSED', 'LOC_ABILITY_BLESSED_NAME', 'LOC_ABILITY_BLESSED_DESCRIPTION', '1', '1'),
('ABILITY_FLAMING_ARROWS', 'LOC_ABILITY_FLAMING_ARROWS_NAME', 'LOC_ABILITY_FLAMING_ARROWS_DESCRIPTION', '1', '1'),
('ABILITY_POISONED_BLADE', 'LOC_ABILITY_POISONED_BLADE_NAME', 'LOC_ABILITY_POISONED_BLADE_DESCRIPTION', '1', '1'),
('ABILITY_SHEUT_STONE', 'LOC_ABILITY_SHEUT_STONE_NAME', 'LOC_ABILITY_SHEUT_STONE_DESCRIPTION', '1', '1'),
('ABILITY_CHANNELING1', 'LOC_ABILITY_CHANNELING1_NAME', 'LOC_ABILITY_CHANNELING1_DESCRIPTION', '0', '1'),
('ABILITY_CHANNELING2', 'LOC_ABILITY_CHANNELING2_NAME', 'LOC_ABILITY_CHANNELING2_DESCRIPTION', '0', '1'),
('ABILITY_CHANNELING3', 'LOC_ABILITY_CHANNELING3_NAME', 'LOC_ABILITY_CHANNELING3_DESCRIPTION', '0', '1'),
('ABILITY_DIVINE', 'LOC_ABILITY_DIVINE_NAME', 'LOC_ABILITY_DIVINE', '0', '1'),
('ABILITY_UNHOLY_TAINT', 'LOC_ABILITY_UNHOLY_TAINT_NAME', 'LOC_ABILITY_UNHOLY_TAINT_DESCRIPTION', '1', '1'),
('DISEASED', 'LOC_DISEASED_NAME', 'LOC_DISEASED_DESCRIPTION','1', '1'),
('PLAGUED', 'LOC_PLAGUED_NAME', 'LOC_PLAGUED_DESCRIPTION','1', '1'),
('WITHERED', 'LOC_WITHERED_NAME', 'LOC_WITHERED_DESCRIPTION','1', '1'),
('POISONED', 'LOC_POISONED_NAME', 'LOC_POISONED_DESCRIPTION','1', '1'),
('WITHERED_TOUCH', 'LOC_WITHERED_TOUCH_NAME', 'LOC_WITHERED_TOUCH_DESCRIPTION','0', '1'),
('PLAGUE_CARRIER', 'LOC_PLAGUE_CARRIER_NAME', 'LOC_PLAGUE_CARRIER_DESCRIPTION','0', '1'),
('DISEASED_INHERENT', 'LOC_DISEASED_NAME', 'LOC_DISEASED_DESCRIPTION','0', '1'),
('ABILITY_ILLUSION',  'LOC_ILLUSION_NAME', 'LOC_ILLUSION_DESCRIPTION','0', '1'),
('ABILITY_FLYING',  'LOC_FLYING_NAME', 'LOC_FLYING_DESCRIPTION','0', '1'),
-- ('ABILITY_$',  'LOC_$_NAME', 'LOC_$_DESCRIPTION','0', '1'),
('ABILITY_SKELETON_CREW',  'LOC_SKELETON_CREW_NAME', 'LOC_SKELETON_CREW_DESCRIPTION','1', '1'),
('ABILITY_BUCCANEERS',  'LOC_BUCCANEERS_NAME', 'LOC_BUCCANEERS_DESCRIPTION','1', '1'),
('ABILITY_LONGSHOREMEN',  'LOC_LONGSHOREMEN_NAME', 'LOC_LONGSHOREMEN_DESCRIPTION','1', '1'),
('ABILITY_STRONG',  'LOC_STRONG_NAME', 'LOC_STRONG_DESCRIPTION','1', '1'),
('ABILITY_WEAK',  'LOC_WEAK_NAME', 'LOC_WEAK_DESCRIPTION','1', '1'),
('ABILITY_HEAVY',  'LOC_HEAVY_NAME', 'LOC_HEAVY_DESCRIPTION','1', '1'),
('ABILITY_LIGHT',  'LOC_LIGHT_NAME', 'LOC_LIGHT_DESCRIPTION','1', '1'),
('ABILITY_BRONZE_WEAPONS',  'LOC_BRONZE_WEAPONS_NAME', 'LOC_BRONZE_WEAPONS_DESCRIPTION','1', '1'),
('ABILITY_IRON_WEAPONS',  'LOC_IRON_WEAPONS_NAME', 'LOC_IRON_WEAPONS_DESCRIPTION','1', '1'),
('ABILITY_MITHRIL_WEAPONS',  'LOC_MITHRIL_WEAPONS_NAME', 'LOC_MITHRIL_WEAPONS_DESCRIPTION','1', '1'),
--('ABILITY_$',  'LOC_$_NAME', 'LOC_$_DESCRIPTION','1', '1'),
('BUFF_STONESKIN',  'LOC_STONESKIN_NAME', 'LOC_STONESKIN_DESCRIPTION', '1', '1'),
('BUFF_WARCRY',  'LOC_WARCRY_NAME', 'LOC_WARCRY_DESCRIPTION','1', '1'),
('BUFF_RUSTED',  'LOC_RUSTED_NAME', 'LOC_RUSTED_DESCRIPTION','1', '1'),
('BUFF_SHIELD_OF_FAITH',  'LOC_SHIELD_OF_FAITH_NAME', 'LOC_SHIELD_OF_FAITH_DESCRIPTION','1', '1'),
('BUFF_REGENERATION',  'LOC_REGENERATION_NAME', 'LOC_REGENERATION_DESCRIPTION','1', '1'),
('BUFF_WATERWALKING',  'LOC_WATERWALKING_NAME', 'LOC_WATERWALKING_DESCRIPTION','1', '1'),
('BUFF_MORALE',  'LOC_MORALE_NAME', 'LOC_MORALE_DESCRIPTION','1', '1'),
('BUFF_FAIR_WINDS',  'LOC_FAIR_WINDS_NAME', 'LOC_FAIR_WINDS_DESCRIPTION','1', '1'),
('BUFF_ENCHANTED_BLADE',  'LOC_ENCHANTED_BLADE_NAME', 'LOC_ENCHANTED_BLADE_DESCRIPTION','1', '1'),
('BUFF_HASTE',  'LOC_HASTE_NAME', 'LOC_HASTE_DESCRIPTION','1', '1'),
('BUFF_DANCE_OF_BLADES',  'LOC_DANCE_OF_BLADES_NAME', 'LOC_DANCE_OF_BLADES_DESCRIPTION','1', '1'),
('BUFF_LOYALTY',  'LOC_LOYALTY_NAME', 'LOC_LOYALTY_DESCRIPTION','1', '1'),
('BUFF_VALOR',  'LOC_VALOR_NAME', 'LOC_VALOR_DESCRIPTION','1', '1'),
('BUFF_TREETOP_DEFENSE',  'LOC_BUFF_TREETOP_DEFENSE_NAME', 'LOC_BUFF_TREETOP_DEFENSE_DESCRIPTION','1', '1'),
('BUFF_BLUR',  'LOC_BUFF_BLUR_NAME', 'LOC_BUFF_BLUR_DESCRIPTION','1', '1'),
('BUFF_SHADOWWALK',  'LOC_BUFF_SHADOWWALK_NAME', 'LOC_BUFF_SHADOWWALK_DESCRIPTION','1', '1'),
('BUFF_COURAGE',  'LOC_BUFF_COURAGE_NAME', 'LOC_BUFF_COURAGE_DESCRIPTION','1', '1'),
('BUFF_MUTATION',  'LOC_BUFF_MUTATIONNAME', 'LOC_BUFF_MUTATION_DESCRIPTION','1', '1'),
('BUFF_SLOW',  'LOC_BUFF_SLOW_NAME', 'LOC_BUFF_SLOW_DESCRIPTION','1', '1'),
('BUFF_CHARMED',  'LOC_BUFF_CHARMED_NAME', 'LOC_BUFF_CHARMED_DESCRIPTION','1', '1'),
('BUFF_BLINDED',  'LOC_BUFF_BLINDED_NAME', 'LOC_BUFF_BLINDED_DESCRIPTION','1', '1');

-- ('BUFF_$',  'LOC_$_NAME', 'LOC_$_DESCRIPTION','1', '1'),
-- MODIFIER_MULAN_FORTIFY
INSERT INTO UnitAbilityModifiers(UnitAbilityType, ModifierId) VALUES
('WOODSMAN1_ABILITY', 'MODIFIER_WOODSMAN2_ABILITY_FOREST_STRENGTH'),
('WOODSMAN2_ABILITY', 'MODIFIER_WOODSMAN2_ABILITY_FOREST_STRENGTH'),
('WOODSMAN2_ABILITY', 'MODIFIER_WOODSMAN2_ABILITY_FOREST_SPEED'),
('ABILITY_AERONS_CHOSEN', 'AERONS_CHOSEN_HEAL_ON_COMBAT'),
('ABILITY_AERONS_CHOSEN', 'MODIFIER_UNHOLY_DAMAGE_UNHOLY_TAINT_CHECKER_2'),
('ABILITY_AERONS_CHOSEN', 'MODIFIER_UNHOLY_DAMAGE_RACIAL_CHECKER_2'),
('ABILITY_AERONS_CHOSEN', 'MODIFIER_UNHOLY_DAMAGE_STONESKIN_CHECKER_2'),
('ABILITY_AERONS_CHOSEN', 'MODIFIER_UNHOLY_DAMAGE_SUNDERED_CHECKER_2'),
-- ('ABILITY_BLESSED', '20%DEMON'),
('ABILITY_BLESSED', 'MODIFIER_HOLY_DAMAGE_1'),
('ABILITY_BLESSED', 'MODIFIER_HOLY_DAMAGE_STONESKIN_CHECKER_1'),
('ABILITY_BLESSED', 'MODIFIER_HOLY_DAMAGE_IS_DEMON_MORE_1'),
-- ('ABILITY_BLESSED', 'MODIFIER_HOLY_DAMAGE_HAS_SHEUT_MORE_1'),
('ABILITY_BLESSED', 'MODIFIER_HOLY_DAMAGE_IS_UNDEAD_MORE_1'),
('ABILITY_FLAMING_ARROWS', 'MODIFIER_FIRE_DAMAGE_MR_CHECKER_1'),
('ABILITY_FLAMING_ARROWS', 'MODIFIER_FIRE_DAMAGE_RACIAL_CHECKER_1'),
('ABILITY_FLAMING_ARROWS', 'MODIFIER_FIRE_DAMAGE_STONESKIN_CHECKER_1'),
('ABILITY_FLAMING_ARROWS', 'MODIFIER_FIRE_DAMAGE_SPECIFIC_RESIST_CHECKER_1'),
--( 'ABILITY_FLAMING_ARROWS', 'MODIFIER_FIRE_DAMAGE_IS_WINTERBORN_CHECKER_MORE_1'),
('ABILITY_FLAMING_ARROWS', 'MODIFIER_FIRE_DAMAGE_IS_FROSTLING_CHECKER_MORE_1'),
-- ( 'ABILITY_FLAMING_ARROWS', 'MODIFIER_FIRE_DAMAGE_VULNERABLE_TO_FIRE_CHECKER_MORE_1'),
('ABILITY_POISONED_BLADE', 'MODIFIER_POISON_DAMAGE_MR_CHECKER_1'),
('ABILITY_POISONED_BLADE', 'MODIFIER_POISON_DAMAGE_RACIAL_CHECKER_1'),
('ABILITY_POISONED_BLADE', 'MODIFIER_POISON_DAMAGE_STONESKIN_CHECKER_1'),
('ABILITY_POISONED_BLADE', 'MODIFIER_POISON_DAMAGE_SPECIFIC_RESIST_CHECKER_1'),
('ABILITY_SHEUT_STONE', 'MODIFIER_DEATH_DAMAGE_MR_CHECKER_1'),
('ABILITY_SHEUT_STONE', 'MODIFIER_DEATH_DAMAGE_RACIAL_CHECKER_1'),
('ABILITY_SHEUT_STONE', 'MODIFIER_DEATH_DAMAGE_STONESKIN_CHECKER_1'),
('ABILITY_SHEUT_STONE', 'MODIFIER_DEATH_DAMAGE_SHEUT_CHECKER_1'),
('ABILITY_SHEUT_STONE', 'MODIFIER_DEATH_DAMAGE_MAGIC_IMMUNE_PROMO_CHECKER_1'),
('ABILITY_UNHOLY_TAINT', 'MODIFIER_UNHOLY_DAMAGE_UNHOLY_TAINT_CHECKER_1'),
('ABILITY_UNHOLY_TAINT', 'MODIFIER_UNHOLY_DAMAGE_RACIAL_CHECKER_1'),
('ABILITY_UNHOLY_TAINT', 'MODIFIER_UNHOLY_DAMAGE_STONESKIN_CHECKER_1'),
('ABILITY_UNHOLY_TAINT', 'MODIFIER_UNHOLY_DAMAGE_SUNDERED_CHECKER_1'),
('ABILITY_UNHOLY_TAINT', 'MODIFIER_ABILITY_UNHOLY_TAINT'),
('DISEASED', 'MODIFIER_REDUCED_HEALING_DISEASED'),
('DISEASED', 'DISEASED_COMBAT_WEAKNESS'),
('PLAGUED', 'PLAGUED_REDUCED_HEALING'),
('POISONED', 'POISONED_REDUCED_HEALING'),
('WITHERED', 'WITHERED_REDUCED_HEALING'),
('ABILITY_ILLUSION', 'ILLUSION_HEAL_ON_RETREAT'),
('ABILITY_LIGHT', 'MODIFIER_STRENGTH_LOSS_LIGHT'),
('ABILITY_LIGHT', 'REDEPLOY_BONUS_MOVEMENT'),
('ABILITY_HEAVY', 'MODIFIER_ABILITY_HEAVY_COMBAT_STRENGTH'),
('ABILITY_HEAVY', 'SLOW_REDUCED_MOVEMENT'),
('ABILITY_BUCCANEERS', 'SLOW_REDUCED_MOVEMENT'),
('ABILITY_WEAK', 'MODIFIER_MINOR_WEAK_STRENGTH_LOSS'),
('ABILITY_FLYING', 'GDR_FIGHT_WHILE_EMBARKED'),
('ABILITY_FLYING', 'AMPHIBIOUS_BONUS_IGNORE_SHORES'),
('ABILITY_FLYING', 'MODIFIER_VALID_TERRAIN_GRASS_MOUNTAIN'),
('ABILITY_FLYING', 'MODIFIER_VALID_TERRAIN_PLAINS_MOUNTAIN'),
('ABILITY_FLYING', 'MODIFIER_VALID_TERRAIN_DESERT_MOUNTAIN'),
('ABILITY_FLYING', 'MODIFIER_VALID_TERRAIN_TUNDRA_MOUNTAIN'),
('ABILITY_FLYING', 'MODIFIER_VALID_TERRAIN_SNOW_MOUNTAIN'),
('ABILITY_FLYING', 'MODIFIER_VALID_TERRAIN_COAST'),
('BUFF_STONESKIN', 'STONESKIN_DEFENSE'),
('BUFF_WARCRY', 'REDEPLOY_BONUS_MOVEMENT'),
('BUFF_WARCRY', 'MODIFIER_WARCRY_MINOR_COMBAT'),
('BUFF_WARCRY', 'ELITE_GUARD_ADDITIONAL_ATTACK'),
('BUFF_WARCRY', 'MOD_MOVE_AFTER_ATTACKING'),
('BUFF_RUSTED', 'MINOR_COMBAT_STRENGTH_LOSS_RUSTED'),
('BUFF_SHIELD_OF_FAITH', 'MINOR_COMBAT_STRENGTH_SHIELD_OF_FAITH'),
('BUFF_REGENERATION', 'REGENERATION_INCREASED_HEALING'),
('BUFF_REGENERATION', 'MODIFIER_PROMOTION_MARCH'),
('BUFF_WATERWALKING', 'AMPHIBIOUS_BONUS_IGNORE_SHORES'),
('BUFF_WATERWALKING', 'GDR_FIGHT_WHILE_EMBARKED'),
('BUFF_WATERWALKING', 'MODIFIER_VALID_TERRAIN_COAST'),
('BUFF_ENCHANTED_BLADE', 'MODIFIER_STRENGTH_ENCHANTED_BLADE'),
('BUFF_FAIR_WINDS', 'REDEPLOY_BONUS_MOVEMENT'),
('BUFF_HASTE', 'REDEPLOY_BONUS_MOVEMENT'),
('BUFF_TREETOP_DEFENSE', 'MODIFIER_TREETOP_FULL_FORT'),
('BUFF_DANCE_OF_BLADES', 'MODIFIER_STRENGTH_DANCE_OF_BLADES'),
('BUFF_VALOR', 'SLTH_CHARISMATIC_MORE_XP'),             -- borrowed from Charismatic trait
('BUFF_SHADOWWALK', 'BYPASS_WALLS'),
('BUFF_COURAGE', 'REGENERATION_INCREASED_HEALING'),
('BUFF_SLOW', 'SLOW_REDUCED_MOVEMENT'),
('BUFF_CHARMED', 'CANNOT_ATTACK'),
('BUFF_BLINDED', 'BLIND_STOP_MOVEMENT');

INSERT INTO Modifiers(ModifierId, ModifierType, RunOnce, Permanent, SubjectRequirementSetId) VALUES
('MODIFIER_REDUCED_HEALING_DISEASED', 'MODIFIER_PLAYER_UNIT_ADJUST_HEAL_PER_TURN', '0', '0', NULL),
('PLAGUED_REDUCED_HEALING', 'MODIFIER_PLAYER_UNIT_ADJUST_HEAL_PER_TURN', '0', '0', NULL),
('DISEASED_COMBAT_WEAKNESS', 'MODIFIER_UNIT_ADJUST_COMBAT_STRENGTH', '0', '0', NULL),
('POISONED_REDUCED_HEALING', 'MODIFIER_PLAYER_UNIT_ADJUST_HEAL_PER_TURN', '0', '0', NULL),
('WITHERED_REDUCED_HEALING', 'MODIFIER_PLAYER_UNIT_ADJUST_HEAL_PER_TURN', '0', '0', NULL),
('REGENERATION_INCREASED_HEALING', 'MODIFIER_PLAYER_UNIT_ADJUST_HEAL_PER_TURN', '0', '0', NULL),
('ILLUSION_HEAL_ON_RETREAT', 'MODIFIER_PLAYER_UNIT_ADJUST_HEAL_FROM_COMBAT', '0', '0', NULL),
('SLOW_REDUCED_MOVEMENT', 'MODIFIER_PLAYER_UNIT_ADJUST_MOVEMENT', '0', '0', NULL),
('BLIND_STOP_MOVEMENT', 'MODIFIER_PLAYER_UNIT_ADJUST_MOVEMENT', '0', '0', NULL),
('MINOR_BONUS_AGAINST_MOUNTED', 'MODIFIER_UNIT_ADJUST_COMBAT_STRENGTH', '0', '0', 'OPPONENT_PROMOTION_CLASS_MOUNTED_REQUIREMENT_SET'),
('MAJOR_BONUS_AGAINST_MOUNTED', 'MODIFIER_UNIT_ADJUST_COMBAT_STRENGTH', '0', '0', 'OPPONENT_PROMOTION_CLASS_MOUNTED_REQUIREMENT_SET'),
('MODIFIER_MINOR_GENERIC_STRENGTH', 'MODIFIER_UNIT_ADJUST_COMBAT_STRENGTH', '0', '0', NULL),
('MODIFIER_MINOR_GENERIC_STRENGTH_LOSS', 'MODIFIER_UNIT_ADJUST_COMBAT_STRENGTH', '0', '0', NULL),
('MODIFIER_GENERIC_12_COMBAT', 'MODIFIER_UNIT_ADJUST_COMBAT_STRENGTH', '0', '0', NULL),
('MODIFIER_STRENGTH_ENCHANTED_BLADE', 'MODIFIER_UNIT_ADJUST_COMBAT_STRENGTH', '0', '0', NULL),
('MODIFIER_STRENGTH_DANCE_OF_BLADES', 'MODIFIER_UNIT_ADJUST_COMBAT_STRENGTH', '0', '0', NULL),
('MODIFIER_STRENGTH_LOSS_LIGHT', 'MODIFIER_UNIT_ADJUST_COMBAT_STRENGTH', '0', '0', NULL),
('MODIFIER_ABILITY_HEAVY_COMBAT_STRENGTH', 'MODIFIER_UNIT_ADJUST_COMBAT_STRENGTH', '0', '0', NULL),
('MINOR_DISTRICT_ATTACK_BONUS', 'MODIFIER_UNIT_ADJUST_COMBAT_STRENGTH', '0', '0', 'URBAN_RAIDER_REQUIREMENTS'),
('MINOR_COMBAT_STRENGTH_LOSS_RUSTED', 'MODIFIER_UNIT_ADJUST_COMBAT_STRENGTH', '0', '0', NULL),
('MINOR_COMBAT_STRENGTH_SHIELD_OF_FAITH', 'MODIFIER_UNIT_ADJUST_COMBAT_STRENGTH', '0', '0', NULL),
('STONESKIN_DEFENSE', 'MODIFIER_UNIT_ADJUST_COMBAT_STRENGTH', '0', '0', 'REQUIREMENT_SLTH_UNIT_ON_DEFENSE'),
('MODIFIER_ABILITY_STRONG', 'MODIFIER_UNIT_ADJUST_COMBAT_STRENGTH', '0', '0', NULL),
('MODIFIER_ABILITY_UNHOLY_TAINT', 'MODIFIER_UNIT_ADJUST_COMBAT_STRENGTH', '0', '0', NULL),
('MODIFIER_WARCRY_MINOR_COMBAT', 'MODIFIER_UNIT_ADJUST_COMBAT_STRENGTH', '0', '0', NULL),
('MODIFIER_MINOR_WEAK_STRENGTH_LOSS', 'MODIFIER_UNIT_ADJUST_COMBAT_STRENGTH', '0', '0', NULL),
('MODIFIER_VALID_TERRAIN_GRASS_MOUNTAIN', 'MODIFIER_PLAYER_UNIT_ADJUST_VALID_TERRAIN', '0', '0', NULL),
('MODIFIER_VALID_TERRAIN_PLAINS_MOUNTAIN', 'MODIFIER_PLAYER_UNIT_ADJUST_VALID_TERRAIN', '0', '0', NULL),
('MODIFIER_VALID_TERRAIN_DESERT_MOUNTAIN', 'MODIFIER_PLAYER_UNIT_ADJUST_VALID_TERRAIN', '0', '0', NULL),
('MODIFIER_VALID_TERRAIN_TUNDRA_MOUNTAIN', 'MODIFIER_PLAYER_UNIT_ADJUST_VALID_TERRAIN', '0', '0', NULL),
('MODIFIER_VALID_TERRAIN_SNOW_MOUNTAIN', 'MODIFIER_PLAYER_UNIT_ADJUST_VALID_TERRAIN', '0', '0', NULL),
('MODIFIER_VALID_TERRAIN_COAST', 'MODIFIER_PLAYER_UNIT_ADJUST_VALID_TERRAIN', '0', '0', NULL),
('MODIFIER_TREETOP_FULL_FORT', 'MODIFIER_UNIT_ADJUST_PROPERTY', '0', '0', 'WOODSMAN1_ABILITY_REQS');

INSERT INTO ModifierArguments(ModifierId, Name, Type, Value) VALUES
('MODIFIER_REDUCED_HEALING_DISEASED', 'Type', 'ARGTYPE_IDENTITY', 'ALL'),
('MODIFIER_REDUCED_HEALING_DISEASED', 'Amount', 'ARGTYPE_IDENTITY', '-2'),
('PLAGUED_REDUCED_HEALING', 'Type', 'ARGTYPE_IDENTITY', 'ALL'),
('PLAGUED_REDUCED_HEALING', 'Amount', 'ARGTYPE_IDENTITY', '-4'),
('DISEASED_COMBAT_WEAKNESS', 'Amount', 'ARGTYPE_IDENTITY', '-6'),
('POISONED_REDUCED_HEALING', 'Type', 'ARGTYPE_IDENTITY', 'ALL'),
('POISONED_REDUCED_HEALING', 'Amount', 'ARGTYPE_IDENTITY', '-3'),
('WITHERED_REDUCED_HEALING', 'Type', 'ARGTYPE_IDENTITY', 'ALL'),
('WITHERED_REDUCED_HEALING', 'Amount', 'ARGTYPE_IDENTITY', '-4'),
('MINOR_BONUS_AGAINST_MOUNTED', 'Amount', 'ARGTYPE_IDENTITY', '2'),
('MODIFIER_MINOR_GENERIC_STRENGTH', 'Amount', 'ARGTYPE_IDENTITY', '2'),
('MAJOR_BONUS_AGAINST_MOUNTED', 'Amount', 'ARGTYPE_IDENTITY', '7'),
('MODIFIER_ABILITY_HEAVY_COMBAT_STRENGTH', 'Amount', 'ARGTYPE_IDENTITY', '5'),
('ILLUSION_HEAL_ON_RETREAT', 'Amount', 'ARGTYPE_IDENTITY', '100'),
('MINOR_DISTRICT_ATTACK_BONUS', 'Amount', 'ARGTYPE_IDENTITY', '2'),
('REGENERATION_INCREASED_HEALING', 'Type', 'ARGTYPE_IDENTITY', 'ALL'),
('REGENERATION_INCREASED_HEALING', 'Amount', 'ARGTYPE_IDENTITY', '10'),
('SLOW_REDUCED_MOVEMENT', 'Amount', 'ARGTYPE_IDENTITY', '-1'),
('BLIND_STOP_MOVEMENT', 'Amount', 'ARGTYPE_IDENTITY', '-9'),
('MINOR_COMBAT_STRENGTH_SHIELD_OF_FAITH', 'Amount', 'ARGTYPE_IDENTITY', '2'),
('STONESKIN_DEFENSE', 'Amount', 'ARGTYPE_IDENTITY', '8'),
('MODIFIER_MINOR_GENERIC_STRENGTH_LOSS', 'Amount', 'ARGTYPE_IDENTITY', '-2'),
('MODIFIER_STRENGTH_LOSS_LIGHT', 'Amount', 'ARGTYPE_IDENTITY', '-4'),
('MODIFIER_STRENGTH_ENCHANTED_BLADE', 'Amount', 'ARGTYPE_IDENTITY', '4'),
('MODIFIER_STRENGTH_DANCE_OF_BLADES', 'Amount', 'ARGTYPE_IDENTITY', '4'),
('MINOR_COMBAT_STRENGTH_LOSS_RUSTED', 'Amount', 'ARGTYPE_IDENTITY', '-2'),
('MODIFIER_ABILITY_UNHOLY_TAINT', 'Amount', 'ARGTYPE_IDENTITY', '-5'),
('MODIFIER_MINOR_WEAK_STRENGTH_LOSS', 'Amount', 'ARGTYPE_IDENTITY', '-4'),
('MODIFIER_WARCRY_MINOR_COMBAT', 'Amount', 'ARGTYPE_IDENTITY', '4'),
('MODIFIER_PROMOTION_GUERILLA1', 'Amount', 'ARGTYPE_IDENTITY', '7'),
('MODIFIER_HILLS_DOUBLE_MOVE', 'Amount', 'ARGTYPE_IDENTITY', '5'),
('MODIFIER_PROMOTION_GUERILLA2', 'Amount', 'ARGTYPE_IDENTITY', '11'),
('MODIFIER_PROMOTION_HEROIC_DEFENSE', 'Amount', 'ARGTYPE_IDENTITY', '5'),
('MODIFIER_PROMOTION_HEROIC_STRENGTH', 'Amount', 'ARGTYPE_IDENTITY', '5'),
('MODIFIER_VALID_TERRAIN_GRASS_MOUNTAIN', 'TerrainType', 'ARGTYPE_IDENTITY', 'TERRAIN_GRASS_MOUNTAIN'),
('MODIFIER_VALID_TERRAIN_GRASS_MOUNTAIN', 'Valid', 'ARGTYPE_IDENTITY', '1'),
('MODIFIER_VALID_TERRAIN_PLAINS_MOUNTAIN', 'TerrainType', 'ARGTYPE_IDENTITY', 'TERRAIN_PLAINS_MOUNTAIN'),
('MODIFIER_VALID_TERRAIN_PLAINS_MOUNTAIN', 'Valid', 'ARGTYPE_IDENTITY', '1'),
('MODIFIER_VALID_TERRAIN_DESERT_MOUNTAIN', 'TerrainType', 'ARGTYPE_IDENTITY', 'TERRAIN_DESERT_MOUNTAIN'),
('MODIFIER_VALID_TERRAIN_DESERT_MOUNTAIN', 'Valid', 'ARGTYPE_IDENTITY', '1'),
('MODIFIER_VALID_TERRAIN_TUNDRA_MOUNTAIN', 'TerrainType', 'ARGTYPE_IDENTITY', 'TERRAIN_TUNDRA_MOUNTAIN'),
('MODIFIER_VALID_TERRAIN_TUNDRA_MOUNTAIN', 'Valid', 'ARGTYPE_IDENTITY', '1'),
('MODIFIER_VALID_TERRAIN_SNOW_MOUNTAIN', 'TerrainType', 'ARGTYPE_IDENTITY', 'TERRAIN_SNOW_MOUNTAIN'),
('MODIFIER_VALID_TERRAIN_SNOW_MOUNTAIN', 'Valid', 'ARGTYPE_IDENTITY', '1'),
('MODIFIER_VALID_TERRAIN_COAST', 'TerrainType', 'ARGTYPE_IDENTITY', 'TERRAIN_COAST'),
('MODIFIER_VALID_TERRAIN_COAST', 'Valid', 'ARGTYPE_IDENTITY', '1'),
('MODIFIER_TREETOP_FULL_FORT', 'Key', 'ARGTYPE_IDENTITY','HeroAutoFortify'),
('MODIFIER_TREETOP_FULL_FORT', 'Amount','ARGTYPE_IDENTITY', '1');

INSERT INTO RequirementSetRequirements(RequirementSetId, RequirementId) VALUES
('OPPONENT_PROMOTION_CLASS_MELEE_REQUIREMENT_SET', 'OPPONENT_PROMOTION_CLASS_MELEE_REQUIREMENT'),
('OPPONENT_PROMOTION_CLASS_NAVAL_REQUIREMENT_SET', 'OPPONENT_PROMOTION_CLASS_NAVAL_REQUIREMENT'),
('OPPONENT_PROMOTION_CLASS_MOUNTED_REQUIREMENT_SET', 'OPPONENT_PROMOTION_CLASS_MOUNTED_REQUIREMENT'),
('OPPONENT_PROMOTION_CLASS_ARCHER_REQUIREMENT_SET', 'OPPONENT_PROMOTION_CLASS_ARCHER_REQUIREMENT'),
('OPPONENT_PROMOTION_CLASS_DISCIPLE_REQUIREMENT_SET', 'OPPONENT_PROMOTION_CLASS_DISCIPLE_REQUIREMENT'),
('OPPONENT_PROMOTION_CLASS_ANIMAL_REQUIREMENT_SET', 'OPPONENT_PROMOTION_CLASS_ANIMAL_REQUIREMENT'),
('OPPONENT_PROMOTION_CLASS_BEAST_REQUIREMENT_SET', 'OPPONENT_PROMOTION_CLASS_BEAST_REQUIREMENT'),
('REQUIREMENT_SLTH_UNIT_ON_DEFENSE', 'PLAYER_IS_DEFENDER_REQUIREMENTS');
INSERT INTO RequirementSets(RequirementSetId, RequirementSetType) VALUES
('OPPONENT_PROMOTION_CLASS_MELEE_REQUIREMENT_SET', 'REQUIREMENTSET_TEST_ALL'),
('OPPONENT_PROMOTION_CLASS_NAVAL_REQUIREMENT_SET', 'REQUIREMENTSET_TEST_ALL'),
('OPPONENT_PROMOTION_CLASS_ARCHER_REQUIREMENT_SET', 'REQUIREMENTSET_TEST_ALL'),
('OPPONENT_PROMOTION_CLASS_MOUNTED_REQUIREMENT_SET', 'REQUIREMENTSET_TEST_ALL'),
('OPPONENT_PROMOTION_CLASS_DISCIPLE_REQUIREMENT_SET', 'REQUIREMENTSET_TEST_ALL'),
('OPPONENT_PROMOTION_CLASS_ANIMAL_REQUIREMENT_SET', 'REQUIREMENTSET_TEST_ALL'),
('OPPONENT_PROMOTION_CLASS_BEAST_REQUIREMENT_SET', 'REQUIREMENTSET_TEST_ALL'),
('REQUIREMENT_SLTH_UNIT_ON_DEFENSE', 'REQUIREMENTSET_TEST_ALL');
INSERT INTO ModifierStrings(ModifierId, Context, Text) VALUES
('DISEASED_COMBAT_WEAKNESS', 'Preview', 'LOC_DISEASED_COMBAT_WEAKNESS_DESCRIPTION'),
('MINOR_BONUS_AGAINST_MOUNTED', 'Preview', 'LOC_PROMOTION_DRILL4_DESCRIPTION'),
('MAJOR_BONUS_AGAINST_MOUNTED', 'Preview', 'LOC_PROMOTION_FORMATION_DESCRIPTION'),
('MODIFIER_MINOR_GENERIC_STRENGTH', 'Preview', 'LOC_MINOR_GENERIC_STRENGTH'),
('MODIFIER_MINOR_GENERIC_STRENGTH_LOSS', 'Preview', 'LOC_MINOR_GENERIC_STRENGTH_LOSS'),
('MODIFIER_GENERIC_12_COMBAT', 'Preview', 'LOC_GENERIC_12_COMBAT'),
('MODIFIER_STRENGTH_ENCHANTED_BLADE', 'Preview', 'LOC_PROMOTION_ENCHANTED_BLADE_DESCRIPTION'),
('MODIFIER_PROMOTION_GUERILLA1', 'Preview', 'LOC_PROMOTION_GUERILLA1_DESCRIPTION'),
('MODIFIER_PROMOTION_GUERILLA2', 'Preview', 'LOC_PROMOTION_GUERILLA2_DESCRIPTION'),
('MINOR_DISTRICT_ATTACK_BONUS', 'Preview', 'LOC_MINOR_DISTRICT_ATTACK_BONUS_DESCRIPTION'),
('MODIFIER_ABILITY_HEAVY_COMBAT_STRENGTH', 'Preview', 'LOC_PROMOTION_HEAVY_DESCRIPTION'),
('MODIFIER_ABILITY_STRONG', 'Preview', 'LOC_MODIFIER_ABILITY_STRONG_DESCRIPTION'),
('MODIFIER_PROMOTION_HEROIC_DEFENSE', 'Preview', 'LOC_PROMOTION_HEROIC_DEFENSE_DESCRIPTION'),
('MODIFIER_PROMOTION_HEROIC_STRENGTH', 'Preview', 'LOC_PROMOTION_HEROIC_STRENGTH_DESCRIPTION'),
('MODIFIER_STRENGTH_LOSS_LIGHT', 'Preview', 'LOC_PROMOTION_LIGHT_DESCRIPTION'),
('MINOR_COMBAT_STRENGTH_LOSS_RUSTED', 'Preview', 'LOC_PROMOTION_RUSTED_DESCRIPTION'),
('MINOR_COMBAT_STRENGTH_SHIELD_OF_FAITH', 'Preview', 'LOC_PROMOTION_SHIELD_OF_FAITH_DESCRIPTION'),
('STONESKIN_DEFENSE', 'Preview', 'LOC_PROMOTION_STONESKIN_DESCRIPTION'),
('MODIFIER_WARCRY_MINOR_COMBAT', 'Preview', 'LOC_PROMOTION_WARCRY_DESCRIPTION'),
('MODIFIER_MINOR_WEAK_STRENGTH_LOSS', 'Preview', 'LOC_PROMOTION_WEAK_DESCRIPTION'),
('MODIFIER_WOODSMAN2_ABILITY_FOREST_STRENGTH', 'Preview', 'LOC_WOODSMAN2_ABILITY_FEATUREDEFENSES_FEATURE_FOREST_ANCIENT_PREVIEW');

INSERT INTO Tags(Tag, Vocabulary) VALUES
('CLASS_CHANNELING_1', 'ABILITY_CLASS'),
('CLASS_CHANNELING_2', 'ABILITY_CLASS'),
('CLASS_CHANNELING_3', 'ABILITY_CLASS'),
('CLASS_DIVINE', 'ABILITY_CLASS'),
('WITHERED_TOUCH_CLASS', 'ABILITY_CLASS'),
('DISEASED_CLASS', 'ABILITY_CLASS');

INSERT INTO TypeTags(Type, Tag) VALUES
('WOODSMAN2_ABILITY', 'CLASS_ALL_UNITS'),
('WOODSMAN1_ABILITY', 'CLASS_ALL_UNITS'),
('BUFF_ENCHANTED_BLADE', 'CLASS_ALL_UNITS'),
('BUFF_STONESKIN', 'CLASS_ALL_UNITS'),
('BUFF_WARCRY', 'CLASS_ALL_UNITS'),
('BUFF_RUSTED', 'CLASS_ALL_UNITS'),
('BUFF_SHIELD_OF_FAITH', 'CLASS_ALL_UNITS'),
('BUFF_REGENERATION', 'CLASS_ALL_UNITS'),
('BUFF_WATERWALKING', 'CLASS_ALL_UNITS'),
('BUFF_HASTE', 'CLASS_ALL_UNITS'),
('BUFF_FAIR_WINDS', 'CLASS_NAVAL_MELEE'),
('BUFF_TREETOP_DEFENSE', 'CLASS_ALL_UNITS'),
('BUFF_DANCE_OF_BLADES', 'CLASS_ALL_UNITS'),
('BUFF_LOYALTY', 'CLASS_ALL_UNITS'),
('BUFF_VALOR', 'CLASS_ALL_UNITS'),
('BUFF_BLUR', 'CLASS_ALL_UNITS'),
('BUFF_SHADOWWALK', 'CLASS_ALL_UNITS'),
('BUFF_MUTATION', 'CLASS_ALL_UNITS'),
('BUFF_COURAGE', 'CLASS_ALL_UNITS'),
('BUFF_SLOW', 'CLASS_ALL_UNITS'),
('BUFF_CHARMED', 'CLASS_ALL_UNITS'),
('BUFF_BLINDED', 'CLASS_ALL_UNITS');

INSERT INTO TypeTags(Type, Tag) VALUES
('ABILITY_CHANNELING1', 'CLASS_ADEPT'),
('ABILITY_CHANNELING1', 'CLASS_CHANNELING_1'),
('ABILITY_CHANNELING2', 'CLASS_CHANNELING_2'),
('ABILITY_CHANNELING1', 'CLASS_CHANNELING_2'),
('ABILITY_CHANNELING1', 'CLASS_CHANNELING_3'),
('ABILITY_CHANNELING2', 'CLASS_CHANNELING_3'),
('ABILITY_CHANNELING3', 'CLASS_CHANNELING_3'),
('ABILITY_DIVINE', 'CLASS_DIVINE');

INSERT INTO TypeTags(Type, Tag) VALUES
('SLTH_UNIT_BAMBUR', 'CLASS_CHANNELING_1'),
('SLTH_UNIT_MAGE', 'CLASS_CHANNELING_2'),
('SLTH_UNIT_WIZARD', 'CLASS_CHANNELING_2'),
('SLTH_UNIT_ILLUSIONIST', 'CLASS_CHANNELING_2'),
('SLTH_UNIT_MOBIUS_WITCH', 'CLASS_CHANNELING_2'),
('SLTH_UNIT_PRIEST_OF_THE_ORDER', 'CLASS_CHANNELING_2'),
('SLTH_UNIT_PRIEST_OF_THE_OVERLORDS', 'CLASS_CHANNELING_2'),
('SLTH_UNIT_PRIEST_OF_LEAVES', 'CLASS_CHANNELING_2'),
('SLTH_UNIT_PRIEST_OF_KILMORPH', 'CLASS_CHANNELING_2'),
('SLTH_UNIT_PRIEST_OF_THE_EMPYREAN', 'CLASS_CHANNELING_2'),
('SLTH_UNIT_PRIEST_OF_THE_VEIL', 'CLASS_CHANNELING_2'),
('SLTH_UNIT_PRIEST_OF_WINTER', 'CLASS_CHANNELING_2'),
('SLTH_UNIT_PRIEST_OF_THE_ORDER', 'CLASS_DIVINE'),
('SLTH_UNIT_PRIEST_OF_THE_OVERLORDS', 'CLASS_DIVINE'),
('SLTH_UNIT_PRIEST_OF_LEAVES', 'CLASS_DIVINE'),
('SLTH_UNIT_PRIEST_OF_KILMORPH', 'CLASS_DIVINE'),
('SLTH_UNIT_PRIEST_OF_THE_EMPYREAN', 'CLASS_DIVINE'),
('SLTH_UNIT_PRIEST_OF_THE_VEIL', 'CLASS_DIVINE'),
('SLTH_UNIT_PRIEST_OF_WINTER', 'CLASS_DIVINE'),
('SLTH_UNIT_DEATH_KNIGHT', 'CLASS_CHANNELING_2'),
('SLTH_UNIT_DISCIPLE_OF_ACHERON', 'CLASS_CHANNELING_2'),
('SLTH_UNIT_FIREBOW', 'CLASS_CHANNELING_2'),
('SLTH_UNIT_VAMPIRE', 'CLASS_CHANNELING_2'),
('SLTH_UNIT_LOKI', 'CLASS_CHANNELING_2'),
('SLTH_UNIT_LOSHA', 'CLASS_CHANNELING_2'),
('SLTH_UNIT_MOKKA', 'CLASS_CHANNELING_2'),
('SLTH_UNIT_ARCHMAGE', 'CLASS_CHANNELING_3'),
('SLTH_UNIT_EATER_OF_DREAMS', 'CLASS_CHANNELING_3'),
('SLTH_UNIT_LICH', 'CLASS_CHANNELING_3'),
('SLTH_UNIT_SERAPH', 'CLASS_CHANNELING_3'),
('SLTH_UNIT_SON_OF_THE_INFERNO', 'CLASS_CHANNELING_3'),
('SLTH_UNIT_VAMPIRE_LORD', 'CLASS_CHANNELING_3'),
('SLTH_UNIT_DRUID', 'CLASS_CHANNELING_3'),
('SLTH_UNIT_DWARVEN_DRUID', 'CLASS_CHANNELING_3'),
('SLTH_UNIT_LUONNOTAR', 'CLASS_CHANNELING_3'),
('SLTH_UNIT_HEMAH', 'CLASS_CHANNELING_3'),
('SLTH_UNIT_SPHENER', 'CLASS_CHANNELING_3'),
('SLTH_UNIT_CORLINDALE', 'CLASS_CHANNELING_3'),
('SLTH_UNIT_GOVANNON', 'CLASS_CHANNELING_3'),
('SLTH_UNIT_HIGH_PRIEST_OF_KILMORPH', 'CLASS_CHANNELING_3'),
('SLTH_UNIT_HIGH_PRIEST_OF_THE_OVERLORDS', 'CLASS_CHANNELING_3'),
('SLTH_UNIT_HIGH_PRIEST_OF_THE_ORDER', 'CLASS_CHANNELING_3'),
('SLTH_UNIT_HIGH_PRIEST_OF_LEAVES', 'CLASS_CHANNELING_3'),
('SLTH_UNIT_HIGH_PRIEST_OF_THE_EMPYREAN', 'CLASS_CHANNELING_3'),
('SLTH_UNIT_HIGH_PRIEST_OF_THE_VEIL', 'CLASS_CHANNELING_3'),
('SLTH_UNIT_CHALID', 'CLASS_CHANNELING_3'),
('SLTH_UNIT_YVAIN', 'CLASS_CHANNELING_3'),
('SLTH_UNIT_GIBBON', 'CLASS_CHANNELING_3'),
('SLTH_UNIT_MARDERO', 'CLASS_CHANNELING_3'),
('SLTH_UNIT_HIGH_PRIEST_OF_KILMORPH', 'CLASS_DIVINE'),
('SLTH_UNIT_HIGH_PRIEST_OF_THE_OVERLORDS', 'CLASS_DIVINE'),
('SLTH_UNIT_HIGH_PRIEST_OF_THE_ORDER', 'CLASS_DIVINE'),
('SLTH_UNIT_HIGH_PRIEST_OF_LEAVES', 'CLASS_DIVINE'),
('SLTH_UNIT_HIGH_PRIEST_OF_THE_EMPYREAN', 'CLASS_DIVINE'),
('SLTH_UNIT_HIGH_PRIEST_OF_THE_VEIL', 'CLASS_DIVINE'),
('SLTH_UNIT_CHALID', 'CLASS_DIVINE'),
('SLTH_UNIT_YVAIN', 'CLASS_DIVINE'),
('SLTH_UNIT_MARDERO', 'CLASS_DIVINE'),
('SLTH_UNIT_SPHENER', 'CLASS_DIVINE'),
('ABILITY_AERONS_CHOSEN', 'CLASS_RECON'),
('ABILITY_BLESSED', 'CLASS_ALL_UNITS'),
('ABILITY_FLAMING_ARROWS', 'CLASS_RANGED'),
('ABILITY_POISONED_BLADE', 'CLASS_RECON'),
('ABILITY_SHEUT_STONE', 'CLASS_ALL_UNITS'),
('SLTH_UNIT_WRAITH', 'WITHERED_TOUCH_CLASS'),
('SLTH_UNIT_ARS', 'WITHERED_TOUCH_CLASS'),
('WITHERED_TOUCH', 'WITHERED_TOUCH_CLASS'),
('SLTH_UNIT_DISEASED_CORPSE', 'DISEASED_CLASS'),
('DISEASED_INHERENT', 'DISEASED_CLASS'),
('DISEASED', 'CAN_BE_RACIALIZED'),
('DISEASED', 'RACE_HUMAN'),
('DISEASED', 'RACE_ELVEN'),
('DISEASED', 'RACE_DWARVEN'),
('DISEASED', 'RACE_ORCISH'),
('DISEASED', 'RACE_LIZARDMEN'),
('DISEASED', 'RACE_WINTERBORN'),
('DISEASED', 'CLASS_ANIMAL'),
('PLAGUED', 'CAN_BE_RACIALIZED'),
('PLAGUED', 'RACE_HUMAN'),
('PLAGUED', 'RACE_ELVEN'),
('PLAGUED', 'RACE_DWARVEN'),
('PLAGUED', 'RACE_ORCISH'),
('PLAGUED', 'RACE_LIZARDMEN'),
('PLAGUED', 'RACE_WINTERBORN'),
('PLAGUED', 'CLASS_ANIMAL'),
('WITHERED', 'CAN_BE_RACIALIZED'),
('WITHERED', 'RACE_HUMAN'),
('WITHERED', 'RACE_ELVEN'),
('WITHERED', 'RACE_DWARVEN'),
('WITHERED', 'RACE_ORCISH'),
('WITHERED', 'RACE_LIZARDMEN'),
('WITHERED', 'RACE_WINTERBORN'),
('WITHERED', 'CLASS_ANIMAL'),
('POISONED', 'CAN_BE_RACIALIZED'),
('POISONED', 'RACE_HUMAN'),
('POISONED', 'RACE_ELVEN'),
('POISONED', 'RACE_DWARVEN'),
('POISONED', 'RACE_ORCISH'),
('POISONED', 'RACE_LIZARDMEN'),
('POISONED', 'RACE_WINTERBORN'),
('POISONED', 'CLASS_ANIMAL'),
('SLTH_UNIT_AIR_ELEMENTAL', 'CLASS_HELICOPTER'),
('SLTH_UNIT_ARS', 'CLASS_HELICOPTER'),
('SLTH_UNIT_AURIC_ASCENDED', 'CLASS_HELICOPTER'),
('SLTH_UNIT_AZER', 'CLASS_HELICOPTER'),
('SLTH_UNIT_BUBOES', 'CLASS_HELICOPTER'),
('SLTH_UNIT_FIREBALL', 'CLASS_HELICOPTER'),
('SLTH_UNIT_GRIFFON', 'CLASS_HELICOPTER'),          -- not bothering with hawk
('SLTH_UNIT_MANTICORE', 'CLASS_HELICOPTER'),
('SLTH_UNIT_METEOR', 'CLASS_HELICOPTER'),           -- not bothering with meteor
('SLTH_UNIT_OPHANIM', 'CLASS_HELICOPTER'),
('SLTH_UNIT_AIRSHIP', 'CLASS_HELICOPTER'),
('SLTH_UNIT_SEVERED_SOUL', 'CLASS_HELICOPTER'),
('SLTH_UNIT_STEPHANOS', 'CLASS_HELICOPTER'),
('SLTH_UNIT_WRATH', 'CLASS_HELICOPTER'),
('SLTH_UNIT_YERSINIA', 'CLASS_HELICOPTER'),
('SLTH_UNIT_ACHERON', 'CLASS_HELICOPTER'),
('SLTH_UNIT_DRIFA', 'CLASS_HELICOPTER'),
('SLTH_UNIT_EURABATRES', 'CLASS_HELICOPTER'),
('SLTH_UNIT_ABASHI', 'CLASS_HELICOPTER'),
('ABILITY_FLYING', 'CLASS_HELICOPTER');

INSERT INTO Types(Type, Kind) VALUES
('ABILITY_HILLS_DOUBLE_MOVE', 'KIND_ABILITY'),
('WOODSMAN2_ABILITY', 'KIND_ABILITY'),
('WOODSMAN1_ABILITY', 'KIND_ABILITY'),
('ABILITY_CHANNELING1', 'KIND_ABILITY'),
('ABILITY_CHANNELING2', 'KIND_ABILITY'),
('ABILITY_CHANNELING3', 'KIND_ABILITY'),
('ABILITY_DIVINE', 'KIND_ABILITY'),
('ABILITY_AERONS_CHOSEN', 'KIND_ABILITY'),
('ABILITY_BLESSED', 'KIND_ABILITY'),
('ABILITY_FLAMING_ARROWS', 'KIND_ABILITY'),
('ABILITY_POISONED_BLADE', 'KIND_ABILITY'),
('ABILITY_SHEUT_STONE', 'KIND_ABILITY'),
('DISEASED', 'KIND_ABILITY'),
('PLAGUED', 'KIND_ABILITY'),
('WITHERED', 'KIND_ABILITY'),
('POISONED', 'KIND_ABILITY'),
('WITHERED_TOUCH', 'KIND_ABILITY'),
('PLAGUE_CARRIER', 'KIND_ABILITY'),
('DISEASED_INHERENT', 'KIND_ABILITY'),
('EQUIPMENT_ABILITY_ATHAME_INHERENT', 'KIND_ABILITY'),
('ABILITY_STRONG', 'KIND_ABILITY'),
('ABILITY_WEAK', 'KIND_ABILITY'),
('ABILITY_HEAVY', 'KIND_ABILITY'),
('ABILITY_LIGHT', 'KIND_ABILITY'),
('ABILITY_SKELETON_CREW', 'KIND_ABILITY'),
('ABILITY_BUCCANEERS', 'KIND_ABILITY'),
('ABILITY_LONGSHOREMEN', 'KIND_ABILITY'),
('BUFF_STONESKIN', 'KIND_ABILITY'),
('BUFF_WARCRY', 'KIND_ABILITY'),
('BUFF_RUSTED', 'KIND_ABILITY'),
('BUFF_SHIELD_OF_FAITH', 'KIND_ABILITY'),
('BUFF_REGENERATION', 'KIND_ABILITY'),
('BUFF_WATERWALKING', 'KIND_ABILITY'),
('BUFF_FAIR_WINDS', 'KIND_ABILITY'),
('BUFF_HASTE', 'KIND_ABILITY'),
('BUFF_ENCHANTED_BLADE', 'KIND_ABILITY'),
('BUFF_TREETOP_DEFENSE', 'KIND_ABILITY'),
('BUFF_DANCE_OF_BLADES', 'KIND_ABILITY'),
('BUFF_BLUR', 'KIND_ABILITY'),
('BUFF_LOYALTY', 'KIND_ABILITY'),
('BUFF_VALOR', 'KIND_ABILITY'),
('BUFF_SHADOWWALK', 'KIND_ABILITY'),
('BUFF_COURAGE', 'KIND_ABILITY'),
('BUFF_MUTATION', 'KIND_ABILITY'),
('BUFF_SLOW', 'KIND_ABILITY'),
('BUFF_CHARMED', 'KIND_ABILITY'),
('BUFF_BLINDED', 'KIND_ABILITY'),
('ABILITY_FLYING', 'KIND_ABILITY');