INSERT INTO UnitAbilities(UnitAbilityType, Name, Description, Inactive, Permanent) VALUES
('ABILITY_AIR_ADJUST_DAMAGE_4', 'LOC_ABILITY_ADJUST_DAMAGE_4_NAME', 'LOC_ABILITY_ADJUST_DAMAGE_4_DESCRIPTION', '1', '1'),
('ABILITY_AIR_ADJUST_DAMAGE_8', 'LOC_ABILITY_ADJUST_DAMAGE_8_NAME', 'LOC_ABILITY_ADJUST_DAMAGE_8_DESCRIPTION', '1', '1'),
('ABILITY_AIR_ADJUST_DAMAGE_16', 'LOC_ABILITY_ADJUST_DAMAGE_8_NAME', 'LOC_ABILITY_ADJUST_DAMAGE_8_DESCRIPTION', '1', '1'),
('ABILITY_AIR_ADJUST_DAMAGE_32', 'LOC_ABILITY_ADJUST_DAMAGE_8_NAME', 'LOC_ABILITY_ADJUST_DAMAGE_8_DESCRIPTION', '1', '1'),
('ABILITY_AIR_ADJUST_DAMAGE_64', 'LOC_ABILITY_ADJUST_DAMAGE_8_NAME', 'LOC_ABILITY_ADJUST_DAMAGE_8_DESCRIPTION', '1', '1'),
('ABILITY_BODY_ADJUST_DAMAGE_4', 'LOC_ABILITY_ADJUST_DAMAGE_4_NAME', 'LOC_ABILITY_ADJUST_DAMAGE_4_DESCRIPTION', '1', '1'),
('ABILITY_BODY_ADJUST_DAMAGE_8', 'LOC_ABILITY_ADJUST_DAMAGE_8_NAME', 'LOC_ABILITY_ADJUST_DAMAGE_8_DESCRIPTION', '1', '1'),
('ABILITY_BODY_ADJUST_DAMAGE_16', 'LOC_ABILITY_ADJUST_DAMAGE_8_NAME', 'LOC_ABILITY_ADJUST_DAMAGE_8_DESCRIPTION', '1', '1'),
('ABILITY_BODY_ADJUST_DAMAGE_32', 'LOC_ABILITY_ADJUST_DAMAGE_8_NAME', 'LOC_ABILITY_ADJUST_DAMAGE_8_DESCRIPTION', '1', '1'),
('ABILITY_BODY_ADJUST_DAMAGE_64', 'LOC_ABILITY_ADJUST_DAMAGE_8_NAME', 'LOC_ABILITY_ADJUST_DAMAGE_8_DESCRIPTION', '1', '1'),
('ABILITY_CHAOS_ADJUST_DAMAGE_4', 'LOC_ABILITY_ADJUST_DAMAGE_4_NAME', 'LOC_ABILITY_ADJUST_DAMAGE_4_DESCRIPTION', '1', '1'),
('ABILITY_CHAOS_ADJUST_DAMAGE_8', 'LOC_ABILITY_ADJUST_DAMAGE_8_NAME', 'LOC_ABILITY_ADJUST_DAMAGE_8_DESCRIPTION', '1', '1'),
('ABILITY_CHAOS_ADJUST_DAMAGE_16', 'LOC_ABILITY_ADJUST_DAMAGE_8_NAME', 'LOC_ABILITY_ADJUST_DAMAGE_8_DESCRIPTION', '1', '1'),
('ABILITY_CHAOS_ADJUST_DAMAGE_32', 'LOC_ABILITY_ADJUST_DAMAGE_8_NAME', 'LOC_ABILITY_ADJUST_DAMAGE_8_DESCRIPTION', '1', '1'),
('ABILITY_CHAOS_ADJUST_DAMAGE_64', 'LOC_ABILITY_ADJUST_DAMAGE_8_NAME', 'LOC_ABILITY_ADJUST_DAMAGE_8_DESCRIPTION', '1', '1'),
('ABILITY_DEATH_ADJUST_DAMAGE_4', 'LOC_ABILITY_ADJUST_DAMAGE_4_NAME', 'LOC_ABILITY_ADJUST_DAMAGE_4_DESCRIPTION', '1', '1'),
('ABILITY_DEATH_ADJUST_DAMAGE_8', 'LOC_ABILITY_ADJUST_DAMAGE_8_NAME', 'LOC_ABILITY_ADJUST_DAMAGE_8_DESCRIPTION', '1', '1'),
('ABILITY_DEATH_ADJUST_DAMAGE_16', 'LOC_ABILITY_ADJUST_DAMAGE_8_NAME', 'LOC_ABILITY_ADJUST_DAMAGE_8_DESCRIPTION', '1', '1'),
('ABILITY_DEATH_ADJUST_DAMAGE_32', 'LOC_ABILITY_ADJUST_DAMAGE_8_NAME', 'LOC_ABILITY_ADJUST_DAMAGE_8_DESCRIPTION', '1', '1'),
('ABILITY_DEATH_ADJUST_DAMAGE_64', 'LOC_ABILITY_ADJUST_DAMAGE_8_NAME', 'LOC_ABILITY_ADJUST_DAMAGE_8_DESCRIPTION', '1', '1'),
('ABILITY_EARTH_ADJUST_DAMAGE_4', 'LOC_ABILITY_ADJUST_DAMAGE_4_NAME', 'LOC_ABILITY_ADJUST_DAMAGE_4_DESCRIPTION', '1', '1'),
('ABILITY_EARTH_ADJUST_DAMAGE_8', 'LOC_ABILITY_ADJUST_DAMAGE_8_NAME', 'LOC_ABILITY_ADJUST_DAMAGE_8_DESCRIPTION', '1', '1'),
('ABILITY_EARTH_ADJUST_DAMAGE_16', 'LOC_ABILITY_ADJUST_DAMAGE_8_NAME', 'LOC_ABILITY_ADJUST_DAMAGE_8_DESCRIPTION', '1', '1'),
('ABILITY_EARTH_ADJUST_DAMAGE_32', 'LOC_ABILITY_ADJUST_DAMAGE_8_NAME', 'LOC_ABILITY_ADJUST_DAMAGE_8_DESCRIPTION', '1', '1'),
('ABILITY_EARTH_ADJUST_DAMAGE_64', 'LOC_ABILITY_ADJUST_DAMAGE_8_NAME', 'LOC_ABILITY_ADJUST_DAMAGE_8_DESCRIPTION', '1', '1'),
('ABILITY_ENCHANTMENT_ADJUST_DAMAGE_4', 'LOC_ABILITY_ADJUST_DAMAGE_4_NAME', 'LOC_ABILITY_ADJUST_DAMAGE_4_DESCRIPTION', '1', '1'),
('ABILITY_ENCHANTMENT_ADJUST_DAMAGE_8', 'LOC_ABILITY_ADJUST_DAMAGE_8_NAME', 'LOC_ABILITY_ADJUST_DAMAGE_8_DESCRIPTION', '1', '1'),
('ABILITY_ENCHANTMENT_ADJUST_DAMAGE_16', 'LOC_ABILITY_ADJUST_DAMAGE_8_NAME', 'LOC_ABILITY_ADJUST_DAMAGE_8_DESCRIPTION', '1', '1'),
('ABILITY_ENCHANTMENT_ADJUST_DAMAGE_32', 'LOC_ABILITY_ADJUST_DAMAGE_8_NAME', 'LOC_ABILITY_ADJUST_DAMAGE_8_DESCRIPTION', '1', '1'),
('ABILITY_ENCHANTMENT_ADJUST_DAMAGE_64', 'LOC_ABILITY_ADJUST_DAMAGE_8_NAME', 'LOC_ABILITY_ADJUST_DAMAGE_8_DESCRIPTION', '1', '1'),
('ABILITY_ENTROPY_ADJUST_DAMAGE_4', 'LOC_ABILITY_ADJUST_DAMAGE_4_NAME', 'LOC_ABILITY_ADJUST_DAMAGE_4_DESCRIPTION', '1', '1'),
('ABILITY_ENTROPY_ADJUST_DAMAGE_8', 'LOC_ABILITY_ADJUST_DAMAGE_8_NAME', 'LOC_ABILITY_ADJUST_DAMAGE_8_DESCRIPTION', '1', '1'),
('ABILITY_ENTROPY_ADJUST_DAMAGE_16', 'LOC_ABILITY_ADJUST_DAMAGE_8_NAME', 'LOC_ABILITY_ADJUST_DAMAGE_8_DESCRIPTION', '1', '1'),
('ABILITY_ENTROPY_ADJUST_DAMAGE_32', 'LOC_ABILITY_ADJUST_DAMAGE_8_NAME', 'LOC_ABILITY_ADJUST_DAMAGE_8_DESCRIPTION', '1', '1'),
('ABILITY_ENTROPY_ADJUST_DAMAGE_64', 'LOC_ABILITY_ADJUST_DAMAGE_8_NAME', 'LOC_ABILITY_ADJUST_DAMAGE_8_DESCRIPTION', '1', '1'),
('ABILITY_FIRE_ADJUST_DAMAGE_4', 'LOC_ABILITY_ADJUST_DAMAGE_4_NAME', 'LOC_ABILITY_ADJUST_DAMAGE_4_DESCRIPTION', '1', '1'),
('ABILITY_FIRE_ADJUST_DAMAGE_8', 'LOC_ABILITY_ADJUST_DAMAGE_8_NAME', 'LOC_ABILITY_ADJUST_DAMAGE_8_DESCRIPTION', '1', '1'),
('ABILITY_FIRE_ADJUST_DAMAGE_16', 'LOC_ABILITY_ADJUST_DAMAGE_8_NAME', 'LOC_ABILITY_ADJUST_DAMAGE_8_DESCRIPTION', '1', '1'),
('ABILITY_FIRE_ADJUST_DAMAGE_32', 'LOC_ABILITY_ADJUST_DAMAGE_8_NAME', 'LOC_ABILITY_ADJUST_DAMAGE_8_DESCRIPTION', '1', '1'),
('ABILITY_FIRE_ADJUST_DAMAGE_64', 'LOC_ABILITY_ADJUST_DAMAGE_8_NAME', 'LOC_ABILITY_ADJUST_DAMAGE_8_DESCRIPTION', '1', '1'),
('ABILITY_ICE_ADJUST_DAMAGE_4', 'LOC_ABILITY_ADJUST_DAMAGE_4_NAME', 'LOC_ABILITY_ADJUST_DAMAGE_4_DESCRIPTION', '1', '1'),
('ABILITY_ICE_ADJUST_DAMAGE_8', 'LOC_ABILITY_ADJUST_DAMAGE_8_NAME', 'LOC_ABILITY_ADJUST_DAMAGE_8_DESCRIPTION', '1', '1'),
('ABILITY_ICE_ADJUST_DAMAGE_16', 'LOC_ABILITY_ADJUST_DAMAGE_8_NAME', 'LOC_ABILITY_ADJUST_DAMAGE_8_DESCRIPTION', '1', '1'),
('ABILITY_ICE_ADJUST_DAMAGE_32', 'LOC_ABILITY_ADJUST_DAMAGE_8_NAME', 'LOC_ABILITY_ADJUST_DAMAGE_8_DESCRIPTION', '1', '1'),
('ABILITY_ICE_ADJUST_DAMAGE_64', 'LOC_ABILITY_ADJUST_DAMAGE_8_NAME', 'LOC_ABILITY_ADJUST_DAMAGE_8_DESCRIPTION', '1', '1'),
('ABILITY_LAW_ADJUST_DAMAGE_4', 'LOC_ABILITY_ADJUST_DAMAGE_4_NAME', 'LOC_ABILITY_ADJUST_DAMAGE_4_DESCRIPTION', '1', '1'),
('ABILITY_LAW_ADJUST_DAMAGE_8', 'LOC_ABILITY_ADJUST_DAMAGE_8_NAME', 'LOC_ABILITY_ADJUST_DAMAGE_8_DESCRIPTION', '1', '1'),
('ABILITY_LAW_ADJUST_DAMAGE_16', 'LOC_ABILITY_ADJUST_DAMAGE_8_NAME', 'LOC_ABILITY_ADJUST_DAMAGE_8_DESCRIPTION', '1', '1'),
('ABILITY_LAW_ADJUST_DAMAGE_32', 'LOC_ABILITY_ADJUST_DAMAGE_8_NAME', 'LOC_ABILITY_ADJUST_DAMAGE_8_DESCRIPTION', '1', '1'),
('ABILITY_LAW_ADJUST_DAMAGE_64', 'LOC_ABILITY_ADJUST_DAMAGE_8_NAME', 'LOC_ABILITY_ADJUST_DAMAGE_8_DESCRIPTION', '1', '1'),
('ABILITY_LIFE_ADJUST_DAMAGE_4', 'LOC_ABILITY_ADJUST_DAMAGE_4_NAME', 'LOC_ABILITY_ADJUST_DAMAGE_4_DESCRIPTION', '1', '1'),
('ABILITY_LIFE_ADJUST_DAMAGE_8', 'LOC_ABILITY_ADJUST_DAMAGE_8_NAME', 'LOC_ABILITY_ADJUST_DAMAGE_8_DESCRIPTION', '1', '1'),
('ABILITY_LIFE_ADJUST_DAMAGE_16', 'LOC_ABILITY_ADJUST_DAMAGE_8_NAME', 'LOC_ABILITY_ADJUST_DAMAGE_8_DESCRIPTION', '1', '1'),
('ABILITY_LIFE_ADJUST_DAMAGE_32', 'LOC_ABILITY_ADJUST_DAMAGE_8_NAME', 'LOC_ABILITY_ADJUST_DAMAGE_8_DESCRIPTION', '1', '1'),
('ABILITY_LIFE_ADJUST_DAMAGE_64', 'LOC_ABILITY_ADJUST_DAMAGE_8_NAME', 'LOC_ABILITY_ADJUST_DAMAGE_8_DESCRIPTION', '1', '1'),
('ABILITY_METAMAGIC_ADJUST_DAMAGE_4', 'LOC_ABILITY_ADJUST_DAMAGE_4_NAME', 'LOC_ABILITY_ADJUST_DAMAGE_4_DESCRIPTION', '1', '1'),
('ABILITY_METAMAGIC_ADJUST_DAMAGE_8', 'LOC_ABILITY_ADJUST_DAMAGE_8_NAME', 'LOC_ABILITY_ADJUST_DAMAGE_8_DESCRIPTION', '1', '1'),
('ABILITY_METAMAGIC_ADJUST_DAMAGE_16', 'LOC_ABILITY_ADJUST_DAMAGE_8_NAME', 'LOC_ABILITY_ADJUST_DAMAGE_8_DESCRIPTION', '1', '1'),
('ABILITY_METAMAGIC_ADJUST_DAMAGE_32', 'LOC_ABILITY_ADJUST_DAMAGE_8_NAME', 'LOC_ABILITY_ADJUST_DAMAGE_8_DESCRIPTION', '1', '1'),
('ABILITY_METAMAGIC_ADJUST_DAMAGE_64', 'LOC_ABILITY_ADJUST_DAMAGE_8_NAME', 'LOC_ABILITY_ADJUST_DAMAGE_8_DESCRIPTION', '1', '1'),
('ABILITY_MIND_ADJUST_DAMAGE_4', 'LOC_ABILITY_ADJUST_DAMAGE_4_NAME', 'LOC_ABILITY_ADJUST_DAMAGE_4_DESCRIPTION', '1', '1'),
('ABILITY_MIND_ADJUST_DAMAGE_8', 'LOC_ABILITY_ADJUST_DAMAGE_8_NAME', 'LOC_ABILITY_ADJUST_DAMAGE_8_DESCRIPTION', '1', '1'),
('ABILITY_MIND_ADJUST_DAMAGE_16', 'LOC_ABILITY_ADJUST_DAMAGE_8_NAME', 'LOC_ABILITY_ADJUST_DAMAGE_8_DESCRIPTION', '1', '1'),
('ABILITY_MIND_ADJUST_DAMAGE_32', 'LOC_ABILITY_ADJUST_DAMAGE_8_NAME', 'LOC_ABILITY_ADJUST_DAMAGE_8_DESCRIPTION', '1', '1'),
('ABILITY_MIND_ADJUST_DAMAGE_64', 'LOC_ABILITY_ADJUST_DAMAGE_8_NAME', 'LOC_ABILITY_ADJUST_DAMAGE_8_DESCRIPTION', '1', '1'),
('ABILITY_NATURE_ADJUST_DAMAGE_4', 'LOC_ABILITY_ADJUST_DAMAGE_4_NAME', 'LOC_ABILITY_ADJUST_DAMAGE_4_DESCRIPTION', '1', '1'),
('ABILITY_NATURE_ADJUST_DAMAGE_8', 'LOC_ABILITY_ADJUST_DAMAGE_8_NAME', 'LOC_ABILITY_ADJUST_DAMAGE_8_DESCRIPTION', '1', '1'),
('ABILITY_NATURE_ADJUST_DAMAGE_16', 'LOC_ABILITY_ADJUST_DAMAGE_8_NAME', 'LOC_ABILITY_ADJUST_DAMAGE_8_DESCRIPTION', '1', '1'),
('ABILITY_NATURE_ADJUST_DAMAGE_32', 'LOC_ABILITY_ADJUST_DAMAGE_8_NAME', 'LOC_ABILITY_ADJUST_DAMAGE_8_DESCRIPTION', '1', '1'),
('ABILITY_NATURE_ADJUST_DAMAGE_64', 'LOC_ABILITY_ADJUST_DAMAGE_8_NAME', 'LOC_ABILITY_ADJUST_DAMAGE_8_DESCRIPTION', '1', '1'),
('ABILITY_SHADOW_ADJUST_DAMAGE_4', 'LOC_ABILITY_ADJUST_DAMAGE_4_NAME', 'LOC_ABILITY_ADJUST_DAMAGE_4_DESCRIPTION', '1', '1'),
('ABILITY_SHADOW_ADJUST_DAMAGE_8', 'LOC_ABILITY_ADJUST_DAMAGE_8_NAME', 'LOC_ABILITY_ADJUST_DAMAGE_8_DESCRIPTION', '1', '1'),
('ABILITY_SHADOW_ADJUST_DAMAGE_16', 'LOC_ABILITY_ADJUST_DAMAGE_8_NAME', 'LOC_ABILITY_ADJUST_DAMAGE_8_DESCRIPTION', '1', '1'),
('ABILITY_SHADOW_ADJUST_DAMAGE_32', 'LOC_ABILITY_ADJUST_DAMAGE_8_NAME', 'LOC_ABILITY_ADJUST_DAMAGE_8_DESCRIPTION', '1', '1'),
('ABILITY_SHADOW_ADJUST_DAMAGE_64', 'LOC_ABILITY_ADJUST_DAMAGE_8_NAME', 'LOC_ABILITY_ADJUST_DAMAGE_8_DESCRIPTION', '1', '1'),
('ABILITY_SPIRIT_ADJUST_DAMAGE_4', 'LOC_ABILITY_ADJUST_DAMAGE_4_NAME', 'LOC_ABILITY_ADJUST_DAMAGE_4_DESCRIPTION', '1', '1'),
('ABILITY_SPIRIT_ADJUST_DAMAGE_8', 'LOC_ABILITY_ADJUST_DAMAGE_8_NAME', 'LOC_ABILITY_ADJUST_DAMAGE_8_DESCRIPTION', '1', '1'),
('ABILITY_SPIRIT_ADJUST_DAMAGE_16', 'LOC_ABILITY_ADJUST_DAMAGE_8_NAME', 'LOC_ABILITY_ADJUST_DAMAGE_8_DESCRIPTION', '1', '1'),
('ABILITY_SPIRIT_ADJUST_DAMAGE_32', 'LOC_ABILITY_ADJUST_DAMAGE_8_NAME', 'LOC_ABILITY_ADJUST_DAMAGE_8_DESCRIPTION', '1', '1'),
('ABILITY_SPIRIT_ADJUST_DAMAGE_64', 'LOC_ABILITY_ADJUST_DAMAGE_8_NAME', 'LOC_ABILITY_ADJUST_DAMAGE_8_DESCRIPTION', '1', '1'),
('ABILITY_SUN_ADJUST_DAMAGE_4', 'LOC_ABILITY_ADJUST_DAMAGE_4_NAME', 'LOC_ABILITY_ADJUST_DAMAGE_4_DESCRIPTION', '1', '1'),
('ABILITY_SUN_ADJUST_DAMAGE_8', 'LOC_ABILITY_ADJUST_DAMAGE_8_NAME', 'LOC_ABILITY_ADJUST_DAMAGE_8_DESCRIPTION', '1', '1'),
('ABILITY_SUN_ADJUST_DAMAGE_16', 'LOC_ABILITY_ADJUST_DAMAGE_8_NAME', 'LOC_ABILITY_ADJUST_DAMAGE_8_DESCRIPTION', '1', '1'),
('ABILITY_SUN_ADJUST_DAMAGE_32', 'LOC_ABILITY_ADJUST_DAMAGE_8_NAME', 'LOC_ABILITY_ADJUST_DAMAGE_8_DESCRIPTION', '1', '1'),
('ABILITY_SUN_ADJUST_DAMAGE_64', 'LOC_ABILITY_ADJUST_DAMAGE_8_NAME', 'LOC_ABILITY_ADJUST_DAMAGE_8_DESCRIPTION', '1', '1'),
('ABILITY_WATER_ADJUST_DAMAGE_4', 'LOC_ABILITY_ADJUST_DAMAGE_4_NAME', 'LOC_ABILITY_ADJUST_DAMAGE_4_DESCRIPTION', '1', '1'),
('ABILITY_WATER_ADJUST_DAMAGE_8', 'LOC_ABILITY_ADJUST_DAMAGE_8_NAME', 'LOC_ABILITY_ADJUST_DAMAGE_8_DESCRIPTION', '1', '1'),
('ABILITY_WATER_ADJUST_DAMAGE_16', 'LOC_ABILITY_ADJUST_DAMAGE_8_NAME', 'LOC_ABILITY_ADJUST_DAMAGE_8_DESCRIPTION', '1', '1'),
('ABILITY_WATER_ADJUST_DAMAGE_32', 'LOC_ABILITY_ADJUST_DAMAGE_8_NAME', 'LOC_ABILITY_ADJUST_DAMAGE_8_DESCRIPTION', '1', '1'),
('ABILITY_WATER_ADJUST_DAMAGE_64', 'LOC_ABILITY_ADJUST_DAMAGE_8_NAME', 'LOC_ABILITY_ADJUST_DAMAGE_8_DESCRIPTION', '1', '1');

INSERT INTO UnitAbilityModifiers(UnitAbilityType, ModifierId) VALUES
('ABILITY_AIR_ADJUST_DAMAGE_4', 'MODIFIER_PROMOTION_COMBAT1'),
('ABILITY_AIR_ADJUST_DAMAGE_8', 'AFFINITY_STRENGTH_8'),
('ABILITY_AIR_ADJUST_DAMAGE_16', 'AFFINITY_STRENGTH_16'),
('ABILITY_AIR_ADJUST_DAMAGE_32', 'AFFINITY_STRENGTH_32'),
('ABILITY_AIR_ADJUST_DAMAGE_64', 'AFFINITY_STRENGTH_64'),
('ABILITY_BODY_ADJUST_DAMAGE_4', 'MODIFIER_PROMOTION_COMBAT1'),
('ABILITY_BODY_ADJUST_DAMAGE_8', 'AFFINITY_STRENGTH_8'),
('ABILITY_BODY_ADJUST_DAMAGE_16', 'AFFINITY_STRENGTH_16'),
('ABILITY_BODY_ADJUST_DAMAGE_32', 'AFFINITY_STRENGTH_32'),
('ABILITY_BODY_ADJUST_DAMAGE_64', 'AFFINITY_STRENGTH_64'),
('ABILITY_CHAOS_ADJUST_DAMAGE_4', 'MODIFIER_PROMOTION_COMBAT1'),
('ABILITY_CHAOS_ADJUST_DAMAGE_8', 'AFFINITY_STRENGTH_8'),
('ABILITY_CHAOS_ADJUST_DAMAGE_16', 'AFFINITY_STRENGTH_16'),
('ABILITY_CHAOS_ADJUST_DAMAGE_32', 'AFFINITY_STRENGTH_32'),
('ABILITY_CHAOS_ADJUST_DAMAGE_64', 'AFFINITY_STRENGTH_64'),
('ABILITY_DEATH_ADJUST_DAMAGE_4', 'MODIFIER_PROMOTION_COMBAT1'),
('ABILITY_DEATH_ADJUST_DAMAGE_8', 'AFFINITY_STRENGTH_8'),
('ABILITY_DEATH_ADJUST_DAMAGE_16', 'AFFINITY_STRENGTH_16'),
('ABILITY_DEATH_ADJUST_DAMAGE_32', 'AFFINITY_STRENGTH_32'),
('ABILITY_DEATH_ADJUST_DAMAGE_64', 'AFFINITY_STRENGTH_64'),
('ABILITY_EARTH_ADJUST_DAMAGE_4', 'MODIFIER_PROMOTION_COMBAT1'),
('ABILITY_EARTH_ADJUST_DAMAGE_8', 'AFFINITY_STRENGTH_8'),
('ABILITY_EARTH_ADJUST_DAMAGE_16', 'AFFINITY_STRENGTH_16'),
('ABILITY_EARTH_ADJUST_DAMAGE_32', 'AFFINITY_STRENGTH_32'),
('ABILITY_EARTH_ADJUST_DAMAGE_64', 'AFFINITY_STRENGTH_64'),
('ABILITY_ENCHANTMENT_ADJUST_DAMAGE_4', 'MODIFIER_PROMOTION_COMBAT1'),
('ABILITY_ENCHANTMENT_ADJUST_DAMAGE_8', 'AFFINITY_STRENGTH_8'),
('ABILITY_ENCHANTMENT_ADJUST_DAMAGE_16', 'AFFINITY_STRENGTH_16'),
('ABILITY_ENCHANTMENT_ADJUST_DAMAGE_32', 'AFFINITY_STRENGTH_32'),
('ABILITY_ENCHANTMENT_ADJUST_DAMAGE_64', 'AFFINITY_STRENGTH_64'),
('ABILITY_ENTROPY_ADJUST_DAMAGE_4', 'MODIFIER_PROMOTION_COMBAT1'),
('ABILITY_ENTROPY_ADJUST_DAMAGE_8', 'AFFINITY_STRENGTH_8'),
('ABILITY_ENTROPY_ADJUST_DAMAGE_16', 'AFFINITY_STRENGTH_16'),
('ABILITY_ENTROPY_ADJUST_DAMAGE_32', 'AFFINITY_STRENGTH_32'),
('ABILITY_ENTROPY_ADJUST_DAMAGE_64', 'AFFINITY_STRENGTH_64'),
('ABILITY_FIRE_ADJUST_DAMAGE_4', 'MODIFIER_PROMOTION_COMBAT1'),
('ABILITY_FIRE_ADJUST_DAMAGE_8', 'AFFINITY_STRENGTH_8'),
('ABILITY_FIRE_ADJUST_DAMAGE_16', 'AFFINITY_STRENGTH_16'),
('ABILITY_FIRE_ADJUST_DAMAGE_32', 'AFFINITY_STRENGTH_32'),
('ABILITY_FIRE_ADJUST_DAMAGE_64', 'AFFINITY_STRENGTH_64'),
('ABILITY_ICE_ADJUST_DAMAGE_4', 'MODIFIER_PROMOTION_COMBAT1'),
('ABILITY_ICE_ADJUST_DAMAGE_8', 'AFFINITY_STRENGTH_8'),
('ABILITY_ICE_ADJUST_DAMAGE_16', 'AFFINITY_STRENGTH_16'),
('ABILITY_ICE_ADJUST_DAMAGE_32', 'AFFINITY_STRENGTH_32'),
('ABILITY_ICE_ADJUST_DAMAGE_64', 'AFFINITY_STRENGTH_64'),
('ABILITY_LAW_ADJUST_DAMAGE_4', 'MODIFIER_PROMOTION_COMBAT1'),
('ABILITY_LAW_ADJUST_DAMAGE_8', 'AFFINITY_STRENGTH_8'),
('ABILITY_LAW_ADJUST_DAMAGE_16', 'AFFINITY_STRENGTH_16'),
('ABILITY_LAW_ADJUST_DAMAGE_32', 'AFFINITY_STRENGTH_32'),
('ABILITY_LAW_ADJUST_DAMAGE_64', 'AFFINITY_STRENGTH_64'),
('ABILITY_LIFE_ADJUST_DAMAGE_4', 'MODIFIER_PROMOTION_COMBAT1'),
('ABILITY_LIFE_ADJUST_DAMAGE_8', 'AFFINITY_STRENGTH_8'),
('ABILITY_LIFE_ADJUST_DAMAGE_16', 'AFFINITY_STRENGTH_16'),
('ABILITY_LIFE_ADJUST_DAMAGE_32', 'AFFINITY_STRENGTH_32'),
('ABILITY_LIFE_ADJUST_DAMAGE_64', 'AFFINITY_STRENGTH_64'),
('ABILITY_METAMAGIC_ADJUST_DAMAGE_4', 'MODIFIER_PROMOTION_COMBAT1'),
('ABILITY_METAMAGIC_ADJUST_DAMAGE_8', 'AFFINITY_STRENGTH_8'),
('ABILITY_METAMAGIC_ADJUST_DAMAGE_16', 'AFFINITY_STRENGTH_16'),
('ABILITY_METAMAGIC_ADJUST_DAMAGE_32', 'AFFINITY_STRENGTH_32'),
('ABILITY_METAMAGIC_ADJUST_DAMAGE_64', 'AFFINITY_STRENGTH_64'),
('ABILITY_MIND_ADJUST_DAMAGE_4', 'MODIFIER_PROMOTION_COMBAT1'),
('ABILITY_MIND_ADJUST_DAMAGE_8', 'AFFINITY_STRENGTH_8'),
('ABILITY_MIND_ADJUST_DAMAGE_16', 'AFFINITY_STRENGTH_16'),
('ABILITY_MIND_ADJUST_DAMAGE_32', 'AFFINITY_STRENGTH_32'),
('ABILITY_MIND_ADJUST_DAMAGE_64', 'AFFINITY_STRENGTH_64'),
('ABILITY_NATURE_ADJUST_DAMAGE_4', 'MODIFIER_PROMOTION_COMBAT1'),
('ABILITY_NATURE_ADJUST_DAMAGE_8', 'AFFINITY_STRENGTH_8'),
('ABILITY_NATURE_ADJUST_DAMAGE_16', 'AFFINITY_STRENGTH_16'),
('ABILITY_NATURE_ADJUST_DAMAGE_32', 'AFFINITY_STRENGTH_32'),
('ABILITY_NATURE_ADJUST_DAMAGE_64', 'AFFINITY_STRENGTH_64'),
('ABILITY_SHADOW_ADJUST_DAMAGE_4', 'MODIFIER_PROMOTION_COMBAT1'),
('ABILITY_SHADOW_ADJUST_DAMAGE_8', 'AFFINITY_STRENGTH_8'),
('ABILITY_SHADOW_ADJUST_DAMAGE_16', 'AFFINITY_STRENGTH_16'),
('ABILITY_SHADOW_ADJUST_DAMAGE_32', 'AFFINITY_STRENGTH_32'),
('ABILITY_SHADOW_ADJUST_DAMAGE_64', 'AFFINITY_STRENGTH_64'),
('ABILITY_SPIRIT_ADJUST_DAMAGE_4', 'MODIFIER_PROMOTION_COMBAT1'),
('ABILITY_SPIRIT_ADJUST_DAMAGE_8', 'AFFINITY_STRENGTH_8'),
('ABILITY_SPIRIT_ADJUST_DAMAGE_16', 'AFFINITY_STRENGTH_16'),
('ABILITY_SPIRIT_ADJUST_DAMAGE_32', 'AFFINITY_STRENGTH_32'),
('ABILITY_SPIRIT_ADJUST_DAMAGE_64', 'AFFINITY_STRENGTH_64'),
('ABILITY_SUN_ADJUST_DAMAGE_4', 'MODIFIER_PROMOTION_COMBAT1'),
('ABILITY_SUN_ADJUST_DAMAGE_8', 'AFFINITY_STRENGTH_8'),
('ABILITY_SUN_ADJUST_DAMAGE_16', 'AFFINITY_STRENGTH_16'),
('ABILITY_SUN_ADJUST_DAMAGE_32', 'AFFINITY_STRENGTH_32'),
('ABILITY_SUN_ADJUST_DAMAGE_64', 'AFFINITY_STRENGTH_64'),
('ABILITY_WATER_ADJUST_DAMAGE_4', 'MODIFIER_PROMOTION_COMBAT1'),
('ABILITY_WATER_ADJUST_DAMAGE_8', 'AFFINITY_STRENGTH_8'),
('ABILITY_WATER_ADJUST_DAMAGE_16', 'AFFINITY_STRENGTH_16'),
('ABILITY_WATER_ADJUST_DAMAGE_32', 'AFFINITY_STRENGTH_32'),
('ABILITY_WATER_ADJUST_DAMAGE_64', 'AFFINITY_STRENGTH_64');
INSERT INTO TypeTags(Type, Tag) VALUES
('ABILITY_AIR_ADJUST_DAMAGE_4', 'CLASS_AFFINITY_AIR'),
('ABILITY_AIR_ADJUST_DAMAGE_8', 'CLASS_AFFINITY_AIR'),
('ABILITY_AIR_ADJUST_DAMAGE_16', 'CLASS_AFFINITY_AIR'),
('ABILITY_AIR_ADJUST_DAMAGE_32', 'CLASS_AFFINITY_AIR'),
('ABILITY_AIR_ADJUST_DAMAGE_64', 'CLASS_AFFINITY_AIR'),
-- ('ABILITY_BODY_ADJUST_DAMAGE_4', 'CLASS_AFFINITY_BODY'),
-- ('ABILITY_BODY_ADJUST_DAMAGE_8', 'CLASS_AFFINITY_BODY'),
-- ('ABILITY_BODY_ADJUST_DAMAGE_16', 'CLASS_AFFINITY_BODY'),
-- ('ABILITY_BODY_ADJUST_DAMAGE_32', 'CLASS_AFFINITY_BODY'),
-- ('ABILITY_BODY_ADJUST_DAMAGE_64', 'CLASS_AFFINITY_BODY'),
-- ('ABILITY_CHAOS_ADJUST_DAMAGE_4', 'CLASS_AFFINITY_CHAOS'),
-- ('ABILITY_CHAOS_ADJUST_DAMAGE_8', 'CLASS_AFFINITY_CHAOS'),
-- ('ABILITY_CHAOS_ADJUST_DAMAGE_16', 'CLASS_AFFINITY_CHAOS'),
-- ('ABILITY_CHAOS_ADJUST_DAMAGE_32', 'CLASS_AFFINITY_CHAOS'),
-- ('ABILITY_CHAOS_ADJUST_DAMAGE_64', 'CLASS_AFFINITY_CHAOS'),
('ABILITY_DEATH_ADJUST_DAMAGE_4', 'CLASS_AFFINITY_DEATH'),
('ABILITY_DEATH_ADJUST_DAMAGE_8', 'CLASS_AFFINITY_DEATH'),
('ABILITY_DEATH_ADJUST_DAMAGE_16', 'CLASS_AFFINITY_DEATH'),
('ABILITY_DEATH_ADJUST_DAMAGE_32', 'CLASS_AFFINITY_DEATH'),
('ABILITY_DEATH_ADJUST_DAMAGE_64', 'CLASS_AFFINITY_DEATH'),
('ABILITY_EARTH_ADJUST_DAMAGE_4', 'CLASS_AFFINITY_EARTH'),
('ABILITY_EARTH_ADJUST_DAMAGE_8', 'CLASS_AFFINITY_EARTH'),
('ABILITY_EARTH_ADJUST_DAMAGE_16', 'CLASS_AFFINITY_EARTH'),
('ABILITY_EARTH_ADJUST_DAMAGE_32', 'CLASS_AFFINITY_EARTH'),
('ABILITY_EARTH_ADJUST_DAMAGE_64', 'CLASS_AFFINITY_EARTH'),
-- ('ABILITY_ENCHANTMENT_ADJUST_DAMAGE_4', 'CLASS_AFFINITY_ENCHANTMENT'),
-- ('ABILITY_ENCHANTMENT_ADJUST_DAMAGE_8', 'CLASS_AFFINITY_ENCHANTMENT'),
-- ('ABILITY_ENCHANTMENT_ADJUST_DAMAGE_16', 'CLASS_AFFINITY_ENCHANTMENT'),
-- ('ABILITY_ENCHANTMENT_ADJUST_DAMAGE_32', 'CLASS_AFFINITY_ENCHANTMENT'),
-- ('ABILITY_ENCHANTMENT_ADJUST_DAMAGE_64', 'CLASS_AFFINITY_ENCHANTMENT'),
-- ('ABILITY_ENTROPY_ADJUST_DAMAGE_4', 'CLASS_AFFINITY_ENTROPY'),
-- ('ABILITY_ENTROPY_ADJUST_DAMAGE_8', 'CLASS_AFFINITY_ENTROPY'),
-- ('ABILITY_ENTROPY_ADJUST_DAMAGE_16', 'CLASS_AFFINITY_ENTROPY'),
-- ('ABILITY_ENTROPY_ADJUST_DAMAGE_32', 'CLASS_AFFINITY_ENTROPY'),
-- ('ABILITY_ENTROPY_ADJUST_DAMAGE_64', 'CLASS_AFFINITY_ENTROPY'),
('ABILITY_FIRE_ADJUST_DAMAGE_4', 'CLASS_AFFINITY_FIRE'),
('ABILITY_FIRE_ADJUST_DAMAGE_8', 'CLASS_AFFINITY_FIRE'),
('ABILITY_FIRE_ADJUST_DAMAGE_16', 'CLASS_AFFINITY_FIRE'),
('ABILITY_FIRE_ADJUST_DAMAGE_32', 'CLASS_AFFINITY_FIRE'),
('ABILITY_FIRE_ADJUST_DAMAGE_64', 'CLASS_AFFINITY_FIRE'),
('ABILITY_ICE_ADJUST_DAMAGE_4', 'CLASS_AFFINITY_ICE'),
('ABILITY_ICE_ADJUST_DAMAGE_8', 'CLASS_AFFINITY_ICE'),
('ABILITY_ICE_ADJUST_DAMAGE_16', 'CLASS_AFFINITY_ICE'),
('ABILITY_ICE_ADJUST_DAMAGE_32', 'CLASS_AFFINITY_ICE'),
('ABILITY_ICE_ADJUST_DAMAGE_64', 'CLASS_AFFINITY_ICE'),
-- ('ABILITY_LAW_ADJUST_DAMAGE_4', 'CLASS_AFFINITY_LAW'),
-- ('ABILITY_LAW_ADJUST_DAMAGE_8', 'CLASS_AFFINITY_LAW'),
-- ('ABILITY_LAW_ADJUST_DAMAGE_16', 'CLASS_AFFINITY_LAW'),
-- ('ABILITY_LAW_ADJUST_DAMAGE_32', 'CLASS_AFFINITY_LAW'),
-- ('ABILITY_LAW_ADJUST_DAMAGE_64', 'CLASS_AFFINITY_LAW'),
-- ('ABILITY_LIFE_ADJUST_DAMAGE_4', 'CLASS_AFFINITY_LIFE'),
-- ('ABILITY_LIFE_ADJUST_DAMAGE_8', 'CLASS_AFFINITY_LIFE'),
-- ('ABILITY_LIFE_ADJUST_DAMAGE_16', 'CLASS_AFFINITY_LIFE'),
-- ('ABILITY_LIFE_ADJUST_DAMAGE_32', 'CLASS_AFFINITY_LIFE'),
-- ('ABILITY_LIFE_ADJUST_DAMAGE_64', 'CLASS_AFFINITY_LIFE'),
-- ('ABILITY_METAMAGIC_ADJUST_DAMAGE_4', 'CLASS_AFFINITY_METAMAGIC'),
-- ('ABILITY_METAMAGIC_ADJUST_DAMAGE_8', 'CLASS_AFFINITY_METAMAGIC'),
-- ('ABILITY_METAMAGIC_ADJUST_DAMAGE_16', 'CLASS_AFFINITY_METAMAGIC'),
-- ('ABILITY_METAMAGIC_ADJUST_DAMAGE_32', 'CLASS_AFFINITY_METAMAGIC'),
-- ('ABILITY_METAMAGIC_ADJUST_DAMAGE_64', 'CLASS_AFFINITY_METAMAGIC'),
-- ('ABILITY_MIND_ADJUST_DAMAGE_4', 'CLASS_AFFINITY_MIND'),
-- ('ABILITY_MIND_ADJUST_DAMAGE_8', 'CLASS_AFFINITY_MIND'),
-- ('ABILITY_MIND_ADJUST_DAMAGE_16', 'CLASS_AFFINITY_MIND'),
-- ('ABILITY_MIND_ADJUST_DAMAGE_32', 'CLASS_AFFINITY_MIND'),
-- ('ABILITY_MIND_ADJUST_DAMAGE_64', 'CLASS_AFFINITY_MIND'),
('ABILITY_NATURE_ADJUST_DAMAGE_4', 'CLASS_AFFINITY_NATURE'),
('ABILITY_NATURE_ADJUST_DAMAGE_8', 'CLASS_AFFINITY_NATURE'),
('ABILITY_NATURE_ADJUST_DAMAGE_16', 'CLASS_AFFINITY_NATURE'),
('ABILITY_NATURE_ADJUST_DAMAGE_32', 'CLASS_AFFINITY_NATURE'),
('ABILITY_NATURE_ADJUST_DAMAGE_8', 'CLASS_AFFINITY_NATURE_2'),
('ABILITY_NATURE_ADJUST_DAMAGE_16', 'CLASS_AFFINITY_NATURE_2'),
('ABILITY_NATURE_ADJUST_DAMAGE_32', 'CLASS_AFFINITY_NATURE_2'),
('ABILITY_NATURE_ADJUST_DAMAGE_64', 'CLASS_AFFINITY_NATURE_2'),
('ABILITY_SHADOW_ADJUST_DAMAGE_4', 'CLASS_AFFINITY_SHADOW'),
('ABILITY_SHADOW_ADJUST_DAMAGE_8', 'CLASS_AFFINITY_SHADOW'),
('ABILITY_SHADOW_ADJUST_DAMAGE_16', 'CLASS_AFFINITY_SHADOW'),
('ABILITY_SHADOW_ADJUST_DAMAGE_32', 'CLASS_AFFINITY_SHADOW'),
('ABILITY_SHADOW_ADJUST_DAMAGE_64', 'CLASS_AFFINITY_SHADOW'),
-- ('ABILITY_SPIRIT_ADJUST_DAMAGE_4', 'CLASS_AFFINITY_SPIRIT'),
-- ('ABILITY_SPIRIT_ADJUST_DAMAGE_8', 'CLASS_AFFINITY_SPIRIT'),
-- ('ABILITY_SPIRIT_ADJUST_DAMAGE_16', 'CLASS_AFFINITY_SPIRIT'),
-- ('ABILITY_SPIRIT_ADJUST_DAMAGE_32', 'CLASS_AFFINITY_SPIRIT'),
-- ('ABILITY_SPIRIT_ADJUST_DAMAGE_64', 'CLASS_AFFINITY_SPIRIT'),
('ABILITY_SUN_ADJUST_DAMAGE_4', 'CLASS_AFFINITY_SUN_2'),
('ABILITY_SUN_ADJUST_DAMAGE_8', 'CLASS_AFFINITY_SUN_2'),
('ABILITY_SUN_ADJUST_DAMAGE_16', 'CLASS_AFFINITY_SUN_2'),
('ABILITY_SUN_ADJUST_DAMAGE_32', 'CLASS_AFFINITY_SUN_2'),
('ABILITY_SUN_ADJUST_DAMAGE_64', 'CLASS_AFFINITY_SUN_2'),
('ABILITY_WATER_ADJUST_DAMAGE_4', 'CLASS_AFFINITY_WATER'),
('ABILITY_WATER_ADJUST_DAMAGE_8', 'CLASS_AFFINITY_WATER'),
('ABILITY_WATER_ADJUST_DAMAGE_16', 'CLASS_AFFINITY_WATER'),
('ABILITY_WATER_ADJUST_DAMAGE_32', 'CLASS_AFFINITY_WATER'),
('ABILITY_WATER_ADJUST_DAMAGE_64', 'CLASS_AFFINITY_WATER'),
('ABILITY_AIR_ADJUST_DAMAGE_4', 'CLASS_ALL_AFFINITIES'),
('ABILITY_AIR_ADJUST_DAMAGE_8', 'CLASS_ALL_AFFINITIES'),
('ABILITY_AIR_ADJUST_DAMAGE_16', 'CLASS_ALL_AFFINITIES'),
('ABILITY_AIR_ADJUST_DAMAGE_32', 'CLASS_ALL_AFFINITIES'),
('ABILITY_BODY_ADJUST_DAMAGE_4', 'CLASS_ALL_AFFINITIES'),
('ABILITY_BODY_ADJUST_DAMAGE_8', 'CLASS_ALL_AFFINITIES'),
('ABILITY_BODY_ADJUST_DAMAGE_16','CLASS_ALL_AFFINITIES'),
('ABILITY_BODY_ADJUST_DAMAGE_32','CLASS_ALL_AFFINITIES'),
('ABILITY_CHAOS_ADJUST_DAMAGE_4','CLASS_ALL_AFFINITIES'),
('ABILITY_CHAOS_ADJUST_DAMAGE_8','CLASS_ALL_AFFINITIES'),
('ABILITY_CHAOS_ADJUST_DAMAGE_16','CLASS_ALL_AFFINITIES'),
('ABILITY_CHAOS_ADJUST_DAMAGE_32','CLASS_ALL_AFFINITIES'),
('ABILITY_DEATH_ADJUST_DAMAGE_4','CLASS_ALL_AFFINITIES'),
('ABILITY_DEATH_ADJUST_DAMAGE_8','CLASS_ALL_AFFINITIES'),
('ABILITY_DEATH_ADJUST_DAMAGE_16','CLASS_ALL_AFFINITIES'),
('ABILITY_DEATH_ADJUST_DAMAGE_32','CLASS_ALL_AFFINITIES'),
('ABILITY_EARTH_ADJUST_DAMAGE_4','CLASS_ALL_AFFINITIES'),
('ABILITY_EARTH_ADJUST_DAMAGE_8','CLASS_ALL_AFFINITIES'),
('ABILITY_EARTH_ADJUST_DAMAGE_16','CLASS_ALL_AFFINITIES'),
('ABILITY_EARTH_ADJUST_DAMAGE_32','CLASS_ALL_AFFINITIES'),
('ABILITY_ENCHANTMENT_ADJUST_DAMAGE_4','CLASS_ALL_AFFINITIES'),
('ABILITY_ENCHANTMENT_ADJUST_DAMAGE_8','CLASS_ALL_AFFINITIES'),
('ABILITY_ENCHANTMENT_ADJUST_DAMAGE_16','CLASS_ALL_AFFINITIES'),
('ABILITY_ENCHANTMENT_ADJUST_DAMAGE_32','CLASS_ALL_AFFINITIES'),
('ABILITY_ENTROPY_ADJUST_DAMAGE_4','CLASS_ALL_AFFINITIES'),
('ABILITY_ENTROPY_ADJUST_DAMAGE_8','CLASS_ALL_AFFINITIES'),
('ABILITY_ENTROPY_ADJUST_DAMAGE_16','CLASS_ALL_AFFINITIES'),
('ABILITY_ENTROPY_ADJUST_DAMAGE_32','CLASS_ALL_AFFINITIES'),
('ABILITY_FIRE_ADJUST_DAMAGE_4','CLASS_ALL_AFFINITIES'),
('ABILITY_FIRE_ADJUST_DAMAGE_8','CLASS_ALL_AFFINITIES'),
('ABILITY_FIRE_ADJUST_DAMAGE_16','CLASS_ALL_AFFINITIES'),
('ABILITY_FIRE_ADJUST_DAMAGE_32','CLASS_ALL_AFFINITIES'),
('ABILITY_ICE_ADJUST_DAMAGE_4','CLASS_ALL_AFFINITIES'),
('ABILITY_ICE_ADJUST_DAMAGE_8','CLASS_ALL_AFFINITIES'),
('ABILITY_ICE_ADJUST_DAMAGE_16','CLASS_ALL_AFFINITIES'),
('ABILITY_ICE_ADJUST_DAMAGE_32','CLASS_ALL_AFFINITIES'),
('ABILITY_LAW_ADJUST_DAMAGE_4','CLASS_ALL_AFFINITIES'),
('ABILITY_LAW_ADJUST_DAMAGE_8','CLASS_ALL_AFFINITIES'),
('ABILITY_LAW_ADJUST_DAMAGE_16','CLASS_ALL_AFFINITIES'),
('ABILITY_LAW_ADJUST_DAMAGE_32','CLASS_ALL_AFFINITIES'),
('ABILITY_LIFE_ADJUST_DAMAGE_4','CLASS_ALL_AFFINITIES'),
('ABILITY_LIFE_ADJUST_DAMAGE_8','CLASS_ALL_AFFINITIES'),
('ABILITY_LIFE_ADJUST_DAMAGE_16','CLASS_ALL_AFFINITIES'),
('ABILITY_LIFE_ADJUST_DAMAGE_32','CLASS_ALL_AFFINITIES'),
('ABILITY_METAMAGIC_ADJUST_DAMAGE_4','CLASS_ALL_AFFINITIES'),
('ABILITY_METAMAGIC_ADJUST_DAMAGE_8','CLASS_ALL_AFFINITIES'),
('ABILITY_METAMAGIC_ADJUST_DAMAGE_16','CLASS_ALL_AFFINITIES'),
('ABILITY_METAMAGIC_ADJUST_DAMAGE_32','CLASS_ALL_AFFINITIES'),
('ABILITY_MIND_ADJUST_DAMAGE_4','CLASS_ALL_AFFINITIES'),
('ABILITY_MIND_ADJUST_DAMAGE_8','CLASS_ALL_AFFINITIES'),
('ABILITY_MIND_ADJUST_DAMAGE_16','CLASS_ALL_AFFINITIES'),
('ABILITY_MIND_ADJUST_DAMAGE_32','CLASS_ALL_AFFINITIES'),
('ABILITY_NATURE_ADJUST_DAMAGE_4','CLASS_ALL_AFFINITIES'),
('ABILITY_NATURE_ADJUST_DAMAGE_8','CLASS_ALL_AFFINITIES'),
('ABILITY_NATURE_ADJUST_DAMAGE_16','CLASS_ALL_AFFINITIES'),
('ABILITY_NATURE_ADJUST_DAMAGE_32','CLASS_ALL_AFFINITIES'),
('ABILITY_SHADOW_ADJUST_DAMAGE_4','CLASS_ALL_AFFINITIES'),
('ABILITY_SHADOW_ADJUST_DAMAGE_8','CLASS_ALL_AFFINITIES'),
('ABILITY_SHADOW_ADJUST_DAMAGE_16','CLASS_ALL_AFFINITIES'),
('ABILITY_SHADOW_ADJUST_DAMAGE_32','CLASS_ALL_AFFINITIES'),
('ABILITY_SPIRIT_ADJUST_DAMAGE_4','CLASS_ALL_AFFINITIES'),
('ABILITY_SPIRIT_ADJUST_DAMAGE_8','CLASS_ALL_AFFINITIES'),
('ABILITY_SPIRIT_ADJUST_DAMAGE_16','CLASS_ALL_AFFINITIES'),
('ABILITY_SPIRIT_ADJUST_DAMAGE_32','CLASS_ALL_AFFINITIES'),
('ABILITY_SUN_ADJUST_DAMAGE_4','CLASS_ALL_AFFINITIES'),
('ABILITY_SUN_ADJUST_DAMAGE_8','CLASS_ALL_AFFINITIES'),
('ABILITY_SUN_ADJUST_DAMAGE_16','CLASS_ALL_AFFINITIES'),
('ABILITY_SUN_ADJUST_DAMAGE_32','CLASS_ALL_AFFINITIES'),
('ABILITY_WATER_ADJUST_DAMAGE_4','CLASS_ALL_AFFINITIES'),
('ABILITY_WATER_ADJUST_DAMAGE_8','CLASS_ALL_AFFINITIES'),
('ABILITY_WATER_ADJUST_DAMAGE_16','CLASS_ALL_AFFINITIES'),
('ABILITY_WATER_ADJUST_DAMAGE_32','CLASS_ALL_AFFINITIES');

INSERT INTO Modifiers(ModifierId, ModifierType) VALUES
('AFFINITY_STRENGTH_8', 'MODIFIER_UNIT_ADJUST_COMBAT_STRENGTH'),
('AFFINITY_STRENGTH_16', 'MODIFIER_UNIT_ADJUST_COMBAT_STRENGTH'),
('AFFINITY_STRENGTH_32', 'MODIFIER_UNIT_ADJUST_COMBAT_STRENGTH'),
('AFFINITY_STRENGTH_64', 'MODIFIER_UNIT_ADJUST_COMBAT_STRENGTH');


INSERT INTO ModifierArguments(ModifierId, Name, Value) VALUES
('AFFINITY_STRENGTH_8', 'Amount', '8'),
('AFFINITY_STRENGTH_16', 'Amount', '16'),
('AFFINITY_STRENGTH_32', 'Amount', '32'),
('AFFINITY_STRENGTH_64', 'Amount', '64');

INSERT INTO ModifierStrings(ModifierId, Context, Text) VALUES
('AFFINITY_STRENGTH_8', 'Preview', 'LOC_AFFINITY_8_DESCRIPTION'),
('AFFINITY_STRENGTH_16', 'Preview', 'LOC_AFFINITY_16_DESCRIPTION'),
('AFFINITY_STRENGTH_32', 'Preview', 'LOC_AFFINITY_32_DESCRIPTION'),
('AFFINITY_STRENGTH_64', 'Preview', 'LOC_AFFINITY_64_DESCRIPTION');

INSERT INTO Tags(Tag, Vocabulary) VALUES
('CLASS_AFFINITY_AIR', 'ABILITY_CLASS'),
('CLASS_AFFINITY_DEATH', 'ABILITY_CLASS'),
('CLASS_AFFINITY_EARTH', 'ABILITY_CLASS'),
('CLASS_AFFINITY_FIRE', 'ABILITY_CLASS'),
('CLASS_AFFINITY_ICE', 'ABILITY_CLASS'),
('CLASS_AFFINITY_NATURE', 'ABILITY_CLASS'),
('CLASS_AFFINITY_NATURE_2', 'ABILITY_CLASS'),
('CLASS_AFFINITY_SHADOW', 'ABILITY_CLASS'),
('CLASS_AFFINITY_SUN_2', 'ABILITY_CLASS'),
('CLASS_AFFINITY_BANANA', 'ABILITY_CLASS'),
('CLASS_AFFINITY_WATER', 'ABILITY_CLASS'),
('CLASS_ALL_AFFINITIES', 'ABILITY_CLASS');

-- i can actually just put all the affinity abilities under the Tag.
-- Except the 3 items since the Tag isnt invovled there
INSERT INTO TypeTags(Type, Tag) VALUES
('SLTH_UNIT_AIR_ELEMENTAL', 'CLASS_AFFINITY_AIR'),
('SLTH_UNIT_SPECTRE', 'CLASS_AFFINITY_DEATH'),
('SLTH_UNIT_WRAITH', 'CLASS_AFFINITY_DEATH'),
('SLTH_UNIT_EARTH_ELEMENTAL', 'CLASS_AFFINITY_EARTH'),
('SLTH_UNIT_DWARVEN_DRUID', 'CLASS_AFFINITY_EARTH'),
('SLTH_UNIT_FIRE_ELEMENTAL', 'CLASS_AFFINITY_FIRE'),
('SLTH_UNIT_ICE_ELEMENTAL', 'CLASS_AFFINITY_ICE'),
('SLTH_UNIT_DRUID', 'CLASS_AFFINITY_NATURE'),
('SLTH_UNIT_YVAIN', 'CLASS_AFFINITY_NATURE_2'),
('SLTH_UNIT_MISTFORM', 'CLASS_AFFINITY_SHADOW'),
('SLTH_UNIT_SHADOWRIDER', 'CLASS_AFFINITY_SHADOW'),
('SLTH_UNIT_AUREALIS', 'CLASS_AFFINITY_SUN_2'),
('SLTH_UNIT_CHALID', 'CLASS_AFFINITY_SUN_2'),
('SLTH_UNIT_GURID', 'CLASS_AFFINITY_BANANA'),
('SLTH_UNIT_WATER_ELEMENTAL', 'CLASS_AFFINITY_WATER'),
('SLTH_UNIT_DJINN', 'CLASS_ALL_AFFINITIES');

INSERT INTO BuildingModifiers(BuildingType, ModifierId) VALUES
('BUILDING_PALACE', 'MODIFIER_GRANT_AIR_DAMAGE_1_1'),
('BUILDING_PALACE', 'MODIFIER_GRANT_AIR_DAMAGE_1_2'),
('BUILDING_PALACE', 'MODIFIER_GRANT_AIR_DAMAGE_1_4'),
('BUILDING_PALACE', 'MODIFIER_GRANT_AIR_DAMAGE_1_8'),
('BUILDING_PALACE', 'MODIFIER_GRANT_BODY_DAMAGE_1_1'),
('BUILDING_PALACE', 'MODIFIER_GRANT_BODY_DAMAGE_1_2'),
('BUILDING_PALACE', 'MODIFIER_GRANT_BODY_DAMAGE_1_4'),
('BUILDING_PALACE', 'MODIFIER_GRANT_BODY_DAMAGE_1_8'),
('BUILDING_PALACE', 'MODIFIER_GRANT_CHAOS_DAMAGE_1_1'),
('BUILDING_PALACE', 'MODIFIER_GRANT_CHAOS_DAMAGE_1_2'),
('BUILDING_PALACE', 'MODIFIER_GRANT_CHAOS_DAMAGE_1_4'),
('BUILDING_PALACE', 'MODIFIER_GRANT_CHAOS_DAMAGE_1_8'),
('BUILDING_PALACE', 'MODIFIER_GRANT_DEATH_DAMAGE_1_1'),
('BUILDING_PALACE', 'MODIFIER_GRANT_DEATH_DAMAGE_1_2'),
('BUILDING_PALACE', 'MODIFIER_GRANT_DEATH_DAMAGE_1_4'),
('BUILDING_PALACE', 'MODIFIER_GRANT_DEATH_DAMAGE_1_8'),
('BUILDING_PALACE', 'MODIFIER_GRANT_EARTH_DAMAGE_1_1'),
('BUILDING_PALACE', 'MODIFIER_GRANT_EARTH_DAMAGE_1_2'),
('BUILDING_PALACE', 'MODIFIER_GRANT_EARTH_DAMAGE_1_4'),
('BUILDING_PALACE', 'MODIFIER_GRANT_EARTH_DAMAGE_1_8'),
('BUILDING_PALACE', 'MODIFIER_GRANT_ENCHANTMENT_DAMAGE_1_1'),
('BUILDING_PALACE', 'MODIFIER_GRANT_ENCHANTMENT_DAMAGE_1_2'),
('BUILDING_PALACE', 'MODIFIER_GRANT_ENCHANTMENT_DAMAGE_1_4'),
('BUILDING_PALACE', 'MODIFIER_GRANT_ENCHANTMENT_DAMAGE_1_8'),
('BUILDING_PALACE', 'MODIFIER_GRANT_ENTROPY_DAMAGE_1_1'),
('BUILDING_PALACE', 'MODIFIER_GRANT_ENTROPY_DAMAGE_1_2'),
('BUILDING_PALACE', 'MODIFIER_GRANT_ENTROPY_DAMAGE_1_4'),
('BUILDING_PALACE', 'MODIFIER_GRANT_ENTROPY_DAMAGE_1_8'),
('BUILDING_PALACE', 'MODIFIER_GRANT_FIRE_DAMAGE_1_1'),
('BUILDING_PALACE', 'MODIFIER_GRANT_FIRE_DAMAGE_1_2'),
('BUILDING_PALACE', 'MODIFIER_GRANT_FIRE_DAMAGE_1_4'),
('BUILDING_PALACE', 'MODIFIER_GRANT_FIRE_DAMAGE_1_8'),
('BUILDING_PALACE', 'MODIFIER_GRANT_ICE_DAMAGE_1_1'),
('BUILDING_PALACE', 'MODIFIER_GRANT_ICE_DAMAGE_1_2'),
('BUILDING_PALACE', 'MODIFIER_GRANT_ICE_DAMAGE_1_4'),
('BUILDING_PALACE', 'MODIFIER_GRANT_ICE_DAMAGE_1_8'),
('BUILDING_PALACE', 'MODIFIER_GRANT_LAW_DAMAGE_1_1'),
('BUILDING_PALACE', 'MODIFIER_GRANT_LAW_DAMAGE_1_2'),
('BUILDING_PALACE', 'MODIFIER_GRANT_LAW_DAMAGE_1_4'),
('BUILDING_PALACE', 'MODIFIER_GRANT_LAW_DAMAGE_1_8'),
('BUILDING_PALACE', 'MODIFIER_GRANT_LIFE_DAMAGE_1_1'),
('BUILDING_PALACE', 'MODIFIER_GRANT_LIFE_DAMAGE_1_2'),
('BUILDING_PALACE', 'MODIFIER_GRANT_LIFE_DAMAGE_1_4'),
('BUILDING_PALACE', 'MODIFIER_GRANT_LIFE_DAMAGE_1_8'),
('BUILDING_PALACE', 'MODIFIER_GRANT_METAMAGIC_DAMAGE_1_1'),
('BUILDING_PALACE', 'MODIFIER_GRANT_METAMAGIC_DAMAGE_1_2'),
('BUILDING_PALACE', 'MODIFIER_GRANT_METAMAGIC_DAMAGE_1_4'),
('BUILDING_PALACE', 'MODIFIER_GRANT_METAMAGIC_DAMAGE_1_8'),
('BUILDING_PALACE', 'MODIFIER_GRANT_MIND_DAMAGE_1_1'),
('BUILDING_PALACE', 'MODIFIER_GRANT_MIND_DAMAGE_1_2'),
('BUILDING_PALACE', 'MODIFIER_GRANT_MIND_DAMAGE_1_4'),
('BUILDING_PALACE', 'MODIFIER_GRANT_MIND_DAMAGE_1_8'),
('BUILDING_PALACE', 'MODIFIER_GRANT_NATURE_DAMAGE_1_1'),
('BUILDING_PALACE', 'MODIFIER_GRANT_NATURE_DAMAGE_1_2'),
('BUILDING_PALACE', 'MODIFIER_GRANT_NATURE_DAMAGE_1_4'),
('BUILDING_PALACE', 'MODIFIER_GRANT_NATURE_DAMAGE_1_8'),
('BUILDING_PALACE', 'MODIFIER_GRANT_SHADOW_DAMAGE_1_1'),
('BUILDING_PALACE', 'MODIFIER_GRANT_SHADOW_DAMAGE_1_2'),
('BUILDING_PALACE', 'MODIFIER_GRANT_SHADOW_DAMAGE_1_4'),
('BUILDING_PALACE', 'MODIFIER_GRANT_SHADOW_DAMAGE_1_8'),
('BUILDING_PALACE', 'MODIFIER_GRANT_SPIRIT_DAMAGE_1_1'),
('BUILDING_PALACE', 'MODIFIER_GRANT_SPIRIT_DAMAGE_1_2'),
('BUILDING_PALACE', 'MODIFIER_GRANT_SPIRIT_DAMAGE_1_4'),
('BUILDING_PALACE', 'MODIFIER_GRANT_SPIRIT_DAMAGE_1_8'),
('BUILDING_PALACE', 'MODIFIER_GRANT_SUN_DAMAGE_1_1'),
('BUILDING_PALACE', 'MODIFIER_GRANT_SUN_DAMAGE_1_2'),
('BUILDING_PALACE', 'MODIFIER_GRANT_SUN_DAMAGE_1_4'),
('BUILDING_PALACE', 'MODIFIER_GRANT_SUN_DAMAGE_1_8'),
('BUILDING_PALACE', 'MODIFIER_GRANT_WATER_DAMAGE_1_1'),
('BUILDING_PALACE', 'MODIFIER_GRANT_WATER_DAMAGE_1_2'),
('BUILDING_PALACE', 'MODIFIER_GRANT_WATER_DAMAGE_1_4'),
('BUILDING_PALACE', 'MODIFIER_GRANT_WATER_DAMAGE_1_8'),
('BUILDING_PALACE', 'MODIFIER_GRANT_SUN_DAMAGE_2_1'),
('BUILDING_PALACE', 'MODIFIER_GRANT_SUN_DAMAGE_2_2'),
('BUILDING_PALACE', 'MODIFIER_GRANT_SUN_DAMAGE_2_4'),
('BUILDING_PALACE', 'MODIFIER_GRANT_SUN_DAMAGE_2_8'),
('BUILDING_PALACE', 'MODIFIER_GRANT_NATURE_DAMAGE_2_1'),
('BUILDING_PALACE', 'MODIFIER_GRANT_NATURE_DAMAGE_2_2'),
('BUILDING_PALACE', 'MODIFIER_GRANT_NATURE_DAMAGE_2_4'),
('BUILDING_PALACE', 'MODIFIER_GRANT_NATURE_DAMAGE_2_8');

INSERT INTO Modifiers(ModifierId, ModifierType, OwnerRequirementSetId) VALUES
('MODIFIER_GRANT_AIR_DAMAGE_1_1', 'MODIFIER_PLAYER_UNITS_GRANT_ABILITY', 'PLAYER_HAS_AIR_MANA_1'),
('MODIFIER_GRANT_AIR_DAMAGE_1_2', 'MODIFIER_PLAYER_UNITS_GRANT_ABILITY', 'PLAYER_HAS_AIR_MANA_2'),
('MODIFIER_GRANT_AIR_DAMAGE_1_4', 'MODIFIER_PLAYER_UNITS_GRANT_ABILITY', 'PLAYER_HAS_AIR_MANA_4'),
('MODIFIER_GRANT_AIR_DAMAGE_1_8', 'MODIFIER_PLAYER_UNITS_GRANT_ABILITY', 'PLAYER_HAS_AIR_MANA_8'),
('MODIFIER_GRANT_BODY_DAMAGE_1_1', 'MODIFIER_PLAYER_UNITS_GRANT_ABILITY', 'PLAYER_HAS_BODY_MANA_1'),
('MODIFIER_GRANT_BODY_DAMAGE_1_2', 'MODIFIER_PLAYER_UNITS_GRANT_ABILITY', 'PLAYER_HAS_BODY_MANA_2'),
('MODIFIER_GRANT_BODY_DAMAGE_1_4', 'MODIFIER_PLAYER_UNITS_GRANT_ABILITY', 'PLAYER_HAS_BODY_MANA_4'),
('MODIFIER_GRANT_BODY_DAMAGE_1_8', 'MODIFIER_PLAYER_UNITS_GRANT_ABILITY', 'PLAYER_HAS_BODY_MANA_8'),
('MODIFIER_GRANT_CHAOS_DAMAGE_1_1', 'MODIFIER_PLAYER_UNITS_GRANT_ABILITY', 'PLAYER_HAS_CHAOS_MANA_1'),
('MODIFIER_GRANT_CHAOS_DAMAGE_1_2', 'MODIFIER_PLAYER_UNITS_GRANT_ABILITY', 'PLAYER_HAS_CHAOS_MANA_2'),
('MODIFIER_GRANT_CHAOS_DAMAGE_1_4', 'MODIFIER_PLAYER_UNITS_GRANT_ABILITY', 'PLAYER_HAS_CHAOS_MANA_4'),
('MODIFIER_GRANT_CHAOS_DAMAGE_1_8', 'MODIFIER_PLAYER_UNITS_GRANT_ABILITY', 'PLAYER_HAS_CHAOS_MANA_8'),
('MODIFIER_GRANT_DEATH_DAMAGE_1_1', 'MODIFIER_PLAYER_UNITS_GRANT_ABILITY', 'PLAYER_HAS_DEATH_MANA_1'),
('MODIFIER_GRANT_DEATH_DAMAGE_1_2', 'MODIFIER_PLAYER_UNITS_GRANT_ABILITY', 'PLAYER_HAS_DEATH_MANA_2'),
('MODIFIER_GRANT_DEATH_DAMAGE_1_4', 'MODIFIER_PLAYER_UNITS_GRANT_ABILITY', 'PLAYER_HAS_DEATH_MANA_4'),
('MODIFIER_GRANT_DEATH_DAMAGE_1_8', 'MODIFIER_PLAYER_UNITS_GRANT_ABILITY', 'PLAYER_HAS_DEATH_MANA_8'),
('MODIFIER_GRANT_EARTH_DAMAGE_1_1', 'MODIFIER_PLAYER_UNITS_GRANT_ABILITY', 'PLAYER_HAS_EARTH_MANA_1'),
('MODIFIER_GRANT_EARTH_DAMAGE_1_2', 'MODIFIER_PLAYER_UNITS_GRANT_ABILITY', 'PLAYER_HAS_EARTH_MANA_2'),
('MODIFIER_GRANT_EARTH_DAMAGE_1_4', 'MODIFIER_PLAYER_UNITS_GRANT_ABILITY', 'PLAYER_HAS_EARTH_MANA_4'),
('MODIFIER_GRANT_EARTH_DAMAGE_1_8', 'MODIFIER_PLAYER_UNITS_GRANT_ABILITY', 'PLAYER_HAS_EARTH_MANA_8'),
('MODIFIER_GRANT_ENCHANTMENT_DAMAGE_1_1', 'MODIFIER_PLAYER_UNITS_GRANT_ABILITY', 'PLAYER_HAS_ENCHANTMENT_MANA_1'),
('MODIFIER_GRANT_ENCHANTMENT_DAMAGE_1_2', 'MODIFIER_PLAYER_UNITS_GRANT_ABILITY', 'PLAYER_HAS_ENCHANTMENT_MANA_2'),
('MODIFIER_GRANT_ENCHANTMENT_DAMAGE_1_4', 'MODIFIER_PLAYER_UNITS_GRANT_ABILITY', 'PLAYER_HAS_ENCHANTMENT_MANA_4'),
('MODIFIER_GRANT_ENCHANTMENT_DAMAGE_1_8', 'MODIFIER_PLAYER_UNITS_GRANT_ABILITY', 'PLAYER_HAS_ENCHANTMENT_MANA_8'),
('MODIFIER_GRANT_ENTROPY_DAMAGE_1_1', 'MODIFIER_PLAYER_UNITS_GRANT_ABILITY', 'PLAYER_HAS_ENTROPY_MANA_1'),
('MODIFIER_GRANT_ENTROPY_DAMAGE_1_2', 'MODIFIER_PLAYER_UNITS_GRANT_ABILITY', 'PLAYER_HAS_ENTROPY_MANA_2'),
('MODIFIER_GRANT_ENTROPY_DAMAGE_1_4', 'MODIFIER_PLAYER_UNITS_GRANT_ABILITY', 'PLAYER_HAS_ENTROPY_MANA_4'),
('MODIFIER_GRANT_ENTROPY_DAMAGE_1_8', 'MODIFIER_PLAYER_UNITS_GRANT_ABILITY', 'PLAYER_HAS_ENTROPY_MANA_8'),
('MODIFIER_GRANT_FIRE_DAMAGE_1_1', 'MODIFIER_PLAYER_UNITS_GRANT_ABILITY', 'PLAYER_HAS_FIRE_MANA_1'),
('MODIFIER_GRANT_FIRE_DAMAGE_1_2', 'MODIFIER_PLAYER_UNITS_GRANT_ABILITY', 'PLAYER_HAS_FIRE_MANA_2'),
('MODIFIER_GRANT_FIRE_DAMAGE_1_4', 'MODIFIER_PLAYER_UNITS_GRANT_ABILITY', 'PLAYER_HAS_FIRE_MANA_4'),
('MODIFIER_GRANT_FIRE_DAMAGE_1_8', 'MODIFIER_PLAYER_UNITS_GRANT_ABILITY', 'PLAYER_HAS_FIRE_MANA_8'),
('MODIFIER_GRANT_ICE_DAMAGE_1_1', 'MODIFIER_PLAYER_UNITS_GRANT_ABILITY', 'PLAYER_HAS_ICE_MANA_1'),
('MODIFIER_GRANT_ICE_DAMAGE_1_2', 'MODIFIER_PLAYER_UNITS_GRANT_ABILITY', 'PLAYER_HAS_ICE_MANA_2'),
('MODIFIER_GRANT_ICE_DAMAGE_1_4', 'MODIFIER_PLAYER_UNITS_GRANT_ABILITY', 'PLAYER_HAS_ICE_MANA_4'),
('MODIFIER_GRANT_ICE_DAMAGE_1_8', 'MODIFIER_PLAYER_UNITS_GRANT_ABILITY', 'PLAYER_HAS_ICE_MANA_8'),
('MODIFIER_GRANT_LAW_DAMAGE_1_1', 'MODIFIER_PLAYER_UNITS_GRANT_ABILITY', 'PLAYER_HAS_LAW_MANA_1'),
('MODIFIER_GRANT_LAW_DAMAGE_1_2', 'MODIFIER_PLAYER_UNITS_GRANT_ABILITY', 'PLAYER_HAS_LAW_MANA_2'),
('MODIFIER_GRANT_LAW_DAMAGE_1_4', 'MODIFIER_PLAYER_UNITS_GRANT_ABILITY', 'PLAYER_HAS_LAW_MANA_4'),
('MODIFIER_GRANT_LAW_DAMAGE_1_8', 'MODIFIER_PLAYER_UNITS_GRANT_ABILITY', 'PLAYER_HAS_LAW_MANA_8'),
('MODIFIER_GRANT_LIFE_DAMAGE_1_1', 'MODIFIER_PLAYER_UNITS_GRANT_ABILITY', 'PLAYER_HAS_LIFE_MANA_1'),
('MODIFIER_GRANT_LIFE_DAMAGE_1_2', 'MODIFIER_PLAYER_UNITS_GRANT_ABILITY', 'PLAYER_HAS_LIFE_MANA_2'),
('MODIFIER_GRANT_LIFE_DAMAGE_1_4', 'MODIFIER_PLAYER_UNITS_GRANT_ABILITY', 'PLAYER_HAS_LIFE_MANA_4'),
('MODIFIER_GRANT_LIFE_DAMAGE_1_8', 'MODIFIER_PLAYER_UNITS_GRANT_ABILITY', 'PLAYER_HAS_LIFE_MANA_8'),
('MODIFIER_GRANT_METAMAGIC_DAMAGE_1_1', 'MODIFIER_PLAYER_UNITS_GRANT_ABILITY', 'PLAYER_HAS_METAMAGIC_MANA_1'),
('MODIFIER_GRANT_METAMAGIC_DAMAGE_1_2', 'MODIFIER_PLAYER_UNITS_GRANT_ABILITY', 'PLAYER_HAS_METAMAGIC_MANA_2'),
('MODIFIER_GRANT_METAMAGIC_DAMAGE_1_4', 'MODIFIER_PLAYER_UNITS_GRANT_ABILITY', 'PLAYER_HAS_METAMAGIC_MANA_4'),
('MODIFIER_GRANT_METAMAGIC_DAMAGE_1_8', 'MODIFIER_PLAYER_UNITS_GRANT_ABILITY', 'PLAYER_HAS_METAMAGIC_MANA_8'),
('MODIFIER_GRANT_MIND_DAMAGE_1_1', 'MODIFIER_PLAYER_UNITS_GRANT_ABILITY', 'PLAYER_HAS_MIND_MANA_1'),
('MODIFIER_GRANT_MIND_DAMAGE_1_2', 'MODIFIER_PLAYER_UNITS_GRANT_ABILITY', 'PLAYER_HAS_MIND_MANA_2'),
('MODIFIER_GRANT_MIND_DAMAGE_1_4', 'MODIFIER_PLAYER_UNITS_GRANT_ABILITY', 'PLAYER_HAS_MIND_MANA_4'),
('MODIFIER_GRANT_MIND_DAMAGE_1_8', 'MODIFIER_PLAYER_UNITS_GRANT_ABILITY', 'PLAYER_HAS_MIND_MANA_8'),
('MODIFIER_GRANT_NATURE_DAMAGE_1_1', 'MODIFIER_PLAYER_UNITS_GRANT_ABILITY', 'PLAYER_HAS_NATURE_MANA_1'),
('MODIFIER_GRANT_NATURE_DAMAGE_1_2', 'MODIFIER_PLAYER_UNITS_GRANT_ABILITY', 'PLAYER_HAS_NATURE_MANA_2'),
('MODIFIER_GRANT_NATURE_DAMAGE_1_4', 'MODIFIER_PLAYER_UNITS_GRANT_ABILITY', 'PLAYER_HAS_NATURE_MANA_4'),
('MODIFIER_GRANT_NATURE_DAMAGE_1_8', 'MODIFIER_PLAYER_UNITS_GRANT_ABILITY', 'PLAYER_HAS_NATURE_MANA_8'),
('MODIFIER_GRANT_SHADOW_DAMAGE_1_1', 'MODIFIER_PLAYER_UNITS_GRANT_ABILITY', 'PLAYER_HAS_SHADOW_MANA_1'),
('MODIFIER_GRANT_SHADOW_DAMAGE_1_2', 'MODIFIER_PLAYER_UNITS_GRANT_ABILITY', 'PLAYER_HAS_SHADOW_MANA_2'),
('MODIFIER_GRANT_SHADOW_DAMAGE_1_4', 'MODIFIER_PLAYER_UNITS_GRANT_ABILITY', 'PLAYER_HAS_SHADOW_MANA_4'),
('MODIFIER_GRANT_SHADOW_DAMAGE_1_8', 'MODIFIER_PLAYER_UNITS_GRANT_ABILITY', 'PLAYER_HAS_SHADOW_MANA_8'),
('MODIFIER_GRANT_SPIRIT_DAMAGE_1_1', 'MODIFIER_PLAYER_UNITS_GRANT_ABILITY', 'PLAYER_HAS_SPIRIT_MANA_1'),
('MODIFIER_GRANT_SPIRIT_DAMAGE_1_2', 'MODIFIER_PLAYER_UNITS_GRANT_ABILITY', 'PLAYER_HAS_SPIRIT_MANA_2'),
('MODIFIER_GRANT_SPIRIT_DAMAGE_1_4', 'MODIFIER_PLAYER_UNITS_GRANT_ABILITY', 'PLAYER_HAS_SPIRIT_MANA_4'),
('MODIFIER_GRANT_SPIRIT_DAMAGE_1_8', 'MODIFIER_PLAYER_UNITS_GRANT_ABILITY', 'PLAYER_HAS_SPIRIT_MANA_8'),
('MODIFIER_GRANT_SUN_DAMAGE_1_1', 'MODIFIER_PLAYER_UNITS_GRANT_ABILITY', 'PLAYER_HAS_SUN_MANA_1'),
('MODIFIER_GRANT_SUN_DAMAGE_1_2', 'MODIFIER_PLAYER_UNITS_GRANT_ABILITY', 'PLAYER_HAS_SUN_MANA_2'),
('MODIFIER_GRANT_SUN_DAMAGE_1_4', 'MODIFIER_PLAYER_UNITS_GRANT_ABILITY', 'PLAYER_HAS_SUN_MANA_4'),
('MODIFIER_GRANT_SUN_DAMAGE_1_8', 'MODIFIER_PLAYER_UNITS_GRANT_ABILITY', 'PLAYER_HAS_SUN_MANA_8'),
('MODIFIER_GRANT_WATER_DAMAGE_1_1', 'MODIFIER_PLAYER_UNITS_GRANT_ABILITY', 'PLAYER_HAS_WATER_MANA_1'),
('MODIFIER_GRANT_WATER_DAMAGE_1_2', 'MODIFIER_PLAYER_UNITS_GRANT_ABILITY', 'PLAYER_HAS_WATER_MANA_2'),
('MODIFIER_GRANT_WATER_DAMAGE_1_4', 'MODIFIER_PLAYER_UNITS_GRANT_ABILITY', 'PLAYER_HAS_WATER_MANA_4'),
('MODIFIER_GRANT_WATER_DAMAGE_1_8', 'MODIFIER_PLAYER_UNITS_GRANT_ABILITY', 'PLAYER_HAS_WATER_MANA_8'),
('MODIFIER_GRANT_SUN_DAMAGE_2_1', 'MODIFIER_PLAYER_UNITS_GRANT_ABILITY', 'PLAYER_HAS_SUN_MANA_1'),
('MODIFIER_GRANT_SUN_DAMAGE_2_2', 'MODIFIER_PLAYER_UNITS_GRANT_ABILITY', 'PLAYER_HAS_SUN_MANA_2'),
('MODIFIER_GRANT_SUN_DAMAGE_2_4', 'MODIFIER_PLAYER_UNITS_GRANT_ABILITY', 'PLAYER_HAS_SUN_MANA_4'),
('MODIFIER_GRANT_SUN_DAMAGE_2_8', 'MODIFIER_PLAYER_UNITS_GRANT_ABILITY', 'PLAYER_HAS_SUN_MANA_8'),
('MODIFIER_GRANT_NATURE_DAMAGE_2_1', 'MODIFIER_PLAYER_UNITS_GRANT_ABILITY', 'PLAYER_HAS_NATURE_MANA_1'),
('MODIFIER_GRANT_NATURE_DAMAGE_2_2', 'MODIFIER_PLAYER_UNITS_GRANT_ABILITY', 'PLAYER_HAS_NATURE_MANA_2'),
('MODIFIER_GRANT_NATURE_DAMAGE_2_4', 'MODIFIER_PLAYER_UNITS_GRANT_ABILITY', 'PLAYER_HAS_NATURE_MANA_4'),
('MODIFIER_GRANT_NATURE_DAMAGE_2_8', 'MODIFIER_PLAYER_UNITS_GRANT_ABILITY', 'PLAYER_HAS_NATURE_MANA_8');

INSERT INTO ModifierArguments(ModifierId, Name, Value) VALUES
('MODIFIER_GRANT_AIR_DAMAGE_1_1', 'AbilityType', 'ABILITY_AIR_ADJUST_DAMAGE_4'),
('MODIFIER_GRANT_AIR_DAMAGE_1_2', 'AbilityType', 'ABILITY_AIR_ADJUST_DAMAGE_8'),
('MODIFIER_GRANT_AIR_DAMAGE_1_4', 'AbilityType', 'ABILITY_AIR_ADJUST_DAMAGE_16'),
('MODIFIER_GRANT_AIR_DAMAGE_1_8', 'AbilityType', 'ABILITY_AIR_ADJUST_DAMAGE_32'),
('MODIFIER_GRANT_BODY_DAMAGE_1_1', 'AbilityType', 'ABILITY_BODY_ADJUST_DAMAGE_4'),
('MODIFIER_GRANT_BODY_DAMAGE_1_2', 'AbilityType', 'ABILITY_BODY_ADJUST_DAMAGE_8'),
('MODIFIER_GRANT_BODY_DAMAGE_1_4', 'AbilityType', 'ABILITY_BODY_ADJUST_DAMAGE_16'),
('MODIFIER_GRANT_BODY_DAMAGE_1_8', 'AbilityType', 'ABILITY_BODY_ADJUST_DAMAGE_32'),
('MODIFIER_GRANT_CHAOS_DAMAGE_1_1', 'AbilityType', 'ABILITY_CHAOS_ADJUST_DAMAGE_4'),
('MODIFIER_GRANT_CHAOS_DAMAGE_1_2', 'AbilityType', 'ABILITY_CHAOS_ADJUST_DAMAGE_8'),
('MODIFIER_GRANT_CHAOS_DAMAGE_1_4', 'AbilityType', 'ABILITY_CHAOS_ADJUST_DAMAGE_16'),
('MODIFIER_GRANT_CHAOS_DAMAGE_1_8', 'AbilityType', 'ABILITY_CHAOS_ADJUST_DAMAGE_32'),
('MODIFIER_GRANT_DEATH_DAMAGE_1_1', 'AbilityType', 'ABILITY_DEATH_ADJUST_DAMAGE_4'),
('MODIFIER_GRANT_DEATH_DAMAGE_1_2', 'AbilityType', 'ABILITY_DEATH_ADJUST_DAMAGE_8'),
('MODIFIER_GRANT_DEATH_DAMAGE_1_4', 'AbilityType', 'ABILITY_DEATH_ADJUST_DAMAGE_16'),
('MODIFIER_GRANT_DEATH_DAMAGE_1_8', 'AbilityType', 'ABILITY_DEATH_ADJUST_DAMAGE_32'),
('MODIFIER_GRANT_EARTH_DAMAGE_1_1', 'AbilityType', 'ABILITY_EARTH_ADJUST_DAMAGE_4'),
('MODIFIER_GRANT_EARTH_DAMAGE_1_2', 'AbilityType', 'ABILITY_EARTH_ADJUST_DAMAGE_8'),
('MODIFIER_GRANT_EARTH_DAMAGE_1_4', 'AbilityType', 'ABILITY_EARTH_ADJUST_DAMAGE_16'),
('MODIFIER_GRANT_EARTH_DAMAGE_1_8', 'AbilityType', 'ABILITY_EARTH_ADJUST_DAMAGE_32'),
('MODIFIER_GRANT_ENCHANTMENT_DAMAGE_1_1', 'AbilityType', 'ABILITY_ENCHANTMENT_ADJUST_DAMAGE_4'),
('MODIFIER_GRANT_ENCHANTMENT_DAMAGE_1_2', 'AbilityType', 'ABILITY_ENCHANTMENT_ADJUST_DAMAGE_8'),
('MODIFIER_GRANT_ENCHANTMENT_DAMAGE_1_4', 'AbilityType', 'ABILITY_ENCHANTMENT_ADJUST_DAMAGE_16'),
('MODIFIER_GRANT_ENCHANTMENT_DAMAGE_1_8', 'AbilityType', 'ABILITY_ENCHANTMENT_ADJUST_DAMAGE_32'),
('MODIFIER_GRANT_ENTROPY_DAMAGE_1_1', 'AbilityType', 'ABILITY_ENTROPY_ADJUST_DAMAGE_4'),
('MODIFIER_GRANT_ENTROPY_DAMAGE_1_2', 'AbilityType', 'ABILITY_ENTROPY_ADJUST_DAMAGE_8'),
('MODIFIER_GRANT_ENTROPY_DAMAGE_1_4', 'AbilityType', 'ABILITY_ENTROPY_ADJUST_DAMAGE_16'),
('MODIFIER_GRANT_ENTROPY_DAMAGE_1_8', 'AbilityType', 'ABILITY_ENTROPY_ADJUST_DAMAGE_32'),
('MODIFIER_GRANT_FIRE_DAMAGE_1_1', 'AbilityType', 'ABILITY_FIRE_ADJUST_DAMAGE_4'),
('MODIFIER_GRANT_FIRE_DAMAGE_1_2', 'AbilityType', 'ABILITY_FIRE_ADJUST_DAMAGE_8'),
('MODIFIER_GRANT_FIRE_DAMAGE_1_4', 'AbilityType', 'ABILITY_FIRE_ADJUST_DAMAGE_16'),
('MODIFIER_GRANT_FIRE_DAMAGE_1_8', 'AbilityType', 'ABILITY_FIRE_ADJUST_DAMAGE_32'),
('MODIFIER_GRANT_ICE_DAMAGE_1_1', 'AbilityType', 'ABILITY_ICE_ADJUST_DAMAGE_4'),
('MODIFIER_GRANT_ICE_DAMAGE_1_2', 'AbilityType', 'ABILITY_ICE_ADJUST_DAMAGE_8'),
('MODIFIER_GRANT_ICE_DAMAGE_1_4', 'AbilityType', 'ABILITY_ICE_ADJUST_DAMAGE_16'),
('MODIFIER_GRANT_ICE_DAMAGE_1_8', 'AbilityType', 'ABILITY_ICE_ADJUST_DAMAGE_32'),
('MODIFIER_GRANT_LAW_DAMAGE_1_1', 'AbilityType', 'ABILITY_LAW_ADJUST_DAMAGE_4'),
('MODIFIER_GRANT_LAW_DAMAGE_1_2', 'AbilityType', 'ABILITY_LAW_ADJUST_DAMAGE_8'),
('MODIFIER_GRANT_LAW_DAMAGE_1_4', 'AbilityType', 'ABILITY_LAW_ADJUST_DAMAGE_16'),
('MODIFIER_GRANT_LAW_DAMAGE_1_8', 'AbilityType', 'ABILITY_LAW_ADJUST_DAMAGE_32'),
('MODIFIER_GRANT_LIFE_DAMAGE_1_1', 'AbilityType', 'ABILITY_LIFE_ADJUST_DAMAGE_4'),
('MODIFIER_GRANT_LIFE_DAMAGE_1_2', 'AbilityType', 'ABILITY_LIFE_ADJUST_DAMAGE_8'),
('MODIFIER_GRANT_LIFE_DAMAGE_1_4', 'AbilityType', 'ABILITY_LIFE_ADJUST_DAMAGE_16'),
('MODIFIER_GRANT_LIFE_DAMAGE_1_8', 'AbilityType', 'ABILITY_LIFE_ADJUST_DAMAGE_32'),
('MODIFIER_GRANT_METAMAGIC_DAMAGE_1_1', 'AbilityType', 'ABILITY_METAMAGIC_ADJUST_DAMAGE_4'),
('MODIFIER_GRANT_METAMAGIC_DAMAGE_1_2', 'AbilityType', 'ABILITY_METAMAGIC_ADJUST_DAMAGE_8'),
('MODIFIER_GRANT_METAMAGIC_DAMAGE_1_4', 'AbilityType', 'ABILITY_METAMAGIC_ADJUST_DAMAGE_16'),
('MODIFIER_GRANT_METAMAGIC_DAMAGE_1_8', 'AbilityType', 'ABILITY_METAMAGIC_ADJUST_DAMAGE_32'),
('MODIFIER_GRANT_MIND_DAMAGE_1_1', 'AbilityType', 'ABILITY_MIND_ADJUST_DAMAGE_4'),
('MODIFIER_GRANT_MIND_DAMAGE_1_2', 'AbilityType', 'ABILITY_MIND_ADJUST_DAMAGE_8'),
('MODIFIER_GRANT_MIND_DAMAGE_1_4', 'AbilityType', 'ABILITY_MIND_ADJUST_DAMAGE_16'),
('MODIFIER_GRANT_MIND_DAMAGE_1_8', 'AbilityType', 'ABILITY_MIND_ADJUST_DAMAGE_32'),
('MODIFIER_GRANT_NATURE_DAMAGE_1_1', 'AbilityType', 'ABILITY_NATURE_ADJUST_DAMAGE_4'),
('MODIFIER_GRANT_NATURE_DAMAGE_1_2', 'AbilityType', 'ABILITY_NATURE_ADJUST_DAMAGE_8'),
('MODIFIER_GRANT_NATURE_DAMAGE_1_4', 'AbilityType', 'ABILITY_NATURE_ADJUST_DAMAGE_16'),
('MODIFIER_GRANT_NATURE_DAMAGE_1_8', 'AbilityType', 'ABILITY_NATURE_ADJUST_DAMAGE_32'),
('MODIFIER_GRANT_SHADOW_DAMAGE_1_1', 'AbilityType', 'ABILITY_SHADOW_ADJUST_DAMAGE_4'),
('MODIFIER_GRANT_SHADOW_DAMAGE_1_2', 'AbilityType', 'ABILITY_SHADOW_ADJUST_DAMAGE_8'),
('MODIFIER_GRANT_SHADOW_DAMAGE_1_4', 'AbilityType', 'ABILITY_SHADOW_ADJUST_DAMAGE_16'),
('MODIFIER_GRANT_SHADOW_DAMAGE_1_8', 'AbilityType', 'ABILITY_SHADOW_ADJUST_DAMAGE_32'),
('MODIFIER_GRANT_SPIRIT_DAMAGE_1_1', 'AbilityType', 'ABILITY_SPIRIT_ADJUST_DAMAGE_4'),
('MODIFIER_GRANT_SPIRIT_DAMAGE_1_2', 'AbilityType', 'ABILITY_SPIRIT_ADJUST_DAMAGE_8'),
('MODIFIER_GRANT_SPIRIT_DAMAGE_1_4', 'AbilityType', 'ABILITY_SPIRIT_ADJUST_DAMAGE_16'),
('MODIFIER_GRANT_SPIRIT_DAMAGE_1_8', 'AbilityType', 'ABILITY_SPIRIT_ADJUST_DAMAGE_32'),
('MODIFIER_GRANT_SUN_DAMAGE_1_1', 'AbilityType', 'ABILITY_SUN_ADJUST_DAMAGE_4'),
('MODIFIER_GRANT_SUN_DAMAGE_1_2', 'AbilityType', 'ABILITY_SUN_ADJUST_DAMAGE_8'),
('MODIFIER_GRANT_SUN_DAMAGE_1_4', 'AbilityType', 'ABILITY_SUN_ADJUST_DAMAGE_16'),
('MODIFIER_GRANT_SUN_DAMAGE_1_8', 'AbilityType', 'ABILITY_SUN_ADJUST_DAMAGE_32'),
('MODIFIER_GRANT_WATER_DAMAGE_1_1', 'AbilityType', 'ABILITY_WATER_ADJUST_DAMAGE_4'),
('MODIFIER_GRANT_WATER_DAMAGE_1_2', 'AbilityType', 'ABILITY_WATER_ADJUST_DAMAGE_8'),
('MODIFIER_GRANT_WATER_DAMAGE_1_4', 'AbilityType', 'ABILITY_WATER_ADJUST_DAMAGE_16'),
('MODIFIER_GRANT_WATER_DAMAGE_1_8', 'AbilityType', 'ABILITY_WATER_ADJUST_DAMAGE_32'),
('MODIFIER_GRANT_SUN_DAMAGE_2_1', 'AbilityType', 'ABILITY_SUN_ADJUST_DAMAGE_8'),
('MODIFIER_GRANT_SUN_DAMAGE_2_2', 'AbilityType', 'ABILITY_SUN_ADJUST_DAMAGE_16'),
('MODIFIER_GRANT_SUN_DAMAGE_2_4', 'AbilityType', 'ABILITY_SUN_ADJUST_DAMAGE_32'),
('MODIFIER_GRANT_SUN_DAMAGE_2_8', 'AbilityType', 'ABILITY_SUN_ADJUST_DAMAGE_64'),
('MODIFIER_GRANT_NATURE_DAMAGE_2_1', 'AbilityType', 'ABILITY_NATURE_ADJUST_DAMAGE_8'),
('MODIFIER_GRANT_NATURE_DAMAGE_2_2', 'AbilityType', 'ABILITY_NATURE_ADJUST_DAMAGE_16'),
('MODIFIER_GRANT_NATURE_DAMAGE_2_4', 'AbilityType', 'ABILITY_NATURE_ADJUST_DAMAGE_32'),
('MODIFIER_GRANT_NATURE_DAMAGE_2_8', 'AbilityType', 'ABILITY_NATURE_ADJUST_DAMAGE_64');

INSERT INTO Requirements(RequirementId, RequirementType) VALUES
('AIR_PLOT_PROP_MORE_THAN_1', 'REQUIREMENT_PLOT_PROPERTY_MATCHES'),
('AIR_PLOT_PROP_MORE_THAN_2', 'REQUIREMENT_PLOT_PROPERTY_MATCHES'),
('AIR_PLOT_PROP_MORE_THAN_4', 'REQUIREMENT_PLOT_PROPERTY_MATCHES'),
('AIR_PLOT_PROP_MORE_THAN_8', 'REQUIREMENT_PLOT_PROPERTY_MATCHES'),
('BODY_PLOT_PROP_MORE_THAN_1', 'REQUIREMENT_PLOT_PROPERTY_MATCHES'),
('BODY_PLOT_PROP_MORE_THAN_2', 'REQUIREMENT_PLOT_PROPERTY_MATCHES'),
('BODY_PLOT_PROP_MORE_THAN_4', 'REQUIREMENT_PLOT_PROPERTY_MATCHES'),
('BODY_PLOT_PROP_MORE_THAN_8', 'REQUIREMENT_PLOT_PROPERTY_MATCHES'),
('CHAOS_PLOT_PROP_MORE_THAN_1', 'REQUIREMENT_PLOT_PROPERTY_MATCHES'),
('CHAOS_PLOT_PROP_MORE_THAN_2', 'REQUIREMENT_PLOT_PROPERTY_MATCHES'),
('CHAOS_PLOT_PROP_MORE_THAN_4', 'REQUIREMENT_PLOT_PROPERTY_MATCHES'),
('CHAOS_PLOT_PROP_MORE_THAN_8', 'REQUIREMENT_PLOT_PROPERTY_MATCHES'),
('DEATH_PLOT_PROP_MORE_THAN_1', 'REQUIREMENT_PLOT_PROPERTY_MATCHES'),
('DEATH_PLOT_PROP_MORE_THAN_2', 'REQUIREMENT_PLOT_PROPERTY_MATCHES'),
('DEATH_PLOT_PROP_MORE_THAN_4', 'REQUIREMENT_PLOT_PROPERTY_MATCHES'),
('DEATH_PLOT_PROP_MORE_THAN_8', 'REQUIREMENT_PLOT_PROPERTY_MATCHES'),
('EARTH_PLOT_PROP_MORE_THAN_1', 'REQUIREMENT_PLOT_PROPERTY_MATCHES'),
('EARTH_PLOT_PROP_MORE_THAN_2', 'REQUIREMENT_PLOT_PROPERTY_MATCHES'),
('EARTH_PLOT_PROP_MORE_THAN_4', 'REQUIREMENT_PLOT_PROPERTY_MATCHES'),
('EARTH_PLOT_PROP_MORE_THAN_8', 'REQUIREMENT_PLOT_PROPERTY_MATCHES'),
('ENCHANTMENT_PLOT_PROP_MORE_THAN_1', 'REQUIREMENT_PLOT_PROPERTY_MATCHES'),
('ENCHANTMENT_PLOT_PROP_MORE_THAN_2', 'REQUIREMENT_PLOT_PROPERTY_MATCHES'),
('ENCHANTMENT_PLOT_PROP_MORE_THAN_4', 'REQUIREMENT_PLOT_PROPERTY_MATCHES'),
('ENCHANTMENT_PLOT_PROP_MORE_THAN_8', 'REQUIREMENT_PLOT_PROPERTY_MATCHES'),
('ENTROPY_PLOT_PROP_MORE_THAN_1', 'REQUIREMENT_PLOT_PROPERTY_MATCHES'),
('ENTROPY_PLOT_PROP_MORE_THAN_2', 'REQUIREMENT_PLOT_PROPERTY_MATCHES'),
('ENTROPY_PLOT_PROP_MORE_THAN_4', 'REQUIREMENT_PLOT_PROPERTY_MATCHES'),
('ENTROPY_PLOT_PROP_MORE_THAN_8', 'REQUIREMENT_PLOT_PROPERTY_MATCHES'),
('FIRE_PLOT_PROP_MORE_THAN_1', 'REQUIREMENT_PLOT_PROPERTY_MATCHES'),
('FIRE_PLOT_PROP_MORE_THAN_2', 'REQUIREMENT_PLOT_PROPERTY_MATCHES'),
('FIRE_PLOT_PROP_MORE_THAN_4', 'REQUIREMENT_PLOT_PROPERTY_MATCHES'),
('FIRE_PLOT_PROP_MORE_THAN_8', 'REQUIREMENT_PLOT_PROPERTY_MATCHES'),
('ICE_PLOT_PROP_MORE_THAN_1', 'REQUIREMENT_PLOT_PROPERTY_MATCHES'),
('ICE_PLOT_PROP_MORE_THAN_2', 'REQUIREMENT_PLOT_PROPERTY_MATCHES'),
('ICE_PLOT_PROP_MORE_THAN_4', 'REQUIREMENT_PLOT_PROPERTY_MATCHES'),
('ICE_PLOT_PROP_MORE_THAN_8', 'REQUIREMENT_PLOT_PROPERTY_MATCHES'),
('LAW_PLOT_PROP_MORE_THAN_1', 'REQUIREMENT_PLOT_PROPERTY_MATCHES'),
('LAW_PLOT_PROP_MORE_THAN_2', 'REQUIREMENT_PLOT_PROPERTY_MATCHES'),
('LAW_PLOT_PROP_MORE_THAN_4', 'REQUIREMENT_PLOT_PROPERTY_MATCHES'),
('LAW_PLOT_PROP_MORE_THAN_8', 'REQUIREMENT_PLOT_PROPERTY_MATCHES'),
('LIFE_PLOT_PROP_MORE_THAN_1', 'REQUIREMENT_PLOT_PROPERTY_MATCHES'),
('LIFE_PLOT_PROP_MORE_THAN_2', 'REQUIREMENT_PLOT_PROPERTY_MATCHES'),
('LIFE_PLOT_PROP_MORE_THAN_4', 'REQUIREMENT_PLOT_PROPERTY_MATCHES'),
('LIFE_PLOT_PROP_MORE_THAN_8', 'REQUIREMENT_PLOT_PROPERTY_MATCHES'),
('METAMAGIC_PLOT_PROP_MORE_THAN_1', 'REQUIREMENT_PLOT_PROPERTY_MATCHES'),
('METAMAGIC_PLOT_PROP_MORE_THAN_2', 'REQUIREMENT_PLOT_PROPERTY_MATCHES'),
('METAMAGIC_PLOT_PROP_MORE_THAN_4', 'REQUIREMENT_PLOT_PROPERTY_MATCHES'),
('METAMAGIC_PLOT_PROP_MORE_THAN_8', 'REQUIREMENT_PLOT_PROPERTY_MATCHES'),
('MIND_PLOT_PROP_MORE_THAN_1', 'REQUIREMENT_PLOT_PROPERTY_MATCHES'),
('MIND_PLOT_PROP_MORE_THAN_2', 'REQUIREMENT_PLOT_PROPERTY_MATCHES'),
('MIND_PLOT_PROP_MORE_THAN_4', 'REQUIREMENT_PLOT_PROPERTY_MATCHES'),
('MIND_PLOT_PROP_MORE_THAN_8', 'REQUIREMENT_PLOT_PROPERTY_MATCHES'),
('NATURE_PLOT_PROP_MORE_THAN_1', 'REQUIREMENT_PLOT_PROPERTY_MATCHES'),
('NATURE_PLOT_PROP_MORE_THAN_2', 'REQUIREMENT_PLOT_PROPERTY_MATCHES'),
('NATURE_PLOT_PROP_MORE_THAN_4', 'REQUIREMENT_PLOT_PROPERTY_MATCHES'),
('NATURE_PLOT_PROP_MORE_THAN_8', 'REQUIREMENT_PLOT_PROPERTY_MATCHES'),
('SHADOW_PLOT_PROP_MORE_THAN_1', 'REQUIREMENT_PLOT_PROPERTY_MATCHES'),
('SHADOW_PLOT_PROP_MORE_THAN_2', 'REQUIREMENT_PLOT_PROPERTY_MATCHES'),
('SHADOW_PLOT_PROP_MORE_THAN_4', 'REQUIREMENT_PLOT_PROPERTY_MATCHES'),
('SHADOW_PLOT_PROP_MORE_THAN_8', 'REQUIREMENT_PLOT_PROPERTY_MATCHES'),
('SPIRIT_PLOT_PROP_MORE_THAN_1', 'REQUIREMENT_PLOT_PROPERTY_MATCHES'),
('SPIRIT_PLOT_PROP_MORE_THAN_2', 'REQUIREMENT_PLOT_PROPERTY_MATCHES'),
('SPIRIT_PLOT_PROP_MORE_THAN_4', 'REQUIREMENT_PLOT_PROPERTY_MATCHES'),
('SPIRIT_PLOT_PROP_MORE_THAN_8', 'REQUIREMENT_PLOT_PROPERTY_MATCHES'),
('SUN_PLOT_PROP_MORE_THAN_1', 'REQUIREMENT_PLOT_PROPERTY_MATCHES'),
('SUN_PLOT_PROP_MORE_THAN_2', 'REQUIREMENT_PLOT_PROPERTY_MATCHES'),
('SUN_PLOT_PROP_MORE_THAN_4', 'REQUIREMENT_PLOT_PROPERTY_MATCHES'),
('SUN_PLOT_PROP_MORE_THAN_8', 'REQUIREMENT_PLOT_PROPERTY_MATCHES'),
('WATER_PLOT_PROP_MORE_THAN_1', 'REQUIREMENT_PLOT_PROPERTY_MATCHES'),
('WATER_PLOT_PROP_MORE_THAN_2', 'REQUIREMENT_PLOT_PROPERTY_MATCHES'),
('WATER_PLOT_PROP_MORE_THAN_4', 'REQUIREMENT_PLOT_PROPERTY_MATCHES'),
('WATER_PLOT_PROP_MORE_THAN_8', 'REQUIREMENT_PLOT_PROPERTY_MATCHES');

INSERT INTO RequirementArguments(RequirementId, Name, Value) VALUES
('AIR_PLOT_PROP_MORE_THAN_1', 'PropertyName','AIR_BINARY_1'),
('AIR_PLOT_PROP_MORE_THAN_1', 'PropertyMinimum','1'),
('AIR_PLOT_PROP_MORE_THAN_2', 'PropertyName','AIR_BINARY_2'),
('AIR_PLOT_PROP_MORE_THAN_2', 'PropertyMinimum','1'),
('AIR_PLOT_PROP_MORE_THAN_4', 'PropertyName','AIR_BINARY_4'),
('AIR_PLOT_PROP_MORE_THAN_4', 'PropertyMinimum','1'),
('AIR_PLOT_PROP_MORE_THAN_8', 'PropertyName','AIR_BINARY_8'),
('AIR_PLOT_PROP_MORE_THAN_8', 'PropertyMinimum','1'),
('BODY_PLOT_PROP_MORE_THAN_1', 'PropertyName','BODY_BINARY_1'),
('BODY_PLOT_PROP_MORE_THAN_1', 'PropertyMinimum','1'),
('BODY_PLOT_PROP_MORE_THAN_2', 'PropertyName','BODY_BINARY_2'),
('BODY_PLOT_PROP_MORE_THAN_2', 'PropertyMinimum','1'),
('BODY_PLOT_PROP_MORE_THAN_4', 'PropertyName','BODY_BINARY_4'),
('BODY_PLOT_PROP_MORE_THAN_4', 'PropertyMinimum','1'),
('BODY_PLOT_PROP_MORE_THAN_8', 'PropertyName','BODY_BINARY_8'),
('BODY_PLOT_PROP_MORE_THAN_8', 'PropertyMinimum','1'),
('CHAOS_PLOT_PROP_MORE_THAN_1', 'PropertyName','CHAOS_BINARY_1'),
('CHAOS_PLOT_PROP_MORE_THAN_1', 'PropertyMinimum','1'),
('CHAOS_PLOT_PROP_MORE_THAN_2', 'PropertyName','CHAOS_BINARY_2'),
('CHAOS_PLOT_PROP_MORE_THAN_2', 'PropertyMinimum','1'),
('CHAOS_PLOT_PROP_MORE_THAN_4', 'PropertyName','CHAOS_BINARY_4'),
('CHAOS_PLOT_PROP_MORE_THAN_4', 'PropertyMinimum','1'),
('CHAOS_PLOT_PROP_MORE_THAN_8', 'PropertyName','CHAOS_BINARY_8'),
('CHAOS_PLOT_PROP_MORE_THAN_8', 'PropertyMinimum','1'),
('DEATH_PLOT_PROP_MORE_THAN_1', 'PropertyName','DEATH_BINARY_1'),
('DEATH_PLOT_PROP_MORE_THAN_1', 'PropertyMinimum','1'),
('DEATH_PLOT_PROP_MORE_THAN_2', 'PropertyName','DEATH_BINARY_2'),
('DEATH_PLOT_PROP_MORE_THAN_2', 'PropertyMinimum','1'),
('DEATH_PLOT_PROP_MORE_THAN_4', 'PropertyName','DEATH_BINARY_4'),
('DEATH_PLOT_PROP_MORE_THAN_4', 'PropertyMinimum','1'),
('DEATH_PLOT_PROP_MORE_THAN_8', 'PropertyName','DEATH_BINARY_8'),
('DEATH_PLOT_PROP_MORE_THAN_8', 'PropertyMinimum','1'),
('EARTH_PLOT_PROP_MORE_THAN_1', 'PropertyName','EARTH_BINARY_1'),
('EARTH_PLOT_PROP_MORE_THAN_1', 'PropertyMinimum','1'),
('EARTH_PLOT_PROP_MORE_THAN_2', 'PropertyName','EARTH_BINARY_2'),
('EARTH_PLOT_PROP_MORE_THAN_2', 'PropertyMinimum','1'),
('EARTH_PLOT_PROP_MORE_THAN_4', 'PropertyName','EARTH_BINARY_4'),
('EARTH_PLOT_PROP_MORE_THAN_4', 'PropertyMinimum','1'),
('EARTH_PLOT_PROP_MORE_THAN_8', 'PropertyName','EARTH_BINARY_8'),
('EARTH_PLOT_PROP_MORE_THAN_8', 'PropertyMinimum','1'),
('ENCHANTMENT_PLOT_PROP_MORE_THAN_1', 'PropertyName','ENCHANTMENT_BINARY_1'),
('ENCHANTMENT_PLOT_PROP_MORE_THAN_1', 'PropertyMinimum','1'),
('ENCHANTMENT_PLOT_PROP_MORE_THAN_2', 'PropertyName','ENCHANTMENT_BINARY_2'),
('ENCHANTMENT_PLOT_PROP_MORE_THAN_2', 'PropertyMinimum','1'),
('ENCHANTMENT_PLOT_PROP_MORE_THAN_4', 'PropertyName','ENCHANTMENT_BINARY_4'),
('ENCHANTMENT_PLOT_PROP_MORE_THAN_4', 'PropertyMinimum','1'),
('ENCHANTMENT_PLOT_PROP_MORE_THAN_8', 'PropertyName','ENCHANTMENT_BINARY_8'),
('ENCHANTMENT_PLOT_PROP_MORE_THAN_8', 'PropertyMinimum','1'),
('ENTROPY_PLOT_PROP_MORE_THAN_1', 'PropertyName','ENTROPY_BINARY_1'),
('ENTROPY_PLOT_PROP_MORE_THAN_1', 'PropertyMinimum','1'),
('ENTROPY_PLOT_PROP_MORE_THAN_2', 'PropertyName','ENTROPY_BINARY_2'),
('ENTROPY_PLOT_PROP_MORE_THAN_2', 'PropertyMinimum','1'),
('ENTROPY_PLOT_PROP_MORE_THAN_4', 'PropertyName','ENTROPY_BINARY_4'),
('ENTROPY_PLOT_PROP_MORE_THAN_4', 'PropertyMinimum','1'),
('ENTROPY_PLOT_PROP_MORE_THAN_8', 'PropertyName','ENTROPY_BINARY_8'),
('ENTROPY_PLOT_PROP_MORE_THAN_8', 'PropertyMinimum','1'),
('FIRE_PLOT_PROP_MORE_THAN_1', 'PropertyName','FIRE_BINARY_1'),
('FIRE_PLOT_PROP_MORE_THAN_1', 'PropertyMinimum','1'),
('FIRE_PLOT_PROP_MORE_THAN_2', 'PropertyName','FIRE_BINARY_2'),
('FIRE_PLOT_PROP_MORE_THAN_2', 'PropertyMinimum','1'),
('FIRE_PLOT_PROP_MORE_THAN_4', 'PropertyName','FIRE_BINARY_4'),
('FIRE_PLOT_PROP_MORE_THAN_4', 'PropertyMinimum','1'),
('FIRE_PLOT_PROP_MORE_THAN_8', 'PropertyName','FIRE_BINARY_8'),
('FIRE_PLOT_PROP_MORE_THAN_8', 'PropertyMinimum','1'),
('ICE_PLOT_PROP_MORE_THAN_1', 'PropertyName','ICE_BINARY_1'),
('ICE_PLOT_PROP_MORE_THAN_1', 'PropertyMinimum','1'),
('ICE_PLOT_PROP_MORE_THAN_2', 'PropertyName','ICE_BINARY_2'),
('ICE_PLOT_PROP_MORE_THAN_2', 'PropertyMinimum','1'),
('ICE_PLOT_PROP_MORE_THAN_4', 'PropertyName','ICE_BINARY_4'),
('ICE_PLOT_PROP_MORE_THAN_4', 'PropertyMinimum','1'),
('ICE_PLOT_PROP_MORE_THAN_8', 'PropertyName','ICE_BINARY_8'),
('ICE_PLOT_PROP_MORE_THAN_8', 'PropertyMinimum','1'),
('LAW_PLOT_PROP_MORE_THAN_1', 'PropertyName','LAW_BINARY_1'),
('LAW_PLOT_PROP_MORE_THAN_1', 'PropertyMinimum','1'),
('LAW_PLOT_PROP_MORE_THAN_2', 'PropertyName','LAW_BINARY_2'),
('LAW_PLOT_PROP_MORE_THAN_2', 'PropertyMinimum','1'),
('LAW_PLOT_PROP_MORE_THAN_4', 'PropertyName','LAW_BINARY_4'),
('LAW_PLOT_PROP_MORE_THAN_4', 'PropertyMinimum','1'),
('LAW_PLOT_PROP_MORE_THAN_8', 'PropertyName','LAW_BINARY_8'),
('LAW_PLOT_PROP_MORE_THAN_8', 'PropertyMinimum','1'),
('LIFE_PLOT_PROP_MORE_THAN_1', 'PropertyName','LIFE_BINARY_1'),
('LIFE_PLOT_PROP_MORE_THAN_1', 'PropertyMinimum','1'),
('LIFE_PLOT_PROP_MORE_THAN_2', 'PropertyName','LIFE_BINARY_2'),
('LIFE_PLOT_PROP_MORE_THAN_2', 'PropertyMinimum','1'),
('LIFE_PLOT_PROP_MORE_THAN_4', 'PropertyName','LIFE_BINARY_4'),
('LIFE_PLOT_PROP_MORE_THAN_4', 'PropertyMinimum','1'),
('LIFE_PLOT_PROP_MORE_THAN_8', 'PropertyName','LIFE_BINARY_8'),
('LIFE_PLOT_PROP_MORE_THAN_8', 'PropertyMinimum','1'),
('METAMAGIC_PLOT_PROP_MORE_THAN_1', 'PropertyName','METAMAGIC_BINARY_1'),
('METAMAGIC_PLOT_PROP_MORE_THAN_1', 'PropertyMinimum','1'),
('METAMAGIC_PLOT_PROP_MORE_THAN_2', 'PropertyName','METAMAGIC_BINARY_2'),
('METAMAGIC_PLOT_PROP_MORE_THAN_2', 'PropertyMinimum','1'),
('METAMAGIC_PLOT_PROP_MORE_THAN_4', 'PropertyName','METAMAGIC_BINARY_4'),
('METAMAGIC_PLOT_PROP_MORE_THAN_4', 'PropertyMinimum','1'),
('METAMAGIC_PLOT_PROP_MORE_THAN_8', 'PropertyName','METAMAGIC_BINARY_8'),
('METAMAGIC_PLOT_PROP_MORE_THAN_8', 'PropertyMinimum','1'),
('MIND_PLOT_PROP_MORE_THAN_1', 'PropertyName','MIND_BINARY_1'),
('MIND_PLOT_PROP_MORE_THAN_1', 'PropertyMinimum','1'),
('MIND_PLOT_PROP_MORE_THAN_2', 'PropertyName','MIND_BINARY_2'),
('MIND_PLOT_PROP_MORE_THAN_2', 'PropertyMinimum','1'),
('MIND_PLOT_PROP_MORE_THAN_4', 'PropertyName','MIND_BINARY_4'),
('MIND_PLOT_PROP_MORE_THAN_4', 'PropertyMinimum','1'),
('MIND_PLOT_PROP_MORE_THAN_8', 'PropertyName','MIND_BINARY_8'),
('MIND_PLOT_PROP_MORE_THAN_8', 'PropertyMinimum','1'),
('NATURE_PLOT_PROP_MORE_THAN_1', 'PropertyName','NATURE_BINARY_1'),
('NATURE_PLOT_PROP_MORE_THAN_1', 'PropertyMinimum','1'),
('NATURE_PLOT_PROP_MORE_THAN_2', 'PropertyName','NATURE_BINARY_2'),
('NATURE_PLOT_PROP_MORE_THAN_2', 'PropertyMinimum','1'),
('NATURE_PLOT_PROP_MORE_THAN_4', 'PropertyName','NATURE_BINARY_4'),
('NATURE_PLOT_PROP_MORE_THAN_4', 'PropertyMinimum','1'),
('NATURE_PLOT_PROP_MORE_THAN_8', 'PropertyName','NATURE_BINARY_8'),
('NATURE_PLOT_PROP_MORE_THAN_8', 'PropertyMinimum','1'),
('SHADOW_PLOT_PROP_MORE_THAN_1', 'PropertyName','SHADOW_BINARY_1'),
('SHADOW_PLOT_PROP_MORE_THAN_1', 'PropertyMinimum','1'),
('SHADOW_PLOT_PROP_MORE_THAN_2', 'PropertyName','SHADOW_BINARY_2'),
('SHADOW_PLOT_PROP_MORE_THAN_2', 'PropertyMinimum','1'),
('SHADOW_PLOT_PROP_MORE_THAN_4', 'PropertyName','SHADOW_BINARY_4'),
('SHADOW_PLOT_PROP_MORE_THAN_4', 'PropertyMinimum','1'),
('SHADOW_PLOT_PROP_MORE_THAN_8', 'PropertyName','SHADOW_BINARY_8'),
('SHADOW_PLOT_PROP_MORE_THAN_8', 'PropertyMinimum','1'),
('SPIRIT_PLOT_PROP_MORE_THAN_1', 'PropertyName','SPIRIT_BINARY_1'),
('SPIRIT_PLOT_PROP_MORE_THAN_1', 'PropertyMinimum','1'),
('SPIRIT_PLOT_PROP_MORE_THAN_2', 'PropertyName','SPIRIT_BINARY_2'),
('SPIRIT_PLOT_PROP_MORE_THAN_2', 'PropertyMinimum','1'),
('SPIRIT_PLOT_PROP_MORE_THAN_4', 'PropertyName','SPIRIT_BINARY_4'),
('SPIRIT_PLOT_PROP_MORE_THAN_4', 'PropertyMinimum','1'),
('SPIRIT_PLOT_PROP_MORE_THAN_8', 'PropertyName','SPIRIT_BINARY_8'),
('SPIRIT_PLOT_PROP_MORE_THAN_8', 'PropertyMinimum','1'),
('SUN_PLOT_PROP_MORE_THAN_1', 'PropertyName','SUN_BINARY_1'),
('SUN_PLOT_PROP_MORE_THAN_1', 'PropertyMinimum','1'),
('SUN_PLOT_PROP_MORE_THAN_2', 'PropertyName','SUN_BINARY_2'),
('SUN_PLOT_PROP_MORE_THAN_2', 'PropertyMinimum','1'),
('SUN_PLOT_PROP_MORE_THAN_4', 'PropertyName','SUN_BINARY_4'),
('SUN_PLOT_PROP_MORE_THAN_4', 'PropertyMinimum','1'),
('SUN_PLOT_PROP_MORE_THAN_8', 'PropertyName','SUN_BINARY_8'),
('SUN_PLOT_PROP_MORE_THAN_8', 'PropertyMinimum','1'),
('WATER_PLOT_PROP_MORE_THAN_1', 'PropertyName','WATER_BINARY_1'),
('WATER_PLOT_PROP_MORE_THAN_1', 'PropertyMinimum','1'),
('WATER_PLOT_PROP_MORE_THAN_2', 'PropertyName','WATER_BINARY_2'),
('WATER_PLOT_PROP_MORE_THAN_2', 'PropertyMinimum','1'),
('WATER_PLOT_PROP_MORE_THAN_4', 'PropertyName','WATER_BINARY_4'),
('WATER_PLOT_PROP_MORE_THAN_4', 'PropertyMinimum','1'),
('WATER_PLOT_PROP_MORE_THAN_8', 'PropertyName','WATER_BINARY_8'),
('WATER_PLOT_PROP_MORE_THAN_8', 'PropertyMinimum','1');

INSERT INTO RequirementSetRequirements(RequirementSetId, RequirementId) VALUES
('PLAYER_HAS_AIR_MANA_1', 'AIR_PLOT_PROP_MORE_THAN_1'),
('PLAYER_HAS_AIR_MANA_2', 'AIR_PLOT_PROP_MORE_THAN_2'),
('PLAYER_HAS_AIR_MANA_4', 'AIR_PLOT_PROP_MORE_THAN_4'),
('PLAYER_HAS_AIR_MANA_8', 'AIR_PLOT_PROP_MORE_THAN_8'),
('PLAYER_HAS_BODY_MANA_1', 'BODY_PLOT_PROP_MORE_THAN_1'),
('PLAYER_HAS_BODY_MANA_2', 'BODY_PLOT_PROP_MORE_THAN_2'),
('PLAYER_HAS_BODY_MANA_4', 'BODY_PLOT_PROP_MORE_THAN_4'),
('PLAYER_HAS_BODY_MANA_8', 'BODY_PLOT_PROP_MORE_THAN_8'),
('PLAYER_HAS_CHAOS_MANA_1', 'CHAOS_PLOT_PROP_MORE_THAN_1'),
('PLAYER_HAS_CHAOS_MANA_2', 'CHAOS_PLOT_PROP_MORE_THAN_2'),
('PLAYER_HAS_CHAOS_MANA_4', 'CHAOS_PLOT_PROP_MORE_THAN_4'),
('PLAYER_HAS_CHAOS_MANA_8', 'CHAOS_PLOT_PROP_MORE_THAN_8'),
('PLAYER_HAS_DEATH_MANA_1', 'DEATH_PLOT_PROP_MORE_THAN_1'),
('PLAYER_HAS_DEATH_MANA_2', 'DEATH_PLOT_PROP_MORE_THAN_2'),
('PLAYER_HAS_DEATH_MANA_4', 'DEATH_PLOT_PROP_MORE_THAN_4'),
('PLAYER_HAS_DEATH_MANA_8', 'DEATH_PLOT_PROP_MORE_THAN_8'),
('PLAYER_HAS_EARTH_MANA_1', 'EARTH_PLOT_PROP_MORE_THAN_1'),
('PLAYER_HAS_EARTH_MANA_2', 'EARTH_PLOT_PROP_MORE_THAN_2'),
('PLAYER_HAS_EARTH_MANA_4', 'EARTH_PLOT_PROP_MORE_THAN_4'),
('PLAYER_HAS_EARTH_MANA_8', 'EARTH_PLOT_PROP_MORE_THAN_8'),
('PLAYER_HAS_ENCHANTMENT_MANA_1', 'ENCHANTMENT_PLOT_PROP_MORE_THAN_1'),
('PLAYER_HAS_ENCHANTMENT_MANA_2', 'ENCHANTMENT_PLOT_PROP_MORE_THAN_2'),
('PLAYER_HAS_ENCHANTMENT_MANA_4', 'ENCHANTMENT_PLOT_PROP_MORE_THAN_4'),
('PLAYER_HAS_ENCHANTMENT_MANA_8', 'ENCHANTMENT_PLOT_PROP_MORE_THAN_8'),
('PLAYER_HAS_ENTROPY_MANA_1', 'ENTROPY_PLOT_PROP_MORE_THAN_1'),
('PLAYER_HAS_ENTROPY_MANA_2', 'ENTROPY_PLOT_PROP_MORE_THAN_2'),
('PLAYER_HAS_ENTROPY_MANA_4', 'ENTROPY_PLOT_PROP_MORE_THAN_4'),
('PLAYER_HAS_ENTROPY_MANA_8', 'ENTROPY_PLOT_PROP_MORE_THAN_8'),
('PLAYER_HAS_FIRE_MANA_1', 'FIRE_PLOT_PROP_MORE_THAN_1'),
('PLAYER_HAS_FIRE_MANA_2', 'FIRE_PLOT_PROP_MORE_THAN_2'),
('PLAYER_HAS_FIRE_MANA_4', 'FIRE_PLOT_PROP_MORE_THAN_4'),
('PLAYER_HAS_FIRE_MANA_8', 'FIRE_PLOT_PROP_MORE_THAN_8'),
('PLAYER_HAS_ICE_MANA_1', 'ICE_PLOT_PROP_MORE_THAN_1'),
('PLAYER_HAS_ICE_MANA_2', 'ICE_PLOT_PROP_MORE_THAN_2'),
('PLAYER_HAS_ICE_MANA_4', 'ICE_PLOT_PROP_MORE_THAN_4'),
('PLAYER_HAS_ICE_MANA_8', 'ICE_PLOT_PROP_MORE_THAN_8'),
('PLAYER_HAS_LAW_MANA_1', 'LAW_PLOT_PROP_MORE_THAN_1'),
('PLAYER_HAS_LAW_MANA_2', 'LAW_PLOT_PROP_MORE_THAN_2'),
('PLAYER_HAS_LAW_MANA_4', 'LAW_PLOT_PROP_MORE_THAN_4'),
('PLAYER_HAS_LAW_MANA_8', 'LAW_PLOT_PROP_MORE_THAN_8'),
('PLAYER_HAS_LIFE_MANA_1', 'LIFE_PLOT_PROP_MORE_THAN_1'),
('PLAYER_HAS_LIFE_MANA_2', 'LIFE_PLOT_PROP_MORE_THAN_2'),
('PLAYER_HAS_LIFE_MANA_4', 'LIFE_PLOT_PROP_MORE_THAN_4'),
('PLAYER_HAS_LIFE_MANA_8', 'LIFE_PLOT_PROP_MORE_THAN_8'),
('PLAYER_HAS_METAMAGIC_MANA_1', 'METAMAGIC_PLOT_PROP_MORE_THAN_1'),
('PLAYER_HAS_METAMAGIC_MANA_2', 'METAMAGIC_PLOT_PROP_MORE_THAN_2'),
('PLAYER_HAS_METAMAGIC_MANA_4', 'METAMAGIC_PLOT_PROP_MORE_THAN_4'),
('PLAYER_HAS_METAMAGIC_MANA_8', 'METAMAGIC_PLOT_PROP_MORE_THAN_8'),
('PLAYER_HAS_MIND_MANA_1', 'MIND_PLOT_PROP_MORE_THAN_1'),
('PLAYER_HAS_MIND_MANA_2', 'MIND_PLOT_PROP_MORE_THAN_2'),
('PLAYER_HAS_MIND_MANA_4', 'MIND_PLOT_PROP_MORE_THAN_4'),
('PLAYER_HAS_MIND_MANA_8', 'MIND_PLOT_PROP_MORE_THAN_8'),
('PLAYER_HAS_NATURE_MANA_1', 'NATURE_PLOT_PROP_MORE_THAN_1'),
('PLAYER_HAS_NATURE_MANA_2', 'NATURE_PLOT_PROP_MORE_THAN_2'),
('PLAYER_HAS_NATURE_MANA_4', 'NATURE_PLOT_PROP_MORE_THAN_4'),
('PLAYER_HAS_NATURE_MANA_8', 'NATURE_PLOT_PROP_MORE_THAN_8'),
('PLAYER_HAS_SHADOW_MANA_1', 'SHADOW_PLOT_PROP_MORE_THAN_1'),
('PLAYER_HAS_SHADOW_MANA_2', 'SHADOW_PLOT_PROP_MORE_THAN_2'),
('PLAYER_HAS_SHADOW_MANA_4', 'SHADOW_PLOT_PROP_MORE_THAN_4'),
('PLAYER_HAS_SHADOW_MANA_8', 'SHADOW_PLOT_PROP_MORE_THAN_8'),
('PLAYER_HAS_SPIRIT_MANA_1', 'SPIRIT_PLOT_PROP_MORE_THAN_1'),
('PLAYER_HAS_SPIRIT_MANA_2', 'SPIRIT_PLOT_PROP_MORE_THAN_2'),
('PLAYER_HAS_SPIRIT_MANA_4', 'SPIRIT_PLOT_PROP_MORE_THAN_4'),
('PLAYER_HAS_SPIRIT_MANA_8', 'SPIRIT_PLOT_PROP_MORE_THAN_8'),
('PLAYER_HAS_SUN_MANA_1', 'SUN_PLOT_PROP_MORE_THAN_1'),
('PLAYER_HAS_SUN_MANA_2', 'SUN_PLOT_PROP_MORE_THAN_2'),
('PLAYER_HAS_SUN_MANA_4', 'SUN_PLOT_PROP_MORE_THAN_4'),
('PLAYER_HAS_SUN_MANA_8', 'SUN_PLOT_PROP_MORE_THAN_8'),
('PLAYER_HAS_WATER_MANA_1', 'WATER_PLOT_PROP_MORE_THAN_1'),
('PLAYER_HAS_WATER_MANA_2', 'WATER_PLOT_PROP_MORE_THAN_2'),
('PLAYER_HAS_WATER_MANA_4', 'WATER_PLOT_PROP_MORE_THAN_4'),
('PLAYER_HAS_WATER_MANA_8', 'WATER_PLOT_PROP_MORE_THAN_8');

INSERT INTO RequirementSets(RequirementSetId, RequirementSetType) VALUES
('PLAYER_HAS_AIR_MANA_1', 'REQUIREMENTSET_TEST_ANY'),
('PLAYER_HAS_AIR_MANA_2', 'REQUIREMENTSET_TEST_ANY'),
('PLAYER_HAS_AIR_MANA_4', 'REQUIREMENTSET_TEST_ANY'),
('PLAYER_HAS_AIR_MANA_8', 'REQUIREMENTSET_TEST_ANY'),
('PLAYER_HAS_BODY_MANA_1', 'REQUIREMENTSET_TEST_ANY'),
('PLAYER_HAS_BODY_MANA_2', 'REQUIREMENTSET_TEST_ANY'),
('PLAYER_HAS_BODY_MANA_4', 'REQUIREMENTSET_TEST_ANY'),
('PLAYER_HAS_BODY_MANA_8', 'REQUIREMENTSET_TEST_ANY'),
('PLAYER_HAS_CHAOS_MANA_1', 'REQUIREMENTSET_TEST_ANY'),
('PLAYER_HAS_CHAOS_MANA_2', 'REQUIREMENTSET_TEST_ANY'),
('PLAYER_HAS_CHAOS_MANA_4', 'REQUIREMENTSET_TEST_ANY'),
('PLAYER_HAS_CHAOS_MANA_8', 'REQUIREMENTSET_TEST_ANY'),
('PLAYER_HAS_DEATH_MANA_1', 'REQUIREMENTSET_TEST_ANY'),
('PLAYER_HAS_DEATH_MANA_2', 'REQUIREMENTSET_TEST_ANY'),
('PLAYER_HAS_DEATH_MANA_4', 'REQUIREMENTSET_TEST_ANY'),
('PLAYER_HAS_DEATH_MANA_8', 'REQUIREMENTSET_TEST_ANY'),
('PLAYER_HAS_EARTH_MANA_1', 'REQUIREMENTSET_TEST_ANY'),
('PLAYER_HAS_EARTH_MANA_2', 'REQUIREMENTSET_TEST_ANY'),
('PLAYER_HAS_EARTH_MANA_4', 'REQUIREMENTSET_TEST_ANY'),
('PLAYER_HAS_EARTH_MANA_8', 'REQUIREMENTSET_TEST_ANY'),
('PLAYER_HAS_ENCHANTMENT_MANA_1', 'REQUIREMENTSET_TEST_ANY'),
('PLAYER_HAS_ENCHANTMENT_MANA_2', 'REQUIREMENTSET_TEST_ANY'),
('PLAYER_HAS_ENCHANTMENT_MANA_4', 'REQUIREMENTSET_TEST_ANY'),
('PLAYER_HAS_ENCHANTMENT_MANA_8', 'REQUIREMENTSET_TEST_ANY'),
('PLAYER_HAS_ENTROPY_MANA_1', 'REQUIREMENTSET_TEST_ANY'),
('PLAYER_HAS_ENTROPY_MANA_2', 'REQUIREMENTSET_TEST_ANY'),
('PLAYER_HAS_ENTROPY_MANA_4', 'REQUIREMENTSET_TEST_ANY'),
('PLAYER_HAS_ENTROPY_MANA_8', 'REQUIREMENTSET_TEST_ANY'),
('PLAYER_HAS_FIRE_MANA_1', 'REQUIREMENTSET_TEST_ANY'),
('PLAYER_HAS_FIRE_MANA_2', 'REQUIREMENTSET_TEST_ANY'),
('PLAYER_HAS_FIRE_MANA_4', 'REQUIREMENTSET_TEST_ANY'),
('PLAYER_HAS_FIRE_MANA_8', 'REQUIREMENTSET_TEST_ANY'),
('PLAYER_HAS_ICE_MANA_1', 'REQUIREMENTSET_TEST_ANY'),
('PLAYER_HAS_ICE_MANA_2', 'REQUIREMENTSET_TEST_ANY'),
('PLAYER_HAS_ICE_MANA_4', 'REQUIREMENTSET_TEST_ANY'),
('PLAYER_HAS_ICE_MANA_8', 'REQUIREMENTSET_TEST_ANY'),
('PLAYER_HAS_LAW_MANA_1', 'REQUIREMENTSET_TEST_ANY'),
('PLAYER_HAS_LAW_MANA_2', 'REQUIREMENTSET_TEST_ANY'),
('PLAYER_HAS_LAW_MANA_4', 'REQUIREMENTSET_TEST_ANY'),
('PLAYER_HAS_LAW_MANA_8', 'REQUIREMENTSET_TEST_ANY'),
('PLAYER_HAS_LIFE_MANA_1', 'REQUIREMENTSET_TEST_ANY'),
('PLAYER_HAS_LIFE_MANA_2', 'REQUIREMENTSET_TEST_ANY'),
('PLAYER_HAS_LIFE_MANA_4', 'REQUIREMENTSET_TEST_ANY'),
('PLAYER_HAS_LIFE_MANA_8', 'REQUIREMENTSET_TEST_ANY'),
('PLAYER_HAS_METAMAGIC_MANA_1', 'REQUIREMENTSET_TEST_ANY'),
('PLAYER_HAS_METAMAGIC_MANA_2', 'REQUIREMENTSET_TEST_ANY'),
('PLAYER_HAS_METAMAGIC_MANA_4', 'REQUIREMENTSET_TEST_ANY'),
('PLAYER_HAS_METAMAGIC_MANA_8', 'REQUIREMENTSET_TEST_ANY'),
('PLAYER_HAS_MIND_MANA_1', 'REQUIREMENTSET_TEST_ANY'),
('PLAYER_HAS_MIND_MANA_2', 'REQUIREMENTSET_TEST_ANY'),
('PLAYER_HAS_MIND_MANA_4', 'REQUIREMENTSET_TEST_ANY'),
('PLAYER_HAS_MIND_MANA_8', 'REQUIREMENTSET_TEST_ANY'),
('PLAYER_HAS_NATURE_MANA_1', 'REQUIREMENTSET_TEST_ANY'),
('PLAYER_HAS_NATURE_MANA_2', 'REQUIREMENTSET_TEST_ANY'),
('PLAYER_HAS_NATURE_MANA_4', 'REQUIREMENTSET_TEST_ANY'),
('PLAYER_HAS_NATURE_MANA_8', 'REQUIREMENTSET_TEST_ANY'),
('PLAYER_HAS_SHADOW_MANA_1', 'REQUIREMENTSET_TEST_ANY'),
('PLAYER_HAS_SHADOW_MANA_2', 'REQUIREMENTSET_TEST_ANY'),
('PLAYER_HAS_SHADOW_MANA_4', 'REQUIREMENTSET_TEST_ANY'),
('PLAYER_HAS_SHADOW_MANA_8', 'REQUIREMENTSET_TEST_ANY'),
('PLAYER_HAS_SPIRIT_MANA_1', 'REQUIREMENTSET_TEST_ANY'),
('PLAYER_HAS_SPIRIT_MANA_2', 'REQUIREMENTSET_TEST_ANY'),
('PLAYER_HAS_SPIRIT_MANA_4', 'REQUIREMENTSET_TEST_ANY'),
('PLAYER_HAS_SPIRIT_MANA_8', 'REQUIREMENTSET_TEST_ANY'),
('PLAYER_HAS_SUN_MANA_1', 'REQUIREMENTSET_TEST_ANY'),
('PLAYER_HAS_SUN_MANA_2', 'REQUIREMENTSET_TEST_ANY'),
('PLAYER_HAS_SUN_MANA_4', 'REQUIREMENTSET_TEST_ANY'),
('PLAYER_HAS_SUN_MANA_8', 'REQUIREMENTSET_TEST_ANY'),
('PLAYER_HAS_WATER_MANA_1', 'REQUIREMENTSET_TEST_ANY'),
('PLAYER_HAS_WATER_MANA_2', 'REQUIREMENTSET_TEST_ANY'),
('PLAYER_HAS_WATER_MANA_4', 'REQUIREMENTSET_TEST_ANY'),
('PLAYER_HAS_WATER_MANA_8', 'REQUIREMENTSET_TEST_ANY');

INSERT INTO Types(Type, Kind) VALUES
('ABILITY_AIR_ADJUST_DAMAGE_4', 'KIND_ABILITY'),
('ABILITY_AIR_ADJUST_DAMAGE_8', 'KIND_ABILITY'),
('ABILITY_AIR_ADJUST_DAMAGE_16', 'KIND_ABILITY'),
('ABILITY_AIR_ADJUST_DAMAGE_32', 'KIND_ABILITY'),
('ABILITY_AIR_ADJUST_DAMAGE_64', 'KIND_ABILITY'),
('ABILITY_BODY_ADJUST_DAMAGE_4', 'KIND_ABILITY'),
('ABILITY_BODY_ADJUST_DAMAGE_8', 'KIND_ABILITY'),
('ABILITY_BODY_ADJUST_DAMAGE_16', 'KIND_ABILITY'),
('ABILITY_BODY_ADJUST_DAMAGE_32', 'KIND_ABILITY'),
('ABILITY_BODY_ADJUST_DAMAGE_64', 'KIND_ABILITY'),
('ABILITY_CHAOS_ADJUST_DAMAGE_4', 'KIND_ABILITY'),
('ABILITY_CHAOS_ADJUST_DAMAGE_8', 'KIND_ABILITY'),
('ABILITY_CHAOS_ADJUST_DAMAGE_16', 'KIND_ABILITY'),
('ABILITY_CHAOS_ADJUST_DAMAGE_32', 'KIND_ABILITY'),
('ABILITY_CHAOS_ADJUST_DAMAGE_64', 'KIND_ABILITY'),
('ABILITY_DEATH_ADJUST_DAMAGE_4', 'KIND_ABILITY'),
('ABILITY_DEATH_ADJUST_DAMAGE_8', 'KIND_ABILITY'),
('ABILITY_DEATH_ADJUST_DAMAGE_16', 'KIND_ABILITY'),
('ABILITY_DEATH_ADJUST_DAMAGE_32', 'KIND_ABILITY'),
('ABILITY_DEATH_ADJUST_DAMAGE_64', 'KIND_ABILITY'),
('ABILITY_EARTH_ADJUST_DAMAGE_4', 'KIND_ABILITY'),
('ABILITY_EARTH_ADJUST_DAMAGE_8', 'KIND_ABILITY'),
('ABILITY_EARTH_ADJUST_DAMAGE_16', 'KIND_ABILITY'),
('ABILITY_EARTH_ADJUST_DAMAGE_32', 'KIND_ABILITY'),
('ABILITY_EARTH_ADJUST_DAMAGE_64', 'KIND_ABILITY'),
('ABILITY_ENCHANTMENT_ADJUST_DAMAGE_4', 'KIND_ABILITY'),
('ABILITY_ENCHANTMENT_ADJUST_DAMAGE_8', 'KIND_ABILITY'),
('ABILITY_ENCHANTMENT_ADJUST_DAMAGE_16', 'KIND_ABILITY'),
('ABILITY_ENCHANTMENT_ADJUST_DAMAGE_32', 'KIND_ABILITY'),
('ABILITY_ENCHANTMENT_ADJUST_DAMAGE_64', 'KIND_ABILITY'),
('ABILITY_ENTROPY_ADJUST_DAMAGE_4', 'KIND_ABILITY'),
('ABILITY_ENTROPY_ADJUST_DAMAGE_8', 'KIND_ABILITY'),
('ABILITY_ENTROPY_ADJUST_DAMAGE_16', 'KIND_ABILITY'),
('ABILITY_ENTROPY_ADJUST_DAMAGE_32', 'KIND_ABILITY'),
('ABILITY_ENTROPY_ADJUST_DAMAGE_64', 'KIND_ABILITY'),
('ABILITY_FIRE_ADJUST_DAMAGE_4', 'KIND_ABILITY'),
('ABILITY_FIRE_ADJUST_DAMAGE_8', 'KIND_ABILITY'),
('ABILITY_FIRE_ADJUST_DAMAGE_16', 'KIND_ABILITY'),
('ABILITY_FIRE_ADJUST_DAMAGE_32', 'KIND_ABILITY'),
('ABILITY_FIRE_ADJUST_DAMAGE_64', 'KIND_ABILITY'),
('ABILITY_ICE_ADJUST_DAMAGE_4', 'KIND_ABILITY'),
('ABILITY_ICE_ADJUST_DAMAGE_8', 'KIND_ABILITY'),
('ABILITY_ICE_ADJUST_DAMAGE_16', 'KIND_ABILITY'),
('ABILITY_ICE_ADJUST_DAMAGE_32', 'KIND_ABILITY'),
('ABILITY_ICE_ADJUST_DAMAGE_64', 'KIND_ABILITY'),
('ABILITY_LAW_ADJUST_DAMAGE_4', 'KIND_ABILITY'),
('ABILITY_LAW_ADJUST_DAMAGE_8', 'KIND_ABILITY'),
('ABILITY_LAW_ADJUST_DAMAGE_16', 'KIND_ABILITY'),
('ABILITY_LAW_ADJUST_DAMAGE_32', 'KIND_ABILITY'),
('ABILITY_LAW_ADJUST_DAMAGE_64', 'KIND_ABILITY'),
('ABILITY_LIFE_ADJUST_DAMAGE_4', 'KIND_ABILITY'),
('ABILITY_LIFE_ADJUST_DAMAGE_8', 'KIND_ABILITY'),
('ABILITY_LIFE_ADJUST_DAMAGE_16', 'KIND_ABILITY'),
('ABILITY_LIFE_ADJUST_DAMAGE_32', 'KIND_ABILITY'),
('ABILITY_LIFE_ADJUST_DAMAGE_64', 'KIND_ABILITY'),
('ABILITY_METAMAGIC_ADJUST_DAMAGE_4', 'KIND_ABILITY'),
('ABILITY_METAMAGIC_ADJUST_DAMAGE_8', 'KIND_ABILITY'),
('ABILITY_METAMAGIC_ADJUST_DAMAGE_16', 'KIND_ABILITY'),
('ABILITY_METAMAGIC_ADJUST_DAMAGE_32', 'KIND_ABILITY'),
('ABILITY_METAMAGIC_ADJUST_DAMAGE_64', 'KIND_ABILITY'),
('ABILITY_MIND_ADJUST_DAMAGE_4', 'KIND_ABILITY'),
('ABILITY_MIND_ADJUST_DAMAGE_8', 'KIND_ABILITY'),
('ABILITY_MIND_ADJUST_DAMAGE_16', 'KIND_ABILITY'),
('ABILITY_MIND_ADJUST_DAMAGE_32', 'KIND_ABILITY'),
('ABILITY_MIND_ADJUST_DAMAGE_64', 'KIND_ABILITY'),
('ABILITY_NATURE_ADJUST_DAMAGE_4', 'KIND_ABILITY'),
('ABILITY_NATURE_ADJUST_DAMAGE_8', 'KIND_ABILITY'),
('ABILITY_NATURE_ADJUST_DAMAGE_16', 'KIND_ABILITY'),
('ABILITY_NATURE_ADJUST_DAMAGE_32', 'KIND_ABILITY'),
('ABILITY_NATURE_ADJUST_DAMAGE_64', 'KIND_ABILITY'),
('ABILITY_SHADOW_ADJUST_DAMAGE_4', 'KIND_ABILITY'),
('ABILITY_SHADOW_ADJUST_DAMAGE_8', 'KIND_ABILITY'),
('ABILITY_SHADOW_ADJUST_DAMAGE_16', 'KIND_ABILITY'),
('ABILITY_SHADOW_ADJUST_DAMAGE_32', 'KIND_ABILITY'),
('ABILITY_SHADOW_ADJUST_DAMAGE_64', 'KIND_ABILITY'),
('ABILITY_SPIRIT_ADJUST_DAMAGE_4', 'KIND_ABILITY'),
('ABILITY_SPIRIT_ADJUST_DAMAGE_8', 'KIND_ABILITY'),
('ABILITY_SPIRIT_ADJUST_DAMAGE_16', 'KIND_ABILITY'),
('ABILITY_SPIRIT_ADJUST_DAMAGE_32', 'KIND_ABILITY'),
('ABILITY_SPIRIT_ADJUST_DAMAGE_64', 'KIND_ABILITY'),
('ABILITY_SUN_ADJUST_DAMAGE_4', 'KIND_ABILITY'),
('ABILITY_SUN_ADJUST_DAMAGE_8', 'KIND_ABILITY'),
('ABILITY_SUN_ADJUST_DAMAGE_16', 'KIND_ABILITY'),
('ABILITY_SUN_ADJUST_DAMAGE_32', 'KIND_ABILITY'),
('ABILITY_SUN_ADJUST_DAMAGE_64', 'KIND_ABILITY'),
('ABILITY_WATER_ADJUST_DAMAGE_4', 'KIND_ABILITY'),
('ABILITY_WATER_ADJUST_DAMAGE_8', 'KIND_ABILITY'),
('ABILITY_WATER_ADJUST_DAMAGE_16', 'KIND_ABILITY'),
('ABILITY_WATER_ADJUST_DAMAGE_32', 'KIND_ABILITY'),
('ABILITY_WATER_ADJUST_DAMAGE_64', 'KIND_ABILITY');
/*

INSERT INTO UnitAbilities(UnitAbilityType, Name, Description, Inactive, Permanent) VALUES
('ABILITY_ADJUST_DAMAGE_4', 'LOC_ABILITY_ADJUST_DAMAGE_4_NAME', 'LOC_ABILITY_ADJUST_DAMAGE_4_DESCRIPTION', '1', '1');

INSERT INTO UnitAbilityModifiers(UnitAbilityType, ModifierId) VALUES
('ABILITY_ADJUST_DAMAGE_4', 'MODIFIER_PROMOTION_COMBAT1');

-- grant on palace, since we dont mind city states getting it too
INSERT INTO BuildingModifiers(BuildingType, ModifierId) VALUES
('BUILDING_PALACE', 'MODIFIER_GRANT_$1_DAMAGE_$2'),
;

-- do i do OwnerRequirementSetID for the plot property, since subject is taken by has_air_mana
INSERT INTO Modifiers(ModifierId, ModifierType, OwnerRequirementSetId, SubjectRequirementSetId) VALUES
('MODIFIER_GRANT_$1_DAMAGE_$2', 'MODIFIER_PLAYER_UNITS_GRANT_ABILITY', 'UNIT_HAS_$1_AFFINITY', 'PLAYER_HAS_$1_MANA_$2'),
;

INSERT INTO ModifierArguments(ModifierId, Name, Value) VALUES
('MODIFIER_GRANT_$1_DAMAGE_$2', 'AbilityType', 'ABILITY_ADJUST_DAMAGE_4'),
;




INSERT INTO Requirements(RequirementId, RequirementType) VALUES
('UNIT_HAS_$1_AFFINITY_TAG', 'REQUIREMENT_UNIT_TAG_MATCHES'),
;

INSERT INTO RequirementArguments(RequirementId, Name, Value) VALUES
('UNIT_HAS_$1_AFFINITY_TAG', 'Tag', 'CLASS_AFFINITY_$1'),
;

INSERT INTO RequirementSetRequirements(RequirementSetId, RequirementId) VALUES
('UNIT_HAS_$1_AFFINITY', 'UNIT_HAS_$1_AFFINITY_TAG'),
;

INSERT INTO RequirementSets(RequirementSetId, RequirementSetType) VALUES
('UNIT_HAS_$1_AFFINITY', 'REQUIREMENTSET_TEST_ANY'),

;


INSERT INTO Requirements(RequirementId, RequirementType) VALUES
('$1_PLOT_PROP_MORE_THAN_$2', 'REQUIREMENT_PLOT_PROPERTY_MATCHES'),
;

INSERT INTO RequirementArguments(RequirementId, Name, Value) VALUES
('$1_PLOT_PROP_MORE_THAN_$2', 'PropertyName','$1_COUNT'),
('$1_PLOT_PROP_MORE_THAN_$2', 'PropertyMinimum','$2'),
;

INSERT INTO RequirementSetRequirements(RequirementSetId, RequirementId) VALUES
('PLAYER_HAS_$1_MANA_$2', '$1_PLOT_PROP_MORE_THAN_$2'),
;

INSERT INTO RequirementSets(RequirementSetId, RequirementSetType) VALUES
('PLAYER_HAS_$1_MANA_$2', 'REQUIREMENTSET_TEST_ANY'),

;

 */