INSERT INTO UnitUpgrades(Unit, UpgradeUnit) VALUES
('SLTH_UNIT_ADEPT',                         'SLTH_UNIT_MAGE'),
('UNIT_GREAT_WRITER',                       'UNIT_WARRIOR'),
('SLTH_UNIT_ANGEL',                         'SLTH_UNIT_VALKYRIE'),
('SLTH_UNIT_ARCHER',                        'SLTH_UNIT_LONGBOWMAN'),
('SLTH_UNIT_ASSASSIN',                      'SLTH_UNIT_SHADOW'),
('SLTH_UNIT_SWORDSMAN',                     'SLTH_UNIT_CHAMPION'),
('SLTH_UNIT_CARAVEL',                       'SLTH_UNIT_GALLEON'),
('SLTH_UNIT_CATAPULT',                      'SLTH_UNIT_CANNON'),
('SLTH_UNIT_CHARIOT',                       'SLTH_UNIT_KNIGHT'),
('SLTH_UNIT_CRUSADER',                      'SLTH_UNIT_PALADIN'),
('SLTH_UNIT_LIGHTBRINGER',                  'SLTH_UNIT_DISCIPLE_EMPYREAN'),
('SLTH_UNIT_DISCIPLE_EMPYREAN',             'SLTH_UNIT_PRIEST_OF_THE_EMPYREAN'),
('SLTH_UNIT_DISCIPLE_FELLOWSHIP_OF_LEAVES', 'SLTH_UNIT_PRIEST_OF_LEAVES'),
('SLTH_UNIT_DISCIPLE_OCTOPUS_OVERLORDS',    'SLTH_UNIT_PRIEST_OF_THE_OVERLORDS'),
('SLTH_UNIT_DISCIPLE_OF_ACHERON',           'SLTH_UNIT_SON_OF_THE_INFERNO'),
('SLTH_UNIT_DISCIPLE_RUNES_OF_KILMORPH',    'SLTH_UNIT_PRIEST_OF_KILMORPH'),
('SLTH_UNIT_DISCIPLE_THE_ASHEN_VEIL',       'SLTH_UNIT_PRIEST_OF_THE_VEIL'),
('SLTH_UNIT_DISCIPLE_THE_ORDER',            'SLTH_UNIT_PRIEST_OF_THE_ORDER'),
('SLTH_UNIT_DROWN',                         'SLTH_UNIT_STYGIAN_GUARD'),
('SLTH_UNIT_DWARVEN_SOLDIER_RUNES',         'SLTH_UNIT_PARAMANDER'),
('SLTH_UNIT_ELEPHANT',                      'SLTH_UNIT_WAR_ELEPHANT'),
('SLTH_UNIT_FAWN',                          'SLTH_UNIT_SATYR'),
('SLTH_UNIT_FREAK',                         'SLTH_UNIT_SWORDSMAN'),
('SLTH_UNIT_FRIGATE',                       'SLTH_UNIT_MAN_O_WAR'),
('SLTH_UNIT_GALLEY',                        'SLTH_UNIT_CARAVEL'),
('SLTH_UNIT_TRIREME',                       'SLTH_UNIT_PRIVATEER'),
('SLTH_UNIT_GAELAN',                        'SLTH_UNIT_ARCHMAGE'),
('SLTH_UNIT_HORSE_ARCHER',                  'SLTH_UNIT_KNIGHT'),
('SLTH_UNIT_HORSEMAN',                      'SLTH_UNIT_HORSE_ARCHER'),
('SLTH_UNIT_WOLF_RIDER',                    'SLTH_UNIT_CHARIOT'),
('SLTH_UNIT_HUNTER',                        'SLTH_UNIT_RANGER'),
('SLTH_UNIT_LONGBOWMAN',                    'SLTH_UNIT_CROSSBOWMAN'),
('SLTH_UNIT_LUNATIC',                       'SLTH_UNIT_BERSERKER'),
('SLTH_UNIT_MAGE',                          'SLTH_UNIT_ARCHMAGE'),
('SLTH_UNIT_MANES',                         'UNIT_WARRIOR'),
('SLTH_UNIT_MOBIUS_WITCH',                  'SLTH_UNIT_ARCHMAGE'),
('SLTH_UNIT_MONK',                          'SLTH_UNIT_IMMORTAL'),
('SLTH_UNIT_NIGHTWATCH',                    'SLTH_UNIT_ASSASSIN'),
('SLTH_UNIT_PRIEST_OF_KILMORPH',            'SLTH_UNIT_HIGH_PRIEST_OF_KILMORPH'),
('SLTH_UNIT_PRIEST_OF_LEAVES',              'SLTH_UNIT_HIGH_PRIEST_OF_LEAVES'),
('SLTH_UNIT_PRIEST_OF_THE_EMPYREAN',        'SLTH_UNIT_HIGH_PRIEST_OF_THE_EMPYREAN'),
('SLTH_UNIT_PRIEST_OF_THE_ORDER',           'SLTH_UNIT_HIGH_PRIEST_OF_THE_ORDER'),
('SLTH_UNIT_PRIEST_OF_THE_OVERLORDS',       'SLTH_UNIT_HIGH_PRIEST_OF_THE_OVERLORDS'),
('SLTH_UNIT_PRIEST_OF_THE_VEIL',            'SLTH_UNIT_HIGH_PRIEST_OF_THE_VEIL'),
('SLTH_UNIT_PRIEST_OF_WINTER',              'SLTH_UNIT_HIGH_PRIEST_OF_WINTER'),
('SLTH_UNIT_RADIANT_GUARD',                 'SLTH_UNIT_CHAMPION'),
('SLTH_UNIT_RANGER',                        'SLTH_UNIT_BEASTMASTER'),
('SLTH_UNIT_RATHA',                         'SLTH_UNIT_KNIGHT'),
('SLTH_UNIT_ROYAL_GUARD',                   'SLTH_UNIT_KNIGHT'),
('SLTH_UNIT_GOBLIN',                        'SLTH_UNIT_HORSEMAN'),
('SLTH_UNIT_SCOUT',                         'SLTH_UNIT_HUNTER'),
('SLTH_UNIT_SLAVE',                         'SLTH_UNIT_LUNATIC'),
('UNIT_WARRIOR',                            'SLTH_UNIT_SWORDSMAN'),
('SLTH_UNIT_CHAMPION',                      'SLTH_UNIT_PHALANX'),
('SLTH_UNIT_TREBUCHET',                     'SLTH_UNIT_CANNON'),
('SLTH_UNIT_IMP',                           'SLTH_UNIT_MAGE'),
('SLTH_UNIT_SHAMAN',                        'SLTH_UNIT_MAGE'),
('SLTH_UNIT_DWARVEN_SLINGER',               'SLTH_UNIT_CROSSBOWMAN'),
('SLTH_UNIT_JAVELIN_THROWER',               'SLTH_UNIT_LONGBOWMAN'),
('SLTH_UNIT_MOROI',                         'SLTH_UNIT_CHAMPION'),
('SLTH_UNIT_SONS_OF_ASENA',                 'SLTH_UNIT_CHAMPION'),
('SLTH_UNIT_BATTLEMASTER',                  'SLTH_UNIT_BERSERKER'),
('SLTH_UNIT_BOARDING_PARTY',                'SLTH_UNIT_BERSERKER'),
('SLTH_UNIT_DRAGON_SLAYER',                 'SLTH_UNIT_BERSERKER'),
('SLTH_UNIT_MIMIC',                         'SLTH_UNIT_BERSERKER'),
('SLTH_UNIT_OGRE',                          'SLTH_UNIT_BERSERKER'),
('SLTH_UNIT_VAMPIRE',                       'SLTH_UNIT_BRUJAH'),
('SLTH_UNIT_CENTAUR_CHARGER',               'SLTH_UNIT_KNIGHT'),
('SLTH_UNIT_CAMEL_ARCHER',                  'SLTH_UNIT_KNIGHT'),
('SLTH_UNIT_CENTAUR_ARCHER',                'SLTH_UNIT_KNIGHT'),
('SLTH_UNIT_FYRDWELL',                      'SLTH_UNIT_KNIGHT'),
('SLTH_UNIT_NYXKIN',                        'SLTH_UNIT_KNIGHT'),
('SLTH_UNIT_BOAR_RIDER',                    'SLTH_UNIT_CHARIOT'),
('SLTH_UNIT_CENTAUR',                       'SLTH_UNIT_HORSE_ARCHER'),
('SLTH_UNIT_DIVIDED_SOUL',                  'SLTH_UNIT_RANGER'),
('SLTH_UNIT_HELLHOUND',                     'SLTH_UNIT_RANGER'),
('SLTH_UNIT_LIZARDMAN',                     'SLTH_UNIT_RANGER'),
('SLTH_UNIT_FIREBOW',                       'SLTH_UNIT_CROSSBOWMAN'),
('SLTH_UNIT_ILLUSIONIST',                   'SLTH_UNIT_ARCHMAGE'),
('SLTH_UNIT_WIZARD',                        'SLTH_UNIT_ARCHMAGE'),
('SLTH_UNIT_HARLEQUIN',                     'SLTH_UNIT_BEASTMASTER'),
('SLTH_UNIT_BEASTMAN',                      'SLTH_UNIT_SWORDSMAN');

CREATE TABLE IF NOT EXISTS UnitUpgradesAlt(
    Unit text primary key,
    UpgradeUnit text);


INSERT INTO UnitUpgradesAlt(Unit, UpgradeUnit) VALUES
('UNIT_GREAT_WRITER',                       'SLTH_UNIT_ADEPT'),
('SLTH_UNIT_ANGEL',                         'SLTH_UNIT_SERAPH'),
('SLTH_UNIT_ARCHER',                        'SLTH_UNIT_CROSSBOWMAN'),               -- SLTH_UNIT_FLURRY
('SLTH_UNIT_ASSASSIN',                      'SLTH_UNIT_MARKSMAN'),
('SLTH_UNIT_DEVOUT',                        'SLTH_UNIT_PRIEST_OF_KILMORPH'),
('SLTH_UNIT_SWORDSMAN',                     'SLTH_UNIT_CHARIOT'),
('SLTH_UNIT_CHAMPION',                      'SLTH_UNIT_BERSERKER'),                 -- balor
('SLTH_UNIT_DISCIPLE_FELLOWSHIP_OF_LEAVES', 'SLTH_UNIT_RANGER'),                    -- SLTH_UNIT_HARLEQUIN
('SLTH_UNIT_DISCIPLE_OCTOPUS_OVERLORDS',    'SLTH_UNIT_STYGIAN_GUARD'),
('SLTH_UNIT_DISCIPLE_RUNES_OF_KILMORPH',    'SLTH_UNIT_PARAMANDER'),
('SLTH_UNIT_DISCIPLE_THE_ASHEN_VEIL',       'SLTH_UNIT_MAGE'),                      -- wizard, illusionist
('SLTH_UNIT_DISCIPLE_THE_ORDER',            'SLTH_UNIT_CRUSADER'),
('SLTH_UNIT_DISEASED_CORPSE',               'SLTH_UNIT_EIDOLON'),
('SLTH_UNIT_FREAK',                         'SLTH_UNIT_HUNTER'),
('SLTH_UNIT_FRIGATE',                       'SLTH_UNIT_QUEEN_OF_THE_LINE'),
('SLTH_UNIT_GALLEY',                        'SLTH_UNIT_PRIVATEER'),
('SLTH_UNIT_GRIGORI_MEDIC',                 'SLTH_UNIT_DRUID'),
('SLTH_UNIT_HORSEMAN',                      'SLTH_UNIT_CHARIOT'),
('SLTH_UNIT_HUNTER',                        'SLTH_UNIT_ASSASSIN'),                      -- SLTH_UNIT_CHANTER, SLTH_UNIT_TASKMASTER
('SLTH_UNIT_LIGHTBRINGER',                  'SLTH_UNIT_DISCIPLE_OCTOPUS_OVERLORDS'),
('SLTH_UNIT_LONGBOWMAN',                    'SLTH_UNIT_MARKSMAN'),
('SLTH_UNIT_MANES',                         'SLTH_UNIT_SCOUT'),
('SLTH_UNIT_MONK',                          'SLTH_UNIT_PALADIN'),
('SLTH_UNIT_NIGHTWATCH',                    'SLTH_UNIT_SHADOWRIDER'),
('SLTH_UNIT_PARAMANDER',                    'SLTH_UNIT_PALADIN'),
('SLTH_UNIT_PRIEST_OF_KILMORPH',            'SLTH_UNIT_PALADIN'),
('SLTH_UNIT_PRIEST_OF_LEAVES',              'SLTH_UNIT_PALADIN'),
('SLTH_UNIT_PRIEST_OF_THE_EMPYREAN',        'SLTH_UNIT_PALADIN'),
('SLTH_UNIT_PRIEST_OF_THE_ORDER',           'SLTH_UNIT_PALADIN'),
('SLTH_UNIT_PRIEST_OF_THE_OVERLORDS',       'SLTH_UNIT_PALADIN'),
('SLTH_UNIT_PRIEST_OF_THE_VEIL',            'SLTH_UNIT_PALADIN'),
('SLTH_UNIT_RADIANT_GUARD',                 'SLTH_UNIT_RATHA'),
('SLTH_UNIT_RANGER',                        'SLTH_UNIT_DRUID'),                     -- dwarven druid, SLTH_UNIT_LUONNOTAR
('SLTH_UNIT_SCOUT',                         'SLTH_UNIT_HORSEMAN'),                  -- boar rider
('SLTH_UNIT_STYGIAN_GUARD',                 'SLTH_UNIT_EIDOLON'),
('SLTH_UNIT_TRIREME',                       'SLTH_UNIT_FRIGATE'),
('UNIT_WARRIOR',                            'SLTH_UNIT_ARCHER'),                    -- wb slinger/javelin
('SLTH_UNIT_JAVELIN_THROWER',               'SLTH_UNIT_CROSSBOWMAN'),
('SLTH_UNIT_CHANTER',                       'SLTH_UNIT_MARKSMAN'),
('SLTH_UNIT_GHOST',                         'SLTH_UNIT_MARKSMAN'),
('SLTH_UNIT_TASKMASTER',                    'SLTH_UNIT_MARKSMAN'),
('SLTH_UNIT_MOROI',                         'SLTH_UNIT_CHARIOT'),
('SLTH_UNIT_SONS_OF_ASENA',                 'SLTH_UNIT_CHARIOT'),
('SLTH_UNIT_BATTLEMASTER',                  'SLTH_UNIT_IMMORTAL'),
('SLTH_UNIT_BOARDING_PARTY',                'SLTH_UNIT_IMMORTAL'),
('SLTH_UNIT_DRAGON_SLAYER',                 'SLTH_UNIT_IMMORTAL'),
('SLTH_UNIT_MIMIC',                         'SLTH_UNIT_IMMORTAL'),
('SLTH_UNIT_OGRE',                          'SLTH_UNIT_OGRE_WARCHIEF'),
('SLTH_UNIT_VAMPIRE',                       'SLTH_UNIT_VAMPIRE_LORD'),
('SLTH_UNIT_CENTAUR',                       'SLTH_UNIT_CHARIOT'),
('SLTH_UNIT_DIVIDED_SOUL',                  'SLTH_UNIT_ASSASSIN'),
('SLTH_UNIT_HELLHOUND',                     'SLTH_UNIT_ASSASSIN'),
('SLTH_UNIT_LIZARDMAN',                     'SLTH_UNIT_ASSASSIN'),
('SLTH_UNIT_FIREBOW',                       'SLTH_UNIT_MARKSMAN'),
('SLTH_UNIT_HARLEQUIN',                     'SLTH_UNIT_DRUID');

CREATE TABLE IF NOT EXISTS UnitUpgradesAltTwo(
    Unit text primary key,
    UpgradeUnit text);

INSERT INTO UnitUpgradesAltTwo(Unit, UpgradeUnit) VALUES
('UNIT_GREAT_WRITER',                 'SLTH_UNIT_SCOUT'),
('SLTH_UNIT_ANGEL',                   'SLTH_UNIT_HERALD'),
('SLTH_UNIT_ARCHER',                  'SLTH_UNIT_HORSE_ARCHER'),            -- SLTH_UNIT_FYRDWELL, SLTH_UNIT_NYXKIN, SLTH_UNIT_CENTAUR_ARCHER, SLTH_UNIT_CAMEL_ARCHER
('SLTH_UNIT_DEVOUT',                  'SLTH_UNIT_PRIEST_OF_THE_ORDER'),
('SLTH_UNIT_FREAK',                   'SLTH_UNIT_ARCHER'),
('SLTH_UNIT_GALLEY',                  'SLTH_UNIT_FRIGATE'),
('SLTH_UNIT_LIGHTBRINGER',            'SLTH_UNIT_DISCIPLE_RUNES_OF_KILMORPH'),
('SLTH_UNIT_LONGBOWMAN',              'SLTH_UNIT_ARQUEBUS'),
('SLTH_UNIT_MANES',                   'SLTH_UNIT_ADEPT'),
('SLTH_UNIT_PRIEST_OF_KILMORPH',      'SLTH_UNIT_DRUID'),
('SLTH_UNIT_PRIEST_OF_LEAVES',        'SLTH_UNIT_DRUID'),
('SLTH_UNIT_PRIEST_OF_THE_EMPYREAN',  'SLTH_UNIT_DRUID'),
('SLTH_UNIT_PRIEST_OF_THE_ORDER',     'SLTH_UNIT_DRUID'),
('SLTH_UNIT_PRIEST_OF_THE_OVERLORDS', 'SLTH_UNIT_DRUID'),
('SLTH_UNIT_PRIEST_OF_THE_VEIL',      'SLTH_UNIT_DRUID'),
('SLTH_UNIT_JAVELIN_THROWER',         'SLTH_UNIT_HORSE_ARCHER'),
('SLTH_UNIT_BATTLEMASTER',            'SLTH_UNIT_IMMORTAL'),
('SLTH_UNIT_BOARDING_PARTY',          'SLTH_UNIT_IMMORTAL'),
('SLTH_UNIT_DRAGON_SLAYER',           'SLTH_UNIT_IMMORTAL'),
('SLTH_UNIT_MIMIC',                   'SLTH_UNIT_IMMORTAL'),
('SLTH_UNIT_OGRE',                    'SLTH_UNIT_STONESKIN_OGRE'),
('SLTH_UNIT_VAMPIRE',                 'SLTH_UNIT_PALADIN'),
('SLTH_UNIT_FIREBOW',                 'SLTH_UNIT_ARQUEBUS'),
('SLTH_UNIT_CHAMPION',                'SLTH_UNIT_IMMORTAL');

CREATE TABLE IF NOT EXISTS UnitUpgradesAltThree(
    Unit text primary key,
    UpgradeUnit text);

INSERT INTO UnitUpgradesAltThree(Unit, UpgradeUnit) VALUES
('SLTH_UNIT_ANGEL',                   'SLTH_UNIT_OPHANIM'),
('SLTH_UNIT_DEVOUT',                  'SLTH_UNIT_PRIEST_OF_LEAVES'),
('SLTH_UNIT_CHAMPION',                'SLTH_UNIT_PALADIN'),
('SLTH_UNIT_LIGHTBRINGER',            'SLTH_UNIT_DISCIPLE_THE_ASHEN_VEIL'),
('SLTH_UNIT_PRIEST_OF_KILMORPH',      'SLTH_UNIT_EIDOLON'),
('SLTH_UNIT_PRIEST_OF_LEAVES',        'SLTH_UNIT_EIDOLON'),
('SLTH_UNIT_PRIEST_OF_THE_EMPYREAN',  'SLTH_UNIT_EIDOLON'),
('SLTH_UNIT_PRIEST_OF_THE_ORDER',     'SLTH_UNIT_EIDOLON'),
('SLTH_UNIT_PRIEST_OF_THE_OVERLORDS', 'SLTH_UNIT_EIDOLON'),
('SLTH_UNIT_PRIEST_OF_THE_VEIL',      'SLTH_UNIT_EIDOLON'),
('SLTH_UNIT_BATTLEMASTER',            'SLTH_UNIT_PALADIN'),
('SLTH_UNIT_BOARDING_PARTY',          'SLTH_UNIT_PALADIN'),
('SLTH_UNIT_DRAGON_SLAYER',           'SLTH_UNIT_PALADIN'),
('SLTH_UNIT_MIMIC',                   'SLTH_UNIT_PALADIN'),
('SLTH_UNIT_VAMPIRE',                 'SLTH_UNIT_EIDOLON');

CREATE TABLE IF NOT EXISTS UnitUpgradesAltFour(
    Unit text primary key,
    UpgradeUnit text);

INSERT INTO UnitUpgradesAltFour(Unit, UpgradeUnit) VALUES
('SLTH_UNIT_ANGEL',          'SLTH_UNIT_REPENTANT_ANGEL'),
('SLTH_UNIT_DEVOUT',         'SLTH_UNIT_PRIEST_OF_THE_EMPYREAN'),
('SLTH_UNIT_CHAMPION',       'SLTH_UNIT_EIDOLON'),
('SLTH_UNIT_LIGHTBRINGER',   'SLTH_UNIT_DISCIPLE_THE_ORDER'),
('SLTH_UNIT_BATTLEMASTER',   'SLTH_UNIT_EIDOLON'),
('SLTH_UNIT_BOARDING_PARTY', 'SLTH_UNIT_EIDOLON'),
('SLTH_UNIT_DRAGON_SLAYER',  'SLTH_UNIT_EIDOLON'),
('SLTH_UNIT_MIMIC',          'SLTH_UNIT_EIDOLON'),
('SLTH_UNIT_VAMPIRE',        'SLTH_UNIT_KNIGHT');

CREATE TABLE IF NOT EXISTS UnitUpgradesAltFive(
    Unit text primary key,
    UpgradeUnit text);

INSERT INTO UnitUpgradesAltFive(Unit, UpgradeUnit) VALUES
('SLTH_UNIT_ANGEL',          'SLTH_UNIT_ANGEL_OF_DEATH'),
('SLTH_UNIT_CHAMPION',       'SLTH_UNIT_KNIGHT'),
('SLTH_UNIT_LIGHTBRINGER',   'SLTH_UNIT_DISCIPLE_FELLOWSHIP_OF_LEAVES'),
('SLTH_UNIT_BATTLEMASTER',   'SLTH_UNIT_BISON_RIDER'),
('SLTH_UNIT_BOARDING_PARTY', 'SLTH_UNIT_WAR_TORTOISE'),
('SLTH_UNIT_DRAGON_SLAYER',  'SLTH_UNIT_KNIGHT'),
('SLTH_UNIT_MIMIC',          'SLTH_UNIT_KNIGHT');