INSERT INTO Buildings(BuildingType, Name, PrereqTech, PrereqCivic, Cost, PrereqDistrict, Description, OuterDefenseHitPoints, Housing, Entertainment, TraitType, CitizenSlots, AdvisorType) VALUES
('SLTH_BUILDING_ACADEMY', 'LOC_SLTH_BUILDING_ACADEMY_NAME', NULL, NULL, '1', 'DISTRICT_CITY_CENTER', 'LOC_SLTH_BUILDING_ACADEMY_DESCRIPTION', '0', '0', '0', NULL, NULL, 'ADVISOR_TECHNOLOGY'),
('SLTH_BUILDING_ALCHEMY_LAB', 'LOC_SLTH_BUILDING_ALCHEMY_LAB_NAME', 'TECH_SORCERY', NULL, '300', 'DISTRICT_CAMPUS', 'LOC_SLTH_BUILDING_ALCHEMY_LAB_DESCRIPTION', '0', '0', '0', NULL, '1', 'ADVISOR_TECHNOLOGY'),
('SLTH_BUILDING_AQUEDUCT', 'LOC_SLTH_BUILDING_AQUEDUCT_NAME', 'TECH_SANITATION', NULL, '180', 'DISTRICT_CITY_CENTER', 'LOC_SLTH_BUILDING_AQUEDUCT_DESCRIPTION', '0', '2', '0', NULL, NULL, 'ADVISOR_GENERIC'),
('SLTH_BUILDING_ARCHERY_RANGE', 'LOC_SLTH_BUILDING_ARCHERY_RANGE_NAME', 'TECH_ARCHERY', NULL, '100', 'DISTRICT_CITY_CENTER', 'LOC_SLTH_BUILDING_ARCHERY_RANGE_DESCRIPTION', '80', '0', '0', NULL, NULL, 'ADVISOR_CONQUEST'),
('SLTH_BUILDING_ASYLUM', 'LOC_SLTH_BUILDING_ASYLUM_NAME', NULL, 'CIVIC_MIND_STAPLING', '150', 'DISTRICT_CAMPUS', 'LOC_SLTH_BUILDING_ASYLUM_DESCRIPTION', '0', '0', '-1', NULL, '1', 'ADVISOR_TECHNOLOGY'),
('SLTH_BUILDING_BASILICA', 'LOC_SLTH_BUILDING_BASILICA_NAME', NULL, 'CIVIC_RELIGIOUS_LAW', '200', 'DISTRICT_CITY_CENTER', 'LOC_SLTH_BUILDING_BASILICA_DESCRIPTION', '0', '0', '0', NULL, NULL, 'ADVISOR_GENERIC'),
('SLTH_BUILDING_CARNIVAL', 'LOC_SLTH_BUILDING_CARNIVAL_NAME', NULL, 'CIVIC_GAMES_RECREATION', '120', 'DISTRICT_ENTERTAINMENT_COMPLEX', 'LOC_SLTH_BUILDING_CARNIVAL_DESCRIPTION', '0', '0', '1', NULL, '1', 'ADVISOR_CULTURE'),
('SLTH_BUILDING_BREEDING_PIT', 'LOC_SLTH_BUILDING_BREEDING_PIT_NAME', NULL, NULL, '120', 'DISTRICT_CITY_CENTER', 'LOC_SLTH_BUILDING_BREEDING_PIT_DESCRIPTION', '0', '-1', '0', 'SLTH_TRAIT_CIVILIZATION_BUILDING_BREEDING_PIT', NULL, 'ADVISOR_GENERIC'),
('SLTH_BUILDING_PLANAR_GATE', 'LOC_SLTH_BUILDING_PLANAR_GATE_NAME', 'TECH_KNOWLEDGE_OF_THE_ETHER', NULL, '300', 'DISTRICT_CITY_CENTER', 'LOC_SLTH_BUILDING_PLANAR_GATE_DESCRIPTION', '0', '0', '0', 'SLTH_TRAIT_CIVILIZATION_BUILDING_PLANAR_GATE', NULL, 'ADVISOR_CONQUEST'),
('SLTH_BUILDING_COMMAND_POST', 'LOC_SLTH_BUILDING_COMMAND_POST_NAME', NULL, 'CIVIC_MILITARY_TRAINING', '180', 'DISTRICT_CITY_CENTER', 'LOC_SLTH_BUILDING_COMMAND_POST_DESCRIPTION', '0', '0', '0', NULL, NULL, 'ADVISOR_CONQUEST'),
('SLTH_BUILDING_COURTHOUSE', 'LOC_SLTH_BUILDING_COURTHOUSE_NAME', NULL, 'CIVIC_CODE_OF_LAWS', '120', 'DISTRICT_CITY_CENTER', 'LOC_SLTH_BUILDING_COURTHOUSE_DESCRIPTION', '0', '0', '0', NULL, NULL, 'ADVISOR_GENERIC'),
('SLTH_BUILDING_GOVERNORS_MANOR', 'LOC_SLTH_BUILDING_GOVERNORS_MANOR_NAME', NULL, 'CIVIC_CODE_OF_LAWS', '180', 'DISTRICT_CITY_CENTER', 'LOC_SLTH_BUILDING_GOVERNORS_MANOR_DESCRIPTION', '0', '0', '-1', 'SLTH_TRAIT_CIVILIZATION_BUILDING_GOVERNORS_MANOR', NULL, 'ADVISOR_GENERIC'),
('SLTH_BUILDING_DEMONS_ALTAR', 'LOC_SLTH_BUILDING_DEMONS_ALTAR_NAME', NULL, 'CIVIC_INFERNAL_PACT', '150', 'DISTRICT_CITY_CENTER', 'LOC_SLTH_BUILDING_DEMONS_ALTAR_DESCRIPTION', '0', '0', '-1', NULL, NULL, 'ADVISOR_RELIGIOUS'),
('SLTH_BUILDING_DUNGEON', 'LOC_SLTH_BUILDING_DUNGEON_NAME', 'TECH_MASONRY', NULL, '160', 'DISTRICT_CITY_CENTER', 'LOC_SLTH_BUILDING_DUNGEON_DESCRIPTION', '0', '0', '0', NULL, NULL, 'ADVISOR_CONQUEST'),
('SLTH_BUILDING_ELDER_COUNCIL', 'LOC_SLTH_BUILDING_ELDER_COUNCIL_NAME', NULL, 'CIVIC_MYSTICISM', '60', 'DISTRICT_CAMPUS', 'LOC_SLTH_BUILDING_ELDER_COUNCIL_DESCRIPTION', '0', '0', '0', NULL, '1', 'ADVISOR_TECHNOLOGY'),
('SLTH_BUILDING_FORGE', 'LOC_SLTH_BUILDING_FORGE_NAME', 'TECH_SMELTING', NULL, '250', 'DISTRICT_INDUSTRIAL_ZONE', 'LOC_SLTH_BUILDING_FORGE_DESCRIPTION', '0', '-1', '0', NULL, '1', 'ADVISOR_GENERIC'),
('SLTH_BUILDING_GAMBLING_HOUSE', 'LOC_SLTH_BUILDING_GAMBLING_HOUSE_NAME', 'TECH_MATHEMATICS', NULL, '200', 'DISTRICT_CITY_CENTER', 'LOC_SLTH_BUILDING_GAMBLING_HOUSE_DESCRIPTION', '0', '0', '0', NULL, NULL, 'ADVISOR_GENERIC'),
('SLTH_BUILDING_GRANARY', 'LOC_SLTH_BUILDING_GRANARY_NAME', 'TECH_AGRICULTURE', NULL, '120', 'DISTRICT_CITY_CENTER', 'LOC_SLTH_BUILDING_GRANARY_DESCRIPTION', '0', '0', '0', NULL, NULL, 'ADVISOR_GENERIC'),
('SLTH_BUILDING_GROVE', 'LOC_SLTH_BUILDING_GROVE_NAME', NULL, 'CIVIC_FERAL_BOND', '300', 'DISTRICT_CITY_CENTER', 'LOC_SLTH_BUILDING_GROVE_DESCRIPTION', '0', '0', '0', NULL, NULL, 'ADVISOR_CONQUEST'),
('SLTH_BUILDING_HARBOR', 'LOC_SLTH_BUILDING_HARBOR_NAME', 'TECH_FISHING', NULL, '120', 'DISTRICT_CITY_CENTER', 'LOC_SLTH_BUILDING_HARBOR_DESCRIPTION', '0', '0', '0', NULL, NULL, 'ADVISOR_GENERIC'),
('SLTH_BUILDING_HERBALIST', 'LOC_SLTH_BUILDING_HERBALIST_NAME', 'TECH_AGRICULTURE', NULL, '90', 'DISTRICT_CITY_CENTER', 'LOC_SLTH_BUILDING_HERBALIST_DESCRIPTION', '0', '1', '0', NULL, NULL, 'ADVISOR_GENERIC'),
('SLTH_BUILDING_HUNTING_LODGE', 'LOC_SLTH_BUILDING_HUNTING_LODGE_NAME', 'TECH_HUNTING', NULL, '100', 'DISTRICT_CITY_CENTER', 'LOC_SLTH_BUILDING_HUNTING_LODGE_DESCRIPTION', '0', '0', '0', NULL, NULL, 'ADVISOR_CONQUEST'),
('SLTH_BUILDING_INFIRMARY', 'LOC_SLTH_BUILDING_INFIRMARY_NAME', 'TECH_MEDICINE', NULL, '300', 'DISTRICT_CITY_CENTER', 'LOC_SLTH_BUILDING_INFIRMARY_DESCRIPTION', '0', '3', '0', NULL, NULL, 'ADVISOR_GENERIC'),
('SLTH_BUILDING_INN', 'LOC_SLTH_BUILDING_INN_NAME', 'TECH_TRADE', NULL, '250', 'DISTRICT_CITY_CENTER', 'LOC_SLTH_BUILDING_INN_DESCRIPTION', '0', '0', '0', NULL, NULL, 'ADVISOR_GENERIC'),
('SLTH_BUILDING_LIBRARY', 'LOC_SLTH_BUILDING_LIBRARY_NAME', 'TECH_WRITING', NULL, '120', 'DISTRICT_CAMPUS', 'LOC_SLTH_BUILDING_LIBRARY_DESCRIPTION', '0', '0', '0', NULL, '1', 'ADVISOR_TECHNOLOGY'),
('SLTH_BUILDING_LIGHTHOUSE', 'LOC_SLTH_BUILDING_LIGHTHOUSE_NAME', 'TECH_SAILING', NULL, '160', 'DISTRICT_CITY_CENTER', 'LOC_SLTH_BUILDING_LIGHTHOUSE_DESCRIPTION', '0', '0', '0', NULL, NULL, 'ADVISOR_GENERIC'),
('SLTH_BUILDING_MAGE_GUILD', 'LOC_SLTH_BUILDING_MAGE_GUILD_NAME', 'TECH_KNOWLEDGE_OF_THE_ETHER', NULL, '120', 'DISTRICT_CITY_CENTER', 'LOC_SLTH_BUILDING_MAGE_GUILD_DESCRIPTION', '0', '0', '0', NULL, NULL, 'ADVISOR_CONQUEST'),
('SLTH_BUILDING_MARKET', 'LOC_SLTH_BUILDING_MARKET_NAME', NULL, 'CIVIC_GAMES_RECREATION', '60', 'DISTRICT_COMMERCIAL_HUB', 'LOC_SLTH_BUILDING_MARKET_DESCRIPTION', '0', '0', '0', NULL, '1', 'ADVISOR_GENERIC'),
('SLTH_BUILDING_MONEYCHANGER', 'LOC_SLTH_BUILDING_MONEYCHANGER_NAME', NULL, 'CIVIC_CURRENCY', '250', 'DISTRICT_COMMERCIAL_HUB', 'LOC_SLTH_BUILDING_MONEYCHANGER_DESCRIPTION', '0', '0', '0', NULL, '1', 'ADVISOR_GENERIC'),
('SLTH_BUILDING_MONUMENT', 'LOC_SLTH_BUILDING_MONUMENT_NAME', NULL, 'CIVIC_ANCIENT_CHANTS', '60', 'DISTRICT_CITY_CENTER', 'LOC_SLTH_BUILDING_MONUMENT_DESCRIPTION', '0', '0', '0', NULL, NULL, 'ADVISOR_CULTURE'),
('SLTH_BUILDING_OBSIDIAN_GATE', 'LOC_SLTH_BUILDING_OBSIDIAN_GATE_NAME', 'TECH_PASS_THROUGH_THE_ETHER', NULL, '300', 'DISTRICT_CITY_CENTER', 'LOC_SLTH_BUILDING_OBSIDIAN_GATE_DESCRIPTION', '0', '0', '0', NULL, NULL, 'ADVISOR_GENERIC'),
('SLTH_BUILDING_PAGAN_TEMPLE', 'LOC_SLTH_BUILDING_PAGAN_TEMPLE_NAME', NULL, 'CIVIC_MYSTICISM', '100', 'DISTRICT_HOLY_SITE', 'LOC_SLTH_BUILDING_PAGAN_TEMPLE_DESCRIPTION', '0', '0', '0', NULL, '1', 'ADVISOR_CULTURE'),
('SLTH_BUILDING_PALISADE', 'LOC_SLTH_BUILDING_PALISADE_NAME', NULL, NULL, '40', 'DISTRICT_CITY_CENTER', 'LOC_SLTH_BUILDING_PALISADE_DESCRIPTION', '80', '0', '0', NULL, NULL, 'ADVISOR_CONQUEST'),
('SLTH_BUILDING_PUBLIC_BATHS', 'LOC_SLTH_BUILDING_PUBLIC_BATHS_NAME', 'TECH_SANITATION', NULL, '150', 'DISTRICT_ENTERTAINMENT_COMPLEX', 'LOC_SLTH_BUILDING_PUBLIC_BATHS_DESCRIPTION', '0', '-1', '3', NULL, NULL, 'ADVISOR_GENERIC'),
('SLTH_BUILDING_SHIPYARD', 'LOC_SLTH_BUILDING_SHIPYARD_NAME', 'TECH_IRON_WORKING', NULL, '200', 'DISTRICT_CITY_CENTER', 'LOC_SLTH_BUILDING_SHIPYARD_DESCRIPTION', '0', '0', '0', NULL, NULL, 'ADVISOR_CONQUEST'),
('SLTH_BUILDING_SIEGE_WORKSHOP', 'LOC_SLTH_BUILDING_SIEGE_WORKSHOP_NAME', 'TECH_CONSTRUCTION', NULL, '120', 'DISTRICT_CITY_CENTER', 'LOC_SLTH_BUILDING_SIEGE_WORKSHOP_DESCRIPTION', '0', '0', '0', NULL, NULL, 'ADVISOR_CONQUEST'),
('SLTH_BUILDING_SMOKEHOUSE', 'LOC_SLTH_BUILDING_SMOKEHOUSE_NAME', 'TECH_ANIMAL_HUSBANDRY', NULL, '120', 'DISTRICT_CITY_CENTER', 'LOC_SLTH_BUILDING_SMOKEHOUSE_DESCRIPTION', '0', '0', '0', NULL, NULL, 'ADVISOR_GENERIC'),
('SLTH_BUILDING_SMUGGLERS_PORT', 'LOC_SLTH_BUILDING_SMUGGLERS_PORT_NAME', NULL, NULL, '120', 'DISTRICT_COMMERCIAL_HUB', 'LOC_SLTH_BUILDING_SMUGGLERS_PORT_DESCRIPTION', '0', '0', '0', NULL, '1', 'ADVISOR_GENERIC'),
('SLTH_BUILDING_SOUL_FORGE', 'LOC_SLTH_BUILDING_SOUL_FORGE_NAME', NULL, 'CIVIC_MALEVOLENT_DESIGNS', '600', 'DISTRICT_CITY_CENTER', 'LOC_SLTH_BUILDING_SOUL_FORGE_DESCRIPTION', '0', '-2', '0', NULL, NULL, 'ADVISOR_GENERIC'),
('SLTH_BUILDING_STABLE', 'LOC_SLTH_BUILDING_STABLE_NAME', 'TECH_HORSEBACK_RIDING', NULL, '100', 'DISTRICT_CITY_CENTER', 'LOC_SLTH_BUILDING_STABLE_DESCRIPTION', '0', '0', '0', NULL, NULL, 'ADVISOR_CONQUEST'),
('SLTH_BUILDING_TAVERN', 'LOC_SLTH_BUILDING_TAVERN_NAME', NULL, 'CIVIC_MERCANTILISM', '250', 'DISTRICT_CITY_CENTER', 'LOC_SLTH_BUILDING_TAVERN_DESCRIPTION', '0', '0', '0', NULL, NULL, 'ADVISOR_GENERIC'),
('SLTH_BUILDING_TAX_OFFICE', 'LOC_SLTH_BUILDING_TAX_OFFICE_NAME', NULL, 'CIVIC_TAXATION', '200', 'DISTRICT_CITY_CENTER', 'LOC_SLTH_BUILDING_TAX_OFFICE_DESCRIPTION', '0', '0', '-1', NULL, NULL, 'ADVISOR_GENERIC'),
('SLTH_BUILDING_TEMPLE_OF_KILMORPH', 'LOC_SLTH_BUILDING_TEMPLE_OF_KILMORPH_NAME', NULL, 'CIVIC_WAY_OF_THE_EARTHMOTHER', '120', 'DISTRICT_HOLY_SITE', 'LOC_SLTH_BUILDING_TEMPLE_OF_KILMORPH_DESCRIPTION', '0', '0', '0', NULL, '1', 'ADVISOR_RELIGIOUS'),
('SLTH_BUILDING_TEMPLE_OF_LEAVES', 'LOC_SLTH_BUILDING_TEMPLE_OF_LEAVES_NAME', NULL, 'CIVIC_WAY_OF_THE_FORESTS', '120', 'DISTRICT_HOLY_SITE', 'LOC_SLTH_BUILDING_TEMPLE_OF_LEAVES_DESCRIPTION', '0', '1', '0', NULL, '1', 'ADVISOR_RELIGIOUS'),
('SLTH_BUILDING_TEMPLE_OF_THE_EMPYREAN', 'LOC_SLTH_BUILDING_TEMPLE_OF_THE_EMPYREAN_NAME', NULL, 'CIVIC_HONOR', '120', 'DISTRICT_HOLY_SITE', 'LOC_SLTH_BUILDING_TEMPLE_OF_THE_EMPYREAN_DESCRIPTION', '0', '0', '0', NULL, '2', 'ADVISOR_RELIGIOUS'),
('SLTH_BUILDING_TEMPLE_OF_THE_ORDER', 'LOC_SLTH_BUILDING_TEMPLE_OF_THE_ORDER_NAME', NULL, 'CIVIC_ORDERS_FROM_HEAVEN', '120', 'DISTRICT_HOLY_SITE', 'LOC_SLTH_BUILDING_TEMPLE_OF_THE_ORDER_DESCRIPTION', '0', '0', '0', NULL, '2', 'ADVISOR_RELIGIOUS'),
('SLTH_BUILDING_TEMPLE_OF_THE_OVERLORDS', 'LOC_SLTH_BUILDING_TEMPLE_OF_THE_OVERLORDS_NAME', NULL, 'CIVIC_MESSAGE_FROM_THE_DEEP', '120', 'DISTRICT_HOLY_SITE', 'LOC_SLTH_BUILDING_TEMPLE_OF_THE_OVERLORDS_DESCRIPTION', '0', '0', '0', NULL, '1', 'ADVISOR_RELIGIOUS'),
('SLTH_BUILDING_TEMPLE_OF_THE_VEIL', 'LOC_SLTH_BUILDING_TEMPLE_OF_THE_VEIL_NAME', NULL, 'CIVIC_CORRUPTION_OF_SPIRIT', '120', 'DISTRICT_HOLY_SITE', 'LOC_SLTH_BUILDING_TEMPLE_OF_THE_VEIL_DESCRIPTION', '0', '0', '0', NULL, '1', 'ADVISOR_RELIGIOUS'),
('SLTH_BUILDING_THEATRE', 'LOC_SLTH_BUILDING_THEATRE_NAME', NULL, 'CIVIC_DRAMA_POETRY', '250', 'DISTRICT_THEATER', 'LOC_SLTH_BUILDING_THEATRE_DESCRIPTION', '0', '0', '0', NULL, '1', 'ADVISOR_CULTURE'),
('SLTH_BUILDING_TRAINING_YARD', 'LOC_SLTH_BUILDING_TRAINING_YARD_NAME', 'TECH_BRONZE_WORKING', NULL, '100', 'DISTRICT_CITY_CENTER', 'LOC_SLTH_BUILDING_TRAINING_YARD_DESCRIPTION', '0', '0', '0', NULL, NULL, 'ADVISOR_CONQUEST'),
('SLTH_BUILDING_WALLS', 'LOC_SLTH_BUILDING_WALLS_NAME', 'TECH_MASONRY', NULL, '120', 'DISTRICT_CITY_CENTER', 'LOC_SLTH_BUILDING_WALLS_DESCRIPTION', '200', '0', '0', NULL, NULL, 'ADVISOR_CONQUEST');

-- Wonders
INSERT INTO Buildings(BuildingType, Name, PrereqTech, PrereqCivic, Cost, PrereqDistrict, Description, OuterDefenseHitPoints, Housing, Entertainment, TraitType, CitizenSlots, AdvisorType, RequiresPlacement, IsWonder, MaxWorldInstances) VALUES
('SLTH_BUILDING_AQUAE_SUCELLUS', 'LOC_SLTH_BUILDING_AQUAE_SUCELLUS_NAME', 'TECH_SANITATION', NULL, '600', NULL, 'LOC_SLTH_BUILDING_AQUAE_SUCELLUS_DESCRIPTION', '0', '2', '0', NULL, NULL, 'ADVISOR_GENERIC', '1', '1', '1'),
('SLTH_BUILDING_BAZAAR_OF_MAMMON', 'LOC_SLTH_BUILDING_BAZAAR_OF_MAMMON_NAME', 'TECH_MATHEMATICS', NULL, '600', 'DISTRICT_COMMERCIAL_HUB', 'LOC_SLTH_BUILDING_BAZAAR_OF_MAMMON_DESCRIPTION', '0', '0', '0', NULL, '3', 'ADVISOR_GENERIC', '1', '1', '1'),
('SLTH_BUILDING_BONE_PALACE', 'LOC_SLTH_BUILDING_BONE_PALACE_NAME', NULL, 'CIVIC_POLITICAL_PHILOSOPHY', '700', NULL, 'LOC_SLTH_BUILDING_BONE_PALACE_DESCRIPTION', '0', '0', '0', NULL, NULL, 'ADVISOR_GENERIC', '1', '1', '1'),
('SLTH_BUILDING_CATACOMB_LIBRALUS', 'LOC_SLTH_BUILDING_CATACOMB_LIBRALUS_NAME', 'TECH_KNOWLEDGE_OF_THE_ETHER', NULL, '600', 'DISTRICT_CAMPUS', 'LOC_SLTH_BUILDING_CATACOMB_LIBRALUS_DESCRIPTION', '0', '0', '0', NULL, '1', 'ADVISOR_TECHNOLOGY', '1', '1', '1'),
('SLTH_BUILDING_CELESTIAL_COMPASS', 'LOC_SLTH_BUILDING_CELESTIAL_COMPASS_NAME', 'TECH_ASTRONOMY', NULL, '500', NULL, 'LOC_SLTH_BUILDING_CELESTIAL_COMPASS_DESCRIPTION', '0', '0', '0', NULL, NULL, 'ADVISOR_RELIGIOUS', '1', '1', '1'),
('SLTH_BUILDING_CITY_OF_A_THOUSAND_SLUMS', 'LOC_SLTH_BUILDING_CITY_OF_A_THOUSAND_SLUMS_NAME', 'TECH_ENGINEERING', NULL, '500', NULL, 'LOC_SLTH_BUILDING_CITY_OF_A_THOUSAND_SLUMS_DESCRIPTION', '0', '0', '0', NULL, NULL, 'ADVISOR_RELIGIOUS', '1', '1', '1'),
('SLTH_BUILDING_EYES_AND_EARS_NETWORK', 'LOC_SLTH_BUILDING_EYES_AND_EARS_NETWORK_NAME', NULL, 'CIVIC_GUILDS', '1500', NULL, 'LOC_SLTH_BUILDING_EYES_AND_EARS_NETWORK_DESCRIPTION', '0', '0', '0', NULL, NULL, 'ADVISOR_TECHNOLOGY', '1', '1', '1'),
('SLTH_BUILDING_FORM_OF_THE_TITAN', 'LOC_SLTH_BUILDING_FORM_OF_THE_TITAN_NAME', NULL, 'CIVIC_MILITARY_TRADITION', '500', NULL, 'LOC_SLTH_BUILDING_FORM_OF_THE_TITAN_DESCRIPTION', '0', '0', '0', NULL, NULL, 'ADVISOR_CONQUEST', '1', '1', '1'),
('SLTH_BUILDING_GRAND_MENAGERIE', 'LOC_SLTH_BUILDING_GRAND_MENAGERIE_NAME', NULL, 'CIVIC_GAMES_RECREATION', '120', NULL, 'LOC_SLTH_BUILDING_GRAND_MENAGERIE_DESCRIPTION', '0', '0', '0', NULL, NULL, 'ADVISOR_CULTURE', '1', '1', '1'),
('SLTH_BUILDING_GREAT_LIBRARY', 'LOC_SLTH_BUILDING_GREAT_LIBRARY_NAME', 'TECH_WRITING', NULL, '350', NULL, 'LOC_SLTH_BUILDING_GREAT_LIBRARY_DESCRIPTION', '0', '0', '0', NULL, NULL, 'ADVISOR_TECHNOLOGY', '1', '1', '1'),
('SLTH_BUILDING_GREAT_LIGHTHOUSE', 'LOC_SLTH_BUILDING_GREAT_LIGHTHOUSE_NAME', 'TECH_SAILING', NULL, '600', NULL, 'LOC_SLTH_BUILDING_GREAT_LIGHTHOUSE_DESCRIPTION', '0', '0', '0', NULL, NULL, 'ADVISOR_GENERIC', '1', '1', '1'),
('SLTH_BUILDING_GUILD_OF_HAMMERS', 'LOC_SLTH_BUILDING_GUILD_OF_HAMMERS_NAME', 'TECH_ENGINEERING', NULL, '550', NULL, 'LOC_SLTH_BUILDING_GUILD_OF_HAMMERS_DESCRIPTION', '0', '0', '0', NULL, NULL, 'ADVISOR_GENERIC', '1', '1', '1'),
('SLTH_BUILDING_GUILD_OF_THE_NINE', 'LOC_SLTH_BUILDING_GUILD_OF_THE_NINE_NAME', NULL, 'CIVIC_CURRENCY', '500', NULL, 'LOC_SLTH_BUILDING_GUILD_OF_THE_NINE_DESCRIPTION', '200', '0', '0', NULL, NULL, 'ADVISOR_GENERIC', '1', '1', '1'),
('SLTH_BUILDING_HERON_THRONE', 'LOC_SLTH_BUILDING_HERON_THRONE_NAME', 'TECH_FISHING', NULL, '250', NULL, 'LOC_SLTH_BUILDING_HERON_THRONE_DESCRIPTION', '200', '0', '0', NULL, NULL, 'ADVISOR_GENERIC', '1', '1', '1'),
('SLTH_BUILDING_HALL_OF_KINGS', 'LOC_SLTH_BUILDING_HALL_OF_KINGS_NAME', NULL, 'CIVIC_FEUDALISM', '600', NULL, 'LOC_SLTH_BUILDING_HALL_OF_KINGS_DESCRIPTION', '0', '0', '0', NULL, NULL, 'ADVISOR_CULTURE', '1', '1', '1'),
('SLTH_BUILDING_MERCURIAN_GATE', 'LOC_SLTH_BUILDING_MERCURIAN_GATE_NAME', NULL, 'CIVIC_FANATICISM', '600', NULL, 'LOC_SLTH_BUILDING_MERCURIAN_GATE_DESCRIPTION', '0', '0', '0', NULL, NULL, 'ADVISOR_CONQUEST', '1', '1', '1'),
('SLTH_BUILDING_MINES_OF_GALDUR', 'LOC_SLTH_BUILDING_MINES_OF_GALDUR_NAME', NULL, 'CIVIC_ARETE', '700', 'DISTRICT_INDUSTRIAL_ZONE', 'LOC_SLTH_BUILDING_MINES_OF_GALDUR_DESCRIPTION', '0', '-2', '0', NULL, '3', 'ADVISOR_GENERIC', '1', '1', '1'),
('SLTH_BUILDING_PILLAR_OF_CHAINS', 'LOC_SLTH_BUILDING_PILLAR_OF_CHAINS_NAME', NULL, 'CIVIC_TAXATION', '500', NULL, 'LOC_SLTH_BUILDING_PILLAR_OF_CHAINS_DESCRIPTION', '0', '0', '0', NULL, NULL, 'ADVISOR_GENERIC', '1', '1', '1'),
('SLTH_BUILDING_PROPHECY_OF_RAGNAROK', 'LOC_SLTH_BUILDING_PROPHECY_OF_RAGNAROK_NAME', NULL, 'CIVIC_WAY_OF_THE_WICKED', '500', 'DISTRICT_HOLY_SITE', 'LOC_SLTH_BUILDING_PROPHECY_OF_RAGNAROK_DESCRIPTION', '0', '0', '0', NULL, '1', 'ADVISOR_RELIGIOUS', '1', '1', '1'),
('SLTH_BUILDING_RIDE_OF_THE_NINE_KINGS', 'LOC_SLTH_BUILDING_RIDE_OF_THE_NINE_KINGS_NAME', 'TECH_WARHORSES', NULL, '600', NULL, 'LOC_SLTH_BUILDING_RIDE_OF_THE_NINE_KINGS_DESCRIPTION', '0', '0', '0', NULL, NULL, 'ADVISOR_CONQUEST', '1', '1', '1'),
('SLTH_BUILDING_SHRINE_OF_SIRONA', 'LOC_SLTH_BUILDING_SHRINE_OF_SIRONA_NAME', 'TECH_DIVINATION', NULL, '500', NULL, 'LOC_SLTH_BUILDING_SHRINE_OF_SIRONA_DESCRIPTION', '0', '0', '0', NULL, NULL, 'ADVISOR_RELIGIOUS', '1', '1', '1'),
('SLTH_BUILDING_THE_NEXUS', 'LOC_SLTH_BUILDING_THE_NEXUS_NAME', 'TECH_PASS_THROUGH_THE_ETHER', NULL, '600', NULL, 'LOC_SLTH_BUILDING_THE_NEXUS_DESCRIPTION', '0', '0', '0', NULL, NULL, 'ADVISOR_CONQUEST', '1', '1', '1'),
('SLTH_BUILDING_THEATRE_OF_DREAMS', 'LOC_SLTH_BUILDING_THEATRE_OF_DREAMS_NAME', NULL, 'CIVIC_DRAMA_POETRY', '500', 'DISTRICT_THEATER', 'LOC_SLTH_BUILDING_THEATRE_OF_DREAMS_DESCRIPTION', '0', '0', '1', NULL, '2', 'ADVISOR_CULTURE', '1', '1', '1'),
('SLTH_BUILDING_TOWER_OF_COMPLACENCY', 'LOC_SLTH_BUILDING_TOWER_OF_COMPLACENCY_NAME', NULL, 'CIVIC_MIND_STAPLING', '750', NULL, 'LOC_SLTH_BUILDING_TOWER_OF_COMPLACENCY_DESCRIPTION', '0', '0', '70', NULL, NULL, 'ADVISOR_GENERIC', '1', '1', '1'),
('SLTH_BUILDING_TOWER_OF_EYES', 'LOC_SLTH_BUILDING_TOWER_OF_EYES_NAME', 'TECH_OPTICS', NULL, '700', NULL, 'LOC_SLTH_BUILDING_TOWER_OF_EYES_DESCRIPTION', '0', '0', '0', NULL, NULL, 'ADVISOR_CONQUEST', '1', '1', '1'),
('SLTH_BUILDING_TEMPLE_OF_TEMPORENCE', 'LOC_SLTH_BUILDING_TEMPLE_OF_TEMPORENCE_NAME', NULL, 'CIVIC_RELIGIOUS_LAW', '650', NULL, 'LOC_SLTH_BUILDING_TEMPLE_OF_TEMPORENCE_DESCRIPTION', '0', '0', '0', NULL, NULL, 'ADVISOR_GENERIC',  '1', '1', '1');

-- National Wonders
INSERT INTO Buildings(BuildingType, Name, PrereqTech, PrereqCivic, Cost, PrereqDistrict, Description, OuterDefenseHitPoints, Housing, Entertainment, TraitType, CitizenSlots, AdvisorType, MaxPlayerInstances) VALUES
('SLTH_BUILDING_ALTAR_OF_THE_LUONNOTAR', 'LOC_SLTH_BUILDING_ALTAR_OF_THE_LUONNOTAR_NAME', NULL, NULL, '1', 'DISTRICT_HOLY_SITE', 'LOC_SLTH_BUILDING_ALTAR_OF_THE_LUONNOTAR_DESCRIPTION', '0', '0', '0', NULL, '1', 'ADVISOR_CONQUEST', '1'),
('SLTH_BUILDING_ALTAR_OF_THE_LUONNOTAR_ANOINTED', 'LOC_SLTH_BUILDING_ALTAR_OF_THE_LUONNOTAR_ANOINTED_NAME', NULL, 'CIVIC_MYSTICISM', '1', 'DISTRICT_HOLY_SITE', 'LOC_SLTH_BUILDING_ALTAR_OF_THE_LUONNOTAR_ANOINTED_DESCRIPTION', '0', '0', '1', NULL, '1', 'ADVISOR_CONQUEST', '1'),
('SLTH_BUILDING_ALTAR_OF_THE_LUONNOTAR_BLESSED', 'LOC_SLTH_BUILDING_ALTAR_OF_THE_LUONNOTAR_BLESSED_NAME', NULL, 'CIVIC_POLITICAL_PHILOSOPHY', '1', 'DISTRICT_HOLY_SITE', 'LOC_SLTH_BUILDING_ALTAR_OF_THE_LUONNOTAR_BLESSED_DESCRIPTION', '0', '0', '0', NULL, '1', 'ADVISOR_CONQUEST', '1'),
('SLTH_BUILDING_ALTAR_OF_THE_LUONNOTAR_CONSECRATED', 'LOC_SLTH_BUILDING_ALTAR_OF_THE_LUONNOTAR_CONSECRATED_NAME', NULL, 'CIVIC_PRIESTHOOD', '1', 'DISTRICT_HOLY_SITE', 'LOC_SLTH_BUILDING_ALTAR_OF_THE_LUONNOTAR_CONSECRATED_DESCRIPTION', '0', '0', '0', NULL, '2', 'ADVISOR_CONQUEST', '1'),
('SLTH_BUILDING_ALTAR_OF_THE_LUONNOTAR_DIVINE', 'LOC_SLTH_BUILDING_ALTAR_OF_THE_LUONNOTAR_DIVINE_NAME', NULL, 'CIVIC_FANATICISM', '1', 'DISTRICT_HOLY_SITE', 'LOC_SLTH_BUILDING_ALTAR_OF_THE_LUONNOTAR_DIVINE_DESCRIPTION', '0', '0', '0', NULL, '2', 'ADVISOR_CONQUEST', '1'),
('SLTH_BUILDING_ALTAR_OF_THE_LUONNOTAR_EXALTED', 'LOC_SLTH_BUILDING_ALTAR_OF_THE_LUONNOTAR_EXALTED_NAME', NULL, 'CIVIC_RIGHTEOUSNESS', '1', 'DISTRICT_HOLY_SITE', 'LOC_SLTH_BUILDING_ALTAR_OF_THE_LUONNOTAR_EXALTED_DESCRIPTION', '0', '0', '0', NULL, '2', 'ADVISOR_CONQUEST', '1'),
('SLTH_BUILDING_ALTAR_OF_THE_LUONNOTAR_FINAL', 'LOC_SLTH_BUILDING_ALTAR_OF_THE_LUONNOTAR_FINAL_NAME', 'TECH_OMNISCIENCE', NULL, '4000', 'DISTRICT_HOLY_SITE', 'LOC_SLTH_BUILDING_ALTAR_OF_THE_LUONNOTAR_FINAL_DESCRIPTION', '0', '0', '0', NULL, '3', 'ADVISOR_CONQUEST', '1'),
('SLTH_BUILDING_TOWER_OF_ALTERATION', 'LOC_SLTH_BUILDING_TOWER_OF_ALTERATION_NAME', 'TECH_ALTERATION', NULL, '800', NULL, 'LOC_SLTH_BUILDING_TOWER_OF_ALTERATION_DESCRIPTION', '0', '0', '0', NULL, NULL, 'ADVISOR_TECHNOLOGY', '1'),
('SLTH_BUILDING_TOWER_OF_DIVINATION', 'LOC_SLTH_BUILDING_TOWER_OF_DIVINATION_NAME', 'TECH_DIVINATION', NULL, '800', NULL, 'LOC_SLTH_BUILDING_TOWER_OF_DIVINATION_DESCRIPTION', '0', '0', '0', NULL, NULL, 'ADVISOR_TECHNOLOGY', '1'),
('SLTH_BUILDING_TOWER_OF_MASTERY', 'LOC_SLTH_BUILDING_TOWER_OF_MASTERY_NAME', 'TECH_STRENGTH_OF_WILL', NULL, '4000', NULL, 'LOC_SLTH_BUILDING_TOWER_OF_MASTERY_DESCRIPTION', '0', '0', '0', NULL, NULL, 'ADVISOR_TECHNOLOGY', '1'),
('SLTH_BUILDING_TOWER_OF_NECROMANCY', 'LOC_SLTH_BUILDING_TOWER_OF_NECROMANCY_NAME', 'TECH_NECROMANCY', NULL, '800', NULL, 'LOC_SLTH_BUILDING_TOWER_OF_NECROMANCY_DESCRIPTION', '0', '0', '0', NULL, NULL, 'ADVISOR_TECHNOLOGY', '1'),
('SLTH_BUILDING_TOWER_OF_THE_ELEMENTS', 'LOC_SLTH_BUILDING_TOWER_OF_THE_ELEMENTS_NAME', 'TECH_ELEMENTALISM', NULL, '800', NULL, 'LOC_SLTH_BUILDING_TOWER_OF_THE_ELEMENTS_DESCRIPTION', '0', '0', '0', NULL, NULL, 'ADVISOR_TECHNOLOGY', '1'),
('SLTH_BUILDING_SHRINE_OF_THE_CHAMPION', 'LOC_SLTH_BUILDING_SHRINE_OF_THE_CHAMPION_NAME', NULL, NULL, '250', 'DISTRICT_CITY_CENTER', 'LOC_SLTH_BUILDING_SHRINE_OF_THE_CHAMPION_DESCRIPTION', '0', '0', '0', NULL, NULL, 'ADVISOR_CONQUEST', '1'),
('SLTH_BUILDING_BREWERY', 'LOC_SLTH_BUILDING_BREWERY_NAME', 'TECH_CRAFTING', NULL, '240', 'DISTRICT_CITY_CENTER', 'LOC_SLTH_BUILDING_BREWERY_DESCRIPTION', '0', '0', '0', NULL, NULL, 'ADVISOR_GENERIC', '1'),
('SLTH_BUILDING_HEROIC_EPIC', 'LOC_SLTH_BUILDING_HEROIC_EPIC_NAME', NULL, 'CIVIC_MILITARY_TRAINING', '200', 'DISTRICT_CITY_CENTER', 'LOC_SLTH_BUILDING_HEROIC_EPIC_DESCRIPTION', '0', '0', '0', NULL, NULL, 'ADVISOR_CONQUEST', '1'),
('SLTH_BUILDING_NATIONAL_EPIC', 'LOC_SLTH_BUILDING_NATIONAL_EPIC_NAME', NULL, 'CIVIC_MILITARY_TRADITION', '250', 'DISTRICT_CITY_CENTER', 'LOC_SLTH_BUILDING_NATIONAL_EPIC_DESCRIPTION', '0', '0', '0', NULL, NULL, 'ADVISOR_CULTURE', '1'),
('SLTH_BUILDING_FORBIDDEN_PALACE', 'LOC_SLTH_BUILDING_FORBIDDEN_PALACE_NAME', NULL, NULL, '300', NULL, 'LOC_SLTH_BUILDING_FORBIDDEN_PALACE_DESCRIPTION', '0', '0', '0', NULL, NULL, 'ADVISOR_GENERIC', '1'),
('SLTH_BUILDING_WINTER_PALACE', 'LOC_SLTH_BUILDING_WINTER_PALACE_NAME', NULL, 'CIVIC_CODE_OF_LAWS', '800', 'DISTRICT_CITY_CENTER', 'LOC_SLTH_BUILDING_WINTER_PALACE_DESCRIPTION', '0', '0', '0', NULL, NULL, 'ADVISOR_GENERIC',, '1');

-- Holy City wonder, block not implemented
INSERT INTO Buildings(BuildingType, Name, PrereqTech, PrereqCivic, Cost, PrereqDistrict, Description, OuterDefenseHitPoints, Housing, Entertainment, TraitType, CitizenSlots, AdvisorType) VALUES
('SLTH_BUILDING_CODE_OF_JUNIL', 'LOC_SLTH_BUILDING_CODE_OF_JUNIL_NAME', NULL, NULL, '1', 'DISTRICT_CITY_CENTER', 'LOC_SLTH_BUILDING_CODE_OF_JUNIL_DESCRIPTION', '0', '0', '0', NULL, '0', 'ADVISOR_RELIGIOUS'),
('SLTH_BUILDING_SONG_OF_AUTUMN', 'LOC_SLTH_BUILDING_SONG_OF_AUTUMN_NAME', NULL, NULL, '1', 'DISTRICT_CITY_CENTER', 'LOC_SLTH_BUILDING_SONG_OF_AUTUMN_DESCRIPTION', '0', '0', '0', NULL, '0', 'ADVISOR_RELIGIOUS'),
('SLTH_BUILDING_STIGMATA_ON_THE_UNBORN', 'LOC_SLTH_BUILDING_STIGMATA_ON_THE_UNBORN_NAME', NULL, NULL, '1', 'DISTRICT_CITY_CENTER', 'LOC_SLTH_BUILDING_STIGMATA_ON_THE_UNBORN_DESCRIPTION', '0', '0', '0', NULL, '0', 'ADVISOR_RELIGIOUS'),
('SLTH_BUILDING_TABLETS_OF_BAMBUR', 'LOC_SLTH_BUILDING_TABLETS_OF_BAMBUR_NAME', NULL, NULL, '1', 'DISTRICT_CITY_CENTER', 'LOC_SLTH_BUILDING_TABLETS_OF_BAMBUR_DESCRIPTION', '0', '0', '0', NULL, '0', 'ADVISOR_RELIGIOUS'),
('SLTH_BUILDING_THE_NECRONOMICON', 'LOC_SLTH_BUILDING_THE_NECRONOMICON_NAME', NULL, NULL, '1', 'DISTRICT_CITY_CENTER', 'LOC_SLTH_BUILDING_THE_NECRONOMICON_DESCRIPTION', '0', '0', '0', NULL, '0', 'ADVISOR_RELIGIOUS'),
('SLTH_BUILDING_DIES_DIEI', 'LOC_SLTH_BUILDING_DIES_DIEI_NAME', NULL, NULL, '1', 'DISTRICT_CITY_CENTER', 'LOC_SLTH_BUILDING_DIES_DIEI_DESCRIPTION', '0', '0', '0', NULL, '0', 'ADVISOR_RELIGIOUS'),
('SLTH_BUILDING_NOX_NOCTIS', 'LOC_SLTH_BUILDING_NOX_NOCTIS_NAME', NULL, NULL, '1', 'DISTRICT_CITY_CENTER', 'LOC_SLTH_BUILDING_NOX_NOCTIS_DESCRIPTION', '0', '0', '0', NULL, '0', 'ADVISOR_RELIGIOUS');

-- Event Triggered only
INSERT INTO Buildings(BuildingType, Name, PrereqTech, PrereqCivic, Cost, PrereqDistrict, Description, OuterDefenseHitPoints, Housing, Entertainment, TraitType, CitizenSlots, AdvisorType) VALUES
('SLTH_BUILDING_DANCING_BEAR', 'LOC_SLTH_BUILDING_DANCING_BEAR_NAME', NULL, NULL, '1', 'DISTRICT_CITY_CENTER', 'LOC_SLTH_BUILDING_DANCING_BEAR_DESCRIPTION', '0', '0', '1', NULL, NULL, 'ADVISOR_CULTURE'),
('SLTH_BUILDING_GORILLA_CAGE', 'LOC_SLTH_BUILDING_GORILLA_CAGE_NAME', NULL, NULL, '1', 'DISTRICT_CITY_CENTER', 'LOC_SLTH_BUILDING_GORILLA_CAGE_DESCRIPTION', '0', '0', '1', NULL, NULL, 'ADVISOR_CULTURE'),
('SLTH_BUILDING_LION_CAGE', 'LOC_SLTH_BUILDING_LION_CAGE_NAME', NULL, NULL, '1', 'DISTRICT_CITY_CENTER', 'LOC_SLTH_BUILDING_LION_CAGE_DESCRIPTION', '0', '0', '1', NULL, NULL, 'ADVISOR_CULTURE'),
('SLTH_BUILDING_SPIDER_PEN', 'LOC_SLTH_BUILDING_SPIDER_PEN_NAME', 'TECH_ANIMAL_HANDLING', NULL, '1', 'DISTRICT_CITY_CENTER', 'LOC_SLTH_BUILDING_SPIDER_PEN_DESCRIPTION', '0', '0', '0', NULL, NULL, 'ADVISOR_GENERIC'),
('SLTH_BUILDING_TIGER_CAGE', 'LOC_SLTH_BUILDING_TIGER_CAGE_NAME', NULL, NULL, '1', 'DISTRICT_CITY_CENTER', 'LOC_SLTH_BUILDING_TIGER_CAGE_DESCRIPTION', '0', '0', '1', NULL, NULL, 'ADVISOR_CULTURE'),
('SLTH_BUILDING_WOLF_PEN', 'LOC_SLTH_BUILDING_WOLF_PEN_NAME', NULL, NULL, '1', 'DISTRICT_CITY_CENTER', 'LOC_SLTH_BUILDING_WOLF_PEN_DESCRIPTION', '0', '0', '0', NULL, NULL, 'ADVISOR_CULTURE');

-- transient
INSERT INTO Buildings(BuildingType, Name, PrereqTech, PrereqCivic, Cost, PrereqDistrict, Description, OuterDefenseHitPoints, Housing, Entertainment, TraitType, CitizenSlots, AdvisorType) VALUES
('SLTH_BUILDING_DEMONIC_CITIZENS', 'LOC_SLTH_BUILDING_DEMONIC_CITIZENS_NAME', NULL, NULL, '1', 'DISTRICT_CITY_CENTER', 'LOC_SLTH_BUILDING_DEMONIC_CITIZENS_DESCRIPTION', '0', '70', '70', NULL, NULL, 'ADVISOR_GENERIC'),
('SLTH_BUILDING_HOPE', 'LOC_SLTH_BUILDING_HOPE_NAME', NULL, NULL, '1', 'DISTRICT_CITY_CENTER', 'LOC_SLTH_BUILDING_HOPE_DESCRIPTION', '0', '0', '1', NULL, NULL, 'ADVISOR_CULTURE'),
('SLTH_BUILDING_INSPIRATION', 'LOC_SLTH_BUILDING_INSPIRATION_NAME', NULL, NULL, '1', 'DISTRICT_CITY_CENTER', 'LOC_SLTH_BUILDING_INSPIRATION_DESCRIPTION', '0', '0', '0', NULL, NULL, 'ADVISOR_TECHNOLOGY'),
('SLTH_BUILDING_UNYIELDING_ORDER', 'LOC_SLTH_BUILDING_UNYIELDING_ORDER_NAME', NULL, NULL, '1', 'DISTRICT_CITY_CENTER', 'LOC_SLTH_BUILDING_UNYIELDING_ORDER_DESCRIPTION', '0', '0', '70', NULL, NULL, 'ADVISOR_CULTURE'),
('SLTH_BUILDING_WALL_OF_STONE', 'LOC_SLTH_BUILDING_WALL_OF_STONE_NAME', NULL, NULL, '1', 'DISTRICT_CITY_CENTER', 'LOC_SLTH_BUILDING_WALL_OF_STONE_DESCRIPTION', '200', '0', '0', NULL, NULL, 'ADVISOR_CONQUEST');

-- item
INSERT INTO Buildings(BuildingType, Name, PrereqTech, PrereqCivic, Cost, PrereqDistrict, Description, OuterDefenseHitPoints, Housing, Entertainment, TraitType, CitizenSlots, AdvisorType) VALUES
('SLTH_BUILDING_MOKKAS_CAULDRON', 'LOC_SLTH_BUILDING_MOKKAS_CAULDRON_NAME', 'TECH_NECROMANCY', NULL, '600', 'DISTRICT_CITY_CENTER', 'LOC_SLTH_BUILDING_MOKKAS_CAULDRON_DESCRIPTION', '0', '0', '0', NULL, NULL, 'ADVISOR_CONQUEST'),
('SLTH_BUILDING_INFERNAL_GRIMOIRE', 'LOC_SLTH_BUILDING_INFERNAL_GRIMOIRE_NAME', NULL, 'CIVIC_INFERNAL_PACT', '400', 'DISTRICT_CITY_CENTER', 'LOC_SLTH_BUILDING_INFERNAL_GRIMOIRE_DESCRIPTION', '0', '0', '0', NULL, NULL, 'ADVISOR_CONQUEST'),
('SLTH_BUILDING_CROWN_OF_AKHARIEN', 'LOC_SLTH_BUILDING_CROWN_OF_AKHARIEN_NAME', 'TECH_ARCANE_LORE', NULL, '900', 'DISTRICT_CITY_CENTER', 'LOC_SLTH_BUILDING_CROWN_OF_AKHARIEN_DESCRIPTION', '0', '0', '0', NULL, NULL, 'ADVISOR_TECHNOLOGY'),
('SLTH_BUILDING_SYLIVENS_PERFECT_LYRE', 'LOC_SLTH_BUILDING_SYLIVENS_PERFECT_LYRE_NAME', NULL, 'CIVIC_DRAMA_POETRY', '900', 'DISTRICT_CITY_CENTER', 'LOC_SLTH_BUILDING_SYLIVENS_PERFECT_LYRE_DESCRIPTION', '0', '0', '0', NULL, NULL, 'ADVISOR_CULTURE'),
('SLTH_BUILDING_THE_DRAGONS_HORDE', 'LOC_SLTH_BUILDING_THE_DRAGONS_HORDE_NAME', NULL, NULL, '1', 'DISTRICT_CITY_CENTER', 'LOC_SLTH_BUILDING_THE_DRAGONS_HORDE_DESCRIPTION', '0', '0', '0', NULL, NULL, 'ADVISOR_CONQUEST');

INSERT INTO Buildings(BuildingType, Name, PrereqTech, PrereqCivic, Cost, PrereqDistrict, Description, OuterDefenseHitPoints, Housing, Entertainment, TraitType, CitizenSlots, AdvisorType) VALUES
('SLTH_BUILDING_NULL_CIVILIZATION_KURIOTATES_STABLE', 'LOC_SLTH_BUILDING_NULL_NAME', NULL, NULL, '500', 'DISTRICT_CITY_CENTER', 'LOC_SLTH_BUILDING_NULLDESCRIPTION', '0', '0', '0', 'NULL_CIVILIZATION_KURIOTATES', NULL, 'ADVISOR_RELIGIOUS'),
('SLTH_BUILDING_NULL_CIVILIZATION_HIPPUS_ALCHEMY_LAB', 'LOC_SLTH_BUILDING_NULL_NAME', NULL, NULL, '500', 'DISTRICT_CITY_CENTER', 'LOC_SLTH_BUILDING_NULLDESCRIPTION', '0', '0', '0', 'NULL_CIVILIZATION_HIPPUS', NULL, 'ADVISOR_RELIGIOUS'),
('SLTH_BUILDING_NULL_CIVILIZATION_DOVIELLO_ALCHEMY_LAB', 'LOC_SLTH_BUILDING_NULL_NAME', NULL, NULL, '500', 'DISTRICT_CITY_CENTER', 'LOC_SLTH_BUILDING_NULLDESCRIPTION', '0', '0', '0', 'NULL_CIVILIZATION_DOVIELLO', NULL, 'ADVISOR_RELIGIOUS'),
('SLTH_BUILDING_NULL_CIVILIZATION_DOVIELLO_LIBRARY', 'LOC_SLTH_BUILDING_NULL_NAME', NULL, NULL, '500', 'DISTRICT_CITY_CENTER', 'LOC_SLTH_BUILDING_NULLDESCRIPTION', '0', '0', '0', 'NULL_CIVILIZATION_DOVIELLO', NULL, 'ADVISOR_RELIGIOUS'),
('SLTH_BUILDING_NULL_CIVILIZATION_DOVIELLO_MAGE_GUILD', 'LOC_SLTH_BUILDING_NULL_NAME', NULL, NULL, '500', 'DISTRICT_CITY_CENTER', 'LOC_SLTH_BUILDING_NULLDESCRIPTION', '0', '0', '0', 'NULL_CIVILIZATION_DOVIELLO', NULL, 'ADVISOR_RELIGIOUS'),
('SLTH_BUILDING_NULL_CIVILIZATION_CLAN_OF_EMBERS_ALCHEMY_LAB', 'LOC_SLTH_BUILDING_NULL_NAME', NULL, NULL, '500', 'DISTRICT_CITY_CENTER', 'LOC_SLTH_BUILDING_NULLDESCRIPTION', '0', '0', '0', 'NULL_CIVILIZATION_CLAN_OF_EMBERS', NULL, 'ADVISOR_RELIGIOUS'),
('SLTH_BUILDING_NULL_CIVILIZATION_CLAN_OF_EMBERS_LIBRARY', 'LOC_SLTH_BUILDING_NULL_NAME', NULL, NULL, '500', 'DISTRICT_CITY_CENTER', 'LOC_SLTH_BUILDING_NULLDESCRIPTION', '0', '0', '0', 'NULL_CIVILIZATION_CLAN_OF_EMBERS', NULL, 'ADVISOR_RELIGIOUS'),
('SLTH_BUILDING_NULL_CIVILIZATION_CLAN_OF_EMBERS_MAGE_GUILD', 'LOC_SLTH_BUILDING_NULL_NAME', NULL, NULL, '500', 'DISTRICT_CITY_CENTER', 'LOC_SLTH_BUILDING_NULLDESCRIPTION', '0', '0', '0', 'NULL_CIVILIZATION_CLAN_OF_EMBERS', NULL, 'ADVISOR_RELIGIOUS'),
('SLTH_BUILDING_NULL_CIVILIZATION_CLAN_OF_EMBERS_STABLE', 'LOC_SLTH_BUILDING_NULL_NAME', NULL, NULL, '500', 'DISTRICT_CITY_CENTER', 'LOC_SLTH_BUILDING_NULLDESCRIPTION', '0', '0', '0', 'NULL_CIVILIZATION_CLAN_OF_EMBERS', NULL, 'ADVISOR_RELIGIOUS'),
('SLTH_BUILDING_NULL_CIVILIZATION_CALABIM_ALCHEMY_LAB', 'LOC_SLTH_BUILDING_NULL_NAME', NULL, NULL, '500', 'DISTRICT_CITY_CENTER', 'LOC_SLTH_BUILDING_NULLDESCRIPTION', '0', '0', '0', 'NULL_CIVILIZATION_CALABIM', NULL, 'ADVISOR_RELIGIOUS'),
('SLTH_BUILDING_NULL_CIVILIZATION_CALABIM_ELDER_COUNCIL', 'LOC_SLTH_BUILDING_NULL_NAME', NULL, NULL, '500', 'DISTRICT_CITY_CENTER', 'LOC_SLTH_BUILDING_NULLDESCRIPTION', '0', '0', '0', 'NULL_CIVILIZATION_CALABIM', NULL, 'ADVISOR_RELIGIOUS'),
('SLTH_BUILDING_NULL_CIVILIZATION_INFERNAL_AQUEDUCT', 'LOC_SLTH_BUILDING_NULL_NAME', NULL, NULL, '500', 'DISTRICT_CITY_CENTER', 'LOC_SLTH_BUILDING_NULLDESCRIPTION', '0', '0', '0', 'NULL_CIVILIZATION_INFERNAL', NULL, 'ADVISOR_RELIGIOUS'),
('SLTH_BUILDING_NULL_CIVILIZATION_INFERNAL_GRANARY', 'LOC_SLTH_BUILDING_NULL_NAME', NULL, NULL, '500', 'DISTRICT_CITY_CENTER', 'LOC_SLTH_BUILDING_NULLDESCRIPTION', '0', '0', '0', 'NULL_CIVILIZATION_INFERNAL', NULL, 'ADVISOR_RELIGIOUS'),
('SLTH_BUILDING_NULL_CIVILIZATION_INFERNAL_HERBALIST', 'LOC_SLTH_BUILDING_NULL_NAME', NULL, NULL, '500', 'DISTRICT_CITY_CENTER', 'LOC_SLTH_BUILDING_NULLDESCRIPTION', '0', '0', '0', 'NULL_CIVILIZATION_INFERNAL', NULL, 'ADVISOR_RELIGIOUS'),
('SLTH_BUILDING_NULL_CIVILIZATION_INFERNAL_INFIRMARY', 'LOC_SLTH_BUILDING_NULL_NAME', NULL, NULL, '500', 'DISTRICT_CITY_CENTER', 'LOC_SLTH_BUILDING_NULLDESCRIPTION', '0', '0', '0', 'NULL_CIVILIZATION_INFERNAL', NULL, 'ADVISOR_RELIGIOUS'),
('SLTH_BUILDING_NULL_CIVILIZATION_INFERNAL_PUBLIC_BATHS', 'LOC_SLTH_BUILDING_NULL_NAME', NULL, NULL, '500', 'DISTRICT_CITY_CENTER', 'LOC_SLTH_BUILDING_NULLDESCRIPTION', '0', '0', '0', 'NULL_CIVILIZATION_INFERNAL', NULL, 'ADVISOR_RELIGIOUS'),
('SLTH_BUILDING_NULL_CIVILIZATION_INFERNAL_SMOKEHOUSE', 'LOC_SLTH_BUILDING_NULL_NAME', NULL, NULL, '500', 'DISTRICT_CITY_CENTER', 'LOC_SLTH_BUILDING_NULLDESCRIPTION', '0', '0', '0', 'NULL_CIVILIZATION_INFERNAL', NULL, 'ADVISOR_RELIGIOUS');


INSERT INTO Building_GreatPersonPoints(BuildingType, GreatPersonClassType, PointsPerTurn) VALUES
('SLTH_BUILDING_ALTAR_OF_THE_LUONNOTAR_BLESSED', 'GREAT_PERSON_CLASS_PROPHET', '1'),
('SLTH_BUILDING_ALTAR_OF_THE_LUONNOTAR_CONSECRATED', 'GREAT_PERSON_CLASS_PROPHET', '1'),
('SLTH_BUILDING_ALTAR_OF_THE_LUONNOTAR_DIVINE', 'GREAT_PERSON_CLASS_PROPHET', '1'),
('SLTH_BUILDING_ALTAR_OF_THE_LUONNOTAR_EXALTED', 'GREAT_PERSON_CLASS_PROPHET', '1'),
('SLTH_BUILDING_ALTAR_OF_THE_LUONNOTAR_FINAL', 'GREAT_PERSON_CLASS_PROPHET', '1'),
('SLTH_BUILDING_ASYLUM', 'GREAT_PERSON_CLASS_PROPHET', '1'),
('SLTH_BUILDING_BASILICA', 'GREAT_PERSON_CLASS_GENERAL', '1'),
('SLTH_BUILDING_BAZAAR_OF_MAMMON', 'GREAT_PERSON_CLASS_MERCHANT', '2'),
('SLTH_BUILDING_BONE_PALACE', 'GREAT_PERSON_CLASS_ENGINEER', '2'),
('SLTH_BUILDING_CATACOMB_LIBRALUS', 'GREAT_PERSON_CLASS_SCIENTIST', '2'),
('SLTH_BUILDING_CELESTIAL_COMPASS', 'GREAT_PERSON_CLASS_PROPHET', '2'),
('SLTH_BUILDING_CODE_OF_JUNIL', 'GREAT_PERSON_CLASS_ENGINEER', '2'),
('SLTH_BUILDING_COMMAND_POST', 'GREAT_PERSON_CLASS_GENERAL', '1'),
('SLTH_BUILDING_CROWN_OF_AKHARIEN', 'GREAT_PERSON_CLASS_SCIENTIST', '2'),
('SLTH_BUILDING_DIES_DIEI', 'GREAT_PERSON_CLASS_PROPHET', '2'),
('SLTH_BUILDING_FORM_OF_THE_TITAN', 'GREAT_PERSON_CLASS_GENERAL', '2'),
('SLTH_BUILDING_GREAT_LIBRARY', 'GREAT_PERSON_CLASS_SCIENTIST', '2'),
('SLTH_BUILDING_GREAT_LIGHTHOUSE', 'GREAT_PERSON_CLASS_MERCHANT', '2'),
('SLTH_BUILDING_GUILD_OF_HAMMERS', 'GREAT_PERSON_CLASS_ENGINEER', '2'),
('SLTH_BUILDING_GUILD_OF_THE_NINE', 'GREAT_PERSON_CLASS_GENERAL', '1'),
('SLTH_BUILDING_HALL_OF_KINGS', 'GREAT_PERSON_CLASS_ARTIST', '2'),
('SLTH_BUILDING_HEROIC_EPIC', 'GREAT_PERSON_CLASS_GENERAL', '1'),
('SLTH_BUILDING_INFERNAL_GRIMOIRE', 'GREAT_PERSON_CLASS_SCIENTIST', '1'),
('SLTH_BUILDING_INSPIRATION', 'GREAT_PERSON_CLASS_SCIENTIST', '1'),
('SLTH_BUILDING_MERCURIAN_GATE', 'GREAT_PERSON_CLASS_PROPHET', '2'),
('SLTH_BUILDING_MINES_OF_GALDUR', 'GREAT_PERSON_CLASS_ENGINEER', '1'),
('SLTH_BUILDING_NATIONAL_EPIC', 'GREAT_PERSON_CLASS_GENERAL', '1'),
('SLTH_BUILDING_NOX_NOCTIS', 'GREAT_PERSON_CLASS_MERCHANT', '2'),
('SLTH_BUILDING_PROPHECY_OF_RAGNAROK', 'GREAT_PERSON_CLASS_PROPHET', '2'),
('SLTH_BUILDING_RIDE_OF_THE_NINE_KINGS', 'GREAT_PERSON_CLASS_GENERAL', '2'),
('SLTH_BUILDING_SHRINE_OF_SIRONA', 'GREAT_PERSON_CLASS_PROPHET', '2'),
('SLTH_BUILDING_SHRINE_OF_THE_CHAMPION', 'GREAT_PERSON_CLASS_PROPHET', '3'),
('SLTH_BUILDING_SONG_OF_AUTUMN', 'GREAT_PERSON_CLASS_ARTIST', '2'),
('SLTH_BUILDING_SOUL_FORGE', 'GREAT_PERSON_CLASS_ENGINEER', '2'),
('SLTH_BUILDING_STIGMATA_ON_THE_UNBORN', 'GREAT_PERSON_CLASS_SCIENTIST', '2'),
('SLTH_BUILDING_SYLIVENS_PERFECT_LYRE', 'GREAT_PERSON_CLASS_ARTIST', '2'),
('SLTH_BUILDING_TABLETS_OF_BAMBUR', 'GREAT_PERSON_CLASS_ENGINEER', '2'),
('SLTH_BUILDING_TAVERN', 'GREAT_PERSON_CLASS_ARTIST', '1'),
('SLTH_BUILDING_TEMPLE_OF_TEMPORENCE', 'GREAT_PERSON_CLASS_ARTIST', '2'),
('SLTH_BUILDING_THE_NECRONOMICON', 'GREAT_PERSON_CLASS_PROPHET', '2'),
('SLTH_BUILDING_THE_NEXUS', 'GREAT_PERSON_CLASS_SCIENTIST', '1'),
('SLTH_BUILDING_THEATRE_OF_DREAMS', 'GREAT_PERSON_CLASS_ARTIST', '2'),
('SLTH_BUILDING_TOWER_OF_COMPLACENCY', 'GREAT_PERSON_CLASS_GENERAL', '1'),
('SLTH_BUILDING_TOWER_OF_EYES', 'GREAT_PERSON_CLASS_GENERAL', '1');

INSERT INTO Building_YieldChanges(BuildingType, YieldType, YieldChange) VALUES
('SLTH_BUILDING_ALCHEMY_LAB', 'YIELD_SCIENCE', '4'),
('SLTH_BUILDING_CATACOMB_LIBRALUS', 'YIELD_SCIENCE', '4'),
('SLTH_BUILDING_CROWN_OF_AKHARIEN', 'YIELD_SCIENCE', '2'),
('SLTH_BUILDING_ELDER_COUNCIL', 'YIELD_SCIENCE', '2'),
('SLTH_BUILDING_GAMBLING_HOUSE', 'YIELD_GOLD', '3'),
('SLTH_BUILDING_MARKET', 'YIELD_GOLD', '3'),
('SLTH_BUILDING_MARKET', 'YIELD_SCIENCE', '-1'),
('SLTH_BUILDING_TEMPLE_OF_KILMORPH', 'YIELD_GOLD', '2'),
('SLTH_BUILDING_TEMPLE_OF_THE_VEIL', 'YIELD_SCIENCE', '2'),
('SLTH_BUILDING_THE_DRAGONS_HORDE', 'YIELD_GOLD', '4');
INSERT INTO BuildingConditions(BuildingType, UnlocksFromEffect) VALUES
('SLTH_BUILDING_ACADEMY', '1'),
('SLTH_BUILDING_ALTAR_OF_THE_LUONNOTAR', '1'),
('SLTH_BUILDING_ALTAR_OF_THE_LUONNOTAR_ANOINTED', '1'),
('SLTH_BUILDING_ALTAR_OF_THE_LUONNOTAR_BLESSED', '1'),
('SLTH_BUILDING_ALTAR_OF_THE_LUONNOTAR_CONSECRATED', '1'),
('SLTH_BUILDING_ALTAR_OF_THE_LUONNOTAR_DIVINE', '1'),
('SLTH_BUILDING_ALTAR_OF_THE_LUONNOTAR_EXALTED', '1'),
('SLTH_BUILDING_CODE_OF_JUNIL', '1'),
('SLTH_BUILDING_DANCING_BEAR', '1'),
('SLTH_BUILDING_DEMONIC_CITIZENS', '1'),
('SLTH_BUILDING_DIES_DIEI', '1'),
('SLTH_BUILDING_GORILLA_CAGE', '1'),
('SLTH_BUILDING_HOPE', '1'),
('SLTH_BUILDING_INSPIRATION', '1'),
('SLTH_BUILDING_LION_CAGE', '1'),
('SLTH_BUILDING_NOX_NOCTIS', '1'),
('SLTH_BUILDING_SONG_OF_AUTUMN', '1'),
('SLTH_BUILDING_SPIDER_PEN', '1'),
('SLTH_BUILDING_STIGMATA_ON_THE_UNBORN', '1'),
('SLTH_BUILDING_TABLETS_OF_BAMBUR', '1'),
('SLTH_BUILDING_THE_DRAGONS_HORDE', '1'),
('SLTH_BUILDING_THE_NECRONOMICON', '1'),
('SLTH_BUILDING_TIGER_CAGE', '1'),
('SLTH_BUILDING_UNYIELDING_ORDER', '1'),
('SLTH_BUILDING_WALL_OF_STONE', '1'),
('SLTH_BUILDING_WOLF_PEN', '1'),
('SLTH_BUILDING_FORBIDDEN_PALACE', '1'),
('SLTH_BUILDING_SHRINE_OF_THE_CHAMPION', '1');

INSERT INTO BuildingModifiers(BuildingType, ModifierId) VALUES
('SLTH_BUILDING_ACADEMY', 'MODIFIER_SLTH_BUILDING_ACADEMY_ADD_SCIENCEYIELD'),
('SLTH_BUILDING_ALCHEMY_LAB', 'MODIFIER_SLTH_BUILDING_ALCHEMY_LAB_ADD_SCIENCEYIELD'),
('SLTH_BUILDING_ALTAR_OF_THE_LUONNOTAR', 'MODIFIER_SLTH_BUILDING_ALTAR_OF_THE_LUONNOTAR_MILITARY_EXPERIENCE'),
('SLTH_BUILDING_ALTAR_OF_THE_LUONNOTAR_ANOINTED', 'MODIFIER_SLTH_BUILDING_ALTAR_OF_THE_LUONNOTAR_ANOINTED_MILITARY_EXPERIENCE'),
('SLTH_BUILDING_ALTAR_OF_THE_LUONNOTAR_BLESSED', 'MODIFIER_SLTH_BUILDING_ALTAR_OF_THE_LUONNOTAR_BLESSED_MILITARY_EXPERIENCE'),
('SLTH_BUILDING_ALTAR_OF_THE_LUONNOTAR_BLESSED', 'MODIFIER_SLTH_BUILDING_ALTAR_OF_THE_LUONNOTAR_BLESSED_ADD_AMENITIES'),
('SLTH_BUILDING_ALTAR_OF_THE_LUONNOTAR_CONSECRATED', 'MODIFIER_SLTH_BUILDING_ALTAR_OF_THE_LUONNOTAR_CONSECRATED_MILITARY_EXPERIENCE'),
('SLTH_BUILDING_ALTAR_OF_THE_LUONNOTAR_CONSECRATED', 'MODIFIER_SLTH_BUILDING_ALTAR_OF_THE_LUONNOTAR_CONSECRATED_ADD_AMENITIES'),
('SLTH_BUILDING_ALTAR_OF_THE_LUONNOTAR_DIVINE', 'MODIFIER_SLTH_BUILDING_ALTAR_OF_THE_LUONNOTAR_DIVINE_MILITARY_EXPERIENCE'),
('SLTH_BUILDING_ALTAR_OF_THE_LUONNOTAR_DIVINE', 'MODIFIER_SLTH_BUILDING_ALTAR_OF_THE_LUONNOTAR_DIVINE_ADD_AMENITIES'),
('SLTH_BUILDING_ALTAR_OF_THE_LUONNOTAR_EXALTED', 'MODIFIER_SLTH_BUILDING_ALTAR_OF_THE_LUONNOTAR_EXALTED_MILITARY_EXPERIENCE'),
('SLTH_BUILDING_ALTAR_OF_THE_LUONNOTAR_EXALTED', 'MODIFIER_SLTH_BUILDING_ALTAR_OF_THE_LUONNOTAR_EXALTED_ADD_AMENITIES'),
('SLTH_BUILDING_ALTAR_OF_THE_LUONNOTAR_FINAL', 'MODIFIER_SLTH_BUILDING_ALTAR_OF_THE_LUONNOTAR_FINAL_MILITARY_EXPERIENCE'),
('SLTH_BUILDING_ALTAR_OF_THE_LUONNOTAR_FINAL', 'MODIFIER_SLTH_BUILDING_ALTAR_OF_THE_LUONNOTAR_FINAL_ADD_AMENITIES'),
('SLTH_BUILDING_AQUAE_SUCELLUS', 'MODIFIER_SLTH_BUILDING_AQUAE_SUCELLUS_ADJUST_HOUSING'),
('SLTH_BUILDING_ASYLUM', 'MODIFIER_SLTH_BUILDING_ASYLUM_ADJUST_WAR_WEARINESS'),
('SLTH_BUILDING_ASYLUM', 'MODIFIER_SLTH_BUILDING_ASYLUM_ADD_SCIENCEYIELD'),
('SLTH_BUILDING_BAZAAR_OF_MAMMON', 'MODIFIER_SLTH_BUILDING_BAZAAR_OF_MAMMON_ADD_GOLDYIELD'),
('SLTH_BUILDING_BREWERY', 'MODIFIER_SLTH_BUILDING_BREWERY_GRANT_ALE'),
('SLTH_BUILDING_CARNIVAL', 'MODIFIER_SLTH_BUILDING_CARNIVAL_ADD_CULTUREYIELD'),
('SLTH_BUILDING_CATACOMB_LIBRALUS', 'MODIFIER_ALL_CITIES_FREE_SLTH_BUILDING_CATACOMB_LIBRALUS'),
('SLTH_BUILDING_CATACOMB_LIBRALUS', 'MODIFIER_FREE_SLTH_BUILDING_CATACOMB_LIBRALUS'),
('SLTH_BUILDING_CELESTIAL_COMPASS', 'MODIFIER_SLTH_BUILDING_CELESTIAL_COMPASS_PROJECT_PROD_MULT'),
('SLTH_BUILDING_CODE_OF_JUNIL', 'MODIFIER_SLTH_BUILDING_CODE_OF_JUNIL_GRANT_MANA_LAW'),
('SLTH_BUILDING_COMMAND_POST', 'MODIFIER_SLTH_BUILDING_COMMAND_POST_MILITARY_PRODUCTION'),
('SLTH_BUILDING_COMMAND_POST', 'MODIFIER_MILITARY_EXPERIENCE_DOMAIN_DOMAIN_LAND'),
('SLTH_BUILDING_GOVERNORS_MANOR', 'MODIFIER_SLTH_BUILDING_GOVERNORS_MANOR_ADJUST_WAR_WEARINESS'),
('SLTH_BUILDING_CROWN_OF_AKHARIEN', 'MODIFIER_SLTH_BUILDING_CROWN_OF_AKHARIEN_ADD_SCIENCEYIELD'),
('SLTH_BUILDING_DEMONS_ALTAR', 'MODIFIER_SLTH_BUILDING_DEMONS_ALTAR_MILITARY_EXPERIENCE'),
('SLTH_BUILDING_DIES_DIEI', 'MODIFIER_SLTH_BUILDING_DIES_DIEI_GRANT_MANA_SUN'),
('SLTH_BUILDING_DIES_DIEI', 'MODIFIER_SLTH_BUILDING_DIES_DIEI_MILITARY_EXPERIENCE'),
('SLTH_BUILDING_DUNGEON', 'MODIFIER_SLTH_BUILDING_DUNGEON_ADJUST_WAR_WEARINESS'),
('SLTH_BUILDING_FORGE', 'MODIFIER_SLTH_BUILDING_FORGE_ADD_PRODUCTIONYIELD'),
('SLTH_BUILDING_FORM_OF_THE_TITAN', 'MODIFIER_SLTH_BUILDING_FORM_OF_THE_TITAN_MILITARY_EXPERIENCE'),
('SLTH_BUILDING_GRAND_MENAGERIE', 'MODIFIER_ALL_CITIES_FREE_SLTH_BUILDING_GRAND_MENAGERIE'),
('SLTH_BUILDING_GRAND_MENAGERIE', 'MODIFIER_FREE_SLTH_BUILDING_GRAND_MENAGERIE'),
('SLTH_BUILDING_GRAND_MENAGERIE', 'MODIFIER_SLTH_BUILDING_GRAND_MENAGERIE_ADD_AMENITIES'),
('SLTH_BUILDING_GRAND_MENAGERIE', 'MODIFIER_SLTH_BUILDING_GRAND_MENAGERIE_ADD_CULTUREYIELD'),
('SLTH_BUILDING_GREAT_LIGHTHOUSE', 'MODIFIER_SLTH_BUILDING_GREAT_LIGHTHOUSE_ADJUST_TRADE_ROUTE_CAPACITY_COASTAL'),
('SLTH_BUILDING_GUILD_OF_HAMMERS', 'MODIFIER_ALL_CITIES_FREE_SLTH_BUILDING_GUILD_OF_HAMMERS'),
('SLTH_BUILDING_GUILD_OF_HAMMERS', 'MODIFIER_FREE_SLTH_BUILDING_GUILD_OF_HAMMERS'),
('SLTH_BUILDING_HERON_THRONE', 'MODIFIER_SLTH_BUILDING_HERON_THRONE_PLOT_YIELD_CHANGE_PRODUCTION'),
('SLTH_BUILDING_HARBOR', 'MODIFIER_SLTH_BUILDING_HARBOR_TRADE_ROUTE_YIELD_MULT'),
('SLTH_BUILDING_HEROIC_EPIC', 'MODIFIER_SLTH_BUILDING_HEROIC_EPIC_MILITARY_PRODUCTION'),
('SLTH_BUILDING_HOPE', 'MODIFIER_SLTH_BUILDING_HOPE_MILITARY_EXPERIENCE'),
('SLTH_BUILDING_INFERNAL_GRIMOIRE', 'MODIFIER_SLTH_BUILDING_INFERNAL_GRIMOIRE_FREE_TECH'),
('SLTH_BUILDING_INN', 'MODIFIER_SLTH_BUILDING_INN_ADJUST_TRADE_ROUTE_CAPACITY'),
('SLTH_BUILDING_INN', 'MODIFIER_SLTH_BUILDING_INN_TRADE_ROUTE_YIELD_MULT'),
('SLTH_BUILDING_LIBRARY', 'MODIFIER_SLTH_BUILDING_LIBRARY_ADD_SCIENCEYIELD'),
('SLTH_BUILDING_LIGHTHOUSE', 'MODIFIER_SLTH_BUILDING_LIGHTHOUSE_ADJUST_TRADE_ROUTE_CAPACITY'),
('SLTH_BUILDING_LIGHTHOUSE', 'MODIFIER_SLTH_BUILDING_LIGHTHOUSE_PLOT_YIELD_CHANGE_FOOD'),
('SLTH_BUILDING_MERCURIAN_GATE', 'MODIFIER_SLTH_BUILDING_MERCURIAN_GATE_ADJUST_WAR_WEARINESS'),
('SLTH_BUILDING_MINES_OF_GALDUR', 'MODIFIER_SLTH_BUILDING_MINES_OF_GALDUR_GRANT_IRON'),
('SLTH_BUILDING_MONEYCHANGER', 'MODIFIER_SLTH_BUILDING_MONEYCHANGER_ADD_GOLDYIELD'),
('SLTH_BUILDING_NATIONAL_EPIC', 'MODIFIER_NATIONAL_EPIC_INCREASE_GPP_MULT'),
('SLTH_BUILDING_NOX_NOCTIS', 'MODIFIER_SLTH_BUILDING_NOX_NOCTIS_GRANT_MANA_SHADOW'),
('SLTH_BUILDING_NOX_NOCTIS', 'MODIFIER_SLTH_BUILDING_NOX_NOCTIS_MILITARY_EXPERIENCE'),
('SLTH_BUILDING_OBSIDIAN_GATE', 'MODIFIER_SLTH_BUILDING_OBSIDIAN_GATE_ADJUST_TRADE_ROUTE_CAPACITY'),
('SLTH_BUILDING_PAGAN_TEMPLE', 'MODIFIER_SLTH_BUILDING_PAGAN_TEMPLE_ADD_CULTUREYIELD'),
('SLTH_BUILDING_PILLAR_OF_CHAINS', 'MODIFIER_SLTH_BUILDING_PILLAR_OF_CHAINS_ADJUST_WAR_WEARINESS'),
('SLTH_BUILDING_PROPHECY_OF_RAGNAROK', 'MODIFIER_SLTH_BUILDING_PROPHECY_OF_RAGNAROK_MILITARY_EXPERIENCE'),
('SLTH_BUILDING_RIDE_OF_THE_NINE_KINGS', 'MODIFIER_SLTH_BUILDING_RIDE_OF_THE_NINE_KINGS_MILITARY_EXPERIENCE'),
('SLTH_BUILDING_SHIPYARD', 'MODIFIER_MILITARY_EXPERIENCE_DOMAIN_DOMAIN_SEA'),
('SLTH_BUILDING_SHIPYARD', 'MODIFIER_SLTH_BUILDING_SHIPYARD_DOMAIN_SEA_PROD_MULT'),
('SLTH_BUILDING_SHRINE_OF_THE_CHAMPION', 'MODIFIER_SLTH_BUILDING_SHRINE_OF_THE_CHAMPION_MILITARY_EXPERIENCE'),
('SLTH_BUILDING_SMUGGLERS_PORT', 'MODIFIER_SLTH_BUILDING_SMUGGLERS_PORT_ADJUST_TRADE_ROUTE_CAPACITY'),
('SLTH_BUILDING_SMUGGLERS_PORT', 'MODIFIER_SLTH_BUILDING_SMUGGLERS_PORT_ADD_GOLDYIELD'),
('SLTH_BUILDING_SONG_OF_AUTUMN', 'MODIFIER_SLTH_BUILDING_SONG_OF_AUTUMN_GRANT_MANA_NATURE'),
('SLTH_BUILDING_SOUL_FORGE', 'MODIFIER_SLTH_BUILDING_SOUL_FORGE_GRANT_MANA_DEATH'),
('SLTH_BUILDING_SPIDER_PEN', 'MODIFIER_SLTH_BUILDING_SPIDER_PEN_GRANT_SILK'),
('SLTH_BUILDING_STIGMATA_ON_THE_UNBORN', 'MODIFIER_SLTH_BUILDING_STIGMATA_ON_THE_UNBORN_GRANT_MANA_ENTROPY'),
('SLTH_BUILDING_STIGMATA_ON_THE_UNBORN', 'MODIFIER_SLTH_BUILDING_STIGMATA_ON_THE_UNBORN_MILITARY_EXPERIENCE'),
('SLTH_BUILDING_SYLIVENS_PERFECT_LYRE', 'MODIFIER_SLTH_BUILDING_SYLIVENS_PERFECT_LYRE_ADD_CULTUREYIELD'),
('SLTH_BUILDING_TABLETS_OF_BAMBUR', 'MODIFIER_SLTH_BUILDING_TABLETS_OF_BAMBUR_GRANT_MANA_EARTH'),
('SLTH_BUILDING_TAVERN', 'MODIFIER_SLTH_BUILDING_TAVERN_ADJUST_TRADE_ROUTE_CAPACITY'),
('SLTH_BUILDING_TAVERN', 'MODIFIER_SLTH_BUILDING_TAVERN_TRADE_ROUTE_YIELD_MULT'),
('SLTH_BUILDING_TAX_OFFICE', 'MODIFIER_SLTH_BUILDING_TAX_OFFICE_ADD_GOLDYIELD'),
('SLTH_BUILDING_TEMPLE_OF_KILMORPH', 'MODIFIER_SLTH_BUILDING_TEMPLE_OF_KILMORPH_ADD_CULTUREYIELD'),
('SLTH_BUILDING_TEMPLE_OF_LEAVES', 'MODIFIER_SLTH_BUILDING_TEMPLE_OF_LEAVES_ADD_CULTUREYIELD'),
('SLTH_BUILDING_TEMPLE_OF_THE_EMPYREAN', 'MODIFIER_SLTH_BUILDING_TEMPLE_OF_THE_EMPYREAN_ADD_SCIENCEYIELD'),
('SLTH_BUILDING_TEMPLE_OF_THE_EMPYREAN', 'MODIFIER_YieldType_ADD_CULTUREYIELD'),
('SLTH_BUILDING_TEMPLE_OF_THE_ORDER', 'MODIFIER_SLTH_BUILDING_TEMPLE_OF_THE_ORDER_MILITARY_PRODUCTION'),
('SLTH_BUILDING_TEMPLE_OF_THE_ORDER', 'MODIFIER_SLTH_BUILDING_TEMPLE_OF_THE_ORDER_ADD_CULTUREYIELD'),
('SLTH_BUILDING_TEMPLE_OF_THE_OVERLORDS', 'MODIFIER_SLTH_BUILDING_TEMPLE_OF_THE_OVERLORDS_ADD_CULTUREYIELD'),
('SLTH_BUILDING_TEMPLE_OF_THE_VEIL', 'MODIFIER_SLTH_BUILDING_TEMPLE_OF_THE_VEIL_ADD_CULTUREYIELD'),
('SLTH_BUILDING_THE_DRAGONS_HORDE', 'MODIFIER_SLTH_BUILDING_THE_DRAGONS_HORDE_GRANT_GEMS'),
('SLTH_BUILDING_THE_DRAGONS_HORDE', 'MODIFIER_SLTH_BUILDING_THE_DRAGONS_HORDE_MILITARY_EXPERIENCE'),
('SLTH_BUILDING_THE_DRAGONS_HORDE', 'MODIFIER_SLTH_BUILDING_THE_DRAGONS_HORDE_GRANT_GOLD'),
('SLTH_BUILDING_THE_NECRONOMICON', 'MODIFIER_SLTH_BUILDING_THE_NECRONOMICON_GRANT_MANA_WATER'),
('SLTH_BUILDING_THE_NEXUS', 'MODIFIER_ALL_CITIES_FREE_SLTH_BUILDING_THE_NEXUS'),
('SLTH_BUILDING_THE_NEXUS', 'MODIFIER_FREE_SLTH_BUILDING_THE_NEXUS'),
('SLTH_BUILDING_THEATRE_OF_DREAMS', 'MODIFIER_SLTH_BUILDING_THEATRE_OF_DREAMS_ADD_AMENITIES'),
('SLTH_BUILDING_TOWER_OF_COMPLACENCY', 'MODIFIER_SLTH_BUILDING_TOWER_OF_COMPLACENCY_MILITARY_PRODUCTION'),
('SLTH_BUILDING_TOWER_OF_DIVINATION', 'MODIFIER_SLTH_BUILDING_TOWER_OF_DIVINATION_FREE_TECH'),
('SLTH_BUILDING_TOWER_OF_EYES', 'MODIFIER_ALL_CITIES_FREE_SLTH_BUILDING_TOWER_OF_EYES'),
('SLTH_BUILDING_TOWER_OF_EYES', 'MODIFIER_FREE_SLTH_BUILDING_TOWER_OF_EYES'),
('SLTH_BUILDING_TOWER_OF_EYES', 'MODIFIER_SLTH_BUILDING_TOWER_OF_EYES_MILITARY_EXPERIENCE'),
('SLTH_BUILDING_TOWER_OF_NECROMANCY', 'MODIFIER_SLTH_BUILDING_TOWER_OF_NECROMANCY_GRANT_MANA_DEATH');

INSERT INTO Modifiers(ModifierId, ModifierType, RunOnce, Permanent, SubjectRequirementSetId) VALUES
('MODIFIER_SLTH_BUILDING_ACADEMY_ADD_SCIENCEYIELD', 'MODIFIER_SINGLE_CITY_ADJUST_CITY_YIELD_MODIFIER', '0', '0', NULL),
('MODIFIER_SLTH_BUILDING_ALCHEMY_LAB_ADD_SCIENCEYIELD', 'MODIFIER_SINGLE_CITY_ADJUST_CITY_YIELD_MODIFIER', '0', '0', NULL),
('MODIFIER_SLTH_BUILDING_ALTAR_OF_THE_LUONNOTAR_MILITARY_EXPERIENCE', 'MODIFIER_CITY_TRAINED_UNITS_ADJUST_GRANT_EXPERIENCE', '0', '0', NULL),
('MODIFIER_SLTH_BUILDING_ALTAR_OF_THE_LUONNOTAR_ANOINTED_MILITARY_EXPERIENCE', 'MODIFIER_CITY_TRAINED_UNITS_ADJUST_GRANT_EXPERIENCE', '0', '0', NULL),
('MODIFIER_SLTH_BUILDING_ALTAR_OF_THE_LUONNOTAR_BLESSED_MILITARY_EXPERIENCE', 'MODIFIER_CITY_TRAINED_UNITS_ADJUST_GRANT_EXPERIENCE', '0', '0', NULL),
('MODIFIER_SLTH_BUILDING_ALTAR_OF_THE_LUONNOTAR_BLESSED_ADD_AMENITIES', 'MODIFIER_ALL_CITY_ADJUST_ENTERTAINMENT', '0', '0', NULL),
('MODIFIER_SLTH_BUILDING_ALTAR_OF_THE_LUONNOTAR_CONSECRATED_MILITARY_EXPERIENCE', 'MODIFIER_CITY_TRAINED_UNITS_ADJUST_GRANT_EXPERIENCE', '0', '0', NULL),
('MODIFIER_SLTH_BUILDING_ALTAR_OF_THE_LUONNOTAR_CONSECRATED_ADD_AMENITIES', 'MODIFIER_ALL_CITY_ADJUST_ENTERTAINMENT', '0', '0', NULL),
('MODIFIER_SLTH_BUILDING_ALTAR_OF_THE_LUONNOTAR_DIVINE_MILITARY_EXPERIENCE', 'MODIFIER_CITY_TRAINED_UNITS_ADJUST_GRANT_EXPERIENCE', '0', '0', NULL),
('MODIFIER_SLTH_BUILDING_ALTAR_OF_THE_LUONNOTAR_DIVINE_ADD_AMENITIES', 'MODIFIER_ALL_CITY_ADJUST_ENTERTAINMENT', '0', '0', NULL),
('MODIFIER_SLTH_BUILDING_ALTAR_OF_THE_LUONNOTAR_EXALTED_MILITARY_EXPERIENCE', 'MODIFIER_CITY_TRAINED_UNITS_ADJUST_GRANT_EXPERIENCE', '0', '0', NULL),
('MODIFIER_SLTH_BUILDING_ALTAR_OF_THE_LUONNOTAR_EXALTED_ADD_AMENITIES', 'MODIFIER_ALL_CITY_ADJUST_ENTERTAINMENT', '0', '0', NULL),
('MODIFIER_SLTH_BUILDING_ALTAR_OF_THE_LUONNOTAR_FINAL_MILITARY_EXPERIENCE', 'MODIFIER_CITY_TRAINED_UNITS_ADJUST_GRANT_EXPERIENCE', '0', '0', NULL),
('MODIFIER_SLTH_BUILDING_ALTAR_OF_THE_LUONNOTAR_FINAL_ADD_AMENITIES', 'MODIFIER_ALL_CITY_ADJUST_ENTERTAINMENT', '0', '0', NULL),
('MODIFIER_SLTH_BUILDING_AQUAE_SUCELLUS_ADJUST_HOUSING', 'MODIFIER_PLAYER_CITIES_ADJUST_POLICY_HOUSING', '0', '0', NULL),
('MODIFIER_SLTH_BUILDING_ASYLUM_ADJUST_WAR_WEARINESS', 'MODIFIER_PLAYER_ADJUST_WAR_WEARINESS', '0', '0', NULL),
('MODIFIER_SLTH_BUILDING_ASYLUM_ADD_SCIENCEYIELD', 'MODIFIER_SINGLE_CITY_ADJUST_CITY_YIELD_MODIFIER', '0', '0', NULL),
('MODIFIER_SLTH_BUILDING_BAZAAR_OF_MAMMON_ADD_GOLDYIELD', 'MODIFIER_SINGLE_CITY_ADJUST_CITY_YIELD_MODIFIER', '0', '0', NULL),
('MODIFIER_SLTH_BUILDING_BREWERY_GRANT_ALE', 'MODIFIER_FREE_RESOURCE_IN_CAPITAL', '0', '0', NULL),
('MODIFIER_SLTH_BUILDING_CARNIVAL_ADD_CULTUREYIELD', 'MODIFIER_SINGLE_CITY_ADJUST_CITY_YIELD_MODIFIER', '0', '0', NULL),
('MODIFIER_ALL_CITIES_FREE_SLTH_BUILDING_CATACOMB_LIBRALUS', 'MODIFIER_PLAYER_CITIES_ATTACH_MODIFIER', '0', '0', NULL),
('MODIFIER_FREE_SLTH_BUILDING_CATACOMB_LIBRALUS', 'MODIFIER_SINGLE_CITY_GRANT_BUILDING_IN_CITY_IGNORE', '1', '1', NULL),
('MODIFIER_SLTH_BUILDING_CELESTIAL_COMPASS_PROJECT_PROD_MULT', 'MODIFIER_PLAYER_CITIES_ADJUST_ALL_PROJECTS_PRODUCTION', '0', '0', NULL),
('MODIFIER_MILITARY_EXPERIENCE_DOMAIN_DOMAIN_LAND', 'MODIFIER_CITY_TRAINED_UNITS_ADJUST_GRANT_EXPERIENCE', '0', '0', 'UNIT_IS_DOMAIN_LAND'),
('MODIFIER_SLTH_BUILDING_CODE_OF_JUNIL_GRANT_MANA_LAW', 'MODIFIER_FREE_RESOURCE_IN_CAPITAL', '0', '0', NULL),
('MODIFIER_SLTH_BUILDING_COMMAND_POST_MILITARY_PRODUCTION', 'MODIFIER_PLAYER_CITIES_ADJUST_MILITARY_UNITS_PRODUCTION', '0', '0', NULL),
('MODIFIER_SLTH_BUILDING_GOVERNORS_MANOR_ADJUST_WAR_WEARINESS', 'MODIFIER_PLAYER_ADJUST_WAR_WEARINESS', '0', '0', NULL),
('MODIFIER_SLTH_BUILDING_CROWN_OF_AKHARIEN_ADD_SCIENCEYIELD', 'MODIFIER_SINGLE_CITY_ADJUST_CITY_YIELD_MODIFIER', '0', '0', NULL),
('MODIFIER_SLTH_BUILDING_DEMONS_ALTAR_MILITARY_EXPERIENCE', 'MODIFIER_CITY_TRAINED_UNITS_ADJUST_GRANT_EXPERIENCE', '0', '0', NULL),
('MODIFIER_SLTH_BUILDING_DIES_DIEI_GRANT_MANA_SUN', 'MODIFIER_FREE_RESOURCE_IN_CAPITAL', '0', '0', NULL),
('MODIFIER_SLTH_BUILDING_DIES_DIEI_MILITARY_EXPERIENCE', 'MODIFIER_CITY_TRAINED_UNITS_ADJUST_GRANT_EXPERIENCE', '0', '0', NULL),
('MODIFIER_SLTH_BUILDING_DUNGEON_ADJUST_WAR_WEARINESS', 'MODIFIER_PLAYER_ADJUST_WAR_WEARINESS', '0', '0', NULL),
('MODIFIER_SLTH_BUILDING_FORGE_ADD_PRODUCTIONYIELD', 'MODIFIER_SINGLE_CITY_ADJUST_CITY_YIELD_MODIFIER', '0', '0', NULL),
('MODIFIER_SLTH_BUILDING_FORM_OF_THE_TITAN_MILITARY_EXPERIENCE', 'MODIFIER_CITY_TRAINED_UNITS_ADJUST_GRANT_EXPERIENCE', '0', '0', NULL),
('MODIFIER_ALL_CITIES_FREE_SLTH_BUILDING_GRAND_MENAGERIE', 'MODIFIER_PLAYER_CITIES_ATTACH_MODIFIER', '0', '0', NULL),
('MODIFIER_FREE_SLTH_BUILDING_GRAND_MENAGERIE', 'MODIFIER_SINGLE_CITY_GRANT_BUILDING_IN_CITY_IGNORE', '1', '1', NULL),
('MODIFIER_SLTH_BUILDING_GRAND_MENAGERIE_ADD_AMENITIES', 'MODIFIER_ALL_CITY_ADJUST_ENTERTAINMENT', '0', '0', NULL),
('MODIFIER_SLTH_BUILDING_GRAND_MENAGERIE_ADD_CULTUREYIELD', 'MODIFIER_SINGLE_CITY_ADJUST_CITY_YIELD_MODIFIER', '0', '0', NULL),
('MODIFIER_SLTH_BUILDING_GREAT_LIGHTHOUSE_ADJUST_TRADE_ROUTE_CAPACITY_COASTAL_PER_CITY', 'MODIFIER_PLAYER_ADJUST_TRADE_ROUTE_CAPACITY', '0', '0', 'PLOT_IS_ADJACENT_TO_COAST'),
('MODIFIER_SLTH_BUILDING_GREAT_LIGHTHOUSE_ADJUST_TRADE_ROUTE_CAPACITY_COASTAL', 'MODIFIER_PLAYER_CITIES_ATTACH_MODIFIER', '0', '0', NULL),
('MODIFIER_ALL_CITIES_FREE_SLTH_BUILDING_GUILD_OF_HAMMERS', 'MODIFIER_PLAYER_CITIES_ATTACH_MODIFIER', '0', '0', NULL),
('MODIFIER_FREE_SLTH_BUILDING_GUILD_OF_HAMMERS', 'MODIFIER_SINGLE_CITY_GRANT_BUILDING_IN_CITY_IGNORE', '1', '1', NULL),
('MODIFIER_SLTH_BUILDING_HERON_THRONE_PLOT_YIELD_CHANGE_PRODUCTION', 'MODIFIER_CITY_PLOT_YIELDS_ADJUST_PLOT_YIELD', '0', '0', 'PLOT_HAS_COAST_REQUIREMENTS'),
('MODIFIER_SLTH_BUILDING_HARBOR_TRADE_ROUTE_YIELD_MULT', 'trade_route_modifier', '0', '0', NULL),
('MODIFIER_SLTH_BUILDING_HEROIC_EPIC_MILITARY_PRODUCTION', 'MODIFIER_PLAYER_CITIES_ADJUST_MILITARY_UNITS_PRODUCTION', '0', '0', NULL),
('MODIFIER_SLTH_BUILDING_HOPE_MILITARY_EXPERIENCE', 'MODIFIER_CITY_TRAINED_UNITS_ADJUST_GRANT_EXPERIENCE', '0', '0', NULL),
('MODIFIER_SLTH_BUILDING_INFERNAL_GRIMOIRE_FREE_TECH', 'MODIFIER_PLAYER_GRANT_RANDOM_TECHNOLOGY', '1', '1', NULL),
('MODIFIER_SLTH_BUILDING_INN_ADJUST_TRADE_ROUTE_CAPACITY', 'MODIFIER_PLAYER_ADJUST_TRADE_ROUTE_CAPACITY', '0', '0', NULL),
('MODIFIER_SLTH_BUILDING_INN_TRADE_ROUTE_YIELD_MULT', 'trade_route_modifier', '0', '0', NULL),
('MODIFIER_SLTH_BUILDING_LIBRARY_ADD_SCIENCEYIELD', 'MODIFIER_SINGLE_CITY_ADJUST_CITY_YIELD_MODIFIER', '0', '0', NULL),
('MODIFIER_SLTH_BUILDING_LIGHTHOUSE_ADJUST_TRADE_ROUTE_CAPACITY', 'MODIFIER_PLAYER_ADJUST_TRADE_ROUTE_CAPACITY', '0', '0', NULL),
('MODIFIER_SLTH_BUILDING_LIGHTHOUSE_PLOT_YIELD_CHANGE_FOOD', 'MODIFIER_CITY_PLOT_YIELDS_ADJUST_PLOT_YIELD', '0', '0', 'PLOT_HAS_COAST_REQUIREMENTS'),
('MODIFIER_SLTH_BUILDING_MERCURIAN_GATE_ADJUST_WAR_WEARINESS', 'MODIFIER_PLAYER_ADJUST_WAR_WEARINESS', '0', '0', NULL),
('MODIFIER_SLTH_BUILDING_MINES_OF_GALDUR_GRANT_IRON', 'MODIFIER_FREE_RESOURCE_EXTRACTION_IN_CAPITAL', '0', '0', NULL),
('MODIFIER_SLTH_BUILDING_MONEYCHANGER_ADD_GOLDYIELD', 'MODIFIER_SINGLE_CITY_ADJUST_CITY_YIELD_MODIFIER', '0', '0', NULL),
('MODIFIER_NATIONAL_EPIC_INCREASE_GPP_MULT', 'MODIFIER_PLAYER_CAPITAL_CITY_GPP_MULT', '0', '0', NULL),
('MODIFIER_SLTH_BUILDING_NOX_NOCTIS_GRANT_MANA_SHADOW', 'MODIFIER_FREE_RESOURCE_IN_CAPITAL', '0', '0', NULL),
('MODIFIER_SLTH_BUILDING_NOX_NOCTIS_MILITARY_EXPERIENCE', 'MODIFIER_CITY_TRAINED_UNITS_ADJUST_GRANT_EXPERIENCE', '0', '0', NULL),
('MODIFIER_SLTH_BUILDING_OBSIDIAN_GATE_ADJUST_TRADE_ROUTE_CAPACITY', 'MODIFIER_PLAYER_ADJUST_TRADE_ROUTE_CAPACITY', '0', '0', NULL),
('MODIFIER_SLTH_BUILDING_PAGAN_TEMPLE_ADD_CULTUREYIELD', 'MODIFIER_SINGLE_CITY_ADJUST_CITY_YIELD_MODIFIER', '0', '0', NULL),
('MODIFIER_SLTH_BUILDING_PILLAR_OF_CHAINS_ADJUST_WAR_WEARINESS', 'MODIFIER_PLAYER_ADJUST_WAR_WEARINESS', '0', '0', NULL),
('MODIFIER_SLTH_BUILDING_PROPHECY_OF_RAGNAROK_MILITARY_EXPERIENCE', 'MODIFIER_CITY_TRAINED_UNITS_ADJUST_GRANT_EXPERIENCE', '0', '0', NULL),
('MODIFIER_SLTH_BUILDING_RIDE_OF_THE_NINE_KINGS_MILITARY_EXPERIENCE', 'MODIFIER_CITY_TRAINED_UNITS_ADJUST_GRANT_EXPERIENCE', '0', '0', NULL),
('MODIFIER_MILITARY_EXPERIENCE_DOMAIN_DOMAIN_SEA', 'MODIFIER_CITY_TRAINED_UNITS_ADJUST_GRANT_EXPERIENCE', '0', '0', 'UNIT_IS_DOMAIN_SEA'),
('MODIFIER_SLTH_BUILDING_SHIPYARD_DOMAIN_SEA_PROD_MULT', 'MODIFIER_CITY_ADJUST_UNIT_DOMAIN_PRODUCTION', '0', '0', NULL),
('MODIFIER_SLTH_BUILDING_SHRINE_OF_THE_CHAMPION_MILITARY_EXPERIENCE', 'MODIFIER_CITY_TRAINED_UNITS_ADJUST_GRANT_EXPERIENCE', '0', '0', NULL),
('MODIFIER_SLTH_BUILDING_SMUGGLERS_PORT_ADJUST_TRADE_ROUTE_CAPACITY', 'MODIFIER_PLAYER_ADJUST_TRADE_ROUTE_CAPACITY', '0', '0', NULL),
('MODIFIER_SLTH_BUILDING_SMUGGLERS_PORT_ADD_GOLDYIELD', 'MODIFIER_SINGLE_CITY_ADJUST_CITY_YIELD_MODIFIER', '0', '0', NULL),
('MODIFIER_SLTH_BUILDING_SONG_OF_AUTUMN_GRANT_MANA_NATURE', 'MODIFIER_FREE_RESOURCE_IN_CAPITAL', '0', '0', NULL),
('MODIFIER_SLTH_BUILDING_SOUL_FORGE_GRANT_MANA_DEATH', 'MODIFIER_FREE_RESOURCE_IN_CAPITAL', '0', '0', NULL),
('MODIFIER_SLTH_BUILDING_SPIDER_PEN_GRANT_SILK', 'MODIFIER_FREE_RESOURCE_IN_CAPITAL', '0', '0', NULL),
('MODIFIER_SLTH_BUILDING_STIGMATA_ON_THE_UNBORN_GRANT_MANA_ENTROPY', 'MODIFIER_FREE_RESOURCE_IN_CAPITAL', '0', '0', NULL),
('MODIFIER_SLTH_BUILDING_STIGMATA_ON_THE_UNBORN_MILITARY_EXPERIENCE', 'MODIFIER_CITY_TRAINED_UNITS_ADJUST_GRANT_EXPERIENCE', '0', '0', NULL),
('MODIFIER_SLTH_BUILDING_SYLIVENS_PERFECT_LYRE_ADD_CULTUREYIELD', 'MODIFIER_SINGLE_CITY_ADJUST_CITY_YIELD_MODIFIER', '0', '0', NULL),
('MODIFIER_SLTH_BUILDING_TABLETS_OF_BAMBUR_GRANT_MANA_EARTH', 'MODIFIER_FREE_RESOURCE_IN_CAPITAL', '0', '0', NULL),
('MODIFIER_SLTH_BUILDING_TAVERN_ADJUST_TRADE_ROUTE_CAPACITY', 'MODIFIER_PLAYER_ADJUST_TRADE_ROUTE_CAPACITY', '0', '0', NULL),
('MODIFIER_SLTH_BUILDING_TAVERN_TRADE_ROUTE_YIELD_MULT', 'trade_route_modifier', '0', '0', NULL),
('MODIFIER_SLTH_BUILDING_TAX_OFFICE_ADD_GOLDYIELD', 'MODIFIER_SINGLE_CITY_ADJUST_CITY_YIELD_MODIFIER', '0', '0', NULL),
('MODIFIER_SLTH_BUILDING_TEMPLE_OF_KILMORPH_ADD_CULTUREYIELD', 'MODIFIER_SINGLE_CITY_ADJUST_CITY_YIELD_MODIFIER', '0', '0', NULL),
('MODIFIER_SLTH_BUILDING_TEMPLE_OF_LEAVES_ADD_CULTUREYIELD', 'MODIFIER_SINGLE_CITY_ADJUST_CITY_YIELD_MODIFIER', '0', '0', NULL),
('MODIFIER_SLTH_BUILDING_TEMPLE_OF_THE_EMPYREAN_ADD_SCIENCEYIELD', 'MODIFIER_SINGLE_CITY_ADJUST_CITY_YIELD_MODIFIER', '0', '0', NULL),
('MODIFIER_SLTH_BUILDING_TEMPLE_OF_THE_ORDER_MILITARY_PRODUCTION', 'MODIFIER_PLAYER_CITIES_ADJUST_MILITARY_UNITS_PRODUCTION', '0', '0', NULL),
('MODIFIER_SLTH_BUILDING_TEMPLE_OF_THE_ORDER_ADD_CULTUREYIELD', 'MODIFIER_SINGLE_CITY_ADJUST_CITY_YIELD_MODIFIER', '0', '0', NULL),
('MODIFIER_SLTH_BUILDING_TEMPLE_OF_THE_OVERLORDS_ADD_CULTUREYIELD', 'MODIFIER_SINGLE_CITY_ADJUST_CITY_YIELD_MODIFIER', '0', '0', NULL),
('MODIFIER_SLTH_BUILDING_TEMPLE_OF_THE_VEIL_ADD_CULTUREYIELD', 'MODIFIER_SINGLE_CITY_ADJUST_CITY_YIELD_MODIFIER', '0', '0', NULL),
('MODIFIER_SLTH_BUILDING_THE_DRAGONS_HORDE_GRANT_GEMS', 'MODIFIER_FREE_RESOURCE_IN_CAPITAL', '0', '0', NULL),
('MODIFIER_SLTH_BUILDING_THE_DRAGONS_HORDE_MILITARY_EXPERIENCE', 'MODIFIER_CITY_TRAINED_UNITS_ADJUST_GRANT_EXPERIENCE', '0', '0', NULL),
('MODIFIER_SLTH_BUILDING_THE_DRAGONS_HORDE_GRANT_GOLD', 'MODIFIER_FREE_RESOURCE_IN_CAPITAL', '0', '0', NULL),
('MODIFIER_SLTH_BUILDING_THE_NECRONOMICON_GRANT_MANA_WATER', 'MODIFIER_FREE_RESOURCE_IN_CAPITAL', '0', '0', NULL),
('MODIFIER_ALL_CITIES_FREE_SLTH_BUILDING_THE_NEXUS', 'MODIFIER_PLAYER_CITIES_ATTACH_MODIFIER', '0', '0', NULL),
('MODIFIER_FREE_SLTH_BUILDING_THE_NEXUS', 'MODIFIER_SINGLE_CITY_GRANT_BUILDING_IN_CITY_IGNORE', '1', '1', NULL),
('MODIFIER_SLTH_BUILDING_THEATRE_OF_DREAMS_ADD_AMENITIES', 'MODIFIER_ALL_CITY_ADJUST_ENTERTAINMENT', '0', '0', NULL),
('MODIFIER_SLTH_BUILDING_TOWER_OF_COMPLACENCY_MILITARY_PRODUCTION', 'MODIFIER_PLAYER_CITIES_ADJUST_MILITARY_UNITS_PRODUCTION', '0', '0', NULL),
('MODIFIER_SLTH_BUILDING_TOWER_OF_DIVINATION_FREE_TECH', 'MODIFIER_PLAYER_GRANT_RANDOM_TECHNOLOGY', '1', '1', NULL),
('MODIFIER_ALL_CITIES_FREE_SLTH_BUILDING_TOWER_OF_EYES', 'MODIFIER_PLAYER_CITIES_ATTACH_MODIFIER', '0', '0', NULL),
('MODIFIER_FREE_SLTH_BUILDING_TOWER_OF_EYES', 'MODIFIER_SINGLE_CITY_GRANT_BUILDING_IN_CITY_IGNORE', '1', '1', NULL),
('MODIFIER_SLTH_BUILDING_TOWER_OF_EYES_MILITARY_EXPERIENCE', 'MODIFIER_CITY_TRAINED_UNITS_ADJUST_GRANT_EXPERIENCE', '0', '0', NULL),
('MODIFIER_SLTH_BUILDING_TOWER_OF_NECROMANCY_GRANT_MANA_DEATH', 'MODIFIER_FREE_RESOURCE_IN_CAPITAL', '0', '0', NULL);
INSERT INTO ModifierArguments(ModifierId, Name, Type, Value) VALUES
('MODIFIER_SLTH_BUILDING_ACADEMY_ADD_SCIENCEYIELD', 'Amount', 'ARGTYPE_IDENTITY', '50'),
('MODIFIER_SLTH_BUILDING_ACADEMY_ADD_SCIENCEYIELD', 'YieldType', 'ARGTYPE_IDENTITY', 'YIELD_SCIENCE'),
('MODIFIER_SLTH_BUILDING_ALCHEMY_LAB_ADD_SCIENCEYIELD', 'Amount', 'ARGTYPE_IDENTITY', '10'),
('MODIFIER_SLTH_BUILDING_ALCHEMY_LAB_ADD_SCIENCEYIELD', 'YieldType', 'ARGTYPE_IDENTITY', 'YIELD_SCIENCE'),
('MODIFIER_SLTH_BUILDING_ALTAR_OF_THE_LUONNOTAR_MILITARY_EXPERIENCE', 'Amount', 'ARGTYPE_IDENTITY', '-1'),
('MODIFIER_SLTH_BUILDING_ALTAR_OF_THE_LUONNOTAR_ANOINTED_MILITARY_EXPERIENCE', 'Amount', 'ARGTYPE_IDENTITY', '-1'),
('MODIFIER_SLTH_BUILDING_ALTAR_OF_THE_LUONNOTAR_BLESSED_MILITARY_EXPERIENCE', 'Amount', 'ARGTYPE_IDENTITY', '-1'),
('MODIFIER_SLTH_BUILDING_ALTAR_OF_THE_LUONNOTAR_BLESSED_ADD_AMENITIES', 'SLTH_BUILDING_ALTAR_OF_THE_LUONNOTAR_BLESSED', 'ARGTYPE_IDENTITY', '1'),
('MODIFIER_SLTH_BUILDING_ALTAR_OF_THE_LUONNOTAR_CONSECRATED_MILITARY_EXPERIENCE', 'Amount', 'ARGTYPE_IDENTITY', '-1'),
('MODIFIER_SLTH_BUILDING_ALTAR_OF_THE_LUONNOTAR_CONSECRATED_ADD_AMENITIES', 'SLTH_BUILDING_ALTAR_OF_THE_LUONNOTAR_CONSECRATED', 'ARGTYPE_IDENTITY', '2'),
('MODIFIER_SLTH_BUILDING_ALTAR_OF_THE_LUONNOTAR_DIVINE_MILITARY_EXPERIENCE', 'Amount', 'ARGTYPE_IDENTITY', '-1'),
('MODIFIER_SLTH_BUILDING_ALTAR_OF_THE_LUONNOTAR_DIVINE_ADD_AMENITIES', 'SLTH_BUILDING_ALTAR_OF_THE_LUONNOTAR_DIVINE', 'ARGTYPE_IDENTITY', '2'),
('MODIFIER_SLTH_BUILDING_ALTAR_OF_THE_LUONNOTAR_EXALTED_MILITARY_EXPERIENCE', 'Amount', 'ARGTYPE_IDENTITY', '-1'),
('MODIFIER_SLTH_BUILDING_ALTAR_OF_THE_LUONNOTAR_EXALTED_ADD_AMENITIES', 'SLTH_BUILDING_ALTAR_OF_THE_LUONNOTAR_EXALTED', 'ARGTYPE_IDENTITY', '3'),
('MODIFIER_SLTH_BUILDING_ALTAR_OF_THE_LUONNOTAR_FINAL_MILITARY_EXPERIENCE', 'Amount', 'ARGTYPE_IDENTITY', '-1'),
('MODIFIER_SLTH_BUILDING_ALTAR_OF_THE_LUONNOTAR_FINAL_ADD_AMENITIES', 'SLTH_BUILDING_ALTAR_OF_THE_LUONNOTAR_FINAL', 'ARGTYPE_IDENTITY', '3'),
('MODIFIER_SLTH_BUILDING_AQUAE_SUCELLUS_ADJUST_HOUSING', 'Amount', 'ARGTYPE_IDENTITY', '1'),
('MODIFIER_SLTH_BUILDING_ASYLUM_ADJUST_WAR_WEARINESS', 'Amount', 'ARGTYPE_IDENTITY', '-25'),
('MODIFIER_SLTH_BUILDING_ASYLUM_ADJUST_WAR_WEARINESS', 'Overall', 'ARGTYPE_IDENTITY', '1'),
('MODIFIER_SLTH_BUILDING_ASYLUM_ADD_SCIENCEYIELD', 'Amount', 'ARGTYPE_IDENTITY', '15'),
('MODIFIER_SLTH_BUILDING_ASYLUM_ADD_SCIENCEYIELD', 'YieldType', 'ARGTYPE_IDENTITY', 'YIELD_SCIENCE'),
('MODIFIER_SLTH_BUILDING_BAZAAR_OF_MAMMON_ADD_GOLDYIELD', 'Amount', 'ARGTYPE_IDENTITY', '100'),
('MODIFIER_SLTH_BUILDING_BAZAAR_OF_MAMMON_ADD_GOLDYIELD', 'YieldType', 'ARGTYPE_IDENTITY', 'YIELD_GOLD'),
('MODIFIER_SLTH_BUILDING_BREWERY_GRANT_ALE', 'Amount', 'ARGTYPE_IDENTITY', '2'),
('MODIFIER_SLTH_BUILDING_BREWERY_GRANT_ALE', 'ResourceType', 'ARGTYPE_IDENTITY', 'RESOURCE_ALE'),
('MODIFIER_SLTH_BUILDING_CARNIVAL_ADD_CULTUREYIELD', 'Amount', 'ARGTYPE_IDENTITY', '20'),
('MODIFIER_SLTH_BUILDING_CARNIVAL_ADD_CULTUREYIELD', 'YieldType', 'ARGTYPE_IDENTITY', 'YIELD_CULTURE'),
('MODIFIER_ALL_CITIES_FREE_SLTH_BUILDING_CATACOMB_LIBRALUS', 'ModifierId', 'ARGTYPE_IDENTITY', 'MODIFIER_FREE_SLTH_BUILDING_CATACOMB_LIBRALUS'),
('MODIFIER_FREE_SLTH_BUILDING_CATACOMB_LIBRALUS', 'BuildingType', 'ARGTYPE_IDENTITY', 'SLTH_BUILDING_MAGE_GUILD'),
('MODIFIER_SLTH_BUILDING_CELESTIAL_COMPASS_PROJECT_PROD_MULT', 'Amount', 'ARGTYPE_IDENTITY', '50'),
('MODIFIER_MILITARY_EXPERIENCE_DOMAIN_DOMAIN_LAND', 'Amount', 'ARGTYPE_IDENTITY', '-1'),
('MODIFIER_SLTH_BUILDING_CODE_OF_JUNIL_GRANT_MANA_LAW', 'Amount', 'ARGTYPE_IDENTITY', '1'),
('MODIFIER_SLTH_BUILDING_CODE_OF_JUNIL_GRANT_MANA_LAW', 'ResourceType', 'ARGTYPE_IDENTITY', 'RESOURCE_MANA_LAW'),
('MODIFIER_SLTH_BUILDING_COMMAND_POST_MILITARY_PRODUCTION', 'Amount', 'ARGTYPE_IDENTITY', '20'),
('MODIFIER_SLTH_BUILDING_GOVERNORS_MANOR_ADJUST_WAR_WEARINESS', 'Amount', 'ARGTYPE_IDENTITY', '-25'),
('MODIFIER_SLTH_BUILDING_GOVERNORS_MANOR_ADJUST_WAR_WEARINESS', 'Overall', 'ARGTYPE_IDENTITY', '1'),
('MODIFIER_SLTH_BUILDING_CROWN_OF_AKHARIEN_ADD_SCIENCEYIELD', 'Amount', 'ARGTYPE_IDENTITY', '100'),
('MODIFIER_SLTH_BUILDING_CROWN_OF_AKHARIEN_ADD_SCIENCEYIELD', 'YieldType', 'ARGTYPE_IDENTITY', 'YIELD_SCIENCE'),
('MODIFIER_SLTH_BUILDING_DEMONS_ALTAR_MILITARY_EXPERIENCE', 'Amount', 'ARGTYPE_IDENTITY', '-1'),
('MODIFIER_SLTH_BUILDING_DIES_DIEI_GRANT_MANA_SUN', 'Amount', 'ARGTYPE_IDENTITY', '1'),
('MODIFIER_SLTH_BUILDING_DIES_DIEI_GRANT_MANA_SUN', 'ResourceType', 'ARGTYPE_IDENTITY', 'RESOURCE_MANA_SUN'),
('MODIFIER_SLTH_BUILDING_DIES_DIEI_MILITARY_EXPERIENCE', 'Amount', 'ARGTYPE_IDENTITY', '-1'),
('MODIFIER_SLTH_BUILDING_DUNGEON_ADJUST_WAR_WEARINESS', 'Amount', 'ARGTYPE_IDENTITY', '-25'),
('MODIFIER_SLTH_BUILDING_DUNGEON_ADJUST_WAR_WEARINESS', 'Overall', 'ARGTYPE_IDENTITY', '1'),
('MODIFIER_SLTH_BUILDING_FORGE_ADD_PRODUCTIONYIELD', 'Amount', 'ARGTYPE_IDENTITY', '25'),
('MODIFIER_SLTH_BUILDING_FORGE_ADD_PRODUCTIONYIELD', 'YieldType', 'ARGTYPE_IDENTITY', 'YIELD_PRODUCTION'),
('MODIFIER_SLTH_BUILDING_FORM_OF_THE_TITAN_MILITARY_EXPERIENCE', 'Amount', 'ARGTYPE_IDENTITY', '-1'),
('MODIFIER_ALL_CITIES_FREE_SLTH_BUILDING_GRAND_MENAGERIE', 'ModifierId', 'ARGTYPE_IDENTITY', 'MODIFIER_FREE_SLTH_BUILDING_GRAND_MENAGERIE'),
('MODIFIER_FREE_SLTH_BUILDING_GRAND_MENAGERIE', 'BuildingType', 'ARGTYPE_IDENTITY', 'SLTH_BUILDING_CARNIVAL'),
('MODIFIER_SLTH_BUILDING_GRAND_MENAGERIE_ADD_AMENITIES', 'SLTH_BUILDING_GRAND_MENAGERIE', 'ARGTYPE_IDENTITY', '2'),
('MODIFIER_SLTH_BUILDING_GRAND_MENAGERIE_ADD_CULTUREYIELD', 'Amount', 'ARGTYPE_IDENTITY', '20'),
('MODIFIER_SLTH_BUILDING_GRAND_MENAGERIE_ADD_CULTUREYIELD', 'YieldType', 'ARGTYPE_IDENTITY', 'YIELD_CULTURE'),
('MODIFIER_SLTH_BUILDING_GREAT_LIGHTHOUSE_ADJUST_TRADE_ROUTE_CAPACITY_COASTAL_PER_CITY', 'Amount', 'ARGTYPE_IDENTITY', '2'),
('MODIFIER_SLTH_BUILDING_GREAT_LIGHTHOUSE_ADJUST_TRADE_ROUTE_CAPACITY_COASTAL', 'ModifierId', 'ARGTYPE_IDENTITY', 'MODIFIER_SLTH_BUILDING_GREAT_LIGHTHOUSE_ADJUST_TRADE_ROUTE_CAPACITY_COASTAL_PER_CITY'),
('MODIFIER_ALL_CITIES_FREE_SLTH_BUILDING_GUILD_OF_HAMMERS', 'ModifierId', 'ARGTYPE_IDENTITY', 'MODIFIER_FREE_SLTH_BUILDING_GUILD_OF_HAMMERS'),
('MODIFIER_FREE_SLTH_BUILDING_GUILD_OF_HAMMERS', 'BuildingType', 'ARGTYPE_IDENTITY', 'SLTH_BUILDING_FORGE'),
('MODIFIER_SLTH_BUILDING_HERON_THRONE_PLOT_YIELD_CHANGE_PRODUCTION', 'YieldType', 'ARGTYPE_IDENTITY', 'YIELD_PRODUCTION'),
('MODIFIER_SLTH_BUILDING_HERON_THRONE_PLOT_YIELD_CHANGE_PRODUCTION', 'Amount', 'ARGTYPE_IDENTITY', '1'),
('MODIFIER_SLTH_BUILDING_HARBOR_TRADE_ROUTE_YIELD_MULT', 'YIELD_PRODUCTION, YIELD_FOOD, YIELD_SCIENCE, YIELD_CULTURE, YIELD_GOLD, YIELD_FAITH', 'YieldType', 'YIELD_PRODUCTION, YIELD_FOOD, YIELD_SCIENCE, YIELD_CULTURE, YIELD_GOLD, YIELD_FAITH'),
('MODIFIER_SLTH_BUILDING_HARBOR_TRADE_ROUTE_YIELD_MULT', '50, 50, 50, 50, 50, 50', 'Amount', '50, 50, 50, 50, 50, 50'),
('MODIFIER_SLTH_BUILDING_HEROIC_EPIC_MILITARY_PRODUCTION', 'Amount', 'ARGTYPE_IDENTITY', '100'),
('MODIFIER_SLTH_BUILDING_HOPE_MILITARY_EXPERIENCE', 'Amount', 'ARGTYPE_IDENTITY', '-1'),
('MODIFIER_SLTH_BUILDING_INFERNAL_GRIMOIRE_FREE_TECH', 'Amount', 'ARGTYPE_IDENTITY', '1'),
('MODIFIER_SLTH_BUILDING_INN_ADJUST_TRADE_ROUTE_CAPACITY', 'Amount', 'ARGTYPE_IDENTITY', '1'),
('MODIFIER_SLTH_BUILDING_INN_TRADE_ROUTE_YIELD_MULT', 'YIELD_PRODUCTION, YIELD_FOOD, YIELD_SCIENCE, YIELD_CULTURE, YIELD_GOLD, YIELD_FAITH', 'YieldType', 'YIELD_PRODUCTION, YIELD_FOOD, YIELD_SCIENCE, YIELD_CULTURE, YIELD_GOLD, YIELD_FAITH'),
('MODIFIER_SLTH_BUILDING_INN_TRADE_ROUTE_YIELD_MULT', '25, 25, 25, 25, 25, 25', 'Amount', '25, 25, 25, 25, 25, 25'),
('MODIFIER_SLTH_BUILDING_LIBRARY_ADD_SCIENCEYIELD', 'Amount', 'ARGTYPE_IDENTITY', '25'),
('MODIFIER_SLTH_BUILDING_LIBRARY_ADD_SCIENCEYIELD', 'YieldType', 'ARGTYPE_IDENTITY', 'YIELD_SCIENCE'),
('MODIFIER_SLTH_BUILDING_LIGHTHOUSE_ADJUST_TRADE_ROUTE_CAPACITY', 'Amount', 'ARGTYPE_IDENTITY', '1'),
('MODIFIER_SLTH_BUILDING_LIGHTHOUSE_PLOT_YIELD_CHANGE_FOOD', 'YieldType', 'ARGTYPE_IDENTITY', 'YIELD_FOOD'),
('MODIFIER_SLTH_BUILDING_LIGHTHOUSE_PLOT_YIELD_CHANGE_FOOD', 'Amount', 'ARGTYPE_IDENTITY', '1'),
('MODIFIER_SLTH_BUILDING_MERCURIAN_GATE_ADJUST_WAR_WEARINESS', 'Amount', 'ARGTYPE_IDENTITY', '-100'),
('MODIFIER_SLTH_BUILDING_MERCURIAN_GATE_ADJUST_WAR_WEARINESS', 'Overall', 'ARGTYPE_IDENTITY', '1'),
('MODIFIER_SLTH_BUILDING_MINES_OF_GALDUR_GRANT_IRON', 'Amount', 'ARGTYPE_IDENTITY', '3'),
('MODIFIER_SLTH_BUILDING_MINES_OF_GALDUR_GRANT_IRON', 'ResourceType', 'ARGTYPE_IDENTITY', 'RESOURCE_IRON'),
('MODIFIER_SLTH_BUILDING_MONEYCHANGER_ADD_GOLDYIELD', 'Amount', 'ARGTYPE_IDENTITY', '25'),
('MODIFIER_SLTH_BUILDING_MONEYCHANGER_ADD_GOLDYIELD', 'YieldType', 'ARGTYPE_IDENTITY', 'YIELD_GOLD'),
('MODIFIER_NATIONAL_EPIC_INCREASE_GPP_MULT', 'Amount', 'ARGTYPE_IDENTITY', '100'),
('MODIFIER_SLTH_BUILDING_NOX_NOCTIS_GRANT_MANA_SHADOW', 'Amount', 'ARGTYPE_IDENTITY', '1'),
('MODIFIER_SLTH_BUILDING_NOX_NOCTIS_GRANT_MANA_SHADOW', 'ResourceType', 'ARGTYPE_IDENTITY', 'RESOURCE_MANA_SHADOW'),
('MODIFIER_SLTH_BUILDING_NOX_NOCTIS_MILITARY_EXPERIENCE', 'Amount', 'ARGTYPE_IDENTITY', '-1'),
('MODIFIER_SLTH_BUILDING_OBSIDIAN_GATE_ADJUST_TRADE_ROUTE_CAPACITY', 'Amount', 'ARGTYPE_IDENTITY', '1'),
('MODIFIER_SLTH_BUILDING_PAGAN_TEMPLE_ADD_CULTUREYIELD', 'Amount', 'ARGTYPE_IDENTITY', '10'),
('MODIFIER_SLTH_BUILDING_PAGAN_TEMPLE_ADD_CULTUREYIELD', 'YieldType', 'ARGTYPE_IDENTITY', 'YIELD_CULTURE'),
('MODIFIER_SLTH_BUILDING_PILLAR_OF_CHAINS_ADJUST_WAR_WEARINESS', 'Amount', 'ARGTYPE_IDENTITY', '-10'),
('MODIFIER_SLTH_BUILDING_PILLAR_OF_CHAINS_ADJUST_WAR_WEARINESS', 'Overall', 'ARGTYPE_IDENTITY', '1'),
('MODIFIER_SLTH_BUILDING_PROPHECY_OF_RAGNAROK_MILITARY_EXPERIENCE', 'Amount', 'ARGTYPE_IDENTITY', '-1'),
('MODIFIER_SLTH_BUILDING_RIDE_OF_THE_NINE_KINGS_MILITARY_EXPERIENCE', 'Amount', 'ARGTYPE_IDENTITY', '-1'),
('MODIFIER_MILITARY_EXPERIENCE_DOMAIN_DOMAIN_SEA', 'Amount', 'ARGTYPE_IDENTITY', '-1'),
('MODIFIER_SLTH_BUILDING_SHIPYARD_DOMAIN_SEA_PROD_MULT', 'Domain', 'ARGTYPE_IDENTITY', 'DOMAIN_SEA'),
('MODIFIER_SLTH_BUILDING_SHIPYARD_DOMAIN_SEA_PROD_MULT', 'Amount', 'ARGTYPE_IDENTITY', '25'),
('MODIFIER_SLTH_BUILDING_SHRINE_OF_THE_CHAMPION_MILITARY_EXPERIENCE', 'Amount', 'ARGTYPE_IDENTITY', '-1'),
('MODIFIER_SLTH_BUILDING_SMUGGLERS_PORT_ADJUST_TRADE_ROUTE_CAPACITY', 'Amount', 'ARGTYPE_IDENTITY', '1'),
('MODIFIER_SLTH_BUILDING_SMUGGLERS_PORT_ADD_GOLDYIELD', 'Amount', 'ARGTYPE_IDENTITY', '25'),
('MODIFIER_SLTH_BUILDING_SMUGGLERS_PORT_ADD_GOLDYIELD', 'YieldType', 'ARGTYPE_IDENTITY', 'YIELD_GOLD'),
('MODIFIER_SLTH_BUILDING_SONG_OF_AUTUMN_GRANT_MANA_NATURE', 'Amount', 'ARGTYPE_IDENTITY', '1'),
('MODIFIER_SLTH_BUILDING_SONG_OF_AUTUMN_GRANT_MANA_NATURE', 'ResourceType', 'ARGTYPE_IDENTITY', 'RESOURCE_MANA_NATURE'),
('MODIFIER_SLTH_BUILDING_SOUL_FORGE_GRANT_MANA_DEATH', 'Amount', 'ARGTYPE_IDENTITY', '1'),
('MODIFIER_SLTH_BUILDING_SOUL_FORGE_GRANT_MANA_DEATH', 'ResourceType', 'ARGTYPE_IDENTITY', 'RESOURCE_MANA_DEATH'),
('MODIFIER_SLTH_BUILDING_SPIDER_PEN_GRANT_SILK', 'Amount', 'ARGTYPE_IDENTITY', '1'),
('MODIFIER_SLTH_BUILDING_SPIDER_PEN_GRANT_SILK', 'ResourceType', 'ARGTYPE_IDENTITY', 'RESOURCE_SILK'),
('MODIFIER_SLTH_BUILDING_STIGMATA_ON_THE_UNBORN_GRANT_MANA_ENTROPY', 'Amount', 'ARGTYPE_IDENTITY', '1'),
('MODIFIER_SLTH_BUILDING_STIGMATA_ON_THE_UNBORN_GRANT_MANA_ENTROPY', 'ResourceType', 'ARGTYPE_IDENTITY', 'RESOURCE_MANA_ENTROPY'),
('MODIFIER_SLTH_BUILDING_STIGMATA_ON_THE_UNBORN_MILITARY_EXPERIENCE', 'Amount', 'ARGTYPE_IDENTITY', '-1'),
('MODIFIER_SLTH_BUILDING_SYLIVENS_PERFECT_LYRE_ADD_CULTUREYIELD', 'Amount', 'ARGTYPE_IDENTITY', '100'),
('MODIFIER_SLTH_BUILDING_SYLIVENS_PERFECT_LYRE_ADD_CULTUREYIELD', 'YieldType', 'ARGTYPE_IDENTITY', 'YIELD_CULTURE'),
('MODIFIER_SLTH_BUILDING_TABLETS_OF_BAMBUR_GRANT_MANA_EARTH', 'Amount', 'ARGTYPE_IDENTITY', '1'),
('MODIFIER_SLTH_BUILDING_TABLETS_OF_BAMBUR_GRANT_MANA_EARTH', 'ResourceType', 'ARGTYPE_IDENTITY', 'RESOURCE_MANA_EARTH'),
('MODIFIER_SLTH_BUILDING_TAVERN_ADJUST_TRADE_ROUTE_CAPACITY', 'Amount', 'ARGTYPE_IDENTITY', '1'),
('MODIFIER_SLTH_BUILDING_TAVERN_TRADE_ROUTE_YIELD_MULT', 'YIELD_PRODUCTION, YIELD_FOOD, YIELD_SCIENCE, YIELD_CULTURE, YIELD_GOLD, YIELD_FAITH', 'YieldType', 'YIELD_PRODUCTION, YIELD_FOOD, YIELD_SCIENCE, YIELD_CULTURE, YIELD_GOLD, YIELD_FAITH'),
('MODIFIER_SLTH_BUILDING_TAVERN_TRADE_ROUTE_YIELD_MULT', '25, 25, 25, 25, 25, 25', 'Amount', '25, 25, 25, 25, 25, 25'),
('MODIFIER_SLTH_BUILDING_TAX_OFFICE_ADD_GOLDYIELD', 'Amount', 'ARGTYPE_IDENTITY', '25'),
('MODIFIER_SLTH_BUILDING_TAX_OFFICE_ADD_GOLDYIELD', 'YieldType', 'ARGTYPE_IDENTITY', 'YIELD_GOLD'),
('MODIFIER_SLTH_BUILDING_TEMPLE_OF_KILMORPH_ADD_CULTUREYIELD', 'Amount', 'ARGTYPE_IDENTITY', '20'),
('MODIFIER_SLTH_BUILDING_TEMPLE_OF_KILMORPH_ADD_CULTUREYIELD', 'YieldType', 'ARGTYPE_IDENTITY', 'YIELD_CULTURE'),
('MODIFIER_SLTH_BUILDING_TEMPLE_OF_LEAVES_ADD_CULTUREYIELD', 'Amount', 'ARGTYPE_IDENTITY', '20'),
('MODIFIER_SLTH_BUILDING_TEMPLE_OF_LEAVES_ADD_CULTUREYIELD', 'YieldType', 'ARGTYPE_IDENTITY', 'YIELD_CULTURE'),
('MODIFIER_SLTH_BUILDING_TEMPLE_OF_THE_EMPYREAN_ADD_SCIENCEYIELD', 'Amount', 'ARGTYPE_IDENTITY', '10'),
('MODIFIER_SLTH_BUILDING_TEMPLE_OF_THE_EMPYREAN_ADD_SCIENCEYIELD', 'YieldType', 'ARGTYPE_IDENTITY', 'YIELD_SCIENCE'),
('MODIFIER_SLTH_BUILDING_TEMPLE_OF_THE_ORDER_MILITARY_PRODUCTION', 'Amount', 'ARGTYPE_IDENTITY', '10'),
('MODIFIER_SLTH_BUILDING_TEMPLE_OF_THE_ORDER_ADD_CULTUREYIELD', 'Amount', 'ARGTYPE_IDENTITY', '20'),
('MODIFIER_SLTH_BUILDING_TEMPLE_OF_THE_ORDER_ADD_CULTUREYIELD', 'YieldType', 'ARGTYPE_IDENTITY', 'YIELD_CULTURE'),
('MODIFIER_SLTH_BUILDING_TEMPLE_OF_THE_OVERLORDS_ADD_CULTUREYIELD', 'Amount', 'ARGTYPE_IDENTITY', '20'),
('MODIFIER_SLTH_BUILDING_TEMPLE_OF_THE_OVERLORDS_ADD_CULTUREYIELD', 'YieldType', 'ARGTYPE_IDENTITY', 'YIELD_CULTURE'),
('MODIFIER_SLTH_BUILDING_TEMPLE_OF_THE_VEIL_ADD_CULTUREYIELD', 'Amount', 'ARGTYPE_IDENTITY', '20'),
('MODIFIER_SLTH_BUILDING_TEMPLE_OF_THE_VEIL_ADD_CULTUREYIELD', 'YieldType', 'ARGTYPE_IDENTITY', 'YIELD_CULTURE'),
('MODIFIER_SLTH_BUILDING_THE_DRAGONS_HORDE_GRANT_GEMS', 'Amount', 'ARGTYPE_IDENTITY', '1'),
('MODIFIER_SLTH_BUILDING_THE_DRAGONS_HORDE_GRANT_GEMS', 'ResourceType', 'ARGTYPE_IDENTITY', 'RESOURCE_GEMS'),
('MODIFIER_SLTH_BUILDING_THE_DRAGONS_HORDE_MILITARY_EXPERIENCE', 'Amount', 'ARGTYPE_IDENTITY', '-1'),
('MODIFIER_SLTH_BUILDING_THE_DRAGONS_HORDE_GRANT_GOLD', 'Amount', 'ARGTYPE_IDENTITY', '1'),
('MODIFIER_SLTH_BUILDING_THE_DRAGONS_HORDE_GRANT_GOLD', 'ResourceType', 'ARGTYPE_IDENTITY', 'RESOURCE_GOLD'),
('MODIFIER_SLTH_BUILDING_THE_NECRONOMICON_GRANT_MANA_WATER', 'Amount', 'ARGTYPE_IDENTITY', '1'),
('MODIFIER_SLTH_BUILDING_THE_NECRONOMICON_GRANT_MANA_WATER', 'ResourceType', 'ARGTYPE_IDENTITY', 'RESOURCE_MANA_WATER'),
('MODIFIER_ALL_CITIES_FREE_SLTH_BUILDING_THE_NEXUS', 'ModifierId', 'ARGTYPE_IDENTITY', 'MODIFIER_FREE_SLTH_BUILDING_THE_NEXUS'),
('MODIFIER_FREE_SLTH_BUILDING_THE_NEXUS', 'BuildingType', 'ARGTYPE_IDENTITY', 'SLTH_BUILDING_OBSIDIAN_GATE'),
('MODIFIER_SLTH_BUILDING_THEATRE_OF_DREAMS_ADD_AMENITIES', 'SLTH_BUILDING_THEATRE_OF_DREAMS', 'ARGTYPE_IDENTITY', '1'),
('MODIFIER_SLTH_BUILDING_TOWER_OF_COMPLACENCY_MILITARY_PRODUCTION', 'Amount', 'ARGTYPE_IDENTITY', '-10'),
('MODIFIER_SLTH_BUILDING_TOWER_OF_DIVINATION_FREE_TECH', 'Amount', 'ARGTYPE_IDENTITY', '1'),
('MODIFIER_ALL_CITIES_FREE_SLTH_BUILDING_TOWER_OF_EYES', 'ModifierId', 'ARGTYPE_IDENTITY', 'MODIFIER_FREE_SLTH_BUILDING_TOWER_OF_EYES'),
('MODIFIER_FREE_SLTH_BUILDING_TOWER_OF_EYES', 'BuildingType', 'ARGTYPE_IDENTITY', 'SLTH_BUILDING_DUNGEON'),
('MODIFIER_SLTH_BUILDING_TOWER_OF_EYES_MILITARY_EXPERIENCE', 'Amount', 'ARGTYPE_IDENTITY', '-1'),
('MODIFIER_SLTH_BUILDING_TOWER_OF_NECROMANCY_GRANT_MANA_DEATH', 'Amount', 'ARGTYPE_IDENTITY', '1'),
('MODIFIER_SLTH_BUILDING_TOWER_OF_NECROMANCY_GRANT_MANA_DEATH', 'ResourceType', 'ARGTYPE_IDENTITY', 'RESOURCE_MANA_DEATH');
INSERT INTO Requirements(RequirementId, RequirementType) VALUES
('REQUIRES_UNIT_IS_DOMAIN_SEA', 'REQUIREMENT_UNIT_PROMOTION_CLASS_MATCHES');
INSERT INTO RequirementArguments(RequirementId, Name, Value) VALUES
('REQUIRES_UNIT_IS_DOMAIN_SEA', 'REQUIREMENT_UNIT_PROMOTION_CLASS_MATCHES', '1');
INSERT INTO RequirementSetRequirements(RequirementSetId, RequirementId) VALUES
('UNIT_IS_DOMAIN_SEA', 'REQUIRES_UNIT_IS_DOMAIN_SEA');
INSERT INTO RequirementSets(RequirementSetId, RequirementSetType) VALUES
('UNIT_IS_DOMAIN_SEA', 'REQUIREMENTSET_TEST_ALL');
INSERT INTO Types(Type, Kind) VALUES
('SLTH_BUILDING_ACADEMY', 'KIND_BUILDING'),
('SLTH_BUILDING_ALCHEMY_LAB', 'KIND_BUILDING'),
('SLTH_BUILDING_ALTAR_OF_THE_LUONNOTAR', 'KIND_BUILDING'),
('SLTH_BUILDING_ALTAR_OF_THE_LUONNOTAR_ANOINTED', 'KIND_BUILDING'),
('SLTH_BUILDING_ALTAR_OF_THE_LUONNOTAR_BLESSED', 'KIND_BUILDING'),
('SLTH_BUILDING_ALTAR_OF_THE_LUONNOTAR_CONSECRATED', 'KIND_BUILDING'),
('SLTH_BUILDING_ALTAR_OF_THE_LUONNOTAR_DIVINE', 'KIND_BUILDING'),
('SLTH_BUILDING_ALTAR_OF_THE_LUONNOTAR_EXALTED', 'KIND_BUILDING'),
('SLTH_BUILDING_ALTAR_OF_THE_LUONNOTAR_FINAL', 'KIND_BUILDING'),
('SLTH_BUILDING_AQUAE_SUCELLUS', 'KIND_BUILDING'),
('SLTH_BUILDING_AQUEDUCT', 'KIND_BUILDING'),
('SLTH_BUILDING_ARCHERY_RANGE', 'KIND_BUILDING'),
('SLTH_BUILDING_ASYLUM', 'KIND_BUILDING'),
('SLTH_BUILDING_BASILICA', 'KIND_BUILDING'),
('SLTH_BUILDING_BAZAAR_OF_MAMMON', 'KIND_BUILDING'),
('SLTH_BUILDING_BONE_PALACE', 'KIND_BUILDING'),
('SLTH_BUILDING_BREWERY', 'KIND_BUILDING'),
('SLTH_BUILDING_CARNIVAL', 'KIND_BUILDING'),
('SLTH_BUILDING_CATACOMB_LIBRALUS', 'KIND_BUILDING'),
('SLTH_BUILDING_CELESTIAL_COMPASS', 'KIND_BUILDING'),
('SLTH_BUILDING_CITY_OF_A_THOUSAND_SLUMS', 'KIND_BUILDING'),
('SLTH_BUILDING_BREEDING_PIT', 'KIND_BUILDING'),
('SLTH_BUILDING_PLANAR_GATE', 'KIND_BUILDING'),
('SLTH_BUILDING_CODE_OF_JUNIL', 'KIND_BUILDING'),
('SLTH_BUILDING_COMMAND_POST', 'KIND_BUILDING'),
('SLTH_BUILDING_COURTHOUSE', 'KIND_BUILDING'),
('SLTH_BUILDING_GOVERNORS_MANOR', 'KIND_BUILDING'),
('SLTH_BUILDING_CROWN_OF_AKHARIEN', 'KIND_BUILDING'),
('SLTH_BUILDING_DANCING_BEAR', 'KIND_BUILDING'),
('SLTH_BUILDING_DEMONIC_CITIZENS', 'KIND_BUILDING'),
('SLTH_BUILDING_DEMONS_ALTAR', 'KIND_BUILDING'),
('SLTH_BUILDING_DIES_DIEI', 'KIND_BUILDING'),
('SLTH_BUILDING_DUNGEON', 'KIND_BUILDING'),
('SLTH_BUILDING_ELDER_COUNCIL', 'KIND_BUILDING'),
('SLTH_BUILDING_EYES_AND_EARS_NETWORK', 'KIND_BUILDING'),
('SLTH_BUILDING_FORBIDDEN_PALACE', 'KIND_BUILDING'),
('SLTH_BUILDING_FORGE', 'KIND_BUILDING'),
('SLTH_BUILDING_FORM_OF_THE_TITAN', 'KIND_BUILDING'),
('SLTH_BUILDING_GAMBLING_HOUSE', 'KIND_BUILDING'),
('SLTH_BUILDING_GORILLA_CAGE', 'KIND_BUILDING'),
('SLTH_BUILDING_GRANARY', 'KIND_BUILDING'),
('SLTH_BUILDING_GRAND_MENAGERIE', 'KIND_BUILDING'),
('SLTH_BUILDING_GREAT_LIBRARY', 'KIND_BUILDING'),
('SLTH_BUILDING_GREAT_LIGHTHOUSE', 'KIND_BUILDING'),
('SLTH_BUILDING_GROVE', 'KIND_BUILDING'),
('SLTH_BUILDING_GUILD_OF_HAMMERS', 'KIND_BUILDING'),
('SLTH_BUILDING_GUILD_OF_THE_NINE', 'KIND_BUILDING'),
('SLTH_BUILDING_HERON_THRONE', 'KIND_BUILDING'),
('SLTH_BUILDING_HALL_OF_KINGS', 'KIND_BUILDING'),
('SLTH_BUILDING_HARBOR', 'KIND_BUILDING'),
('SLTH_BUILDING_HERBALIST', 'KIND_BUILDING'),
('SLTH_BUILDING_HEROIC_EPIC', 'KIND_BUILDING'),
('SLTH_BUILDING_HOPE', 'KIND_BUILDING'),
('SLTH_BUILDING_HUNTING_LODGE', 'KIND_BUILDING'),
('SLTH_BUILDING_INFERNAL_GRIMOIRE', 'KIND_BUILDING'),
('SLTH_BUILDING_INFIRMARY', 'KIND_BUILDING'),
('SLTH_BUILDING_INN', 'KIND_BUILDING'),
('SLTH_BUILDING_INSPIRATION', 'KIND_BUILDING'),
('SLTH_BUILDING_LIBRARY', 'KIND_BUILDING'),
('SLTH_BUILDING_LIGHTHOUSE', 'KIND_BUILDING'),
('SLTH_BUILDING_LION_CAGE', 'KIND_BUILDING'),
('SLTH_BUILDING_MAGE_GUILD', 'KIND_BUILDING'),
('SLTH_BUILDING_MARKET', 'KIND_BUILDING'),
('SLTH_BUILDING_MERCURIAN_GATE', 'KIND_BUILDING'),
('SLTH_BUILDING_MINES_OF_GALDUR', 'KIND_BUILDING'),
('SLTH_BUILDING_MOKKAS_CAULDRON', 'KIND_BUILDING'),
('SLTH_BUILDING_MONEYCHANGER', 'KIND_BUILDING'),
('SLTH_BUILDING_NATIONAL_EPIC', 'KIND_BUILDING'),
('SLTH_BUILDING_NOX_NOCTIS', 'KIND_BUILDING'),
('SLTH_BUILDING_MONUMENT', 'KIND_BUILDING'),
('SLTH_BUILDING_OBSIDIAN_GATE', 'KIND_BUILDING'),
('SLTH_BUILDING_PAGAN_TEMPLE', 'KIND_BUILDING'),
('SLTH_BUILDING_PALISADE', 'KIND_BUILDING'),
('SLTH_BUILDING_PILLAR_OF_CHAINS', 'KIND_BUILDING'),
('SLTH_BUILDING_PROPHECY_OF_RAGNAROK', 'KIND_BUILDING'),
('SLTH_BUILDING_PUBLIC_BATHS', 'KIND_BUILDING'),
('SLTH_BUILDING_RIDE_OF_THE_NINE_KINGS', 'KIND_BUILDING'),
('SLTH_BUILDING_SHIPYARD', 'KIND_BUILDING'),
('SLTH_BUILDING_SHRINE_OF_SIRONA', 'KIND_BUILDING'),
('SLTH_BUILDING_SHRINE_OF_THE_CHAMPION', 'KIND_BUILDING'),
('SLTH_BUILDING_SIEGE_WORKSHOP', 'KIND_BUILDING'),
('SLTH_BUILDING_SMOKEHOUSE', 'KIND_BUILDING'),
('SLTH_BUILDING_SMUGGLERS_PORT', 'KIND_BUILDING'),
('SLTH_BUILDING_SONG_OF_AUTUMN', 'KIND_BUILDING'),
('SLTH_BUILDING_SOUL_FORGE', 'KIND_BUILDING'),
('SLTH_BUILDING_SPIDER_PEN', 'KIND_BUILDING'),
('SLTH_BUILDING_STABLE', 'KIND_BUILDING'),
('SLTH_BUILDING_STIGMATA_ON_THE_UNBORN', 'KIND_BUILDING'),
('SLTH_BUILDING_SYLIVENS_PERFECT_LYRE', 'KIND_BUILDING'),
('SLTH_BUILDING_TABLETS_OF_BAMBUR', 'KIND_BUILDING'),
('SLTH_BUILDING_TAVERN', 'KIND_BUILDING'),
('SLTH_BUILDING_TAX_OFFICE', 'KIND_BUILDING'),
('SLTH_BUILDING_TEMPLE_OF_KILMORPH', 'KIND_BUILDING'),
('SLTH_BUILDING_TEMPLE_OF_LEAVES', 'KIND_BUILDING'),
('SLTH_BUILDING_TEMPLE_OF_TEMPORENCE', 'KIND_BUILDING'),
('SLTH_BUILDING_TEMPLE_OF_THE_EMPYREAN', 'KIND_BUILDING'),
('SLTH_BUILDING_TEMPLE_OF_THE_ORDER', 'KIND_BUILDING'),
('SLTH_BUILDING_TEMPLE_OF_THE_OVERLORDS', 'KIND_BUILDING'),
('SLTH_BUILDING_TEMPLE_OF_THE_VEIL', 'KIND_BUILDING'),
('SLTH_BUILDING_THE_DRAGONS_HORDE', 'KIND_BUILDING'),
('SLTH_BUILDING_THE_NECRONOMICON', 'KIND_BUILDING'),
('SLTH_BUILDING_THE_NEXUS', 'KIND_BUILDING'),
('SLTH_BUILDING_THEATRE', 'KIND_BUILDING'),
('SLTH_BUILDING_THEATRE_OF_DREAMS', 'KIND_BUILDING'),
('SLTH_BUILDING_TIGER_CAGE', 'KIND_BUILDING'),
('SLTH_BUILDING_TOWER_OF_ALTERATION', 'KIND_BUILDING'),
('SLTH_BUILDING_TOWER_OF_COMPLACENCY', 'KIND_BUILDING'),
('SLTH_BUILDING_TOWER_OF_DIVINATION', 'KIND_BUILDING'),
('SLTH_BUILDING_TOWER_OF_EYES', 'KIND_BUILDING'),
('SLTH_BUILDING_TOWER_OF_MASTERY', 'KIND_BUILDING'),
('SLTH_BUILDING_TOWER_OF_NECROMANCY', 'KIND_BUILDING'),
('SLTH_BUILDING_TOWER_OF_THE_ELEMENTS', 'KIND_BUILDING'),
('SLTH_BUILDING_TRAINING_YARD', 'KIND_BUILDING'),
('SLTH_BUILDING_UNYIELDING_ORDER', 'KIND_BUILDING'),
('SLTH_BUILDING_WALL_OF_STONE', 'KIND_BUILDING'),
('SLTH_BUILDING_WALLS', 'KIND_BUILDING'),
('SLTH_BUILDING_WINTER_PALACE', 'KIND_BUILDING'),
('SLTH_BUILDING_WOLF_PEN', 'KIND_BUILDING'),
('SLTH_BUILDING_NULL_CIVILIZATION_KURIOTATES_STABLE', 'KIND_BUILDING'),
('SLTH_BUILDING_NULL_CIVILIZATION_HIPPUS_ALCHEMY_LAB', 'KIND_BUILDING'),
('SLTH_BUILDING_NULL_CIVILIZATION_DOVIELLO_ALCHEMY_LAB', 'KIND_BUILDING'),
('SLTH_BUILDING_NULL_CIVILIZATION_DOVIELLO_LIBRARY', 'KIND_BUILDING'),
('SLTH_BUILDING_NULL_CIVILIZATION_DOVIELLO_MAGE_GUILD', 'KIND_BUILDING'),
('SLTH_BUILDING_NULL_CIVILIZATION_CLAN_OF_EMBERS_ALCHEMY_LAB', 'KIND_BUILDING'),
('SLTH_BUILDING_NULL_CIVILIZATION_CLAN_OF_EMBERS_LIBRARY', 'KIND_BUILDING'),
('SLTH_BUILDING_NULL_CIVILIZATION_CLAN_OF_EMBERS_MAGE_GUILD', 'KIND_BUILDING'),
('SLTH_BUILDING_NULL_CIVILIZATION_CLAN_OF_EMBERS_STABLE', 'KIND_BUILDING'),
('SLTH_BUILDING_NULL_CIVILIZATION_CALABIM_ALCHEMY_LAB', 'KIND_BUILDING'),
('SLTH_BUILDING_NULL_CIVILIZATION_CALABIM_ELDER_COUNCIL', 'KIND_BUILDING'),
('SLTH_BUILDING_NULL_CIVILIZATION_INFERNAL_AQUEDUCT', 'KIND_BUILDING'),
('SLTH_BUILDING_NULL_CIVILIZATION_INFERNAL_GRANARY', 'KIND_BUILDING'),
('SLTH_BUILDING_NULL_CIVILIZATION_INFERNAL_HERBALIST', 'KIND_BUILDING'),
('SLTH_BUILDING_NULL_CIVILIZATION_INFERNAL_INFIRMARY', 'KIND_BUILDING'),
('SLTH_BUILDING_NULL_CIVILIZATION_INFERNAL_PUBLIC_BATHS', 'KIND_BUILDING'),
('SLTH_BUILDING_NULL_CIVILIZATION_INFERNAL_SMOKEHOUSE', 'KIND_BUILDING');
