INSERT INTO Civilizations(CivilizationType, Name, Description, Adjective, RandomCityNameDepth, StartingCivilizationLevelType, Ethnicity) VALUES
('SLTH_CIVILIZATION_BANNOR', 'LOC_CIV_BANNOR_NAME', 'LOC_CIV_BANNOR_DESCRIPTION', 'LOC_SLTH_CIV_BANNOR_ADJECTIVE', '10', 'CIVILIZATION_LEVEL_FULL_CIV', 'ETHNICITY_EURO'),
('SLTH_CIVILIZATION_MALAKIM', 'LOC_CIV_MALAKIM_NAME', 'LOC_CIV_MALAKIM_DESCRIPTION', 'LOC_SLTH_CIV_MALAKIM_ADJECTIVE', '10', 'CIVILIZATION_LEVEL_FULL_CIV', 'ETHNICITY_EURO'),
('SLTH_CIVILIZATION_ELOHIM', 'LOC_CIV_ELOHIM_NAME', 'LOC_CIV_ELOHIM_DESCRIPTION', 'LOC_SLTH_CIV_ELOHIM_ADJECTIVE', '10', 'CIVILIZATION_LEVEL_FULL_CIV', 'ETHNICITY_EURO'),
('SLTH_CIVILIZATION_MERCURIANS', 'LOC_CIV_MERCURIANS_NAME', 'LOC_CIV_MERCURIANS_DESCRIPTION', 'LOC_SLTH_CIV_MERCURIANS_ADJECTIVE', '10', 'CIVILIZATION_LEVEL_FULL_CIV', 'ETHNICITY_EURO'),
('SLTH_CIVILIZATION_LUCHUIRP', 'LOC_CIV_LUCHUIRP_NAME', 'LOC_CIV_LUCHUIRP_DESCRIPTION', 'LOC_SLTH_CIV_LUCHUIRP_ADJECTIVE', '10', 'CIVILIZATION_LEVEL_FULL_CIV', 'ETHNICITY_EURO'),
('SLTH_CIVILIZATION_KURIOTATES', 'LOC_CIV_KURIOTATES_NAME', 'LOC_CIV_KURIOTATES_DESCRIPTION', 'LOC_SLTH_CIV_KURIOTATES_ADJECTIVE', '10', 'CIVILIZATION_LEVEL_FULL_CIV', 'ETHNICITY_EURO'),
('SLTH_CIVILIZATION_LJOSALFAR', 'LOC_CIV_LJOSALFAR_NAME', 'LOC_CIV_LJOSALFAR_DESCRIPTION', 'LOC_SLTH_CIV_LJOSALFAR_ADJECTIVE', '10', 'CIVILIZATION_LEVEL_FULL_CIV', 'ETHNICITY_EURO'),
('SLTH_CIVILIZATION_KHAZAD', 'LOC_CIV_KHAZAD_NAME', 'LOC_CIV_KHAZAD_DESCRIPTION', 'LOC_SLTH_CIV_KHAZAD_ADJECTIVE', '10', 'CIVILIZATION_LEVEL_FULL_CIV', 'ETHNICITY_EURO'),
('SLTH_CIVILIZATION_SIDAR', 'LOC_CIV_SIDAR_NAME', 'LOC_CIV_SIDAR_DESCRIPTION', 'LOC_SLTH_CIV_SIDAR_ADJECTIVE', '10', 'CIVILIZATION_LEVEL_FULL_CIV', 'ETHNICITY_EURO'),
('SLTH_CIVILIZATION_LANUN', 'LOC_CIV_LANUN_NAME', 'LOC_CIV_LANUN_DESCRIPTION', 'LOC_SLTH_CIV_LANUN_ADJECTIVE', '10', 'CIVILIZATION_LEVEL_FULL_CIV', 'ETHNICITY_EURO'),
('SLTH_CIVILIZATION_GRIGORI', 'LOC_CIV_GRIGORI_NAME', 'LOC_CIV_GRIGORI_DESCRIPTION', 'LOC_SLTH_CIV_GRIGORI_ADJECTIVE', '10', 'CIVILIZATION_LEVEL_FULL_CIV', 'ETHNICITY_EURO'),
('SLTH_CIVILIZATION_HIPPUS', 'LOC_CIV_HIPPUS_NAME', 'LOC_CIV_HIPPUS_DESCRIPTION', 'LOC_SLTH_CIV_HIPPUS_ADJECTIVE', '10', 'CIVILIZATION_LEVEL_FULL_CIV', 'ETHNICITY_EURO'),
('SLTH_CIVILIZATION_AMURITES', 'LOC_CIV_AMURITES_NAME', 'LOC_CIV_AMURITES_DESCRIPTION', 'LOC_SLTH_CIV_AMURITES_ADJECTIVE', '10', 'CIVILIZATION_LEVEL_FULL_CIV', 'ETHNICITY_EURO'),
('SLTH_CIVILIZATION_DOVIELLO', 'LOC_CIV_DOVIELLO_NAME', 'LOC_CIV_DOVIELLO_DESCRIPTION', 'LOC_SLTH_CIV_DOVIELLO_ADJECTIVE', '10', 'CIVILIZATION_LEVEL_FULL_CIV', 'ETHNICITY_EURO'),
('SLTH_CIVILIZATION_BALSERAPHS', 'LOC_CIV_BALSERAPHS_NAME', 'LOC_CIV_BALSERAPHS_DESCRIPTION', 'LOC_SLTH_CIV_BALSERAPHS_ADJECTIVE', '10', 'CIVILIZATION_LEVEL_FULL_CIV', 'ETHNICITY_EURO'),
('SLTH_CIVILIZATION_CLAN_OF_EMBERS', 'LOC_CIV_CLAN_OF_EMBERS_NAME', 'LOC_CIV_CLAN_OF_EMBERS_DESCRIPTION', 'LOC_SLTH_CIV_CLAN_OF_EMBERS_ADJECTIVE', '10', 'CIVILIZATION_LEVEL_FULL_CIV', 'ETHNICITY_EURO'),
('SLTH_CIVILIZATION_SVARTALFAR', 'LOC_CIV_SVARTALFAR_NAME', 'LOC_CIV_SVARTALFAR_DESCRIPTION', 'LOC_SLTH_CIV_SVARTALFAR_ADJECTIVE', '10', 'CIVILIZATION_LEVEL_FULL_CIV', 'ETHNICITY_EURO'),
('SLTH_CIVILIZATION_CALABIM', 'LOC_CIV_CALABIM_NAME', 'LOC_CIV_CALABIM_DESCRIPTION', 'LOC_SLTH_CIV_CALABIM_ADJECTIVE', '10', 'CIVILIZATION_LEVEL_FULL_CIV', 'ETHNICITY_EURO'),
('SLTH_CIVILIZATION_SHEAIM', 'LOC_CIV_SHEAIM_NAME', 'LOC_CIV_SHEAIM_DESCRIPTION', 'LOC_SLTH_CIV_SHEAIM_ADJECTIVE', '10', 'CIVILIZATION_LEVEL_FULL_CIV', 'ETHNICITY_EURO'),
('SLTH_CIVILIZATION_INFERNAL', 'LOC_CIV_INFERNAL_NAME', 'LOC_CIV_INFERNAL_DESCRIPTION', 'LOC_SLTH_CIV_INFERNAL_ADJECTIVE', '10', 'CIVILIZATION_LEVEL_FULL_CIV', 'ETHNICITY_EURO'),
('SLTH_CIVILIZATION_ILLIANS', 'LOC_CIV_ILLIANS_NAME', 'LOC_CIV_ILLIANS_DESCRIPTION', 'LOC_SLTH_CIV_ILLIANS_ADJECTIVE', '10', 'CIVILIZATION_LEVEL_FULL_CIV', 'ETHNICITY_EURO');
INSERT INTO CivilizationTraits(CivilizationType, TraitType) VALUES
('SLTH_CIVILIZATION_MALAKIM', 'SLTH_TRAIT_CIVILIZATION_BUILDING_DESERT_SHRINE'),
('SLTH_CIVILIZATION_LUCHUIRP', 'SLTH_TRAIT_CIVILIZATION_BUILDING_SCULPTORS_STUDIO'),
('SLTH_CIVILIZATION_KHAZAD', 'SLTH_TRAIT_CIVILIZATION_BUILDING_DWARVEN_SMITHY'),
('SLTH_CIVILIZATION_LANUN', 'SLTH_TRAIT_CIVILIZATION_BUILDING_HARBOR_LANUN'),
('SLTH_CIVILIZATION_GRIGORI', 'SLTH_TRAIT_CIVILIZATION_BUILDING_TAVERN_GRIGORI'),
('SLTH_CIVILIZATION_BALSERAPHS', 'SLTH_TRAIT_CIVILIZATION_BUILDING_ARENA'),
('SLTH_CIVILIZATION_CALABIM', 'SLTH_TRAIT_CIVILIZATION_BUILDING_GOVERNORS_MANOR'),
('SLTH_CIVILIZATION_ILLIANS', 'SLTH_TRAIT_CIVILIZATION_BUILDING_TEMPLE_OF_THE_HAND'),
('SLTH_CIVILIZATION_GRIGORI', 'SLTH_TRAIT_CIVILIZATION_BUILDING_ADVENTURERS_GUILD'),
('SLTH_CIVILIZATION_LUCHUIRP', 'SLTH_TRAIT_CIVILIZATION_BUILDING_BLASTING_WORKSHOP'),
('SLTH_CIVILIZATION_CALABIM', 'SLTH_TRAIT_CIVILIZATION_BUILDING_BREEDING_PIT'),
('SLTH_CIVILIZATION_AMURITES', 'SLTH_TRAIT_CIVILIZATION_BUILDING_CAVE_OF_ANCESTORS'),
('SLTH_CIVILIZATION_ELOHIM', 'SLTH_TRAIT_CIVILIZATION_BUILDING_CHANCEL_OF_GUARDIANS'),
('SLTH_CIVILIZATION_MALAKIM', 'SLTH_TRAIT_CIVILIZATION_BUILDING_CITADEL_OF_LIGHT'),
('SLTH_CIVILIZATION_BALSERAPHS', 'SLTH_TRAIT_CIVILIZATION_BUILDING_FREAK_SHOW'),
('SLTH_CIVILIZATION_SHEAIM', 'SLTH_TRAIT_CIVILIZATION_BUILDING_PLANAR_GATE'),
('SLTH_CIVILIZATION_KURIOTATES', 'SLTH_TRAIT_CIVILIZATION_BUILDING_TAILOR'),
('SLTH_CIVILIZATION_CLAN_OF_EMBERS', 'SLTH_TRAIT_CIVILIZATION_BUILDING_WARRENS'),
('SLTH_CIVILIZATION_LUCHUIRP', 'SLTH_TRAIT_CIVILIZATION_BUILDING_PALLENS_ENGINE'),
('SLTH_CIVILIZATION_BALSERAPHS', 'SLTH_TRAIT_CIVILIZATION_BUILDING_HALL_OF_MIRRORS'),
('SLTH_CIVILIZATION_KURIOTATES', 'SLTH_TRAIT_CIVILIZATION_BUILDING_JEWELER'),
('SLTH_CIVILIZATION_ELOHIM', 'SLTH_TRAIT_CIVILIZATION_BUILDING_RELIQUARY'),
('SLTH_CIVILIZATION_LUCHUIRP', 'SLTH_TRAIT_CIVILIZATION_BUILDING_ADULARIA_CHAMBER'),
('SLTH_CIVILIZATION_SHEAIM', 'SLTH_TRAIT_CIVILIZATION_UNIT_ABASHI'),
('SLTH_CIVILIZATION_GRIGORI', 'SLTH_TRAIT_CIVILIZATION_UNIT_ADVENTURER'),
('SLTH_CIVILIZATION_SVARTALFAR', 'SLTH_TRAIT_CIVILIZATION_UNIT_ALAZKAN'),
('SLTH_CIVILIZATION_MERCURIANS', 'SLTH_TRAIT_CIVILIZATION_UNIT_ANGEL_OF_DEATH'),
('SLTH_CIVILIZATION_LUCHUIRP', 'SLTH_TRAIT_CIVILIZATION_UNIT_BARNAXUS'),
('SLTH_CIVILIZATION_MERCURIANS', 'SLTH_TRAIT_CIVILIZATION_UNIT_BASIUM'),
('SLTH_CIVILIZATION_LANUN', 'SLTH_TRAIT_CIVILIZATION_UNIT_BLACK_WIND'),
('SLTH_CIVILIZATION_ELOHIM', 'SLTH_TRAIT_CIVILIZATION_UNIT_CORLINDALE'),
('SLTH_CIVILIZATION_KURIOTATES', 'SLTH_TRAIT_CIVILIZATION_UNIT_EURABATRES'),
('SLTH_CIVILIZATION_BALSERAPHS', 'SLTH_TRAIT_CIVILIZATION_UNIT_FREAK'),
('SLTH_CIVILIZATION_LJOSALFAR', 'SLTH_TRAIT_CIVILIZATION_UNIT_GILDEN'),
('SLTH_CIVILIZATION_AMURITES', 'SLTH_TRAIT_CIVILIZATION_UNIT_GOVANNON'),
('SLTH_CIVILIZATION_GRIGORI', 'SLTH_TRAIT_CIVILIZATION_UNIT_GRIGORI_MEDIC'),
('SLTH_CIVILIZATION_LANUN', 'SLTH_TRAIT_CIVILIZATION_UNIT_GUYBRUSH'),
('SLTH_CIVILIZATION_MERCURIANS', 'SLTH_TRAIT_CIVILIZATION_UNIT_HERALD'),
('SLTH_CIVILIZATION_KURIOTATES', 'SLTH_TRAIT_CIVILIZATION_UNIT_HERNE'),
('SLTH_CIVILIZATION_ILLIANS', 'SLTH_TRAIT_CIVILIZATION_UNIT_HIGH_PRIEST_OF_WINTER'),
('SLTH_CIVILIZATION_INFERNAL', 'SLTH_TRAIT_CIVILIZATION_UNIT_HYBOREM'),
('SLTH_CIVILIZATION_MALAKIM', 'SLTH_TRAIT_CIVILIZATION_UNIT_LIGHTBRINGER'),
('SLTH_CIVILIZATION_BALSERAPHS', 'SLTH_TRAIT_CIVILIZATION_UNIT_LOKI'),
('SLTH_CIVILIZATION_CALABIM', 'SLTH_TRAIT_CIVILIZATION_UNIT_LOSHA'),
('SLTH_CIVILIZATION_DOVIELLO', 'SLTH_TRAIT_CIVILIZATION_UNIT_LUCIAN'),
('SLTH_CIVILIZATION_HIPPUS', 'SLTH_TRAIT_CIVILIZATION_UNIT_MAGNADINE'),
('SLTH_CIVILIZATION_KHAZAD', 'SLTH_TRAIT_CIVILIZATION_UNIT_MAROS'),
('SLTH_CIVILIZATION_ELOHIM', 'SLTH_TRAIT_CIVILIZATION_UNIT_MONK'),
('SLTH_CIVILIZATION_MERCURIANS', 'SLTH_TRAIT_CIVILIZATION_UNIT_OPHANIM'),
('SLTH_CIVILIZATION_CLAN_OF_EMBERS', 'SLTH_TRAIT_CIVILIZATION_UNIT_RANTINE'),
('SLTH_CIVILIZATION_SIDAR', 'SLTH_TRAIT_CIVILIZATION_UNIT_RATHUS'),
('SLTH_CIVILIZATION_MERCURIANS', 'SLTH_TRAIT_CIVILIZATION_UNIT_REPENTANT_ANGEL'),
('SLTH_CIVILIZATION_MERCURIANS', 'SLTH_TRAIT_CIVILIZATION_UNIT_SERAPH'),
('SLTH_CIVILIZATION_MALAKIM', 'SLTH_TRAIT_CIVILIZATION_UNIT_TEUTORIX'),
('SLTH_CIVILIZATION_MERCURIANS', 'SLTH_TRAIT_CIVILIZATION_UNIT_VALKYRIE'),
('SLTH_CIVILIZATION_DOVIELLO', 'SLTH_TRAIT_CIVILIZATION_UNIT_WAR_MACHINE'),
('SLTH_CIVILIZATION_ILLIANS', 'SLTH_TRAIT_CIVILIZATION_UNIT_WILBOMAN'),
('SLTH_CIVILIZATION_BANNOR', 'SLTH_TRAIT_CIVILIZATION_UNIT_DEMAGOG'),
('SLTH_CIVILIZATION_BANNOR', 'SLTH_TRAIT_CIVILIZATION_UNIT_DONAL'),
('SLTH_CIVILIZATION_BANNOR', 'SLTH_TRAIT_CIVILIZATION_UNIT_FLAGBEARER'),
('SLTH_CIVILIZATION_MALAKIM', 'SLTH_TRAIT_CIVILIZATION_UNIT_SWORDSMAN'),
('SLTH_CIVILIZATION_LUCHUIRP', 'SLTH_TRAIT_CIVILIZATION_UNIT_WOOD_GOLEM'),
('SLTH_CIVILIZATION_KURIOTATES', 'SLTH_TRAIT_CIVILIZATION_UNIT_SWORDSMAN'),
('SLTH_CIVILIZATION_LJOSALFAR', 'SLTH_TRAIT_CIVILIZATION_UNIT_SWORDSMAN'),
('SLTH_CIVILIZATION_LANUN', 'SLTH_TRAIT_CIVILIZATION_UNIT_SWORDSMAN'),
('SLTH_CIVILIZATION_AMURITES', 'SLTH_TRAIT_CIVILIZATION_UNIT_SWORDSMAN'),
('SLTH_CIVILIZATION_DOVIELLO', 'SLTH_TRAIT_CIVILIZATION_UNIT_SONS_OF_ASENA'),
('SLTH_CIVILIZATION_BALSERAPHS', 'SLTH_TRAIT_CIVILIZATION_UNIT_SWORDSMAN'),
('SLTH_CIVILIZATION_SVARTALFAR', 'SLTH_TRAIT_CIVILIZATION_UNIT_SWORDSMAN'),
('SLTH_CIVILIZATION_CALABIM', 'SLTH_TRAIT_CIVILIZATION_UNIT_MOROI'),
('SLTH_CIVILIZATION_SHEAIM', 'SLTH_TRAIT_CIVILIZATION_UNIT_PYRE_ZOMBIE'),
('SLTH_CIVILIZATION_MALAKIM', 'SLTH_TRAIT_CIVILIZATION_UNIT_CAMEL_ARCHER'),
('SLTH_CIVILIZATION_KURIOTATES', 'SLTH_TRAIT_CIVILIZATION_UNIT_CENTAUR_ARCHER'),
('SLTH_CIVILIZATION_LJOSALFAR', 'SLTH_TRAIT_CIVILIZATION_UNIT_FYRDWELL'),
('SLTH_CIVILIZATION_SVARTALFAR', 'SLTH_TRAIT_CIVILIZATION_UNIT_NYXKIN'),
('SLTH_CIVILIZATION_ELOHIM', 'SLTH_TRAIT_CIVILIZATION_UNIT_DEVOUT'),
('SLTH_CIVILIZATION_SIDAR', 'SLTH_TRAIT_CIVILIZATION_UNIT_GHOST'),
('SLTH_CIVILIZATION_AMURITES', 'SLTH_TRAIT_CIVILIZATION_UNIT_CHANTER'),
('SLTH_CIVILIZATION_BALSERAPHS', 'SLTH_TRAIT_CIVILIZATION_UNIT_TASKMASTER'),
('SLTH_CIVILIZATION_CLAN_OF_EMBERS', 'SLTH_TRAIT_CIVILIZATION_UNIT_LIZARDMAN_ASSASSIN'),
('SLTH_CIVILIZATION_LUCHUIRP', 'SLTH_TRAIT_CIVILIZATION_UNIT_DWARVEN_SLINGER'),
('SLTH_CIVILIZATION_KHAZAD', 'SLTH_TRAIT_CIVILIZATION_UNIT_DWARVEN_SLINGER'),
('SLTH_CIVILIZATION_DOVIELLO', 'SLTH_TRAIT_CIVILIZATION_UNIT_JAVELIN_THROWER'),
('SLTH_CIVILIZATION_ILLIANS', 'SLTH_TRAIT_CIVILIZATION_UNIT_JAVELIN_THROWER'),
('SLTH_CIVILIZATION_LUCHUIRP', 'SLTH_TRAIT_CIVILIZATION_UNIT_CLOCKWORK_GOLEM'),
('SLTH_CIVILIZATION_DOVIELLO', 'SLTH_TRAIT_CIVILIZATION_UNIT_CIRCLE_OF_URD'),
('SLTH_CIVILIZATION_CALABIM', 'SLTH_TRAIT_CIVILIZATION_UNIT_BRUJAH'),
('SLTH_CIVILIZATION_INFERNAL', 'SLTH_TRAIT_CIVILIZATION_UNIT_BALOR'),
('SLTH_CIVILIZATION_LUCHUIRP', 'SLTH_TRAIT_CIVILIZATION_UNIT_IRON_GOLEM'),
('SLTH_CIVILIZATION_LANUN', 'SLTH_TRAIT_CIVILIZATION_UNIT_BOARDING_PARTY'),
('SLTH_CIVILIZATION_GRIGORI', 'SLTH_TRAIT_CIVILIZATION_UNIT_DRAGON_SLAYER'),
('SLTH_CIVILIZATION_DOVIELLO', 'SLTH_TRAIT_CIVILIZATION_UNIT_BATTLEMASTER'),
('SLTH_CIVILIZATION_BALSERAPHS', 'SLTH_TRAIT_CIVILIZATION_UNIT_MIMIC'),
('SLTH_CIVILIZATION_CLAN_OF_EMBERS', 'SLTH_TRAIT_CIVILIZATION_UNIT_OGRE'),
('SLTH_CIVILIZATION_CALABIM', 'SLTH_TRAIT_CIVILIZATION_UNIT_VAMPIRE'),
('SLTH_CIVILIZATION_LUCHUIRP', 'SLTH_TRAIT_CIVILIZATION_UNIT_DWARVEN_DRUID'),
('SLTH_CIVILIZATION_KHAZAD', 'SLTH_TRAIT_CIVILIZATION_UNIT_DWARVEN_DRUID'),
('SLTH_CIVILIZATION_GRIGORI', 'SLTH_TRAIT_CIVILIZATION_UNIT_LUONNOTAR'),
('SLTH_CIVILIZATION_CLAN_OF_EMBERS', 'SLTH_TRAIT_CIVILIZATION_UNIT_LIZARDMAN_DRUID'),
('SLTH_CIVILIZATION_LUCHUIRP', 'SLTH_TRAIT_CIVILIZATION_UNIT_BOAR_RIDER'),
('SLTH_CIVILIZATION_KURIOTATES', 'SLTH_TRAIT_CIVILIZATION_UNIT_CENTAUR'),
('SLTH_CIVILIZATION_KHAZAD', 'SLTH_TRAIT_CIVILIZATION_UNIT_BOAR_RIDER'),
('SLTH_CIVILIZATION_CLAN_OF_EMBERS', 'SLTH_TRAIT_CIVILIZATION_UNIT_WOLF_RIDER'),
('SLTH_CIVILIZATION_LUCHUIRP', 'SLTH_TRAIT_CIVILIZATION_UNIT_BONE_GOLEM'),
('SLTH_CIVILIZATION_DOVIELLO', 'SLTH_TRAIT_CIVILIZATION_UNIT_SKULD'),
('SLTH_CIVILIZATION_CLAN_OF_EMBERS', 'SLTH_TRAIT_CIVILIZATION_UNIT_OGRE_WARCHIEF'),
('SLTH_CIVILIZATION_CALABIM', 'SLTH_TRAIT_CIVILIZATION_UNIT_VAMPIRE_LORD'),
('SLTH_CIVILIZATION_LUCHUIRP', 'SLTH_TRAIT_CIVILIZATION_UNIT_HORNGUARD'),
('SLTH_CIVILIZATION_KURIOTATES', 'SLTH_TRAIT_CIVILIZATION_UNIT_CENTAUR_LANCER'),
('SLTH_CIVILIZATION_KHAZAD', 'SLTH_TRAIT_CIVILIZATION_UNIT_HORNGUARD'),
('SLTH_CIVILIZATION_LANUN', 'SLTH_TRAIT_CIVILIZATION_UNIT_WAR_TORTOISE'),
('SLTH_CIVILIZATION_DOVIELLO', 'SLTH_TRAIT_CIVILIZATION_UNIT_BISON_RIDER'),
('SLTH_CIVILIZATION_INFERNAL', 'SLTH_TRAIT_CIVILIZATION_UNIT_DEATH_KNIGHT'),
('SLTH_CIVILIZATION_LUCHUIRP', 'SLTH_TRAIT_CIVILIZATION_UNIT_GARGOYLE'),
('SLTH_CIVILIZATION_AMURITES', 'SLTH_TRAIT_CIVILIZATION_UNIT_FIREBOW'),
('SLTH_CIVILIZATION_LUCHUIRP', 'SLTH_TRAIT_CIVILIZATION_UNIT_NULLSTONE_GOLEM'),
('SLTH_CIVILIZATION_DOVIELLO', 'SLTH_TRAIT_CIVILIZATION_UNIT_VERDANDI'),
('SLTH_CIVILIZATION_CLAN_OF_EMBERS', 'SLTH_TRAIT_CIVILIZATION_UNIT_STONESKIN_OGRE'),
('SLTH_CIVILIZATION_LUCHUIRP', 'SLTH_TRAIT_CIVILIZATION_UNIT_DWARVEN_SHADOW'),
('SLTH_CIVILIZATION_KHAZAD', 'SLTH_TRAIT_CIVILIZATION_UNIT_DWARVEN_SHADOW'),
('SLTH_CIVILIZATION_BALSERAPHS', 'SLTH_TRAIT_CIVILIZATION_UNIT_COURTESAN'),
('SLTH_CIVILIZATION_LUCHUIRP', 'SLTH_TRAIT_CIVILIZATION_UNIT_MUD_GOLEM'),
('SLTH_CIVILIZATION_KURIOTATES', 'SLTH_TRAIT_CIVILIZATION_UNIT_CENTAUR_CHARGER'),
('SLTH_CIVILIZATION_KURIOTATES', 'SLTH_TRAIT_CIVILIZATION_UNIT_AIRSHIP'),
('SLTH_CIVILIZATION_LJOSALFAR', 'SLTH_TRAIT_CIVILIZATION_UNIT_FLURRY'),
('SLTH_CIVILIZATION_KHAZAD', 'SLTH_TRAIT_CIVILIZATION_UNIT_MYCONID'),
('SLTH_CIVILIZATION_CLAN_OF_EMBERS', 'SLTH_TRAIT_CIVILIZATION_UNIT_LIZARDMAN_BEASTMASTER'),
('SLTH_CIVILIZATION_KHAZAD', 'SLTH_TRAIT_CIVILIZATION_UNIT_DWARVEN_CANNON'),
('SLTH_CIVILIZATION_KHAZAD', 'SLTH_TRAIT_CIVILIZATION_UNIT_TREBUCHET'),
('SLTH_CIVILIZATION_SIDAR', 'SLTH_TRAIT_CIVILIZATION_UNIT_DIVIDED_SOUL'),
('SLTH_CIVILIZATION_CLAN_OF_EMBERS', 'SLTH_TRAIT_CIVILIZATION_UNIT_LIZARDMAN'),
('SLTH_CIVILIZATION_INFERNAL', 'SLTH_TRAIT_CIVILIZATION_UNIT_HELLHOUND'),
('SLTH_CIVILIZATION_LANUN', 'SLTH_TRAIT_CIVILIZATION_UNIT_PIRATE'),
('SLTH_CIVILIZATION_HIPPUS', 'SLTH_TRAIT_CIVILIZATION_UNIT_MERCENARY_MOUNTED'),
('SLTH_CIVILIZATION_AMURITES', 'SLTH_TRAIT_CIVILIZATION_UNIT_WIZARD'),
('SLTH_CIVILIZATION_SVARTALFAR', 'SLTH_TRAIT_CIVILIZATION_UNIT_ILLUSIONIST'),
('SLTH_CIVILIZATION_DOVIELLO', 'SLTH_TRAIT_CIVILIZATION_UNIT_SHAMAN'),
('SLTH_CIVILIZATION_CLAN_OF_EMBERS', 'SLTH_TRAIT_CIVILIZATION_UNIT_SHAMAN'),
('SLTH_CIVILIZATION_INFERNAL', 'SLTH_TRAIT_CIVILIZATION_UNIT_IMP'),
('SLTH_CIVILIZATION_DOVIELLO', 'SLTH_TRAIT_CIVILIZATION_UNIT_BEASTMAN'),
('SLTH_CIVILIZATION_CALABIM', 'SLTH_TRAIT_CIVILIZATION_UNIT_BLOODPET'),
('SLTH_CIVILIZATION_BALSERAPHS', 'SLTH_TRAIT_CIVILIZATION_UNIT_HARLEQUIN'),
('SLTH_CIVILIZATION_CLAN_OF_EMBERS', 'SLTH_TRAIT_CIVILIZATION_UNIT_LIZARDMAN_RANGER'),
('SLTH_CIVILIZATION_CLAN_OF_EMBERS', 'SLTH_TRAIT_CIVILIZATION_UNIT_GOBLIN'),
('SLTH_CIVILIZATION_SHEAIM', 'SLTH_TRAIT_CIVILIZATION_UNIT_EATER_OF_DREAMS'),
('SLTH_CIVILIZATION_BANNOR', 'SLTH_TRAIT_CIVILIZATION_BANNOR_COOL'),
('SLTH_CIVILIZATION_MALAKIM', 'SLTH_TRAIT_CIVILIZATION_MALAKIM_COOL'),
('SLTH_CIVILIZATION_ELOHIM', 'SLTH_TRAIT_CIVILIZATION_ELOHIM_COOL'),
('SLTH_CIVILIZATION_MERCURIANS', 'SLTH_TRAIT_CIVILIZATION_MERCURIANS_COOL'),
('SLTH_CIVILIZATION_LUCHUIRP', 'SLTH_TRAIT_CIVILIZATION_LUCHUIRP_COOL'),
('SLTH_CIVILIZATION_KURIOTATES', 'SLTH_TRAIT_CIVILIZATION_KURIOTATES_COOL'),
('SLTH_CIVILIZATION_LJOSALFAR', 'SLTH_TRAIT_CIVILIZATION_LJOSALFAR_COOL'),
('SLTH_CIVILIZATION_KHAZAD', 'SLTH_TRAIT_CIVILIZATION_KHAZAD_COOL'),
('SLTH_CIVILIZATION_SIDAR', 'SLTH_TRAIT_CIVILIZATION_SIDAR_COOL'),
('SLTH_CIVILIZATION_LANUN', 'SLTH_TRAIT_CIVILIZATION_LANUN_COOL'),
('SLTH_CIVILIZATION_GRIGORI', 'SLTH_TRAIT_CIVILIZATION_GRIGORI_COOL'),
('SLTH_CIVILIZATION_HIPPUS', 'SLTH_TRAIT_CIVILIZATION_HIPPUS_COOL'),
('SLTH_CIVILIZATION_AMURITES', 'SLTH_TRAIT_CIVILIZATION_AMURITES_COOL'),
('SLTH_CIVILIZATION_DOVIELLO', 'SLTH_TRAIT_CIVILIZATION_DOVIELLO_COOL'),
('SLTH_CIVILIZATION_BALSERAPHS', 'SLTH_TRAIT_CIVILIZATION_BALSERAPHS_COOL'),
('SLTH_CIVILIZATION_CLAN_OF_EMBERS', 'SLTH_TRAIT_CIVILIZATION_CLAN_OF_EMBERS_COOL'),
('SLTH_CIVILIZATION_SVARTALFAR', 'SLTH_TRAIT_CIVILIZATION_SVARTALFAR_COOL'),
('SLTH_CIVILIZATION_CALABIM', 'SLTH_TRAIT_CIVILIZATION_CALABIM_COOL'),
('SLTH_CIVILIZATION_SHEAIM', 'SLTH_TRAIT_CIVILIZATION_SHEAIM_COOL'),
('SLTH_CIVILIZATION_INFERNAL', 'SLTH_TRAIT_CIVILIZATION_INFERNAL_COOL'),
('SLTH_CIVILIZATION_ILLIANS', 'SLTH_TRAIT_CIVILIZATION_ILLIANS_COOL');
INSERT INTO Traits(TraitType, Name, Description) VALUES
('NULL_CIVILIZATION_KURIOTATES', 'LOC_SLTH_NULL_CIVILIZATION_KURIOTATES_NAME', 'LOC_NULL_DESCRIPTION'),
('NULL_CIVILIZATION_LJOSALFAR', 'LOC_SLTH_NULL_CIVILIZATION_LJOSALFAR_NAME', 'LOC_NULL_DESCRIPTION'),
('NULL_CIVILIZATION_GRIGORI', 'LOC_SLTH_NULL_CIVILIZATION_GRIGORI_NAME', 'LOC_NULL_DESCRIPTION'),
('NULL_CIVILIZATION_HIPPUS', 'LOC_SLTH_NULL_CIVILIZATION_HIPPUS_NAME', 'LOC_NULL_DESCRIPTION'),
('NULL_CIVILIZATION_DOVIELLO', 'LOC_SLTH_NULL_CIVILIZATION_DOVIELLO_NAME', 'LOC_NULL_DESCRIPTION'),
('NULL_CIVILIZATION_CLAN_OF_EMBERS', 'LOC_SLTH_NULL_CIVILIZATION_CLAN_OF_EMBERS_NAME', 'LOC_NULL_DESCRIPTION'),
('NULL_CIVILIZATION_SVARTALFAR', 'LOC_SLTH_NULL_CIVILIZATION_SVARTALFAR_NAME', 'LOC_NULL_DESCRIPTION'),
('NULL_CIVILIZATION_CALABIM', 'LOC_SLTH_NULL_CIVILIZATION_CALABIM_NAME', 'LOC_NULL_DESCRIPTION'),
('NULL_CIVILIZATION_SHEAIM', 'LOC_SLTH_NULL_CIVILIZATION_SHEAIM_NAME', 'LOC_NULL_DESCRIPTION'),
('NULL_CIVILIZATION_INFERNAL', 'LOC_SLTH_NULL_CIVILIZATION_INFERNAL_NAME', 'LOC_NULL_DESCRIPTION'),
('SLTH_TRAIT_CIVILIZATION_BUILDING_DESERT_SHRINE', 'LOC_SLTH_TRAIT_CIVILIZATION_BUILDING_DESERT_SHRINE_NAME', 'LOC_SLTH_TRAIT_CIVILIZATION_BUILDING_DESERT_SHRINE_DESCRIPTION'),
('SLTH_TRAIT_CIVILIZATION_BUILDING_SCULPTORS_STUDIO', 'LOC_SLTH_TRAIT_CIVILIZATION_BUILDING_SCULPTORS_STUDIO_NAME', 'LOC_SLTH_TRAIT_CIVILIZATION_BUILDING_SCULPTORS_STUDIO_DESCRIPTION'),
('SLTH_TRAIT_CIVILIZATION_BUILDING_DWARVEN_SMITHY', 'LOC_SLTH_TRAIT_CIVILIZATION_BUILDING_DWARVEN_SMITHY_NAME', 'LOC_SLTH_TRAIT_CIVILIZATION_BUILDING_DWARVEN_SMITHY_DESCRIPTION'),
('SLTH_TRAIT_CIVILIZATION_BUILDING_HARBOR_LANUN', 'LOC_SLTH_TRAIT_CIVILIZATION_BUILDING_HARBOR_LANUN_NAME', 'LOC_SLTH_TRAIT_CIVILIZATION_BUILDING_HARBOR_LANUN_DESCRIPTION'),
('SLTH_TRAIT_CIVILIZATION_BUILDING_TAVERN_GRIGORI', 'LOC_SLTH_TRAIT_CIVILIZATION_BUILDING_TAVERN_GRIGORI_NAME', 'LOC_SLTH_TRAIT_CIVILIZATION_BUILDING_TAVERN_GRIGORI_DESCRIPTION'),
('SLTH_TRAIT_CIVILIZATION_BUILDING_ARENA', 'LOC_SLTH_TRAIT_CIVILIZATION_BUILDING_ARENA_NAME', 'LOC_SLTH_TRAIT_CIVILIZATION_BUILDING_ARENA_DESCRIPTION'),
('SLTH_TRAIT_CIVILIZATION_BUILDING_GOVERNORS_MANOR', 'LOC_SLTH_TRAIT_CIVILIZATION_BUILDING_GOVERNORS_MANOR_NAME', 'LOC_SLTH_TRAIT_CIVILIZATION_BUILDING_GOVERNORS_MANOR_DESCRIPTION'),
('SLTH_TRAIT_CIVILIZATION_BUILDING_TEMPLE_OF_THE_HAND', 'LOC_SLTH_TRAIT_CIVILIZATION_BUILDING_TEMPLE_OF_THE_HAND_NAME', 'LOC_SLTH_TRAIT_CIVILIZATION_BUILDING_TEMPLE_OF_THE_HAND_DESCRIPTION'),
('SLTH_TRAIT_CIVILIZATION_BUILDING_ADVENTURERS_GUILD', 'LOC_SLTH_TRAIT_CIVILIZATION_BUILDING_ADVENTURERS_GUILD_NAME', 'LOC_SLTH_TRAIT_CIVILIZATION_BUILDING_ADVENTURERS_GUILD_DESCRIPTION'),
('SLTH_TRAIT_CIVILIZATION_BUILDING_BLASTING_WORKSHOP', 'LOC_SLTH_TRAIT_CIVILIZATION_BUILDING_BLASTING_WORKSHOP_NAME', 'LOC_SLTH_TRAIT_CIVILIZATION_BUILDING_BLASTING_WORKSHOP_DESCRIPTION'),
('SLTH_TRAIT_CIVILIZATION_BUILDING_BREEDING_PIT', 'LOC_SLTH_TRAIT_CIVILIZATION_BUILDING_BREEDING_PIT_NAME', 'LOC_SLTH_TRAIT_CIVILIZATION_BUILDING_BREEDING_PIT_DESCRIPTION'),
('SLTH_TRAIT_CIVILIZATION_BUILDING_CAVE_OF_ANCESTORS', 'LOC_SLTH_TRAIT_CIVILIZATION_BUILDING_CAVE_OF_ANCESTORS_NAME', 'LOC_SLTH_TRAIT_CIVILIZATION_BUILDING_CAVE_OF_ANCESTORS_DESCRIPTION'),
('SLTH_TRAIT_CIVILIZATION_BUILDING_CHANCEL_OF_GUARDIANS', 'LOC_SLTH_TRAIT_CIVILIZATION_BUILDING_CHANCEL_OF_GUARDIANS_NAME', 'LOC_SLTH_TRAIT_CIVILIZATION_BUILDING_CHANCEL_OF_GUARDIANS_DESCRIPTION'),
('SLTH_TRAIT_CIVILIZATION_BUILDING_CITADEL_OF_LIGHT', 'LOC_SLTH_TRAIT_CIVILIZATION_BUILDING_CITADEL_OF_LIGHT_NAME', 'LOC_SLTH_TRAIT_CIVILIZATION_BUILDING_CITADEL_OF_LIGHT_DESCRIPTION'),
('SLTH_TRAIT_CIVILIZATION_BUILDING_FREAK_SHOW', 'LOC_SLTH_TRAIT_CIVILIZATION_BUILDING_FREAK_SHOW_NAME', 'LOC_SLTH_TRAIT_CIVILIZATION_BUILDING_FREAK_SHOW_DESCRIPTION'),
('SLTH_TRAIT_CIVILIZATION_BUILDING_PLANAR_GATE', 'LOC_SLTH_TRAIT_CIVILIZATION_BUILDING_PLANAR_GATE_NAME', 'LOC_SLTH_TRAIT_CIVILIZATION_BUILDING_PLANAR_GATE_DESCRIPTION'),
('SLTH_TRAIT_CIVILIZATION_BUILDING_TAILOR', 'LOC_SLTH_TRAIT_CIVILIZATION_BUILDING_TAILOR_NAME', 'LOC_SLTH_TRAIT_CIVILIZATION_BUILDING_TAILOR_DESCRIPTION'),
('SLTH_TRAIT_CIVILIZATION_BUILDING_WARRENS', 'LOC_SLTH_TRAIT_CIVILIZATION_BUILDING_WARRENS_NAME', 'LOC_SLTH_TRAIT_CIVILIZATION_BUILDING_WARRENS_DESCRIPTION'),
('SLTH_TRAIT_CIVILIZATION_BUILDING_PALLENS_ENGINE', 'LOC_SLTH_TRAIT_CIVILIZATION_BUILDING_PALLENS_ENGINE_NAME', 'LOC_SLTH_TRAIT_CIVILIZATION_BUILDING_PALLENS_ENGINE_DESCRIPTION'),
('SLTH_TRAIT_CIVILIZATION_BUILDING_HALL_OF_MIRRORS', 'LOC_SLTH_TRAIT_CIVILIZATION_BUILDING_HALL_OF_MIRRORS_NAME', 'LOC_SLTH_TRAIT_CIVILIZATION_BUILDING_HALL_OF_MIRRORS_DESCRIPTION'),
('SLTH_TRAIT_CIVILIZATION_BUILDING_JEWELER', 'LOC_SLTH_TRAIT_CIVILIZATION_BUILDING_JEWELER_NAME', 'LOC_SLTH_TRAIT_CIVILIZATION_BUILDING_JEWELER_DESCRIPTION'),
('SLTH_TRAIT_CIVILIZATION_BUILDING_RELIQUARY', 'LOC_SLTH_TRAIT_CIVILIZATION_BUILDING_RELIQUARY_NAME', 'LOC_SLTH_TRAIT_CIVILIZATION_BUILDING_RELIQUARY_DESCRIPTION'),
('SLTH_TRAIT_CIVILIZATION_BUILDING_ADULARIA_CHAMBER', 'LOC_SLTH_TRAIT_CIVILIZATION_BUILDING_ADULARIA_CHAMBER_NAME', 'LOC_SLTH_TRAIT_CIVILIZATION_BUILDING_ADULARIA_CHAMBER_DESCRIPTION'),
('SLTH_TRAIT_CIVILIZATION_UNIT_ABASHI', 'LOC_SLTH_TRAIT_CIVILIZATION_UNIT_ABASHI_NAME', 'LOC_SLTH_TRAIT_CIVILIZATION_UNIT_ABASHI_DESCRIPTION'),
('SLTH_TRAIT_CIVILIZATION_UNIT_ADVENTURER', 'LOC_SLTH_TRAIT_CIVILIZATION_UNIT_ADVENTURER_NAME', 'LOC_SLTH_TRAIT_CIVILIZATION_UNIT_ADVENTURER_DESCRIPTION'),
('SLTH_TRAIT_CIVILIZATION_UNIT_ALAZKAN', 'LOC_SLTH_TRAIT_CIVILIZATION_UNIT_ALAZKAN_NAME', 'LOC_SLTH_TRAIT_CIVILIZATION_UNIT_ALAZKAN_DESCRIPTION'),
('SLTH_TRAIT_CIVILIZATION_UNIT_ANGEL_OF_DEATH', 'LOC_SLTH_TRAIT_CIVILIZATION_UNIT_ANGEL_OF_DEATH_NAME', 'LOC_SLTH_TRAIT_CIVILIZATION_UNIT_ANGEL_OF_DEATH_DESCRIPTION'),
('SLTH_TRAIT_CIVILIZATION_UNIT_BARNAXUS', 'LOC_SLTH_TRAIT_CIVILIZATION_UNIT_BARNAXUS_NAME', 'LOC_SLTH_TRAIT_CIVILIZATION_UNIT_BARNAXUS_DESCRIPTION'),
('SLTH_TRAIT_CIVILIZATION_UNIT_BASIUM', 'LOC_SLTH_TRAIT_CIVILIZATION_UNIT_BASIUM_NAME', 'LOC_SLTH_TRAIT_CIVILIZATION_UNIT_BASIUM_DESCRIPTION'),
('SLTH_TRAIT_CIVILIZATION_UNIT_BLACK_WIND', 'LOC_SLTH_TRAIT_CIVILIZATION_UNIT_BLACK_WIND_NAME', 'LOC_SLTH_TRAIT_CIVILIZATION_UNIT_BLACK_WIND_DESCRIPTION'),
('SLTH_TRAIT_CIVILIZATION_UNIT_CORLINDALE', 'LOC_SLTH_TRAIT_CIVILIZATION_UNIT_CORLINDALE_NAME', 'LOC_SLTH_TRAIT_CIVILIZATION_UNIT_CORLINDALE_DESCRIPTION'),
('SLTH_TRAIT_CIVILIZATION_UNIT_EURABATRES', 'LOC_SLTH_TRAIT_CIVILIZATION_UNIT_EURABATRES_NAME', 'LOC_SLTH_TRAIT_CIVILIZATION_UNIT_EURABATRES_DESCRIPTION'),
('SLTH_TRAIT_CIVILIZATION_UNIT_FREAK', 'LOC_SLTH_TRAIT_CIVILIZATION_UNIT_FREAK_NAME', 'LOC_SLTH_TRAIT_CIVILIZATION_UNIT_FREAK_DESCRIPTION'),
('SLTH_TRAIT_CIVILIZATION_UNIT_GILDEN', 'LOC_SLTH_TRAIT_CIVILIZATION_UNIT_GILDEN_NAME', 'LOC_SLTH_TRAIT_CIVILIZATION_UNIT_GILDEN_DESCRIPTION'),
('SLTH_TRAIT_CIVILIZATION_UNIT_GOVANNON', 'LOC_SLTH_TRAIT_CIVILIZATION_UNIT_GOVANNON_NAME', 'LOC_SLTH_TRAIT_CIVILIZATION_UNIT_GOVANNON_DESCRIPTION'),
('SLTH_TRAIT_CIVILIZATION_UNIT_GRIGORI_MEDIC', 'LOC_SLTH_TRAIT_CIVILIZATION_UNIT_GRIGORI_MEDIC_NAME', 'LOC_SLTH_TRAIT_CIVILIZATION_UNIT_GRIGORI_MEDIC_DESCRIPTION'),
('SLTH_TRAIT_CIVILIZATION_UNIT_GUYBRUSH', 'LOC_SLTH_TRAIT_CIVILIZATION_UNIT_GUYBRUSH_NAME', 'LOC_SLTH_TRAIT_CIVILIZATION_UNIT_GUYBRUSH_DESCRIPTION'),
('SLTH_TRAIT_CIVILIZATION_UNIT_HERALD', 'LOC_SLTH_TRAIT_CIVILIZATION_UNIT_HERALD_NAME', 'LOC_SLTH_TRAIT_CIVILIZATION_UNIT_HERALD_DESCRIPTION'),
('SLTH_TRAIT_CIVILIZATION_UNIT_HERNE', 'LOC_SLTH_TRAIT_CIVILIZATION_UNIT_HERNE_NAME', 'LOC_SLTH_TRAIT_CIVILIZATION_UNIT_HERNE_DESCRIPTION'),
('SLTH_TRAIT_CIVILIZATION_UNIT_HIGH_PRIEST_OF_WINTER', 'LOC_SLTH_TRAIT_CIVILIZATION_UNIT_HIGH_PRIEST_OF_WINTER_NAME', 'LOC_SLTH_TRAIT_CIVILIZATION_UNIT_HIGH_PRIEST_OF_WINTER_DESCRIPTION'),
('SLTH_TRAIT_CIVILIZATION_UNIT_HYBOREM', 'LOC_SLTH_TRAIT_CIVILIZATION_UNIT_HYBOREM_NAME', 'LOC_SLTH_TRAIT_CIVILIZATION_UNIT_HYBOREM_DESCRIPTION'),
('SLTH_TRAIT_CIVILIZATION_UNIT_LIGHTBRINGER', 'LOC_SLTH_TRAIT_CIVILIZATION_UNIT_LIGHTBRINGER_NAME', 'LOC_SLTH_TRAIT_CIVILIZATION_UNIT_LIGHTBRINGER_DESCRIPTION'),
('SLTH_TRAIT_CIVILIZATION_UNIT_LOKI', 'LOC_SLTH_TRAIT_CIVILIZATION_UNIT_LOKI_NAME', 'LOC_SLTH_TRAIT_CIVILIZATION_UNIT_LOKI_DESCRIPTION'),
('SLTH_TRAIT_CIVILIZATION_UNIT_LOSHA', 'LOC_SLTH_TRAIT_CIVILIZATION_UNIT_LOSHA_NAME', 'LOC_SLTH_TRAIT_CIVILIZATION_UNIT_LOSHA_DESCRIPTION'),
('SLTH_TRAIT_CIVILIZATION_UNIT_LUCIAN', 'LOC_SLTH_TRAIT_CIVILIZATION_UNIT_LUCIAN_NAME', 'LOC_SLTH_TRAIT_CIVILIZATION_UNIT_LUCIAN_DESCRIPTION'),
('SLTH_TRAIT_CIVILIZATION_UNIT_MAGNADINE', 'LOC_SLTH_TRAIT_CIVILIZATION_UNIT_MAGNADINE_NAME', 'LOC_SLTH_TRAIT_CIVILIZATION_UNIT_MAGNADINE_DESCRIPTION'),
('SLTH_TRAIT_CIVILIZATION_UNIT_MAROS', 'LOC_SLTH_TRAIT_CIVILIZATION_UNIT_MAROS_NAME', 'LOC_SLTH_TRAIT_CIVILIZATION_UNIT_MAROS_DESCRIPTION'),
('SLTH_TRAIT_CIVILIZATION_UNIT_MONK', 'LOC_SLTH_TRAIT_CIVILIZATION_UNIT_MONK_NAME', 'LOC_SLTH_TRAIT_CIVILIZATION_UNIT_MONK_DESCRIPTION'),
('SLTH_TRAIT_CIVILIZATION_UNIT_OPHANIM', 'LOC_SLTH_TRAIT_CIVILIZATION_UNIT_OPHANIM_NAME', 'LOC_SLTH_TRAIT_CIVILIZATION_UNIT_OPHANIM_DESCRIPTION'),
('SLTH_TRAIT_CIVILIZATION_UNIT_RANTINE', 'LOC_SLTH_TRAIT_CIVILIZATION_UNIT_RANTINE_NAME', 'LOC_SLTH_TRAIT_CIVILIZATION_UNIT_RANTINE_DESCRIPTION'),
('SLTH_TRAIT_CIVILIZATION_UNIT_RATHUS', 'LOC_SLTH_TRAIT_CIVILIZATION_UNIT_RATHUS_NAME', 'LOC_SLTH_TRAIT_CIVILIZATION_UNIT_RATHUS_DESCRIPTION'),
('SLTH_TRAIT_CIVILIZATION_UNIT_REPENTANT_ANGEL', 'LOC_SLTH_TRAIT_CIVILIZATION_UNIT_REPENTANT_ANGEL_NAME', 'LOC_SLTH_TRAIT_CIVILIZATION_UNIT_REPENTANT_ANGEL_DESCRIPTION'),
('SLTH_TRAIT_CIVILIZATION_UNIT_SERAPH', 'LOC_SLTH_TRAIT_CIVILIZATION_UNIT_SERAPH_NAME', 'LOC_SLTH_TRAIT_CIVILIZATION_UNIT_SERAPH_DESCRIPTION'),
('SLTH_TRAIT_CIVILIZATION_UNIT_TEUTORIX', 'LOC_SLTH_TRAIT_CIVILIZATION_UNIT_TEUTORIX_NAME', 'LOC_SLTH_TRAIT_CIVILIZATION_UNIT_TEUTORIX_DESCRIPTION'),
('SLTH_TRAIT_CIVILIZATION_UNIT_VALKYRIE', 'LOC_SLTH_TRAIT_CIVILIZATION_UNIT_VALKYRIE_NAME', 'LOC_SLTH_TRAIT_CIVILIZATION_UNIT_VALKYRIE_DESCRIPTION'),
('SLTH_TRAIT_CIVILIZATION_UNIT_WAR_MACHINE', 'LOC_SLTH_TRAIT_CIVILIZATION_UNIT_WAR_MACHINE_NAME', 'LOC_SLTH_TRAIT_CIVILIZATION_UNIT_WAR_MACHINE_DESCRIPTION'),
('SLTH_TRAIT_CIVILIZATION_UNIT_WILBOMAN', 'LOC_SLTH_TRAIT_CIVILIZATION_UNIT_WILBOMAN_NAME', 'LOC_SLTH_TRAIT_CIVILIZATION_UNIT_WILBOMAN_DESCRIPTION'),
('SLTH_TRAIT_CIVILIZATION_UNIT_DEMAGOG', 'LOC_SLTH_TRAIT_CIVILIZATION_UNIT_DEMAGOG_NAME', 'LOC_SLTH_TRAIT_CIVILIZATION_UNIT_DEMAGOG_DESCRIPTION'),
('SLTH_TRAIT_CIVILIZATION_UNIT_DONAL', 'LOC_SLTH_TRAIT_CIVILIZATION_UNIT_DONAL_NAME', 'LOC_SLTH_TRAIT_CIVILIZATION_UNIT_DONAL_DESCRIPTION'),
('SLTH_TRAIT_CIVILIZATION_UNIT_FLAGBEARER', 'LOC_SLTH_TRAIT_CIVILIZATION_UNIT_FLAGBEARER_NAME', 'LOC_SLTH_TRAIT_CIVILIZATION_UNIT_FLAGBEARER_DESCRIPTION'),
('SLTH_TRAIT_CIVILIZATION_UNIT_SWORDSMAN', 'LOC_SLTH_TRAIT_CIVILIZATION_UNIT_SWORDSMAN_NAME', 'LOC_SLTH_TRAIT_CIVILIZATION_UNIT_SWORDSMAN_DESCRIPTION'),
('SLTH_TRAIT_CIVILIZATION_UNIT_WOOD_GOLEM', 'LOC_SLTH_TRAIT_CIVILIZATION_UNIT_WOOD_GOLEM_NAME', 'LOC_SLTH_TRAIT_CIVILIZATION_UNIT_WOOD_GOLEM_DESCRIPTION'),
('SLTH_TRAIT_CIVILIZATION_UNIT_SONS_OF_ASENA', 'LOC_SLTH_TRAIT_CIVILIZATION_UNIT_SONS_OF_ASENA_NAME', 'LOC_SLTH_TRAIT_CIVILIZATION_UNIT_SONS_OF_ASENA_DESCRIPTION'),
('SLTH_TRAIT_CIVILIZATION_UNIT_MOROI', 'LOC_SLTH_TRAIT_CIVILIZATION_UNIT_MOROI_NAME', 'LOC_SLTH_TRAIT_CIVILIZATION_UNIT_MOROI_DESCRIPTION'),
('SLTH_TRAIT_CIVILIZATION_UNIT_PYRE_ZOMBIE', 'LOC_SLTH_TRAIT_CIVILIZATION_UNIT_PYRE_ZOMBIE_NAME', 'LOC_SLTH_TRAIT_CIVILIZATION_UNIT_PYRE_ZOMBIE_DESCRIPTION'),
('SLTH_TRAIT_CIVILIZATION_UNIT_CAMEL_ARCHER', 'LOC_SLTH_TRAIT_CIVILIZATION_UNIT_CAMEL_ARCHER_NAME', 'LOC_SLTH_TRAIT_CIVILIZATION_UNIT_CAMEL_ARCHER_DESCRIPTION'),
('SLTH_TRAIT_CIVILIZATION_UNIT_CENTAUR_ARCHER', 'LOC_SLTH_TRAIT_CIVILIZATION_UNIT_CENTAUR_ARCHER_NAME', 'LOC_SLTH_TRAIT_CIVILIZATION_UNIT_CENTAUR_ARCHER_DESCRIPTION'),
('SLTH_TRAIT_CIVILIZATION_UNIT_FYRDWELL', 'LOC_SLTH_TRAIT_CIVILIZATION_UNIT_FYRDWELL_NAME', 'LOC_SLTH_TRAIT_CIVILIZATION_UNIT_FYRDWELL_DESCRIPTION'),
('SLTH_TRAIT_CIVILIZATION_UNIT_NYXKIN', 'LOC_SLTH_TRAIT_CIVILIZATION_UNIT_NYXKIN_NAME', 'LOC_SLTH_TRAIT_CIVILIZATION_UNIT_NYXKIN_DESCRIPTION'),
('SLTH_TRAIT_CIVILIZATION_UNIT_DEVOUT', 'LOC_SLTH_TRAIT_CIVILIZATION_UNIT_DEVOUT_NAME', 'LOC_SLTH_TRAIT_CIVILIZATION_UNIT_DEVOUT_DESCRIPTION'),
('SLTH_TRAIT_CIVILIZATION_UNIT_GHOST', 'LOC_SLTH_TRAIT_CIVILIZATION_UNIT_GHOST_NAME', 'LOC_SLTH_TRAIT_CIVILIZATION_UNIT_GHOST_DESCRIPTION'),
('SLTH_TRAIT_CIVILIZATION_UNIT_CHANTER', 'LOC_SLTH_TRAIT_CIVILIZATION_UNIT_CHANTER_NAME', 'LOC_SLTH_TRAIT_CIVILIZATION_UNIT_CHANTER_DESCRIPTION'),
('SLTH_TRAIT_CIVILIZATION_UNIT_TASKMASTER', 'LOC_SLTH_TRAIT_CIVILIZATION_UNIT_TASKMASTER_NAME', 'LOC_SLTH_TRAIT_CIVILIZATION_UNIT_TASKMASTER_DESCRIPTION'),
('SLTH_TRAIT_CIVILIZATION_UNIT_LIZARDMAN_ASSASSIN', 'LOC_SLTH_TRAIT_CIVILIZATION_UNIT_LIZARDMAN_ASSASSIN_NAME', 'LOC_SLTH_TRAIT_CIVILIZATION_UNIT_LIZARDMAN_ASSASSIN_DESCRIPTION'),
('SLTH_TRAIT_CIVILIZATION_UNIT_DWARVEN_SLINGER', 'LOC_SLTH_TRAIT_CIVILIZATION_UNIT_DWARVEN_SLINGER_NAME', 'LOC_SLTH_TRAIT_CIVILIZATION_UNIT_DWARVEN_SLINGER_DESCRIPTION'),
('SLTH_TRAIT_CIVILIZATION_UNIT_JAVELIN_THROWER', 'LOC_SLTH_TRAIT_CIVILIZATION_UNIT_JAVELIN_THROWER_NAME', 'LOC_SLTH_TRAIT_CIVILIZATION_UNIT_JAVELIN_THROWER_DESCRIPTION'),
('SLTH_TRAIT_CIVILIZATION_UNIT_CLOCKWORK_GOLEM', 'LOC_SLTH_TRAIT_CIVILIZATION_UNIT_CLOCKWORK_GOLEM_NAME', 'LOC_SLTH_TRAIT_CIVILIZATION_UNIT_CLOCKWORK_GOLEM_DESCRIPTION'),
('SLTH_TRAIT_CIVILIZATION_UNIT_CIRCLE_OF_URD', 'LOC_SLTH_TRAIT_CIVILIZATION_UNIT_CIRCLE_OF_URD_NAME', 'LOC_SLTH_TRAIT_CIVILIZATION_UNIT_CIRCLE_OF_URD_DESCRIPTION'),
('SLTH_TRAIT_CIVILIZATION_UNIT_BRUJAH', 'LOC_SLTH_TRAIT_CIVILIZATION_UNIT_BRUJAH_NAME', 'LOC_SLTH_TRAIT_CIVILIZATION_UNIT_BRUJAH_DESCRIPTION'),
('SLTH_TRAIT_CIVILIZATION_UNIT_BALOR', 'LOC_SLTH_TRAIT_CIVILIZATION_UNIT_BALOR_NAME', 'LOC_SLTH_TRAIT_CIVILIZATION_UNIT_BALOR_DESCRIPTION'),
('SLTH_TRAIT_CIVILIZATION_UNIT_IRON_GOLEM', 'LOC_SLTH_TRAIT_CIVILIZATION_UNIT_IRON_GOLEM_NAME', 'LOC_SLTH_TRAIT_CIVILIZATION_UNIT_IRON_GOLEM_DESCRIPTION'),
('SLTH_TRAIT_CIVILIZATION_UNIT_BOARDING_PARTY', 'LOC_SLTH_TRAIT_CIVILIZATION_UNIT_BOARDING_PARTY_NAME', 'LOC_SLTH_TRAIT_CIVILIZATION_UNIT_BOARDING_PARTY_DESCRIPTION'),
('SLTH_TRAIT_CIVILIZATION_UNIT_DRAGON_SLAYER', 'LOC_SLTH_TRAIT_CIVILIZATION_UNIT_DRAGON_SLAYER_NAME', 'LOC_SLTH_TRAIT_CIVILIZATION_UNIT_DRAGON_SLAYER_DESCRIPTION'),
('SLTH_TRAIT_CIVILIZATION_UNIT_BATTLEMASTER', 'LOC_SLTH_TRAIT_CIVILIZATION_UNIT_BATTLEMASTER_NAME', 'LOC_SLTH_TRAIT_CIVILIZATION_UNIT_BATTLEMASTER_DESCRIPTION'),
('SLTH_TRAIT_CIVILIZATION_UNIT_MIMIC', 'LOC_SLTH_TRAIT_CIVILIZATION_UNIT_MIMIC_NAME', 'LOC_SLTH_TRAIT_CIVILIZATION_UNIT_MIMIC_DESCRIPTION'),
('SLTH_TRAIT_CIVILIZATION_UNIT_OGRE', 'LOC_SLTH_TRAIT_CIVILIZATION_UNIT_OGRE_NAME', 'LOC_SLTH_TRAIT_CIVILIZATION_UNIT_OGRE_DESCRIPTION'),
('SLTH_TRAIT_CIVILIZATION_UNIT_VAMPIRE', 'LOC_SLTH_TRAIT_CIVILIZATION_UNIT_VAMPIRE_NAME', 'LOC_SLTH_TRAIT_CIVILIZATION_UNIT_VAMPIRE_DESCRIPTION'),
('SLTH_TRAIT_CIVILIZATION_UNIT_DWARVEN_DRUID', 'LOC_SLTH_TRAIT_CIVILIZATION_UNIT_DWARVEN_DRUID_NAME', 'LOC_SLTH_TRAIT_CIVILIZATION_UNIT_DWARVEN_DRUID_DESCRIPTION'),
('SLTH_TRAIT_CIVILIZATION_UNIT_LUONNOTAR', 'LOC_SLTH_TRAIT_CIVILIZATION_UNIT_LUONNOTAR_NAME', 'LOC_SLTH_TRAIT_CIVILIZATION_UNIT_LUONNOTAR_DESCRIPTION'),
('SLTH_TRAIT_CIVILIZATION_UNIT_LIZARDMAN_DRUID', 'LOC_SLTH_TRAIT_CIVILIZATION_UNIT_LIZARDMAN_DRUID_NAME', 'LOC_SLTH_TRAIT_CIVILIZATION_UNIT_LIZARDMAN_DRUID_DESCRIPTION'),
('SLTH_TRAIT_CIVILIZATION_UNIT_BOAR_RIDER', 'LOC_SLTH_TRAIT_CIVILIZATION_UNIT_BOAR_RIDER_NAME', 'LOC_SLTH_TRAIT_CIVILIZATION_UNIT_BOAR_RIDER_DESCRIPTION'),
('SLTH_TRAIT_CIVILIZATION_UNIT_CENTAUR', 'LOC_SLTH_TRAIT_CIVILIZATION_UNIT_CENTAUR_NAME', 'LOC_SLTH_TRAIT_CIVILIZATION_UNIT_CENTAUR_DESCRIPTION'),
('SLTH_TRAIT_CIVILIZATION_UNIT_WOLF_RIDER', 'LOC_SLTH_TRAIT_CIVILIZATION_UNIT_WOLF_RIDER_NAME', 'LOC_SLTH_TRAIT_CIVILIZATION_UNIT_WOLF_RIDER_DESCRIPTION'),
('SLTH_TRAIT_CIVILIZATION_UNIT_BONE_GOLEM', 'LOC_SLTH_TRAIT_CIVILIZATION_UNIT_BONE_GOLEM_NAME', 'LOC_SLTH_TRAIT_CIVILIZATION_UNIT_BONE_GOLEM_DESCRIPTION'),
('SLTH_TRAIT_CIVILIZATION_UNIT_SKULD', 'LOC_SLTH_TRAIT_CIVILIZATION_UNIT_SKULD_NAME', 'LOC_SLTH_TRAIT_CIVILIZATION_UNIT_SKULD_DESCRIPTION'),
('SLTH_TRAIT_CIVILIZATION_UNIT_OGRE_WARCHIEF', 'LOC_SLTH_TRAIT_CIVILIZATION_UNIT_OGRE_WARCHIEF_NAME', 'LOC_SLTH_TRAIT_CIVILIZATION_UNIT_OGRE_WARCHIEF_DESCRIPTION'),
('SLTH_TRAIT_CIVILIZATION_UNIT_VAMPIRE_LORD', 'LOC_SLTH_TRAIT_CIVILIZATION_UNIT_VAMPIRE_LORD_NAME', 'LOC_SLTH_TRAIT_CIVILIZATION_UNIT_VAMPIRE_LORD_DESCRIPTION'),
('SLTH_TRAIT_CIVILIZATION_UNIT_HORNGUARD', 'LOC_SLTH_TRAIT_CIVILIZATION_UNIT_HORNGUARD_NAME', 'LOC_SLTH_TRAIT_CIVILIZATION_UNIT_HORNGUARD_DESCRIPTION'),
('SLTH_TRAIT_CIVILIZATION_UNIT_CENTAUR_LANCER', 'LOC_SLTH_TRAIT_CIVILIZATION_UNIT_CENTAUR_LANCER_NAME', 'LOC_SLTH_TRAIT_CIVILIZATION_UNIT_CENTAUR_LANCER_DESCRIPTION'),
('SLTH_TRAIT_CIVILIZATION_UNIT_WAR_TORTOISE', 'LOC_SLTH_TRAIT_CIVILIZATION_UNIT_WAR_TORTOISE_NAME', 'LOC_SLTH_TRAIT_CIVILIZATION_UNIT_WAR_TORTOISE_DESCRIPTION'),
('SLTH_TRAIT_CIVILIZATION_UNIT_BISON_RIDER', 'LOC_SLTH_TRAIT_CIVILIZATION_UNIT_BISON_RIDER_NAME', 'LOC_SLTH_TRAIT_CIVILIZATION_UNIT_BISON_RIDER_DESCRIPTION'),
('SLTH_TRAIT_CIVILIZATION_UNIT_DEATH_KNIGHT', 'LOC_SLTH_TRAIT_CIVILIZATION_UNIT_DEATH_KNIGHT_NAME', 'LOC_SLTH_TRAIT_CIVILIZATION_UNIT_DEATH_KNIGHT_DESCRIPTION'),
('SLTH_TRAIT_CIVILIZATION_UNIT_GARGOYLE', 'LOC_SLTH_TRAIT_CIVILIZATION_UNIT_GARGOYLE_NAME', 'LOC_SLTH_TRAIT_CIVILIZATION_UNIT_GARGOYLE_DESCRIPTION'),
('SLTH_TRAIT_CIVILIZATION_UNIT_FIREBOW', 'LOC_SLTH_TRAIT_CIVILIZATION_UNIT_FIREBOW_NAME', 'LOC_SLTH_TRAIT_CIVILIZATION_UNIT_FIREBOW_DESCRIPTION'),
('SLTH_TRAIT_CIVILIZATION_UNIT_NULLSTONE_GOLEM', 'LOC_SLTH_TRAIT_CIVILIZATION_UNIT_NULLSTONE_GOLEM_NAME', 'LOC_SLTH_TRAIT_CIVILIZATION_UNIT_NULLSTONE_GOLEM_DESCRIPTION'),
('SLTH_TRAIT_CIVILIZATION_UNIT_VERDANDI', 'LOC_SLTH_TRAIT_CIVILIZATION_UNIT_VERDANDI_NAME', 'LOC_SLTH_TRAIT_CIVILIZATION_UNIT_VERDANDI_DESCRIPTION'),
('SLTH_TRAIT_CIVILIZATION_UNIT_STONESKIN_OGRE', 'LOC_SLTH_TRAIT_CIVILIZATION_UNIT_STONESKIN_OGRE_NAME', 'LOC_SLTH_TRAIT_CIVILIZATION_UNIT_STONESKIN_OGRE_DESCRIPTION'),
('SLTH_TRAIT_CIVILIZATION_UNIT_DWARVEN_SHADOW', 'LOC_SLTH_TRAIT_CIVILIZATION_UNIT_DWARVEN_SHADOW_NAME', 'LOC_SLTH_TRAIT_CIVILIZATION_UNIT_DWARVEN_SHADOW_DESCRIPTION'),
('SLTH_TRAIT_CIVILIZATION_UNIT_COURTESAN', 'LOC_SLTH_TRAIT_CIVILIZATION_UNIT_COURTESAN_NAME', 'LOC_SLTH_TRAIT_CIVILIZATION_UNIT_COURTESAN_DESCRIPTION'),
('SLTH_TRAIT_CIVILIZATION_UNIT_MUD_GOLEM', 'LOC_SLTH_TRAIT_CIVILIZATION_UNIT_MUD_GOLEM_NAME', 'LOC_SLTH_TRAIT_CIVILIZATION_UNIT_MUD_GOLEM_DESCRIPTION'),
('SLTH_TRAIT_CIVILIZATION_UNIT_CENTAUR_CHARGER', 'LOC_SLTH_TRAIT_CIVILIZATION_UNIT_CENTAUR_CHARGER_NAME', 'LOC_SLTH_TRAIT_CIVILIZATION_UNIT_CENTAUR_CHARGER_DESCRIPTION'),
('SLTH_TRAIT_CIVILIZATION_UNIT_AIRSHIP', 'LOC_SLTH_TRAIT_CIVILIZATION_UNIT_AIRSHIP_NAME', 'LOC_SLTH_TRAIT_CIVILIZATION_UNIT_AIRSHIP_DESCRIPTION'),
('SLTH_TRAIT_CIVILIZATION_UNIT_FLURRY', 'LOC_SLTH_TRAIT_CIVILIZATION_UNIT_FLURRY_NAME', 'LOC_SLTH_TRAIT_CIVILIZATION_UNIT_FLURRY_DESCRIPTION'),
('SLTH_TRAIT_CIVILIZATION_UNIT_MYCONID', 'LOC_SLTH_TRAIT_CIVILIZATION_UNIT_MYCONID_NAME', 'LOC_SLTH_TRAIT_CIVILIZATION_UNIT_MYCONID_DESCRIPTION'),
('SLTH_TRAIT_CIVILIZATION_UNIT_LIZARDMAN_BEASTMASTER', 'LOC_SLTH_TRAIT_CIVILIZATION_UNIT_LIZARDMAN_BEASTMASTER_NAME', 'LOC_SLTH_TRAIT_CIVILIZATION_UNIT_LIZARDMAN_BEASTMASTER_DESCRIPTION'),
('SLTH_TRAIT_CIVILIZATION_UNIT_DWARVEN_CANNON', 'LOC_SLTH_TRAIT_CIVILIZATION_UNIT_DWARVEN_CANNON_NAME', 'LOC_SLTH_TRAIT_CIVILIZATION_UNIT_DWARVEN_CANNON_DESCRIPTION'),
('SLTH_TRAIT_CIVILIZATION_UNIT_TREBUCHET', 'LOC_SLTH_TRAIT_CIVILIZATION_UNIT_TREBUCHET_NAME', 'LOC_SLTH_TRAIT_CIVILIZATION_UNIT_TREBUCHET_DESCRIPTION'),
('SLTH_TRAIT_CIVILIZATION_UNIT_DIVIDED_SOUL', 'LOC_SLTH_TRAIT_CIVILIZATION_UNIT_DIVIDED_SOUL_NAME', 'LOC_SLTH_TRAIT_CIVILIZATION_UNIT_DIVIDED_SOUL_DESCRIPTION'),
('SLTH_TRAIT_CIVILIZATION_UNIT_LIZARDMAN', 'LOC_SLTH_TRAIT_CIVILIZATION_UNIT_LIZARDMAN_NAME', 'LOC_SLTH_TRAIT_CIVILIZATION_UNIT_LIZARDMAN_DESCRIPTION'),
('SLTH_TRAIT_CIVILIZATION_UNIT_HELLHOUND', 'LOC_SLTH_TRAIT_CIVILIZATION_UNIT_HELLHOUND_NAME', 'LOC_SLTH_TRAIT_CIVILIZATION_UNIT_HELLHOUND_DESCRIPTION'),
('SLTH_TRAIT_CIVILIZATION_UNIT_PIRATE', 'LOC_SLTH_TRAIT_CIVILIZATION_UNIT_PIRATE_NAME', 'LOC_SLTH_TRAIT_CIVILIZATION_UNIT_PIRATE_DESCRIPTION'),
('SLTH_TRAIT_CIVILIZATION_UNIT_MERCENARY_MOUNTED', 'LOC_SLTH_TRAIT_CIVILIZATION_UNIT_MERCENARY_MOUNTED_NAME', 'LOC_SLTH_TRAIT_CIVILIZATION_UNIT_MERCENARY_MOUNTED_DESCRIPTION'),
('SLTH_TRAIT_CIVILIZATION_UNIT_WIZARD', 'LOC_SLTH_TRAIT_CIVILIZATION_UNIT_WIZARD_NAME', 'LOC_SLTH_TRAIT_CIVILIZATION_UNIT_WIZARD_DESCRIPTION'),
('SLTH_TRAIT_CIVILIZATION_UNIT_ILLUSIONIST', 'LOC_SLTH_TRAIT_CIVILIZATION_UNIT_ILLUSIONIST_NAME', 'LOC_SLTH_TRAIT_CIVILIZATION_UNIT_ILLUSIONIST_DESCRIPTION'),
('SLTH_TRAIT_CIVILIZATION_UNIT_SHAMAN', 'LOC_SLTH_TRAIT_CIVILIZATION_UNIT_SHAMAN_NAME', 'LOC_SLTH_TRAIT_CIVILIZATION_UNIT_SHAMAN_DESCRIPTION'),
('SLTH_TRAIT_CIVILIZATION_UNIT_IMP', 'LOC_SLTH_TRAIT_CIVILIZATION_UNIT_IMP_NAME', 'LOC_SLTH_TRAIT_CIVILIZATION_UNIT_IMP_DESCRIPTION'),
('SLTH_TRAIT_CIVILIZATION_UNIT_BEASTMAN', 'LOC_SLTH_TRAIT_CIVILIZATION_UNIT_BEASTMAN_NAME', 'LOC_SLTH_TRAIT_CIVILIZATION_UNIT_BEASTMAN_DESCRIPTION'),
('SLTH_TRAIT_CIVILIZATION_UNIT_BLOODPET', 'LOC_SLTH_TRAIT_CIVILIZATION_UNIT_BLOODPET_NAME', 'LOC_SLTH_TRAIT_CIVILIZATION_UNIT_BLOODPET_DESCRIPTION'),
('SLTH_TRAIT_CIVILIZATION_UNIT_HARLEQUIN', 'LOC_SLTH_TRAIT_CIVILIZATION_UNIT_HARLEQUIN_NAME', 'LOC_SLTH_TRAIT_CIVILIZATION_UNIT_HARLEQUIN_DESCRIPTION'),
('SLTH_TRAIT_CIVILIZATION_UNIT_LIZARDMAN_RANGER', 'LOC_SLTH_TRAIT_CIVILIZATION_UNIT_LIZARDMAN_RANGER_NAME', 'LOC_SLTH_TRAIT_CIVILIZATION_UNIT_LIZARDMAN_RANGER_DESCRIPTION'),
('SLTH_TRAIT_CIVILIZATION_UNIT_GOBLIN', 'LOC_SLTH_TRAIT_CIVILIZATION_UNIT_GOBLIN_NAME', 'LOC_SLTH_TRAIT_CIVILIZATION_UNIT_GOBLIN_DESCRIPTION'),
('SLTH_TRAIT_CIVILIZATION_UNIT_EATER_OF_DREAMS', 'LOC_SLTH_TRAIT_CIVILIZATION_UNIT_EATER_OF_DREAMS_NAME', 'LOC_SLTH_TRAIT_CIVILIZATION_UNIT_EATER_OF_DREAMS_DESCRIPTION'),
('SLTH_TRAIT_CIVILIZATION_BANNOR_COOL', 'LOC_SLTH_TRAIT_CIVILIZATION_BANNOR_COOL_NAME', 'LOC_SLTH_TRAIT_CIVILIZATION_BANNOR_COOL_DESCRIPTION'),
('SLTH_TRAIT_CIVILIZATION_MALAKIM_COOL', 'LOC_SLTH_TRAIT_CIVILIZATION_MALAKIM_COOL_NAME', 'LOC_SLTH_TRAIT_CIVILIZATION_MALAKIM_COOL_DESCRIPTION'),
('SLTH_TRAIT_CIVILIZATION_ELOHIM_COOL', 'LOC_SLTH_TRAIT_CIVILIZATION_ELOHIM_COOL_NAME', 'LOC_SLTH_TRAIT_CIVILIZATION_ELOHIM_COOL_DESCRIPTION'),
('SLTH_TRAIT_CIVILIZATION_MERCURIANS_COOL', 'LOC_SLTH_TRAIT_CIVILIZATION_MERCURIANS_COOL_NAME', 'LOC_SLTH_TRAIT_CIVILIZATION_MERCURIANS_COOL_DESCRIPTION'),
('SLTH_TRAIT_CIVILIZATION_LUCHUIRP_COOL', 'LOC_SLTH_TRAIT_CIVILIZATION_LUCHUIRP_COOL_NAME', 'LOC_SLTH_TRAIT_CIVILIZATION_LUCHUIRP_COOL_DESCRIPTION'),
('SLTH_TRAIT_CIVILIZATION_KURIOTATES_COOL', 'LOC_SLTH_TRAIT_CIVILIZATION_KURIOTATES_COOL_NAME', 'LOC_SLTH_TRAIT_CIVILIZATION_KURIOTATES_COOL_DESCRIPTION'),
('SLTH_TRAIT_CIVILIZATION_LJOSALFAR_COOL', 'LOC_SLTH_TRAIT_CIVILIZATION_LJOSALFAR_COOL_NAME', 'LOC_SLTH_TRAIT_CIVILIZATION_LJOSALFAR_COOL_DESCRIPTION'),
('SLTH_TRAIT_CIVILIZATION_KHAZAD_COOL', 'LOC_SLTH_TRAIT_CIVILIZATION_KHAZAD_COOL_NAME', 'LOC_SLTH_TRAIT_CIVILIZATION_KHAZAD_COOL_DESCRIPTION'),
('SLTH_TRAIT_CIVILIZATION_SIDAR_COOL', 'LOC_SLTH_TRAIT_CIVILIZATION_SIDAR_COOL_NAME', 'LOC_SLTH_TRAIT_CIVILIZATION_SIDAR_COOL_DESCRIPTION'),
('SLTH_TRAIT_CIVILIZATION_LANUN_COOL', 'LOC_SLTH_TRAIT_CIVILIZATION_LANUN_COOL_NAME', 'LOC_SLTH_TRAIT_CIVILIZATION_LANUN_COOL_DESCRIPTION'),
('SLTH_TRAIT_CIVILIZATION_GRIGORI_COOL', 'LOC_SLTH_TRAIT_CIVILIZATION_GRIGORI_COOL_NAME', 'LOC_SLTH_TRAIT_CIVILIZATION_GRIGORI_COOL_DESCRIPTION'),
('SLTH_TRAIT_CIVILIZATION_HIPPUS_COOL', 'LOC_SLTH_TRAIT_CIVILIZATION_HIPPUS_COOL_NAME', 'LOC_SLTH_TRAIT_CIVILIZATION_HIPPUS_COOL_DESCRIPTION'),
('SLTH_TRAIT_CIVILIZATION_AMURITES_COOL', 'LOC_SLTH_TRAIT_CIVILIZATION_AMURITES_COOL_NAME', 'LOC_SLTH_TRAIT_CIVILIZATION_AMURITES_COOL_DESCRIPTION'),
('SLTH_TRAIT_CIVILIZATION_DOVIELLO_COOL', 'LOC_SLTH_TRAIT_CIVILIZATION_DOVIELLO_COOL_NAME', 'LOC_SLTH_TRAIT_CIVILIZATION_DOVIELLO_COOL_DESCRIPTION'),
('SLTH_TRAIT_CIVILIZATION_BALSERAPHS_COOL', 'LOC_SLTH_TRAIT_CIVILIZATION_BALSERAPHS_COOL_NAME', 'LOC_SLTH_TRAIT_CIVILIZATION_BALSERAPHS_COOL_DESCRIPTION'),
('SLTH_TRAIT_CIVILIZATION_CLAN_OF_EMBERS_COOL', 'LOC_SLTH_TRAIT_CIVILIZATION_CLAN_OF_EMBERS_COOL_NAME', 'LOC_SLTH_TRAIT_CIVILIZATION_CLAN_OF_EMBERS_COOL_DESCRIPTION'),
('SLTH_TRAIT_CIVILIZATION_SVARTALFAR_COOL', 'LOC_SLTH_TRAIT_CIVILIZATION_SVARTALFAR_COOL_NAME', 'LOC_SLTH_TRAIT_CIVILIZATION_SVARTALFAR_COOL_DESCRIPTION'),
('SLTH_TRAIT_CIVILIZATION_CALABIM_COOL', 'LOC_SLTH_TRAIT_CIVILIZATION_CALABIM_COOL_NAME', 'LOC_SLTH_TRAIT_CIVILIZATION_CALABIM_COOL_DESCRIPTION'),
('SLTH_TRAIT_CIVILIZATION_SHEAIM_COOL', 'LOC_SLTH_TRAIT_CIVILIZATION_SHEAIM_COOL_NAME', 'LOC_SLTH_TRAIT_CIVILIZATION_SHEAIM_COOL_DESCRIPTION'),
('SLTH_TRAIT_CIVILIZATION_INFERNAL_COOL', 'LOC_SLTH_TRAIT_CIVILIZATION_INFERNAL_COOL_NAME', 'LOC_SLTH_TRAIT_CIVILIZATION_INFERNAL_COOL_DESCRIPTION'),
('SLTH_TRAIT_CIVILIZATION_ILLIANS_COOL', 'LOC_SLTH_TRAIT_CIVILIZATION_ILLIANS_COOL_NAME', 'LOC_SLTH_TRAIT_CIVILIZATION_ILLIANS_COOL_DESCRIPTION'),
('SLTH_TRAIT_CIVILIZATION_UNIT_ARCHER_SCORPION_CLAN', 'LOC_SLTH_TRAIT_CIVILIZATION_UNIT_ARCHER_SCORPION_CLAN_NAME', 'LOC_SLTH_TRAIT_CIVILIZATION_UNIT_ARCHER_SCORPION_CLAN_DESCRIPTION'),
('SLTH_TRAIT_CIVILIZATION_UNIT_POLAR_BEAR', 'LOC_SLTH_TRAIT_CIVILIZATION_UNIT_POLAR_BEAR_NAME', 'LOC_SLTH_TRAIT_CIVILIZATION_UNIT_POLAR_BEAR_DESCRIPTION'),
('SLTH_TRAIT_CIVILIZATION_UNIT_SPIDERKIN', 'LOC_SLTH_TRAIT_CIVILIZATION_UNIT_SPIDERKIN_NAME', 'LOC_SLTH_TRAIT_CIVILIZATION_UNIT_SPIDERKIN_DESCRIPTION'),
('SLTH_TRAIT_CIVILIZATION_UNIT_CHARIOT_SCORPION_CLAN', 'LOC_SLTH_TRAIT_CIVILIZATION_UNIT_CHARIOT_SCORPION_CLAN_NAME', 'LOC_SLTH_TRAIT_CIVILIZATION_UNIT_CHARIOT_SCORPION_CLAN_DESCRIPTION'),
('SLTH_TRAIT_CIVILIZATION_UNIT_DECIUS', 'LOC_SLTH_TRAIT_CIVILIZATION_UNIT_DECIUS_NAME', 'LOC_SLTH_TRAIT_CIVILIZATION_UNIT_DECIUS_DESCRIPTION'),
('SLTH_TRAIT_CIVILIZATION_UNIT_WOLF_RIDER_SCORPION_CLAN', 'LOC_SLTH_TRAIT_CIVILIZATION_UNIT_WOLF_RIDER_SCORPION_CLAN_NAME', 'LOC_SLTH_TRAIT_CIVILIZATION_UNIT_WOLF_RIDER_SCORPION_CLAN_DESCRIPTION'),
('SLTH_TRAIT_CIVILIZATION_UNIT_GOBLIN_SCORPION_CLAN', 'LOC_SLTH_TRAIT_CIVILIZATION_UNIT_GOBLIN_SCORPION_CLAN_NAME', 'LOC_SLTH_TRAIT_CIVILIZATION_UNIT_GOBLIN_SCORPION_CLAN_DESCRIPTION'),
('SLTH_TRAIT_RELIGION_UNIT_ARTHENDAIN', 'LOC_SLTH_TRAIT_RELIGION_UNIT_ARTHENDAIN_NAME', 'LOC_SLTH_TRAIT_RELIGION_UNIT_ARTHENDAIN_DESCRIPTION'),
('SLTH_TRAIT_RELIGION_UNIT_BAMBUR', 'LOC_SLTH_TRAIT_RELIGION_UNIT_BAMBUR_NAME', 'LOC_SLTH_TRAIT_RELIGION_UNIT_BAMBUR_DESCRIPTION'),
('SLTH_TRAIT_RELIGION_UNIT_HIGH_PRIEST_OF_KILMORPH', 'LOC_SLTH_TRAIT_RELIGION_UNIT_HIGH_PRIEST_OF_KILMORPH_NAME', 'LOC_SLTH_TRAIT_RELIGION_UNIT_HIGH_PRIEST_OF_KILMORPH_DESCRIPTION'),
('SLTH_TRAIT_RELIGION_UNIT_MITHRIL_GOLEM', 'LOC_SLTH_TRAIT_RELIGION_UNIT_MITHRIL_GOLEM_NAME', 'LOC_SLTH_TRAIT_RELIGION_UNIT_MITHRIL_GOLEM_DESCRIPTION'),
('SLTH_TRAIT_RELIGION_UNIT_PARAMANDER', 'LOC_SLTH_TRAIT_RELIGION_UNIT_PARAMANDER_NAME', 'LOC_SLTH_TRAIT_RELIGION_UNIT_PARAMANDER_DESCRIPTION'),
('SLTH_TRAIT_RELIGION_UNIT_PRIEST_OF_KILMORPH', 'LOC_SLTH_TRAIT_RELIGION_UNIT_PRIEST_OF_KILMORPH_NAME', 'LOC_SLTH_TRAIT_RELIGION_UNIT_PRIEST_OF_KILMORPH_DESCRIPTION'),
('SLTH_TRAIT_RELIGION_UNIT_DISCIPLE_OCTOPUS_OVERLORDS', 'LOC_SLTH_TRAIT_RELIGION_UNIT_DISCIPLE_OCTOPUS_OVERLORDS_NAME', 'LOC_SLTH_TRAIT_RELIGION_UNIT_DISCIPLE_OCTOPUS_OVERLORDS_DESCRIPTION'),
('SLTH_TRAIT_RELIGION_UNIT_DROWN', 'LOC_SLTH_TRAIT_RELIGION_UNIT_DROWN_NAME', 'LOC_SLTH_TRAIT_RELIGION_UNIT_DROWN_DESCRIPTION'),
('SLTH_TRAIT_RELIGION_UNIT_HEMAH', 'LOC_SLTH_TRAIT_RELIGION_UNIT_HEMAH_NAME', 'LOC_SLTH_TRAIT_RELIGION_UNIT_HEMAH_DESCRIPTION'),
('SLTH_TRAIT_RELIGION_UNIT_HIGH_PRIEST_OF_THE_OVERLORDS', 'LOC_SLTH_TRAIT_RELIGION_UNIT_HIGH_PRIEST_OF_THE_OVERLORDS_NAME', 'LOC_SLTH_TRAIT_RELIGION_UNIT_HIGH_PRIEST_OF_THE_OVERLORDS_DESCRIPTION'),
('SLTH_TRAIT_RELIGION_UNIT_LUNATIC', 'LOC_SLTH_TRAIT_RELIGION_UNIT_LUNATIC_NAME', 'LOC_SLTH_TRAIT_RELIGION_UNIT_LUNATIC_DESCRIPTION'),
('SLTH_TRAIT_RELIGION_UNIT_PRIEST_OF_THE_OVERLORDS', 'LOC_SLTH_TRAIT_RELIGION_UNIT_PRIEST_OF_THE_OVERLORDS_NAME', 'LOC_SLTH_TRAIT_RELIGION_UNIT_PRIEST_OF_THE_OVERLORDS_DESCRIPTION'),
('SLTH_TRAIT_RELIGION_UNIT_SAVEROUS', 'LOC_SLTH_TRAIT_RELIGION_UNIT_SAVEROUS_NAME', 'LOC_SLTH_TRAIT_RELIGION_UNIT_SAVEROUS_DESCRIPTION'),
('SLTH_TRAIT_RELIGION_UNIT_CRUSADER', 'LOC_SLTH_TRAIT_RELIGION_UNIT_CRUSADER_NAME', 'LOC_SLTH_TRAIT_RELIGION_UNIT_CRUSADER_DESCRIPTION'),
('SLTH_TRAIT_RELIGION_UNIT_DEMAGOG', 'LOC_SLTH_TRAIT_RELIGION_UNIT_DEMAGOG_NAME', 'LOC_SLTH_TRAIT_RELIGION_UNIT_DEMAGOG_DESCRIPTION'),
('SLTH_TRAIT_RELIGION_UNIT_DISCIPLE_THE_ORDER', 'LOC_SLTH_TRAIT_RELIGION_UNIT_DISCIPLE_THE_ORDER_NAME', 'LOC_SLTH_TRAIT_RELIGION_UNIT_DISCIPLE_THE_ORDER_DESCRIPTION'),
('SLTH_TRAIT_RELIGION_UNIT_HIGH_PRIEST_OF_THE_ORDER', 'LOC_SLTH_TRAIT_RELIGION_UNIT_HIGH_PRIEST_OF_THE_ORDER_NAME', 'LOC_SLTH_TRAIT_RELIGION_UNIT_HIGH_PRIEST_OF_THE_ORDER_DESCRIPTION'),
('SLTH_TRAIT_RELIGION_UNIT_PRIEST_OF_THE_ORDER', 'LOC_SLTH_TRAIT_RELIGION_UNIT_PRIEST_OF_THE_ORDER_NAME', 'LOC_SLTH_TRAIT_RELIGION_UNIT_PRIEST_OF_THE_ORDER_DESCRIPTION'),
('SLTH_TRAIT_RELIGION_UNIT_VALIN', 'LOC_SLTH_TRAIT_RELIGION_UNIT_VALIN_NAME', 'LOC_SLTH_TRAIT_RELIGION_UNIT_VALIN_DESCRIPTION');
INSERT INTO TraitModifiers(TraitType, ModifierId) VALUES
('SLTH_TRAIT_CIVILIZATION_BANNOR_COOL', 'MODIFIER_CIVILIZATION_BANNOR_GRANT_SLTH_TECH_EXPLORATION'),
('SLTH_TRAIT_CIVILIZATION_MALAKIM_COOL', 'MODIFIER_CIVILIZATION_MALAKIM_GRANT_SLTH_CIVIC_ANCIENT_CHANTS'),
('SLTH_TRAIT_CIVILIZATION_ELOHIM_COOL', 'MODIFIER_CIVILIZATION_ELOHIM_GRANT_SLTH_CIVIC_ANCIENT_CHANTS'),
('SLTH_TRAIT_CIVILIZATION_MERCURIANS_COOL', 'MODIFIER_CIVILIZATION_MERCURIANS_GRANT_SLTH_TECH_CRAFTING'),
('SLTH_TRAIT_CIVILIZATION_LUCHUIRP_COOL', 'MODIFIER_CIVILIZATION_LUCHUIRP_GRANT_SLTH_TECH_CRAFTING'),
('SLTH_TRAIT_CIVILIZATION_KURIOTATES_COOL', 'MODIFIER_CIVILIZATION_KURIOTATES_GRANT_SLTH_TECH_AGRICULTURE'),
('SLTH_TRAIT_CIVILIZATION_LJOSALFAR_COOL', 'TRAIT_CIVILIZATION_LJOSALFAR_ABILITY_SLTH_TRAIT_DEXTEROUS'),
('SLTH_TRAIT_CIVILIZATION_LJOSALFAR_COOL', 'MODIFIER_CIVILIZATION_LJOSALFAR_GRANT_SLTH_TECH_EXPLORATION'),
('SLTH_TRAIT_CIVILIZATION_LJOSALFAR_COOL', 'MODIFIER_CIVILIZATION_LJOSALFAR_GRANT_SLTH_TECH_SKIP_'),
('SLTH_TRAIT_CIVILIZATION_KHAZAD_COOL', 'MODIFIER_CIVILIZATION_KHAZAD_GRANT_SLTH_TECH_CRAFTING'),
('SLTH_TRAIT_CIVILIZATION_SIDAR_COOL', 'MODIFIER_CIVILIZATION_SIDAR_GRANT_SLTH_CIVIC_ANCIENT_CHANTS'),
('SLTH_TRAIT_CIVILIZATION_LANUN_COOL', 'MODIFIER_CIVILIZATION_LANUN_GRANT_SLTH_TECH_SEAFARING'),
('SLTH_TRAIT_CIVILIZATION_GRIGORI_COOL', 'MODIFIER_CIVILIZATION_GRIGORI_GRANT_SLTH_TECH_CRAFTING'),
('SLTH_TRAIT_CIVILIZATION_HIPPUS_COOL', 'TRAIT_CIVILIZATION_HIPPUS_ABILITY_SLTH_TRAIT_HORSELORD'),
('SLTH_TRAIT_CIVILIZATION_HIPPUS_COOL', 'MODIFIER_CIVILIZATION_HIPPUS_GRANT_SLTH_TECH_AGRICULTURE'),
('SLTH_TRAIT_CIVILIZATION_AMURITES_COOL', 'MODIFIER_CIVILIZATION_AMURITES_GRANT_SLTH_CIVIC_ANCIENT_CHANTS'),
('SLTH_TRAIT_CIVILIZATION_BALSERAPHS_COOL', 'MODIFIER_CIVILIZATION_BALSERAPHS_GRANT_SLTH_TECH_AGRICULTURE'),
('SLTH_TRAIT_CIVILIZATION_SVARTALFAR_COOL', 'TRAIT_CIVILIZATION_SVARTALFAR_ABILITY_SLTH_TRAIT_SINISTER'),
('SLTH_TRAIT_CIVILIZATION_SVARTALFAR_COOL', 'MODIFIER_CIVILIZATION_SVARTALFAR_GRANT_SLTH_TECH_AGRICULTURE'),
('SLTH_TRAIT_CIVILIZATION_SVARTALFAR_COOL', 'MODIFIER_CIVILIZATION_SVARTALFAR_GRANT_SLTH_TECH_SKIP_'),
('SLTH_TRAIT_CIVILIZATION_CALABIM_COOL', 'MODIFIER_CIVILIZATION_CALABIM_GRANT_SLTH_TECH_EXPLORATION'),
('SLTH_TRAIT_CIVILIZATION_SHEAIM_COOL', 'MODIFIER_CIVILIZATION_SHEAIM_GRANT_SLTH_CIVIC_ANCIENT_CHANTS'),
('SLTH_TRAIT_CIVILIZATION_INFERNAL_COOL', 'MODIFIER_CIVILIZATION_INFERNAL_GRANT_SLTH_TECH_CRAFTING'),
('SLTH_TRAIT_CIVILIZATION_ILLIANS_COOL', 'MODIFIER_CIVILIZATION_ILLIANS_GRANT_SLTH_TECH_EXPLORATION'),
('SLTH_TRAIT_CIVILIZATION_MERCURIANS_COOL', 'MODIFIER_BAN_SLTH_UNIT_ARQUEBUS'),
('SLTH_TRAIT_CIVILIZATION_MERCURIANS_COOL', 'MODIFIER_BAN_SLTH_UNIT_BEASTMASTER'),
('SLTH_TRAIT_CIVILIZATION_MERCURIANS_COOL', 'MODIFIER_BAN_SLTH_UNIT_BERSERKER'),
('SLTH_TRAIT_CIVILIZATION_MERCURIANS_COOL', 'MODIFIER_BAN_SLTH_UNIT_CROSSBOWMAN'),
('SLTH_TRAIT_CIVILIZATION_MERCURIANS_COOL', 'MODIFIER_BAN_SLTH_UNIT_IMMORTAL'),
('SLTH_TRAIT_CIVILIZATION_MERCURIANS_COOL', 'MODIFIER_BAN_SLTH_UNIT_KNIGHT'),
('SLTH_TRAIT_CIVILIZATION_MERCURIANS_COOL', 'MODIFIER_BAN_SLTH_UNIT_MARKSMAN'),
('SLTH_TRAIT_CIVILIZATION_MERCURIANS_COOL', 'MODIFIER_BAN_SLTH_UNIT_PHALANX'),
('SLTH_TRAIT_CIVILIZATION_MERCURIANS_COOL', 'MODIFIER_BAN_SLTH_UNIT_SCOUT'),
('SLTH_TRAIT_CIVILIZATION_MERCURIANS_COOL', 'MODIFIER_BAN_SLTH_UNIT_WARRIOR'),
('SLTH_TRAIT_CIVILIZATION_LJOSALFAR_COOL', 'MODIFIER_BAN_SLTH_UNIT_ARQUEBUS'),
('SLTH_TRAIT_CIVILIZATION_LJOSALFAR_COOL', 'MODIFIER_BAN_SLTH_UNIT_BERSERKER'),
('SLTH_TRAIT_CIVILIZATION_LJOSALFAR_COOL', 'MODIFIER_BAN_SLTH_UNIT_CANNON'),
('SLTH_TRAIT_CIVILIZATION_LJOSALFAR_COOL', 'MODIFIER_BAN_SLTH_UNIT_CATAPULT'),
('SLTH_TRAIT_CIVILIZATION_LJOSALFAR_COOL', 'MODIFIER_BAN_SLTH_UNIT_CHARIOT'),
('SLTH_TRAIT_CIVILIZATION_HIPPUS_COOL', 'MODIFIER_BAN_SLTH_UNIT_ARQUEBUS'),
('SLTH_TRAIT_CIVILIZATION_HIPPUS_COOL', 'MODIFIER_BAN_SLTH_UNIT_CANNON'),
('SLTH_TRAIT_CIVILIZATION_DOVIELLO_COOL', 'MODIFIER_BAN_SLTH_UNIT_ARQUEBUS'),
('SLTH_TRAIT_CIVILIZATION_DOVIELLO_COOL', 'MODIFIER_BAN_SLTH_UNIT_MARKSMAN'),
('SLTH_TRAIT_CIVILIZATION_DOVIELLO_COOL', 'MODIFIER_BAN_SLTH_UNIT_CANNON'),
('SLTH_TRAIT_CIVILIZATION_CLAN_OF_EMBERS_COOL', 'MODIFIER_BAN_SLTH_UNIT_ARQUEBUS'),
('SLTH_TRAIT_CIVILIZATION_CLAN_OF_EMBERS_COOL', 'MODIFIER_BAN_SLTH_UNIT_KNIGHT'),
('SLTH_TRAIT_CIVILIZATION_CLAN_OF_EMBERS_COOL', 'MODIFIER_BAN_SLTH_UNIT_HORSE_ARCHER'),
('SLTH_TRAIT_CIVILIZATION_CLAN_OF_EMBERS_COOL', 'MODIFIER_BAN_SLTH_UNIT_CANNON'),
('SLTH_TRAIT_CIVILIZATION_SVARTALFAR_COOL', 'MODIFIER_BAN_SLTH_UNIT_ARQUEBUS'),
('SLTH_TRAIT_CIVILIZATION_SVARTALFAR_COOL', 'MODIFIER_BAN_SLTH_UNIT_BERSERKER'),
('SLTH_TRAIT_CIVILIZATION_SVARTALFAR_COOL', 'MODIFIER_BAN_SLTH_UNIT_CANNON'),
('SLTH_TRAIT_CIVILIZATION_SVARTALFAR_COOL', 'MODIFIER_BAN_SLTH_UNIT_CATAPULT'),
('SLTH_TRAIT_CIVILIZATION_SVARTALFAR_COOL', 'MODIFIER_BAN_SLTH_UNIT_CHARIOT'),
('SLTH_TRAIT_CIVILIZATION_CALABIM_COOL', 'MODIFIER_BAN_SLTH_UNIT_ARQUEBUS'),
('SLTH_TRAIT_CIVILIZATION_CALABIM_COOL', 'MODIFIER_BAN_SLTH_UNIT_CANNON'),
('SLTH_TRAIT_CIVILIZATION_INFERNAL_COOL', 'MODIFIER_BAN_SLTH_UNIT_ARQUEBUS'),
('SLTH_TRAIT_CIVILIZATION_LUCHUIRP_COOL', 'MODIFIER_BAN_SLTH_UNIT_BEASTMASTER'),
('SLTH_TRAIT_CIVILIZATION_LUCHUIRP_COOL', 'MODIFIER_BAN_SLTH_UNIT_MARKSMAN'),
('SLTH_TRAIT_CIVILIZATION_LUCHUIRP_COOL', 'MODIFIER_BAN_SLTH_UNIT_HORSE_ARCHER'),
('SLTH_TRAIT_CIVILIZATION_LUCHUIRP_COOL', 'MODIFIER_BAN_SLTH_UNIT_RANGER'),
('SLTH_TRAIT_CIVILIZATION_SHEAIM_COOL', 'MODIFIER_BAN_SLTH_UNIT_BERSERKER'),
('SLTH_TRAIT_CIVILIZATION_SHEAIM_COOL', 'MODIFIER_BAN_SLTH_UNIT_IMMORTAL'),
('SLTH_TRAIT_CIVILIZATION_SHEAIM_COOL', 'MODIFIER_BAN_SLTH_UNIT_PHALANX'),
('SLTH_TRAIT_CIVILIZATION_SHEAIM_COOL', 'MODIFIER_BAN_SLTH_UNIT_CHAMPION'),
('SLTH_TRAIT_CIVILIZATION_KHAZAD_COOL', 'MODIFIER_BAN_SLTH_UNIT_MARKSMAN'),
('SLTH_TRAIT_CIVILIZATION_KHAZAD_COOL', 'MODIFIER_BAN_SLTH_UNIT_HORSE_ARCHER'),
('SLTH_TRAIT_CIVILIZATION_KHAZAD_COOL', 'MODIFIER_BAN_SLTH_UNIT_RANGER'),
('SLTH_TRAIT_CIVILIZATION_KHAZAD_COOL', 'MODIFIER_BAN_SLTH_UNIT_ARCHMAGE'),
('SLTH_TRAIT_CIVILIZATION_KHAZAD_COOL', 'MODIFIER_BAN_SLTH_UNIT_LONGBOWMAN'),
('SLTH_TRAIT_CIVILIZATION_KHAZAD_COOL', 'MODIFIER_BAN_SLTH_UNIT_MAGE'),
('SLTH_TRAIT_CIVILIZATION_SVARTALFAR_COOL', 'TRAIT_GRANT_DARK_ELF_ABILITY_FEATUREATTACKS'),
('SLTH_TRAIT_CIVILIZATION_SVARTALFAR_COOL', 'TRAIT_GRANT_PROMOTION_DARK_ELF_ABILITY_FEATUREDOUBLEMOVES'),
('SLTH_TRAIT_CIVILIZATION_INFERNAL_COOL', 'TRAIT_GRANT_DEMON_ABILITY_TERRAINATTACKS'),
('SLTH_TRAIT_CIVILIZATION_INFERNAL_COOL', 'TRAIT_GRANT_DEMON_ABILITY_TERRAINDEFENSES'),
('SLTH_TRAIT_CIVILIZATION_LUCHUIRP_COOL', 'TRAIT_GRANT_PROMOTION_DWARF_ABILITY_BHILLSDOUBLEMOVE'),
('SLTH_TRAIT_CIVILIZATION_KHAZAD_COOL', 'TRAIT_GRANT_PROMOTION_DWARF_ABILITY_BHILLSDOUBLEMOVE'),
('SLTH_TRAIT_CIVILIZATION_LJOSALFAR_COOL', 'TRAIT_GRANT_ELF_ABILITY_FEATUREATTACKS'),
('SLTH_TRAIT_CIVILIZATION_LJOSALFAR_COOL', 'TRAIT_GRANT_PROMOTION_ELF_ABILITY_FEATUREDOUBLEMOVES'),
('SLTH_TRAIT_CIVILIZATION_MALAKIM_COOL', 'TRAIT_GRANT_NOMAD_ABILITY_TERRAINATTACKS'),
('SLTH_TRAIT_CIVILIZATION_MALAKIM_COOL', 'TRAIT_GRANT_NOMAD_ABILITY_TERRAINDEFENSES'),
('SLTH_TRAIT_CIVILIZATION_MALAKIM_COOL', 'TRAIT_GRANT_PROMOTION_NOMAD_ABILITY_TERRAINDOUBLEMOVES'),
('SLTH_TRAIT_CIVILIZATION_CLAN_OF_EMBERS_COOL', 'TRAIT_GRANT_ORC_ABILITY_FEATUREATTACKS'),
('SLTH_TRAIT_CIVILIZATION_DOVIELLO_COOL', 'TRAIT_GRANT_WINTERBORN_ABILITY_TERRAINATTACKS'),
('SLTH_TRAIT_CIVILIZATION_ILLIANS_COOL', 'TRAIT_GRANT_WINTERBORN_ABILITY_TERRAINATTACKS'),
('SLTH_TRAIT_CIVILIZATION_DOVIELLO_COOL', 'TRAIT_GRANT_WINTERBORN_ABILITY_TERRAINDEFENSES'),
('SLTH_TRAIT_CIVILIZATION_ILLIANS_COOL', 'TRAIT_GRANT_WINTERBORN_ABILITY_TERRAINDEFENSES'),
('SLTH_TRAIT_CIVILIZATION_AMURITES_COOL', 'MODIFIER_SLTH_BUILDING_PALACE_AMURITES_GRANT_MANA_METAMAGIC'),
('SLTH_TRAIT_CIVILIZATION_AMURITES_COOL', 'MODIFIER_SLTH_BUILDING_PALACE_AMURITES_GRANT_MANA_FIRE'),
('SLTH_TRAIT_CIVILIZATION_AMURITES_COOL', 'MODIFIER_SLTH_BUILDING_PALACE_AMURITES_GRANT_MANA_BODY'),
('SLTH_TRAIT_CIVILIZATION_BALSERAPHS_COOL', 'MODIFIER_SLTH_BUILDING_PALACE_BALSERAPHS_GRANT_MANA_MIND'),
('SLTH_TRAIT_CIVILIZATION_BALSERAPHS_COOL', 'MODIFIER_SLTH_BUILDING_PALACE_BALSERAPHS_GRANT_MANA_CHAOS'),
('SLTH_TRAIT_CIVILIZATION_BALSERAPHS_COOL', 'MODIFIER_SLTH_BUILDING_PALACE_BALSERAPHS_GRANT_MANA_AIR'),
('SLTH_TRAIT_CIVILIZATION_BANNOR_COOL', 'MODIFIER_SLTH_BUILDING_PALACE_BANNOR_GRANT_MANA_LAW'),
('SLTH_TRAIT_CIVILIZATION_BANNOR_COOL', 'MODIFIER_SLTH_BUILDING_PALACE_BANNOR_ADJUST_WAR_WEARINESS'),
('SLTH_TRAIT_CIVILIZATION_BANNOR_COOL', 'MODIFIER_SLTH_BUILDING_PALACE_BANNOR_GRANT_MANA_SPIRIT'),
('SLTH_TRAIT_CIVILIZATION_BANNOR_COOL', 'MODIFIER_SLTH_BUILDING_PALACE_BANNOR_GRANT_MANA_EARTH'),
('SLTH_TRAIT_CIVILIZATION_CALABIM_COOL', 'MODIFIER_SLTH_BUILDING_PALACE_CALABIM_GRANT_MANA_BODY'),
('SLTH_TRAIT_CIVILIZATION_CALABIM_COOL', 'MODIFIER_SLTH_BUILDING_PALACE_CALABIM_ADJUST_WAR_WEARINESS'),
('SLTH_TRAIT_CIVILIZATION_CALABIM_COOL', 'MODIFIER_SLTH_BUILDING_PALACE_CALABIM_GRANT_MANA_LAW'),
('SLTH_TRAIT_CIVILIZATION_CALABIM_COOL', 'MODIFIER_SLTH_BUILDING_PALACE_CALABIM_GRANT_MANA_SHADOW'),
('SLTH_TRAIT_CIVILIZATION_CLAN_OF_EMBERS_COOL', 'MODIFIER_SLTH_BUILDING_PALACE_CLAN_OF_EMBERS_GRANT_MANA_FIRE'),
('SLTH_TRAIT_CIVILIZATION_CLAN_OF_EMBERS_COOL', 'MODIFIER_SLTH_BUILDING_PALACE_CLAN_OF_EMBERS_ADJUST_WAR_WEARINESS'),
('SLTH_TRAIT_CIVILIZATION_CLAN_OF_EMBERS_COOL', 'MODIFIER_SLTH_BUILDING_PALACE_CLAN_OF_EMBERS_GRANT_MANA_NATURE'),
('SLTH_TRAIT_CIVILIZATION_CLAN_OF_EMBERS_COOL', 'MODIFIER_SLTH_BUILDING_PALACE_CLAN_OF_EMBERS_GRANT_MANA_BODY'),
('SLTH_TRAIT_CIVILIZATION_DOVIELLO_COOL', 'MODIFIER_SLTH_BUILDING_PALACE_DOVIELLO_GRANT_MANA_CHAOS'),
('SLTH_TRAIT_CIVILIZATION_DOVIELLO_COOL', 'MODIFIER_SLTH_BUILDING_PALACE_DOVIELLO_ADJUST_WAR_WEARINESS'),
('SLTH_TRAIT_CIVILIZATION_DOVIELLO_COOL', 'MODIFIER_SLTH_BUILDING_PALACE_DOVIELLO_GRANT_MANA_EARTH'),
('SLTH_TRAIT_CIVILIZATION_DOVIELLO_COOL', 'MODIFIER_SLTH_BUILDING_PALACE_DOVIELLO_GRANT_MANA_BODY'),
('SLTH_TRAIT_CIVILIZATION_ELOHIM_COOL', 'MODIFIER_SLTH_BUILDING_PALACE_ELOHIM_GRANT_MANA_SPIRIT'),
('SLTH_TRAIT_CIVILIZATION_ELOHIM_COOL', 'MODIFIER_SLTH_BUILDING_PALACE_ELOHIM_ADJUST_WAR_WEARINESS'),
('SLTH_TRAIT_CIVILIZATION_ELOHIM_COOL', 'MODIFIER_SLTH_BUILDING_PALACE_ELOHIM_GRANT_MANA_NATURE'),
('SLTH_TRAIT_CIVILIZATION_ELOHIM_COOL', 'MODIFIER_SLTH_BUILDING_PALACE_ELOHIM_GRANT_MANA_WATER'),
('SLTH_TRAIT_CIVILIZATION_GRIGORI_COOL', 'MODIFIER_SLTH_BUILDING_PALACE_GRIGORI_GRANT_MANA_SPIRIT'),
('SLTH_TRAIT_CIVILIZATION_GRIGORI_COOL', 'MODIFIER_PALACE_GRIGORI_INCREASE_GPP_MULT'),
('SLTH_TRAIT_CIVILIZATION_GRIGORI_COOL', 'MODIFIER_SLTH_BUILDING_PALACE_GRIGORI_GRANT_MANA_ENCHANTMENT'),
('SLTH_TRAIT_CIVILIZATION_GRIGORI_COOL', 'MODIFIER_SLTH_BUILDING_PALACE_GRIGORI_GRANT_MANA_WATER'),
('SLTH_TRAIT_CIVILIZATION_HIPPUS_COOL', 'MODIFIER_SLTH_BUILDING_PALACE_HIPPUS_GRANT_HORSE'),
('SLTH_TRAIT_CIVILIZATION_HIPPUS_COOL', 'MODIFIER_SLTH_BUILDING_PALACE_HIPPUS_GRANT_MANA_NATURE'),
('SLTH_TRAIT_CIVILIZATION_HIPPUS_COOL', 'MODIFIER_SLTH_BUILDING_PALACE_HIPPUS_GRANT_MANA_AIR'),
('SLTH_TRAIT_CIVILIZATION_ILLIANS_COOL', 'MODIFIER_SLTH_BUILDING_PALACE_ILLIANS_GRANT_MANA_ICE'),
('SLTH_TRAIT_CIVILIZATION_ILLIANS_COOL', 'MODIFIER_SLTH_BUILDING_PALACE_ILLIANS_GRANT_MANA_ENCHANTMENT'),
('SLTH_TRAIT_CIVILIZATION_ILLIANS_COOL', 'MODIFIER_SLTH_BUILDING_PALACE_ILLIANS_GRANT_MANA_LAW'),
('SLTH_TRAIT_CIVILIZATION_INFERNAL_COOL', 'MODIFIER_SLTH_BUILDING_PALACE_INFERNAL_GRANT_MANA_ENTROPY'),
('SLTH_TRAIT_CIVILIZATION_INFERNAL_COOL', 'MODIFIER_SLTH_BUILDING_PALACE_INFERNAL_ADJUST_WAR_WEARINESS'),
('SLTH_TRAIT_CIVILIZATION_INFERNAL_COOL', 'MODIFIER_SLTH_BUILDING_PALACE_INFERNAL_ADD_PRODUCTIONYIELD'),
('SLTH_TRAIT_CIVILIZATION_INFERNAL_COOL', 'MODIFIER_SLTH_BUILDING_PALACE_INFERNAL_GRANT_MANA_FIRE'),
('SLTH_TRAIT_CIVILIZATION_INFERNAL_COOL', 'MODIFIER_SLTH_BUILDING_PALACE_INFERNAL_GRANT_IRON'),
('SLTH_TRAIT_CIVILIZATION_KHAZAD_COOL', 'MODIFIER_SLTH_BUILDING_PALACE_KHAZAD_GRANT_MANA_EARTH'),
('SLTH_TRAIT_CIVILIZATION_KHAZAD_COOL', 'MODIFIER_SLTH_BUILDING_PALACE_KHAZAD_ADJUST_WAR_WEARINESS'),
('SLTH_TRAIT_CIVILIZATION_KHAZAD_COOL', 'MODIFIER_SLTH_BUILDING_PALACE_KHAZAD_GRANT_GOLD'),
('SLTH_TRAIT_CIVILIZATION_KHAZAD_COOL', 'MODIFIER_SLTH_BUILDING_PALACE_KHAZAD_GRANT_MANA_LAW'),
('SLTH_TRAIT_CIVILIZATION_KURIOTATES_COOL', 'MODIFIER_SLTH_BUILDING_PALACE_KURIOTATES_GRANT_MANA_SUN'),
('SLTH_TRAIT_CIVILIZATION_KURIOTATES_COOL', 'MODIFIER_SLTH_BUILDING_PALACE_KURIOTATES_ADJUST_WAR_WEARINESS'),
('SLTH_TRAIT_CIVILIZATION_KURIOTATES_COOL', 'MODIFIER_SLTH_BUILDING_PALACE_KURIOTATES_ADJUST_HOUSING'),
('SLTH_TRAIT_CIVILIZATION_KURIOTATES_COOL', 'MODIFIER_SLTH_BUILDING_PALACE_KURIOTATES_GRANT_MANA_SPIRIT'),
('SLTH_TRAIT_CIVILIZATION_KURIOTATES_COOL', 'MODIFIER_SLTH_BUILDING_PALACE_KURIOTATES_GRANT_MANA_WATER'),
('SLTH_TRAIT_CIVILIZATION_LANUN_COOL', 'MODIFIER_SLTH_BUILDING_PALACE_LANUN_GRANT_MANA_WATER'),
('SLTH_TRAIT_CIVILIZATION_LANUN_COOL', 'MODIFIER_SLTH_BUILDING_PALACE_LANUN_PLOT_YIELD_CHANGE_FOOD'),
('SLTH_TRAIT_CIVILIZATION_LANUN_COOL', 'MODIFIER_SLTH_BUILDING_PALACE_LANUN_GRANT_MANA_CHAOS'),
('SLTH_TRAIT_CIVILIZATION_LANUN_COOL', 'MODIFIER_SLTH_BUILDING_PALACE_LANUN_GRANT_MANA_AIR'),
('SLTH_TRAIT_CIVILIZATION_LJOSALFAR_COOL', 'MODIFIER_SLTH_BUILDING_PALACE_LJOSALFAR_GRANT_MANA_NATURE'),
('SLTH_TRAIT_CIVILIZATION_LJOSALFAR_COOL', 'MODIFIER_SLTH_BUILDING_PALACE_LJOSALFAR_ADJUST_WAR_WEARINESS'),
('SLTH_TRAIT_CIVILIZATION_LJOSALFAR_COOL', 'MODIFIER_SLTH_BUILDING_PALACE_LJOSALFAR_GRANT_MANA_AIR'),
('SLTH_TRAIT_CIVILIZATION_LJOSALFAR_COOL', 'MODIFIER_SLTH_BUILDING_PALACE_LJOSALFAR_GRANT_MANA_LIFE'),
('SLTH_TRAIT_CIVILIZATION_LUCHUIRP_COOL', 'MODIFIER_SLTH_BUILDING_PALACE_LUCHUIRP_GRANT_MANA_ENCHANTMENT'),
('SLTH_TRAIT_CIVILIZATION_LUCHUIRP_COOL', 'MODIFIER_SLTH_BUILDING_PALACE_LUCHUIRP_ADJUST_WAR_WEARINESS'),
('SLTH_TRAIT_CIVILIZATION_LUCHUIRP_COOL', 'MODIFIER_SLTH_BUILDING_PALACE_LUCHUIRP_GRANT_MANA_LIFE'),
('SLTH_TRAIT_CIVILIZATION_LUCHUIRP_COOL', 'MODIFIER_SLTH_BUILDING_PALACE_LUCHUIRP_GRANT_MANA_EARTH'),
('SLTH_TRAIT_CIVILIZATION_MALAKIM_COOL', 'MODIFIER_SLTH_BUILDING_PALACE_MALAKIM_GRANT_MANA_SUN'),
('SLTH_TRAIT_CIVILIZATION_MALAKIM_COOL', 'MODIFIER_SLTH_BUILDING_PALACE_MALAKIM_ADJUST_WAR_WEARINESS'),
('SLTH_TRAIT_CIVILIZATION_MALAKIM_COOL', 'MODIFIER_SLTH_BUILDING_PALACE_MALAKIM_GRANT_MANA_MIND'),
('SLTH_TRAIT_CIVILIZATION_MALAKIM_COOL', 'MODIFIER_SLTH_BUILDING_PALACE_MALAKIM_GRANT_MANA_LIFE'),
('SLTH_TRAIT_CIVILIZATION_MERCURIANS_COOL', 'MODIFIER_SLTH_BUILDING_PALACE_MERCURIANS_GRANT_MANA_LIFE'),
('SLTH_TRAIT_CIVILIZATION_MERCURIANS_COOL', 'MODIFIER_SLTH_BUILDING_PALACE_MERCURIANS_ADJUST_WAR_WEARINESS'),
('SLTH_TRAIT_CIVILIZATION_MERCURIANS_COOL', 'MODIFIER_SLTH_BUILDING_PALACE_MERCURIANS_MILITARY_PRODUCTION'),
('SLTH_TRAIT_CIVILIZATION_MERCURIANS_COOL', 'MODIFIER_SLTH_BUILDING_PALACE_MERCURIANS_GRANT_MANA_EARTH'),
('SLTH_TRAIT_CIVILIZATION_MERCURIANS_COOL', 'MODIFIER_SLTH_BUILDING_PALACE_MERCURIANS_GRANT_IRON'),
('SLTH_TRAIT_CIVILIZATION_SHEAIM_COOL', 'MODIFIER_SLTH_BUILDING_PALACE_SHEAIM_GRANT_MANA_DEATH'),
('SLTH_TRAIT_CIVILIZATION_SHEAIM_COOL', 'MODIFIER_SLTH_BUILDING_PALACE_SHEAIM_ADJUST_WAR_WEARINESS'),
('SLTH_TRAIT_CIVILIZATION_SHEAIM_COOL', 'MODIFIER_SLTH_BUILDING_PALACE_SHEAIM_GRANT_MANA_CHAOS'),
('SLTH_TRAIT_CIVILIZATION_SHEAIM_COOL', 'MODIFIER_SLTH_BUILDING_PALACE_SHEAIM_GRANT_MANA_FIRE'),
('SLTH_TRAIT_CIVILIZATION_SIDAR_COOL', 'MODIFIER_SLTH_BUILDING_PALACE_SIDAR_GRANT_MANA_SPIRIT'),
('SLTH_TRAIT_CIVILIZATION_SIDAR_COOL', 'MODIFIER_SLTH_BUILDING_PALACE_SIDAR_GRANT_MANA_ENCHANTMENT'),
('SLTH_TRAIT_CIVILIZATION_SIDAR_COOL', 'MODIFIER_SLTH_BUILDING_PALACE_SIDAR_GRANT_MANA_SHADOW'),
('SLTH_TRAIT_CIVILIZATION_SVARTALFAR_COOL', 'MODIFIER_SLTH_BUILDING_PALACE_SVARTALFAR_GRANT_MANA_SHADOW'),
('SLTH_TRAIT_CIVILIZATION_SVARTALFAR_COOL', 'MODIFIER_SLTH_BUILDING_PALACE_SVARTALFAR_ADJUST_WAR_WEARINESS'),
('SLTH_TRAIT_CIVILIZATION_SVARTALFAR_COOL', 'MODIFIER_SLTH_BUILDING_PALACE_SVARTALFAR_GRANT_MANA_NATURE'),
('SLTH_TRAIT_CIVILIZATION_SVARTALFAR_COOL', 'MODIFIER_SLTH_BUILDING_PALACE_SVARTALFAR_GRANT_MANA_MIND'),
('SLTH_TRAIT_CIVILIZATION_GRIGORI_COOL', 'MODIFIER_UNITCLASS_ADVENTURER_INCREASE_GPP_POINT_BONUS');
INSERT INTO Leaders(LeaderType, Name, InheritFrom) VALUES
('SLTH_LEADER_SABATHIEL', 'LOC_SLTH_LEADER_SABATHIEL_NAME', 'LEADER_DEFAULT'),
('SLTH_LEADER_CAPRIA', 'LOC_SLTH_LEADER_CAPRIA_NAME', 'LEADER_DEFAULT'),
('SLTH_LEADER_DECIUS', 'LOC_SLTH_LEADER_DECIUS_NAME', 'LEADER_DEFAULT'),
('SLTH_LEADER_VARN', 'LOC_SLTH_LEADER_VARN_NAME', 'LEADER_DEFAULT'),
('SLTH_LEADER_ETHNE', 'LOC_SLTH_LEADER_ETHNE_NAME', 'LEADER_DEFAULT'),
('SLTH_LEADER_EINION', 'LOC_SLTH_LEADER_EINION_NAME', 'LEADER_DEFAULT'),
('SLTH_LEADER_BASIUM', 'LOC_SLTH_LEADER_BASIUM_NAME', 'LEADER_DEFAULT'),
('SLTH_LEADER_GARRIM', 'LOC_SLTH_LEADER_GARRIM_NAME', 'LEADER_DEFAULT'),
('SLTH_LEADER_BEERI', 'LOC_SLTH_LEADER_BEERI_NAME', 'LEADER_DEFAULT'),
('SLTH_LEADER_CARDITH', 'LOC_SLTH_LEADER_CARDITH_NAME', 'LEADER_DEFAULT'),
('SLTH_LEADER_AMELANCHIER', 'LOC_SLTH_LEADER_AMELANCHIER_NAME', 'LEADER_DEFAULT'),
('SLTH_LEADER_ARENDEL', 'LOC_SLTH_LEADER_ARENDEL_NAME', 'LEADER_DEFAULT'),
('SLTH_LEADER_THESSA', 'LOC_SLTH_LEADER_THESSA_NAME', 'LEADER_DEFAULT'),
('SLTH_LEADER_ARTURUS', 'LOC_SLTH_LEADER_ARTURUS_NAME', 'LEADER_DEFAULT'),
('SLTH_LEADER_KANDROS', 'LOC_SLTH_LEADER_KANDROS_NAME', 'LEADER_DEFAULT'),
('SLTH_LEADER_SANDALPHON', 'LOC_SLTH_LEADER_SANDALPHON_NAME', 'LEADER_DEFAULT'),
('SLTH_LEADER_FALAMAR', 'LOC_SLTH_LEADER_FALAMAR_NAME', 'LEADER_DEFAULT'),
('SLTH_LEADER_HANNAH', 'LOC_SLTH_LEADER_HANNAH_NAME', 'LEADER_DEFAULT'),
('SLTH_LEADER_CASSIEL', 'LOC_SLTH_LEADER_CASSIEL_NAME', 'LEADER_DEFAULT'),
('SLTH_LEADER_TASUNKE', 'LOC_SLTH_LEADER_TASUNKE_NAME', 'LEADER_DEFAULT'),
('SLTH_LEADER_RHOANNA', 'LOC_SLTH_LEADER_RHOANNA_NAME', 'LEADER_DEFAULT'),
('SLTH_LEADER_VALLEDIA', 'LOC_SLTH_LEADER_VALLEDIA_NAME', 'LEADER_DEFAULT'),
('SLTH_LEADER_DAIN', 'LOC_SLTH_LEADER_DAIN_NAME', 'LEADER_DEFAULT'),
('SLTH_LEADER_CHARADON', 'LOC_SLTH_LEADER_CHARADON_NAME', 'LEADER_DEFAULT'),
('SLTH_LEADER_MAHALA', 'LOC_SLTH_LEADER_MAHALA_NAME', 'LEADER_DEFAULT'),
('SLTH_LEADER_PERPENTACH', 'LOC_SLTH_LEADER_PERPENTACH_NAME', 'LEADER_DEFAULT'),
('SLTH_LEADER_KEELYN', 'LOC_SLTH_LEADER_KEELYN_NAME', 'LEADER_DEFAULT'),
('SLTH_LEADER_JONAS', 'LOC_SLTH_LEADER_JONAS_NAME', 'LEADER_DEFAULT'),
('SLTH_LEADER_SHEELBA', 'LOC_SLTH_LEADER_SHEELBA_NAME', 'LEADER_DEFAULT'),
('SLTH_LEADER_FAERYL', 'LOC_SLTH_LEADER_FAERYL_NAME', 'LEADER_DEFAULT'),
('SLTH_LEADER_ALEXIS', 'LOC_SLTH_LEADER_ALEXIS_NAME', 'LEADER_DEFAULT'),
('SLTH_LEADER_FLAUROS', 'LOC_SLTH_LEADER_FLAUROS_NAME', 'LEADER_DEFAULT'),
('SLTH_LEADER_TEBRYN', 'LOC_SLTH_LEADER_TEBRYN_NAME', 'LEADER_DEFAULT'),
('SLTH_LEADER_OS-GABELLA', 'LOC_SLTH_LEADER_OS-GABELLA_NAME', 'LEADER_DEFAULT'),
('SLTH_LEADER_HYBOREM', 'LOC_SLTH_LEADER_HYBOREM_NAME', 'LEADER_DEFAULT'),
('SLTH_LEADER_AURIC', 'LOC_SLTH_LEADER_AURIC_NAME', 'LEADER_DEFAULT');
INSERT INTO CivilizationLeaders(LeaderType, CivilizationType, CapitalName) VALUES
('SLTH_LEADER_SABATHIEL', 'SLTH_CIVILIZATION_BANNOR', 'LOC_CITY_BANNOR_1_NAME'),
('SLTH_LEADER_CAPRIA', 'SLTH_CIVILIZATION_BANNOR', 'LOC_CITY_BANNOR_1_NAME'),
('SLTH_LEADER_DECIUS', 'SLTH_CIVILIZATION_BANNOR', 'LOC_CITY_BANNOR_1_NAME'),
('SLTH_LEADER_VARN', 'SLTH_CIVILIZATION_MALAKIM', 'LOC_CITY_MALAKIM_1_NAME'),
('SLTH_LEADER_DECIUS', 'SLTH_CIVILIZATION_MALAKIM', 'LOC_CITY_MALAKIM_1_NAME'),
('SLTH_LEADER_ETHNE', 'SLTH_CIVILIZATION_ELOHIM', 'LOC_CITY_ELOHIM_1_NAME'),
('SLTH_LEADER_EINION', 'SLTH_CIVILIZATION_ELOHIM', 'LOC_CITY_ELOHIM_1_NAME'),
('SLTH_LEADER_BASIUM', 'SLTH_CIVILIZATION_MERCURIANS', 'LOC_CITY_MERCURIANS_1_NAME'),
('SLTH_LEADER_GARRIM', 'SLTH_CIVILIZATION_LUCHUIRP', 'LOC_CITY_LUCHUIRP_1_NAME'),
('SLTH_LEADER_BEERI', 'SLTH_CIVILIZATION_LUCHUIRP', 'LOC_CITY_LUCHUIRP_1_NAME'),
('SLTH_LEADER_CARDITH', 'SLTH_CIVILIZATION_KURIOTATES', 'LOC_CITY_KURIOTATES_1_NAME'),
('SLTH_LEADER_AMELANCHIER', 'SLTH_CIVILIZATION_LJOSALFAR', 'LOC_CITY_LJOSALFAR_1_NAME'),
('SLTH_LEADER_ARENDEL', 'SLTH_CIVILIZATION_LJOSALFAR', 'LOC_CITY_LJOSALFAR_1_NAME'),
('SLTH_LEADER_THESSA', 'SLTH_CIVILIZATION_LJOSALFAR', 'LOC_CITY_LJOSALFAR_1_NAME'),
('SLTH_LEADER_ARTURUS', 'SLTH_CIVILIZATION_KHAZAD', 'LOC_CITY_KHAZAD_1_NAME'),
('SLTH_LEADER_KANDROS', 'SLTH_CIVILIZATION_KHAZAD', 'LOC_CITY_KHAZAD_1_NAME'),
('SLTH_LEADER_SANDALPHON', 'SLTH_CIVILIZATION_SIDAR', 'LOC_CITY_SIDAR_1_NAME'),
('SLTH_LEADER_FALAMAR', 'SLTH_CIVILIZATION_LANUN', 'LOC_CITY_LANUN_1_NAME'),
('SLTH_LEADER_HANNAH', 'SLTH_CIVILIZATION_LANUN', 'LOC_CITY_LANUN_1_NAME'),
('SLTH_LEADER_CASSIEL', 'SLTH_CIVILIZATION_GRIGORI', 'LOC_CITY_GRIGORI_1_NAME'),
('SLTH_LEADER_TASUNKE', 'SLTH_CIVILIZATION_HIPPUS', 'LOC_CITY_HIPPUS_1_NAME'),
('SLTH_LEADER_RHOANNA', 'SLTH_CIVILIZATION_HIPPUS', 'LOC_CITY_HIPPUS_1_NAME'),
('SLTH_LEADER_VALLEDIA', 'SLTH_CIVILIZATION_AMURITES', 'LOC_CITY_AMURITES_1_NAME'),
('SLTH_LEADER_DAIN', 'SLTH_CIVILIZATION_AMURITES', 'LOC_CITY_AMURITES_1_NAME'),
('SLTH_LEADER_CHARADON', 'SLTH_CIVILIZATION_DOVIELLO', 'LOC_CITY_DOVIELLO_1_NAME'),
('SLTH_LEADER_MAHALA', 'SLTH_CIVILIZATION_DOVIELLO', 'LOC_CITY_DOVIELLO_1_NAME'),
('SLTH_LEADER_PERPENTACH', 'SLTH_CIVILIZATION_BALSERAPHS', 'LOC_CITY_BALSERAPHS_1_NAME'),
('SLTH_LEADER_KEELYN', 'SLTH_CIVILIZATION_BALSERAPHS', 'LOC_CITY_BALSERAPHS_1_NAME'),
('SLTH_LEADER_JONAS', 'SLTH_CIVILIZATION_CLAN_OF_EMBERS', 'LOC_CITY_CLAN_OF_EMBERS_1_NAME'),
('SLTH_LEADER_SHEELBA', 'SLTH_CIVILIZATION_CLAN_OF_EMBERS', 'LOC_CITY_CLAN_OF_EMBERS_1_NAME'),
('SLTH_LEADER_FAERYL', 'SLTH_CIVILIZATION_SVARTALFAR', 'LOC_CITY_SVARTALFAR_1_NAME'),
('SLTH_LEADER_ALEXIS', 'SLTH_CIVILIZATION_CALABIM', 'LOC_CITY_CALABIM_1_NAME'),
('SLTH_LEADER_FLAUROS', 'SLTH_CIVILIZATION_CALABIM', 'LOC_CITY_CALABIM_1_NAME'),
('SLTH_LEADER_DECIUS', 'SLTH_CIVILIZATION_CALABIM', 'LOC_CITY_CALABIM_1_NAME'),
('SLTH_LEADER_TEBRYN', 'SLTH_CIVILIZATION_SHEAIM', 'LOC_CITY_SHEAIM_1_NAME'),
('SLTH_LEADER_OS-GABELLA', 'SLTH_CIVILIZATION_SHEAIM', 'LOC_CITY_SHEAIM_1_NAME'),
('SLTH_LEADER_HYBOREM', 'SLTH_CIVILIZATION_INFERNAL', 'LOC_CITY_INFERNAL_1_NAME'),
('SLTH_LEADER_AURIC', 'SLTH_CIVILIZATION_ILLIANS', 'LOC_CITY_ILLIANS_1_NAME');
INSERT INTO BuildingReplaces(CivUniqueBuildingType, ReplacesBuildingType) VALUES
('SLTH_BUILDING_DESERT_SHRINE', 'SLTH_BUILDING_PAGAN_TEMPLE'),
('SLTH_BUILDING_SCULPTORS_STUDIO', 'SLTH_BUILDING_TRAINING_YARD'),
('SLTH_BUILDING_DWARVEN_SMITHY', 'SLTH_BUILDING_FORGE'),
('SLTH_BUILDING_HARBOR_LANUN', 'SLTH_BUILDING_HARBOR'),
('SLTH_BUILDING_TAVERN_GRIGORI', 'SLTH_BUILDING_TAVERN'),
('SLTH_BUILDING_ARENA', 'SLTH_BUILDING_TRAINING_YARD'),
('SLTH_BUILDING_GOVERNORS_MANOR', 'SLTH_BUILDING_COURTHOUSE'),
('SLTH_BUILDING_TEMPLE_OF_THE_HAND', 'SLTH_BUILDING_PAGAN_TEMPLE'),
('SLTH_BUILDING_NULL_CIVILIZATION_KURIOTATES_STABLE', 'SLTH_BUILDING_STABLE'),
('SLTH_BUILDING_NULL_CIVILIZATION_LJOSALFAR_ALCHEMY_LAB', 'SLTH_BUILDING_ALCHEMY_LAB'),
('SLTH_BUILDING_NULL_CIVILIZATION_LJOSALFAR_SIEGE_WORKSHOP', 'SLTH_BUILDING_SIEGE_WORKSHOP'),
('SLTH_BUILDING_NULL_CIVILIZATION_GRIGORI_PAGAN_TEMPLE', 'SLTH_BUILDING_PAGAN_TEMPLE'),
('SLTH_BUILDING_NULL_CIVILIZATION_GRIGORI_TEMPLE_OF_KILMORPH', 'SLTH_BUILDING_TEMPLE_OF_KILMORPH'),
('SLTH_BUILDING_NULL_CIVILIZATION_GRIGORI_TEMPLE_OF_LEAVES', 'SLTH_BUILDING_TEMPLE_OF_LEAVES'),
('SLTH_BUILDING_NULL_CIVILIZATION_GRIGORI_TEMPLE_OF_THE_EMPYREAN', 'SLTH_BUILDING_TEMPLE_OF_THE_EMPYREAN'),
('SLTH_BUILDING_NULL_CIVILIZATION_GRIGORI_TEMPLE_OF_THE_ORDER', 'SLTH_BUILDING_TEMPLE_OF_THE_ORDER'),
('SLTH_BUILDING_NULL_CIVILIZATION_GRIGORI_TEMPLE_OF_THE_OVERLORDS', 'SLTH_BUILDING_TEMPLE_OF_THE_OVERLORDS'),
('SLTH_BUILDING_NULL_CIVILIZATION_GRIGORI_TEMPLE_OF_THE_VEIL', 'SLTH_BUILDING_TEMPLE_OF_THE_VEIL'),
('SLTH_BUILDING_NULL_CIVILIZATION_HIPPUS_ALCHEMY_LAB', 'SLTH_BUILDING_ALCHEMY_LAB'),
('SLTH_BUILDING_NULL_CIVILIZATION_DOVIELLO_ALCHEMY_LAB', 'SLTH_BUILDING_ALCHEMY_LAB'),
('SLTH_BUILDING_NULL_CIVILIZATION_DOVIELLO_LIBRARY', 'SLTH_BUILDING_LIBRARY'),
('SLTH_BUILDING_NULL_CIVILIZATION_DOVIELLO_MAGE_GUILD', 'SLTH_BUILDING_MAGE_GUILD'),
('SLTH_BUILDING_NULL_CIVILIZATION_CLAN_OF_EMBERS_ALCHEMY_LAB', 'SLTH_BUILDING_ALCHEMY_LAB'),
('SLTH_BUILDING_NULL_CIVILIZATION_CLAN_OF_EMBERS_LIBRARY', 'SLTH_BUILDING_LIBRARY'),
('SLTH_BUILDING_NULL_CIVILIZATION_CLAN_OF_EMBERS_MAGE_GUILD', 'SLTH_BUILDING_MAGE_GUILD'),
('SLTH_BUILDING_NULL_CIVILIZATION_CLAN_OF_EMBERS_STABLE', 'SLTH_BUILDING_STABLE'),
('SLTH_BUILDING_NULL_CIVILIZATION_SVARTALFAR_ALCHEMY_LAB', 'SLTH_BUILDING_ALCHEMY_LAB'),
('SLTH_BUILDING_NULL_CIVILIZATION_SVARTALFAR_SIEGE_WORKSHOP', 'SLTH_BUILDING_SIEGE_WORKSHOP'),
('SLTH_BUILDING_NULL_CIVILIZATION_CALABIM_ALCHEMY_LAB', 'SLTH_BUILDING_ALCHEMY_LAB'),
('SLTH_BUILDING_NULL_CIVILIZATION_CALABIM_ELDER_COUNCIL', 'SLTH_BUILDING_ELDER_COUNCIL'),
('SLTH_BUILDING_NULL_CIVILIZATION_SHEAIM_TRAINING_YARD', 'SLTH_BUILDING_TRAINING_YARD'),
('SLTH_BUILDING_NULL_CIVILIZATION_INFERNAL_AQUEDUCT', 'SLTH_BUILDING_AQUEDUCT'),
('SLTH_BUILDING_NULL_CIVILIZATION_INFERNAL_GRANARY', 'SLTH_BUILDING_GRANARY'),
('SLTH_BUILDING_NULL_CIVILIZATION_INFERNAL_HERBALIST', 'SLTH_BUILDING_HERBALIST'),
('SLTH_BUILDING_NULL_CIVILIZATION_INFERNAL_INFIRMARY', 'SLTH_BUILDING_INFIRMARY'),
('SLTH_BUILDING_NULL_CIVILIZATION_INFERNAL_PUBLIC_BATHS', 'SLTH_BUILDING_PUBLIC_BATHS'),
('SLTH_BUILDING_NULL_CIVILIZATION_INFERNAL_SMOKEHOUSE', 'SLTH_BUILDING_SMOKEHOUSE');
INSERT INTO Modifiers(ModifierId, ModifierType, RunOnce, Permanent, SubjectRequirementSetId) VALUES
('MODIFIER_CIVILIZATION_BANNOR_GRANT_SLTH_TECH_EXPLORATION', 'MODIFIER_PLAYER_GRANT_SPECIFIC_TECHNOLOGY', '1', '1', NULL),
('MODIFIER_CIVILIZATION_MALAKIM_GRANT_SLTH_CIVIC_ANCIENT_CHANTS', 'MODIFIER_PLAYER_GRANT_SPECIFIC_TECHNOLOGY', '1', '1', NULL),
('MODIFIER_CIVILIZATION_ELOHIM_GRANT_SLTH_CIVIC_ANCIENT_CHANTS', 'MODIFIER_PLAYER_GRANT_SPECIFIC_TECHNOLOGY', '1', '1', NULL),
('MODIFIER_CIVILIZATION_MERCURIANS_GRANT_SLTH_TECH_CRAFTING', 'MODIFIER_PLAYER_GRANT_SPECIFIC_TECHNOLOGY', '1', '1', NULL),
('MODIFIER_CIVILIZATION_LUCHUIRP_GRANT_SLTH_TECH_CRAFTING', 'MODIFIER_PLAYER_GRANT_SPECIFIC_TECHNOLOGY', '1', '1', NULL),
('MODIFIER_CIVILIZATION_KURIOTATES_GRANT_SLTH_TECH_AGRICULTURE', 'MODIFIER_PLAYER_GRANT_SPECIFIC_TECHNOLOGY', '1', '1', NULL),
('MODIFIER_CIVILIZATION_LJOSALFAR_ABILITY_SLTH_TRAIT_DEXTEROUS', 'MODIFIER_UNIT_ADJUST_COMBAT_STRENGTH', '0', '0', NULL),
('TRAIT_CIVILIZATION_LJOSALFAR_ABILITY_SLTH_TRAIT_DEXTEROUS', 'MODIFIER_PLAYER_UNITS_GRANT_ABILITY', '0', '0', NULL),
('MODIFIER_CIVILIZATION_LJOSALFAR_GRANT_SLTH_TECH_EXPLORATION', 'MODIFIER_PLAYER_GRANT_SPECIFIC_TECHNOLOGY', '1', '1', NULL),
('MODIFIER_CIVILIZATION_LJOSALFAR_GRANT_SLTH_TECH_SKIP_', 'MODIFIER_PLAYER_GRANT_SPECIFIC_TECHNOLOGY', '1', '1', NULL),
('MODIFIER_CIVILIZATION_KHAZAD_GRANT_SLTH_TECH_CRAFTING', 'MODIFIER_PLAYER_GRANT_SPECIFIC_TECHNOLOGY', '1', '1', NULL),
('MODIFIER_CIVILIZATION_SIDAR_GRANT_SLTH_CIVIC_ANCIENT_CHANTS', 'MODIFIER_PLAYER_GRANT_SPECIFIC_TECHNOLOGY', '1', '1', NULL),
('MODIFIER_CIVILIZATION_LANUN_GRANT_SLTH_TECH_SEAFARING', 'MODIFIER_PLAYER_GRANT_SPECIFIC_TECHNOLOGY', '1', '1', NULL),
('MODIFIER_CIVILIZATION_GRIGORI_GRANT_SLTH_TECH_CRAFTING', 'MODIFIER_PLAYER_GRANT_SPECIFIC_TECHNOLOGY', '1', '1', NULL),
('MODIFIER_CIVILIZATION_HIPPUS_ABILITY_SLTH_TRAIT_HORSELORD', 'MODIFIER_UNIT_ADJUST_COMBAT_STRENGTH', '0', '0', NULL),
('MODIFIER_CIVILIZATION_HIPPUS_ABILITY_SLTH_TRAIT_HORSELORD_MOVE', 'MODIFIER_PLAYER_UNIT_ADJUST_MOVEMENT', '0', '0', NULL),
('TRAIT_CIVILIZATION_HIPPUS_ABILITY_SLTH_TRAIT_HORSELORD', 'MODIFIER_PLAYER_UNITS_GRANT_ABILITY', '0', '0', NULL),
('MODIFIER_CIVILIZATION_HIPPUS_GRANT_SLTH_TECH_AGRICULTURE', 'MODIFIER_PLAYER_GRANT_SPECIFIC_TECHNOLOGY', '1', '1', NULL),
('MODIFIER_CIVILIZATION_AMURITES_GRANT_SLTH_CIVIC_ANCIENT_CHANTS', 'MODIFIER_PLAYER_GRANT_SPECIFIC_TECHNOLOGY', '1', '1', NULL),
('MODIFIER_CIVILIZATION_BALSERAPHS_GRANT_SLTH_TECH_AGRICULTURE', 'MODIFIER_PLAYER_GRANT_SPECIFIC_TECHNOLOGY', '1', '1', NULL),
('MODIFIER_CIVILIZATION_SVARTALFAR_ABILITY_SLTH_TRAIT_SINISTER', 'MODIFIER_UNIT_ADJUST_COMBAT_STRENGTH', '0', '0', NULL),
('TRAIT_CIVILIZATION_SVARTALFAR_ABILITY_SLTH_TRAIT_SINISTER', 'MODIFIER_PLAYER_UNITS_GRANT_ABILITY', '0', '0', NULL),
('MODIFIER_CIVILIZATION_SVARTALFAR_GRANT_SLTH_TECH_AGRICULTURE', 'MODIFIER_PLAYER_GRANT_SPECIFIC_TECHNOLOGY', '1', '1', NULL),
('MODIFIER_CIVILIZATION_SVARTALFAR_GRANT_SLTH_TECH_SKIP_', 'MODIFIER_PLAYER_GRANT_SPECIFIC_TECHNOLOGY', '1', '1', NULL),
('MODIFIER_CIVILIZATION_CALABIM_GRANT_SLTH_TECH_EXPLORATION', 'MODIFIER_PLAYER_GRANT_SPECIFIC_TECHNOLOGY', '1', '1', NULL),
('MODIFIER_CIVILIZATION_SHEAIM_GRANT_SLTH_CIVIC_ANCIENT_CHANTS', 'MODIFIER_PLAYER_GRANT_SPECIFIC_TECHNOLOGY', '1', '1', NULL),
('MODIFIER_CIVILIZATION_INFERNAL_GRANT_SLTH_TECH_CRAFTING', 'MODIFIER_PLAYER_GRANT_SPECIFIC_TECHNOLOGY', '1', '1', NULL),
('MODIFIER_CIVILIZATION_ILLIANS_GRANT_SLTH_TECH_EXPLORATION', 'MODIFIER_PLAYER_GRANT_SPECIFIC_TECHNOLOGY', '1', '1', NULL),
('MODIFIER_BAN_SLTH_UNIT_RANGER', 'MODIFIER_PLAYER_UNIT_BUILD_DISABLED', '0', '0', NULL),
('MODIFIER_BAN_SLTH_UNIT_IMMORTAL', 'MODIFIER_PLAYER_UNIT_BUILD_DISABLED', '0', '0', NULL),
('MODIFIER_BAN_SLTH_UNIT_CROSSBOWMAN', 'MODIFIER_PLAYER_UNIT_BUILD_DISABLED', '0', '0', NULL),
('MODIFIER_BAN_SLTH_UNIT_PHALANX', 'MODIFIER_PLAYER_UNIT_BUILD_DISABLED', '0', '0', NULL),
('MODIFIER_BAN_SLTH_UNIT_CHARIOT', 'MODIFIER_PLAYER_UNIT_BUILD_DISABLED', '0', '0', NULL),
('MODIFIER_BAN_SLTH_UNIT_SCOUT', 'MODIFIER_PLAYER_UNIT_BUILD_DISABLED', '0', '0', NULL),
('MODIFIER_BAN_SLTH_UNIT_BEASTMASTER', 'MODIFIER_PLAYER_UNIT_BUILD_DISABLED', '0', '0', NULL),
('MODIFIER_BAN_SLTH_UNIT_CANNON', 'MODIFIER_PLAYER_UNIT_BUILD_DISABLED', '0', '0', NULL),
('MODIFIER_BAN_SLTH_UNIT_ARCHMAGE', 'MODIFIER_PLAYER_UNIT_BUILD_DISABLED', '0', '0', NULL),
('MODIFIER_BAN_SLTH_UNIT_MAGE', 'MODIFIER_PLAYER_UNIT_BUILD_DISABLED', '0', '0', NULL),
('MODIFIER_BAN_SLTH_UNIT_WARRIOR', 'MODIFIER_PLAYER_UNIT_BUILD_DISABLED', '0', '0', NULL),
('MODIFIER_BAN_SLTH_UNIT_KNIGHT', 'MODIFIER_PLAYER_UNIT_BUILD_DISABLED', '0', '0', NULL),
('MODIFIER_BAN_SLTH_UNIT_BERSERKER', 'MODIFIER_PLAYER_UNIT_BUILD_DISABLED', '0', '0', NULL),
('MODIFIER_BAN_SLTH_UNIT_HORSE_ARCHER', 'MODIFIER_PLAYER_UNIT_BUILD_DISABLED', '0', '0', NULL),
('MODIFIER_BAN_SLTH_UNIT_MARKSMAN', 'MODIFIER_PLAYER_UNIT_BUILD_DISABLED', '0', '0', NULL),
('MODIFIER_BAN_SLTH_UNIT_LONGBOWMAN', 'MODIFIER_PLAYER_UNIT_BUILD_DISABLED', '0', '0', NULL),
('MODIFIER_BAN_SLTH_UNIT_ARQUEBUS', 'MODIFIER_PLAYER_UNIT_BUILD_DISABLED', '0', '0', NULL),
('MODIFIER_BAN_SLTH_UNIT_CATAPULT', 'MODIFIER_PLAYER_UNIT_BUILD_DISABLED', '0', '0', NULL),
('MODIFIER_BAN_SLTH_UNIT_CHAMPION', 'MODIFIER_PLAYER_UNIT_BUILD_DISABLED', '0', '0', NULL),
('MODIFIER_SLTH_BUILDING_PALACE_AMURITES_GRANT_MANA_METAMAGIC', 'MODIFIER_FREE_RESOURCE_IN_CAPITAL', '0', '0', NULL),
('MODIFIER_SLTH_BUILDING_PALACE_AMURITES_GRANT_MANA_FIRE', 'MODIFIER_FREE_RESOURCE_IN_CAPITAL', '0', '0', NULL),
('MODIFIER_SLTH_BUILDING_PALACE_AMURITES_GRANT_MANA_BODY', 'MODIFIER_FREE_RESOURCE_IN_CAPITAL', '0', '0', NULL),
('MODIFIER_SLTH_BUILDING_PALACE_BALSERAPHS_GRANT_MANA_MIND', 'MODIFIER_FREE_RESOURCE_IN_CAPITAL', '0', '0', NULL),
('MODIFIER_SLTH_BUILDING_PALACE_BALSERAPHS_GRANT_MANA_CHAOS', 'MODIFIER_FREE_RESOURCE_IN_CAPITAL', '0', '0', NULL),
('MODIFIER_SLTH_BUILDING_PALACE_BALSERAPHS_GRANT_MANA_AIR', 'MODIFIER_FREE_RESOURCE_IN_CAPITAL', '0', '0', NULL),
('MODIFIER_SLTH_BUILDING_PALACE_BANNOR_GRANT_MANA_LAW', 'MODIFIER_FREE_RESOURCE_IN_CAPITAL', '0', '0', NULL),
('MODIFIER_SLTH_BUILDING_PALACE_BANNOR_ADJUST_WAR_WEARINESS', 'MODIFIER_PLAYER_ADJUST_WAR_WEARINESS', '0', '0', NULL),
('MODIFIER_SLTH_BUILDING_PALACE_BANNOR_GRANT_MANA_SPIRIT', 'MODIFIER_FREE_RESOURCE_IN_CAPITAL', '0', '0', NULL),
('MODIFIER_SLTH_BUILDING_PALACE_BANNOR_GRANT_MANA_EARTH', 'MODIFIER_FREE_RESOURCE_IN_CAPITAL', '0', '0', NULL),
('MODIFIER_SLTH_BUILDING_PALACE_CALABIM_GRANT_MANA_BODY', 'MODIFIER_FREE_RESOURCE_IN_CAPITAL', '0', '0', NULL),
('MODIFIER_SLTH_BUILDING_PALACE_CALABIM_ADJUST_WAR_WEARINESS', 'MODIFIER_PLAYER_ADJUST_WAR_WEARINESS', '0', '0', NULL),
('MODIFIER_SLTH_BUILDING_PALACE_CALABIM_GRANT_MANA_LAW', 'MODIFIER_FREE_RESOURCE_IN_CAPITAL', '0', '0', NULL),
('MODIFIER_SLTH_BUILDING_PALACE_CALABIM_GRANT_MANA_SHADOW', 'MODIFIER_FREE_RESOURCE_IN_CAPITAL', '0', '0', NULL),
('MODIFIER_SLTH_BUILDING_PALACE_CLAN_OF_EMBERS_GRANT_MANA_FIRE', 'MODIFIER_FREE_RESOURCE_IN_CAPITAL', '0', '0', NULL),
('MODIFIER_SLTH_BUILDING_PALACE_CLAN_OF_EMBERS_ADJUST_WAR_WEARINESS', 'MODIFIER_PLAYER_ADJUST_WAR_WEARINESS', '0', '0', NULL),
('MODIFIER_SLTH_BUILDING_PALACE_CLAN_OF_EMBERS_GRANT_MANA_NATURE', 'MODIFIER_FREE_RESOURCE_IN_CAPITAL', '0', '0', NULL),
('MODIFIER_SLTH_BUILDING_PALACE_CLAN_OF_EMBERS_GRANT_MANA_BODY', 'MODIFIER_FREE_RESOURCE_IN_CAPITAL', '0', '0', NULL),
('MODIFIER_SLTH_BUILDING_PALACE_DOVIELLO_GRANT_MANA_CHAOS', 'MODIFIER_FREE_RESOURCE_IN_CAPITAL', '0', '0', NULL),
('MODIFIER_SLTH_BUILDING_PALACE_DOVIELLO_ADJUST_WAR_WEARINESS', 'MODIFIER_PLAYER_ADJUST_WAR_WEARINESS', '0', '0', NULL),
('MODIFIER_SLTH_BUILDING_PALACE_DOVIELLO_GRANT_MANA_EARTH', 'MODIFIER_FREE_RESOURCE_IN_CAPITAL', '0', '0', NULL),
('MODIFIER_SLTH_BUILDING_PALACE_DOVIELLO_GRANT_MANA_BODY', 'MODIFIER_FREE_RESOURCE_IN_CAPITAL', '0', '0', NULL),
('MODIFIER_SLTH_BUILDING_PALACE_ELOHIM_GRANT_MANA_SPIRIT', 'MODIFIER_FREE_RESOURCE_IN_CAPITAL', '0', '0', NULL),
('MODIFIER_SLTH_BUILDING_PALACE_ELOHIM_ADJUST_WAR_WEARINESS', 'MODIFIER_PLAYER_ADJUST_WAR_WEARINESS', '0', '0', NULL),
('MODIFIER_SLTH_BUILDING_PALACE_ELOHIM_GRANT_MANA_NATURE', 'MODIFIER_FREE_RESOURCE_IN_CAPITAL', '0', '0', NULL),
('MODIFIER_SLTH_BUILDING_PALACE_ELOHIM_GRANT_MANA_WATER', 'MODIFIER_FREE_RESOURCE_IN_CAPITAL', '0', '0', NULL),
('MODIFIER_SLTH_BUILDING_PALACE_GRIGORI_GRANT_MANA_SPIRIT', 'MODIFIER_FREE_RESOURCE_IN_CAPITAL', '0', '0', NULL),
('MODIFIER_PALACE_GRIGORI_INCREASE_GPP_MULT', 'MODIFIER_PLAYER_CAPITAL_CITY_GPP_MULT', '0', '0', NULL),
('MODIFIER_SLTH_BUILDING_PALACE_GRIGORI_GRANT_MANA_ENCHANTMENT', 'MODIFIER_FREE_RESOURCE_IN_CAPITAL', '0', '0', NULL),
('MODIFIER_SLTH_BUILDING_PALACE_GRIGORI_GRANT_MANA_WATER', 'MODIFIER_FREE_RESOURCE_IN_CAPITAL', '0', '0', NULL),
('MODIFIER_SLTH_BUILDING_PALACE_HIPPUS_GRANT_HORSE', 'MODIFIER_FREE_RESOURCE_IN_CAPITAL', '0', '0', NULL),
('MODIFIER_SLTH_BUILDING_PALACE_HIPPUS_GRANT_MANA_NATURE', 'MODIFIER_FREE_RESOURCE_IN_CAPITAL', '0', '0', NULL),
('MODIFIER_SLTH_BUILDING_PALACE_HIPPUS_GRANT_MANA_AIR', 'MODIFIER_FREE_RESOURCE_IN_CAPITAL', '0', '0', NULL),
('MODIFIER_SLTH_BUILDING_PALACE_ILLIANS_GRANT_MANA_ICE', 'MODIFIER_FREE_RESOURCE_IN_CAPITAL', '0', '0', NULL),
('MODIFIER_SLTH_BUILDING_PALACE_ILLIANS_GRANT_MANA_ENCHANTMENT', 'MODIFIER_FREE_RESOURCE_IN_CAPITAL', '0', '0', NULL),
('MODIFIER_SLTH_BUILDING_PALACE_ILLIANS_GRANT_MANA_LAW', 'MODIFIER_FREE_RESOURCE_IN_CAPITAL', '0', '0', NULL),
('MODIFIER_SLTH_BUILDING_PALACE_INFERNAL_GRANT_MANA_ENTROPY', 'MODIFIER_FREE_RESOURCE_IN_CAPITAL', '0', '0', NULL),
('MODIFIER_SLTH_BUILDING_PALACE_INFERNAL_ADJUST_WAR_WEARINESS', 'MODIFIER_PLAYER_ADJUST_WAR_WEARINESS', '0', '0', NULL),
('MODIFIER_SLTH_BUILDING_PALACE_INFERNAL_ADD_PRODUCTIONYIELD', 'MODIFIER_PLAYER_CAPITAL_CITY_ADJUST_CITY_YIELD_MODIFIER', '0', '0', NULL),
('MODIFIER_SLTH_BUILDING_PALACE_INFERNAL_GRANT_MANA_FIRE', 'MODIFIER_FREE_RESOURCE_IN_CAPITAL', '0', '0', NULL),
('MODIFIER_SLTH_BUILDING_PALACE_INFERNAL_GRANT_IRON', 'MODIFIER_FREE_RESOURCE_EXTRACTION_IN_CAPITAL', '0', '0', NULL),
('MODIFIER_SLTH_BUILDING_PALACE_KHAZAD_GRANT_MANA_EARTH', 'MODIFIER_FREE_RESOURCE_IN_CAPITAL', '0', '0', NULL),
('MODIFIER_SLTH_BUILDING_PALACE_KHAZAD_ADJUST_WAR_WEARINESS', 'MODIFIER_PLAYER_ADJUST_WAR_WEARINESS', '0', '0', NULL),
('MODIFIER_SLTH_BUILDING_PALACE_KHAZAD_GRANT_GOLD', 'MODIFIER_FREE_RESOURCE_IN_CAPITAL', '0', '0', NULL),
('MODIFIER_SLTH_BUILDING_PALACE_KHAZAD_GRANT_MANA_LAW', 'MODIFIER_FREE_RESOURCE_IN_CAPITAL', '0', '0', NULL),
('MODIFIER_SLTH_BUILDING_PALACE_KURIOTATES_GRANT_MANA_SUN', 'MODIFIER_FREE_RESOURCE_IN_CAPITAL', '0', '0', NULL),
('MODIFIER_SLTH_BUILDING_PALACE_KURIOTATES_ADJUST_WAR_WEARINESS', 'MODIFIER_PLAYER_ADJUST_WAR_WEARINESS', '0', '0', NULL),
('MODIFIER_SLTH_BUILDING_PALACE_KURIOTATES_ADJUST_HOUSING', 'MODIFIER_PLAYER_CITIES_ADJUST_POLICY_HOUSING', '0', '0', NULL),
('MODIFIER_SLTH_BUILDING_PALACE_KURIOTATES_GRANT_MANA_SPIRIT', 'MODIFIER_FREE_RESOURCE_IN_CAPITAL', '0', '0', NULL),
('MODIFIER_SLTH_BUILDING_PALACE_KURIOTATES_GRANT_MANA_WATER', 'MODIFIER_FREE_RESOURCE_IN_CAPITAL', '0', '0', NULL),
('MODIFIER_SLTH_BUILDING_PALACE_LANUN_GRANT_MANA_WATER', 'MODIFIER_FREE_RESOURCE_IN_CAPITAL', '0', '0', NULL),
('MODIFIER_SLTH_BUILDING_PALACE_LANUN_PLOT_YIELD_CHANGE_FOOD', 'MODIFIER_PLAYER_ADJUST_PLOT_YIELD', '0', '0', 'PLOT_HAS_COAST_REQUIREMENTS'),
('MODIFIER_SLTH_BUILDING_PALACE_LANUN_GRANT_MANA_CHAOS', 'MODIFIER_FREE_RESOURCE_IN_CAPITAL', '0', '0', NULL),
('MODIFIER_SLTH_BUILDING_PALACE_LANUN_GRANT_MANA_AIR', 'MODIFIER_FREE_RESOURCE_IN_CAPITAL', '0', '0', NULL),
('MODIFIER_SLTH_BUILDING_PALACE_LJOSALFAR_GRANT_MANA_NATURE', 'MODIFIER_FREE_RESOURCE_IN_CAPITAL', '0', '0', NULL),
('MODIFIER_SLTH_BUILDING_PALACE_LJOSALFAR_ADJUST_WAR_WEARINESS', 'MODIFIER_PLAYER_ADJUST_WAR_WEARINESS', '0', '0', NULL),
('MODIFIER_SLTH_BUILDING_PALACE_LJOSALFAR_GRANT_MANA_AIR', 'MODIFIER_FREE_RESOURCE_IN_CAPITAL', '0', '0', NULL),
('MODIFIER_SLTH_BUILDING_PALACE_LJOSALFAR_GRANT_MANA_LIFE', 'MODIFIER_FREE_RESOURCE_IN_CAPITAL', '0', '0', NULL),
('MODIFIER_SLTH_BUILDING_PALACE_LUCHUIRP_GRANT_MANA_ENCHANTMENT', 'MODIFIER_FREE_RESOURCE_IN_CAPITAL', '0', '0', NULL),
('MODIFIER_SLTH_BUILDING_PALACE_LUCHUIRP_ADJUST_WAR_WEARINESS', 'MODIFIER_PLAYER_ADJUST_WAR_WEARINESS', '0', '0', NULL),
('MODIFIER_SLTH_BUILDING_PALACE_LUCHUIRP_GRANT_MANA_LIFE', 'MODIFIER_FREE_RESOURCE_IN_CAPITAL', '0', '0', NULL),
('MODIFIER_SLTH_BUILDING_PALACE_LUCHUIRP_GRANT_MANA_EARTH', 'MODIFIER_FREE_RESOURCE_IN_CAPITAL', '0', '0', NULL),
('MODIFIER_SLTH_BUILDING_PALACE_MALAKIM_GRANT_MANA_SUN', 'MODIFIER_FREE_RESOURCE_IN_CAPITAL', '0', '0', NULL),
('MODIFIER_SLTH_BUILDING_PALACE_MALAKIM_ADJUST_WAR_WEARINESS', 'MODIFIER_PLAYER_ADJUST_WAR_WEARINESS', '0', '0', NULL),
('MODIFIER_SLTH_BUILDING_PALACE_MALAKIM_GRANT_MANA_MIND', 'MODIFIER_FREE_RESOURCE_IN_CAPITAL', '0', '0', NULL),
('MODIFIER_SLTH_BUILDING_PALACE_MALAKIM_GRANT_MANA_LIFE', 'MODIFIER_FREE_RESOURCE_IN_CAPITAL', '0', '0', NULL),
('MODIFIER_SLTH_BUILDING_PALACE_MERCURIANS_GRANT_MANA_LIFE', 'MODIFIER_FREE_RESOURCE_IN_CAPITAL', '0', '0', NULL),
('MODIFIER_SLTH_BUILDING_PALACE_MERCURIANS_ADJUST_WAR_WEARINESS', 'MODIFIER_PLAYER_ADJUST_WAR_WEARINESS', '0', '0', NULL),
('MODIFIER_SLTH_BUILDING_PALACE_MERCURIANS_MILITARY_PRODUCTION', 'MODIFIER_PLAYER_CITIES_ADJUST_MILITARY_UNITS_PRODUCTION', '0', '0', NULL),
('MODIFIER_SLTH_BUILDING_PALACE_MERCURIANS_GRANT_MANA_EARTH', 'MODIFIER_FREE_RESOURCE_IN_CAPITAL', '0', '0', NULL),
('MODIFIER_SLTH_BUILDING_PALACE_MERCURIANS_GRANT_IRON', 'MODIFIER_FREE_RESOURCE_EXTRACTION_IN_CAPITAL', '0', '0', NULL),
('MODIFIER_SLTH_BUILDING_PALACE_SHEAIM_GRANT_MANA_DEATH', 'MODIFIER_FREE_RESOURCE_IN_CAPITAL', '0', '0', NULL),
('MODIFIER_SLTH_BUILDING_PALACE_SHEAIM_ADJUST_WAR_WEARINESS', 'MODIFIER_PLAYER_ADJUST_WAR_WEARINESS', '0', '0', NULL),
('MODIFIER_SLTH_BUILDING_PALACE_SHEAIM_GRANT_MANA_CHAOS', 'MODIFIER_FREE_RESOURCE_IN_CAPITAL', '0', '0', NULL),
('MODIFIER_SLTH_BUILDING_PALACE_SHEAIM_GRANT_MANA_FIRE', 'MODIFIER_FREE_RESOURCE_IN_CAPITAL', '0', '0', NULL),
('MODIFIER_SLTH_BUILDING_PALACE_SIDAR_GRANT_MANA_SPIRIT', 'MODIFIER_FREE_RESOURCE_IN_CAPITAL', '0', '0', NULL),
('MODIFIER_SLTH_BUILDING_PALACE_SIDAR_GRANT_MANA_ENCHANTMENT', 'MODIFIER_FREE_RESOURCE_IN_CAPITAL', '0', '0', NULL),
('MODIFIER_SLTH_BUILDING_PALACE_SIDAR_GRANT_MANA_SHADOW', 'MODIFIER_FREE_RESOURCE_IN_CAPITAL', '0', '0', NULL),
('MODIFIER_SLTH_BUILDING_PALACE_SVARTALFAR_GRANT_MANA_SHADOW', 'MODIFIER_FREE_RESOURCE_IN_CAPITAL', '0', '0', NULL),
('MODIFIER_SLTH_BUILDING_PALACE_SVARTALFAR_ADJUST_WAR_WEARINESS', 'MODIFIER_PLAYER_ADJUST_WAR_WEARINESS', '0', '0', NULL),
('MODIFIER_SLTH_BUILDING_PALACE_SVARTALFAR_GRANT_MANA_NATURE', 'MODIFIER_FREE_RESOURCE_IN_CAPITAL', '0', '0', NULL),
('MODIFIER_SLTH_BUILDING_PALACE_SVARTALFAR_GRANT_MANA_MIND', 'MODIFIER_FREE_RESOURCE_IN_CAPITAL', '0', '0', NULL),
('MODIFIER_UNITCLASS_ADVENTURER_INCREASE_GPP_POINT_BONUS', 'MODIFIER_PLAYER_CAPITAL_CITY_GPP_INCREASE', '0', '0', NULL);
INSERT INTO ModifierArguments(ModifierId, Name, Type, Value) VALUES
('MODIFIER_CIVILIZATION_BANNOR_GRANT_SLTH_TECH_EXPLORATION', 'TechType', 'ARGTYPE_IDENTITY', 'SLTH_TECH_EXPLORATION'),
('MODIFIER_CIVILIZATION_MALAKIM_GRANT_SLTH_CIVIC_ANCIENT_CHANTS', 'CivicType', 'ARGTYPE_IDENTITY', 'SLTH_CIVIC_ANCIENT_CHANTS'),
('MODIFIER_CIVILIZATION_ELOHIM_GRANT_SLTH_CIVIC_ANCIENT_CHANTS', 'CivicType', 'ARGTYPE_IDENTITY', 'SLTH_CIVIC_ANCIENT_CHANTS'),
('MODIFIER_CIVILIZATION_MERCURIANS_GRANT_SLTH_TECH_CRAFTING', 'TechType', 'ARGTYPE_IDENTITY', 'SLTH_TECH_CRAFTING'),
('MODIFIER_CIVILIZATION_LUCHUIRP_GRANT_SLTH_TECH_CRAFTING', 'TechType', 'ARGTYPE_IDENTITY', 'SLTH_TECH_CRAFTING'),
('MODIFIER_CIVILIZATION_KURIOTATES_GRANT_SLTH_TECH_AGRICULTURE', 'TechType', 'ARGTYPE_IDENTITY', 'SLTH_TECH_AGRICULTURE'),
('MODIFIER_CIVILIZATION_LJOSALFAR_ABILITY_SLTH_TRAIT_DEXTEROUS', 'Amount', 'ARGTYPE_IDENTITY', '5'),
('TRAIT_CIVILIZATION_LJOSALFAR_ABILITY_SLTH_TRAIT_DEXTEROUS', 'AbilityType', 'ARGTYPE_IDENTITY', 'CIVILIZATION_LJOSALFAR_ABILITY_SLTH_TRAIT_DEXTEROUS'),
('MODIFIER_CIVILIZATION_LJOSALFAR_GRANT_SLTH_TECH_EXPLORATION', 'TechType', 'ARGTYPE_IDENTITY', 'SLTH_TECH_EXPLORATION'),
('MODIFIER_CIVILIZATION_LJOSALFAR_GRANT_SLTH_TECH_SKIP_', 'TechType', 'ARGTYPE_IDENTITY', 'SLTH_TECH_SKIP_'),
('MODIFIER_CIVILIZATION_KHAZAD_GRANT_SLTH_TECH_CRAFTING', 'TechType', 'ARGTYPE_IDENTITY', 'SLTH_TECH_CRAFTING'),
('MODIFIER_CIVILIZATION_SIDAR_GRANT_SLTH_CIVIC_ANCIENT_CHANTS', 'CivicType', 'ARGTYPE_IDENTITY', 'SLTH_CIVIC_ANCIENT_CHANTS'),
('MODIFIER_CIVILIZATION_LANUN_GRANT_SLTH_TECH_SEAFARING', 'TechType', 'ARGTYPE_IDENTITY', 'SLTH_TECH_SEAFARING'),
('MODIFIER_CIVILIZATION_GRIGORI_GRANT_SLTH_TECH_CRAFTING', 'TechType', 'ARGTYPE_IDENTITY', 'SLTH_TECH_CRAFTING'),
('MODIFIER_CIVILIZATION_HIPPUS_ABILITY_SLTH_TRAIT_HORSELORD', 'Amount', 'ARGTYPE_IDENTITY', '5'),
('MODIFIER_CIVILIZATION_HIPPUS_ABILITY_SLTH_TRAIT_HORSELORD_MOVE', 'Amount', 'ARGTYPE_IDENTITY', '1'),
('TRAIT_CIVILIZATION_HIPPUS_ABILITY_SLTH_TRAIT_HORSELORD', 'AbilityType', 'ARGTYPE_IDENTITY', 'CIVILIZATION_HIPPUS_ABILITY_SLTH_TRAIT_HORSELORD'),
('MODIFIER_CIVILIZATION_HIPPUS_GRANT_SLTH_TECH_AGRICULTURE', 'TechType', 'ARGTYPE_IDENTITY', 'SLTH_TECH_AGRICULTURE'),
('MODIFIER_CIVILIZATION_AMURITES_GRANT_SLTH_CIVIC_ANCIENT_CHANTS', 'CivicType', 'ARGTYPE_IDENTITY', 'SLTH_CIVIC_ANCIENT_CHANTS'),
('MODIFIER_CIVILIZATION_BALSERAPHS_GRANT_SLTH_TECH_AGRICULTURE', 'TechType', 'ARGTYPE_IDENTITY', 'SLTH_TECH_AGRICULTURE'),
('MODIFIER_CIVILIZATION_SVARTALFAR_ABILITY_SLTH_TRAIT_SINISTER', 'Amount', 'ARGTYPE_IDENTITY', '5'),
('TRAIT_CIVILIZATION_SVARTALFAR_ABILITY_SLTH_TRAIT_SINISTER', 'AbilityType', 'ARGTYPE_IDENTITY', 'CIVILIZATION_SVARTALFAR_ABILITY_SLTH_TRAIT_SINISTER'),
('MODIFIER_CIVILIZATION_SVARTALFAR_GRANT_SLTH_TECH_AGRICULTURE', 'TechType', 'ARGTYPE_IDENTITY', 'SLTH_TECH_AGRICULTURE'),
('MODIFIER_CIVILIZATION_SVARTALFAR_GRANT_SLTH_TECH_SKIP_', 'TechType', 'ARGTYPE_IDENTITY', 'SLTH_TECH_SKIP_'),
('MODIFIER_CIVILIZATION_CALABIM_GRANT_SLTH_TECH_EXPLORATION', 'TechType', 'ARGTYPE_IDENTITY', 'SLTH_TECH_EXPLORATION'),
('MODIFIER_CIVILIZATION_SHEAIM_GRANT_SLTH_CIVIC_ANCIENT_CHANTS', 'CivicType', 'ARGTYPE_IDENTITY', 'SLTH_CIVIC_ANCIENT_CHANTS'),
('MODIFIER_CIVILIZATION_INFERNAL_GRANT_SLTH_TECH_CRAFTING', 'TechType', 'ARGTYPE_IDENTITY', 'SLTH_TECH_CRAFTING'),
('MODIFIER_CIVILIZATION_ILLIANS_GRANT_SLTH_TECH_EXPLORATION', 'TechType', 'ARGTYPE_IDENTITY', 'SLTH_TECH_EXPLORATION'),
('MODIFIER_BAN_SLTH_UNIT_RANGER', 'UnitType', 'ARGTYPE_IDENTITY', 'SLTH_UNIT_RANGER'),
('MODIFIER_BAN_SLTH_UNIT_IMMORTAL', 'UnitType', 'ARGTYPE_IDENTITY', 'SLTH_UNIT_IMMORTAL'),
('MODIFIER_BAN_SLTH_UNIT_CROSSBOWMAN', 'UnitType', 'ARGTYPE_IDENTITY', 'SLTH_UNIT_CROSSBOWMAN'),
('MODIFIER_BAN_SLTH_UNIT_PHALANX', 'UnitType', 'ARGTYPE_IDENTITY', 'SLTH_UNIT_PHALANX'),
('MODIFIER_BAN_SLTH_UNIT_CHARIOT', 'UnitType', 'ARGTYPE_IDENTITY', 'SLTH_UNIT_CHARIOT'),
('MODIFIER_BAN_SLTH_UNIT_SCOUT', 'UnitType', 'ARGTYPE_IDENTITY', 'SLTH_UNIT_SCOUT'),
('MODIFIER_BAN_SLTH_UNIT_BEASTMASTER', 'UnitType', 'ARGTYPE_IDENTITY', 'SLTH_UNIT_BEASTMASTER'),
('MODIFIER_BAN_SLTH_UNIT_CANNON', 'UnitType', 'ARGTYPE_IDENTITY', 'SLTH_UNIT_CANNON'),
('MODIFIER_BAN_SLTH_UNIT_ARCHMAGE', 'UnitType', 'ARGTYPE_IDENTITY', 'SLTH_UNIT_ARCHMAGE'),
('MODIFIER_BAN_SLTH_UNIT_MAGE', 'UnitType', 'ARGTYPE_IDENTITY', 'SLTH_UNIT_MAGE'),
('MODIFIER_BAN_SLTH_UNIT_WARRIOR', 'UnitType', 'ARGTYPE_IDENTITY', 'SLTH_UNIT_WARRIOR'),
('MODIFIER_BAN_SLTH_UNIT_KNIGHT', 'UnitType', 'ARGTYPE_IDENTITY', 'SLTH_UNIT_KNIGHT'),
('MODIFIER_BAN_SLTH_UNIT_BERSERKER', 'UnitType', 'ARGTYPE_IDENTITY', 'SLTH_UNIT_BERSERKER'),
('MODIFIER_BAN_SLTH_UNIT_HORSE_ARCHER', 'UnitType', 'ARGTYPE_IDENTITY', 'SLTH_UNIT_HORSE_ARCHER'),
('MODIFIER_BAN_SLTH_UNIT_MARKSMAN', 'UnitType', 'ARGTYPE_IDENTITY', 'SLTH_UNIT_MARKSMAN'),
('MODIFIER_BAN_SLTH_UNIT_LONGBOWMAN', 'UnitType', 'ARGTYPE_IDENTITY', 'SLTH_UNIT_LONGBOWMAN'),
('MODIFIER_BAN_SLTH_UNIT_ARQUEBUS', 'UnitType', 'ARGTYPE_IDENTITY', 'SLTH_UNIT_ARQUEBUS'),
('MODIFIER_BAN_SLTH_UNIT_CATAPULT', 'UnitType', 'ARGTYPE_IDENTITY', 'SLTH_UNIT_CATAPULT'),
('MODIFIER_BAN_SLTH_UNIT_CHAMPION', 'UnitType', 'ARGTYPE_IDENTITY', 'SLTH_UNIT_CHAMPION'),
('MODIFIER_SLTH_BUILDING_PALACE_AMURITES_GRANT_MANA_METAMAGIC', 'Amount', 'ARGTYPE_IDENTITY', '1'),
('MODIFIER_SLTH_BUILDING_PALACE_AMURITES_GRANT_MANA_METAMAGIC', 'ResourceType', 'ARGTYPE_IDENTITY', 'RESOURCE_MANA_METAMAGIC'),
('MODIFIER_SLTH_BUILDING_PALACE_AMURITES_GRANT_MANA_FIRE', 'Amount', 'ARGTYPE_IDENTITY', '1'),
('MODIFIER_SLTH_BUILDING_PALACE_AMURITES_GRANT_MANA_FIRE', 'ResourceType', 'ARGTYPE_IDENTITY', 'RESOURCE_MANA_FIRE'),
('MODIFIER_SLTH_BUILDING_PALACE_AMURITES_GRANT_MANA_BODY', 'Amount', 'ARGTYPE_IDENTITY', '1'),
('MODIFIER_SLTH_BUILDING_PALACE_AMURITES_GRANT_MANA_BODY', 'ResourceType', 'ARGTYPE_IDENTITY', 'RESOURCE_MANA_BODY'),
('MODIFIER_SLTH_BUILDING_PALACE_BALSERAPHS_GRANT_MANA_MIND', 'Amount', 'ARGTYPE_IDENTITY', '1'),
('MODIFIER_SLTH_BUILDING_PALACE_BALSERAPHS_GRANT_MANA_MIND', 'ResourceType', 'ARGTYPE_IDENTITY', 'RESOURCE_MANA_MIND'),
('MODIFIER_SLTH_BUILDING_PALACE_BALSERAPHS_GRANT_MANA_CHAOS', 'Amount', 'ARGTYPE_IDENTITY', '1'),
('MODIFIER_SLTH_BUILDING_PALACE_BALSERAPHS_GRANT_MANA_CHAOS', 'ResourceType', 'ARGTYPE_IDENTITY', 'RESOURCE_MANA_CHAOS'),
('MODIFIER_SLTH_BUILDING_PALACE_BALSERAPHS_GRANT_MANA_AIR', 'Amount', 'ARGTYPE_IDENTITY', '1'),
('MODIFIER_SLTH_BUILDING_PALACE_BALSERAPHS_GRANT_MANA_AIR', 'ResourceType', 'ARGTYPE_IDENTITY', 'RESOURCE_MANA_AIR'),
('MODIFIER_SLTH_BUILDING_PALACE_BANNOR_GRANT_MANA_LAW', 'Amount', 'ARGTYPE_IDENTITY', '1'),
('MODIFIER_SLTH_BUILDING_PALACE_BANNOR_GRANT_MANA_LAW', 'ResourceType', 'ARGTYPE_IDENTITY', 'RESOURCE_MANA_LAW'),
('MODIFIER_SLTH_BUILDING_PALACE_BANNOR_ADJUST_WAR_WEARINESS', 'Amount', 'ARGTYPE_IDENTITY', '-10'),
('MODIFIER_SLTH_BUILDING_PALACE_BANNOR_ADJUST_WAR_WEARINESS', 'Overall', 'ARGTYPE_IDENTITY', '1'),
('MODIFIER_SLTH_BUILDING_PALACE_BANNOR_GRANT_MANA_SPIRIT', 'Amount', 'ARGTYPE_IDENTITY', '1'),
('MODIFIER_SLTH_BUILDING_PALACE_BANNOR_GRANT_MANA_SPIRIT', 'ResourceType', 'ARGTYPE_IDENTITY', 'RESOURCE_MANA_SPIRIT'),
('MODIFIER_SLTH_BUILDING_PALACE_BANNOR_GRANT_MANA_EARTH', 'Amount', 'ARGTYPE_IDENTITY', '1'),
('MODIFIER_SLTH_BUILDING_PALACE_BANNOR_GRANT_MANA_EARTH', 'ResourceType', 'ARGTYPE_IDENTITY', 'RESOURCE_MANA_EARTH'),
('MODIFIER_SLTH_BUILDING_PALACE_CALABIM_GRANT_MANA_BODY', 'Amount', 'ARGTYPE_IDENTITY', '1'),
('MODIFIER_SLTH_BUILDING_PALACE_CALABIM_GRANT_MANA_BODY', 'ResourceType', 'ARGTYPE_IDENTITY', 'RESOURCE_MANA_BODY'),
('MODIFIER_SLTH_BUILDING_PALACE_CALABIM_ADJUST_WAR_WEARINESS', 'Amount', 'ARGTYPE_IDENTITY', '-10'),
('MODIFIER_SLTH_BUILDING_PALACE_CALABIM_ADJUST_WAR_WEARINESS', 'Overall', 'ARGTYPE_IDENTITY', '1'),
('MODIFIER_SLTH_BUILDING_PALACE_CALABIM_GRANT_MANA_LAW', 'Amount', 'ARGTYPE_IDENTITY', '1'),
('MODIFIER_SLTH_BUILDING_PALACE_CALABIM_GRANT_MANA_LAW', 'ResourceType', 'ARGTYPE_IDENTITY', 'RESOURCE_MANA_LAW'),
('MODIFIER_SLTH_BUILDING_PALACE_CALABIM_GRANT_MANA_SHADOW', 'Amount', 'ARGTYPE_IDENTITY', '1'),
('MODIFIER_SLTH_BUILDING_PALACE_CALABIM_GRANT_MANA_SHADOW', 'ResourceType', 'ARGTYPE_IDENTITY', 'RESOURCE_MANA_SHADOW'),
('MODIFIER_SLTH_BUILDING_PALACE_CLAN_OF_EMBERS_GRANT_MANA_FIRE', 'Amount', 'ARGTYPE_IDENTITY', '1'),
('MODIFIER_SLTH_BUILDING_PALACE_CLAN_OF_EMBERS_GRANT_MANA_FIRE', 'ResourceType', 'ARGTYPE_IDENTITY', 'RESOURCE_MANA_FIRE'),
('MODIFIER_SLTH_BUILDING_PALACE_CLAN_OF_EMBERS_ADJUST_WAR_WEARINESS', 'Amount', 'ARGTYPE_IDENTITY', '-40'),
('MODIFIER_SLTH_BUILDING_PALACE_CLAN_OF_EMBERS_ADJUST_WAR_WEARINESS', 'Overall', 'ARGTYPE_IDENTITY', '1'),
('MODIFIER_SLTH_BUILDING_PALACE_CLAN_OF_EMBERS_GRANT_MANA_NATURE', 'Amount', 'ARGTYPE_IDENTITY', '1'),
('MODIFIER_SLTH_BUILDING_PALACE_CLAN_OF_EMBERS_GRANT_MANA_NATURE', 'ResourceType', 'ARGTYPE_IDENTITY', 'RESOURCE_MANA_NATURE'),
('MODIFIER_SLTH_BUILDING_PALACE_CLAN_OF_EMBERS_GRANT_MANA_BODY', 'Amount', 'ARGTYPE_IDENTITY', '1'),
('MODIFIER_SLTH_BUILDING_PALACE_CLAN_OF_EMBERS_GRANT_MANA_BODY', 'ResourceType', 'ARGTYPE_IDENTITY', 'RESOURCE_MANA_BODY'),
('MODIFIER_SLTH_BUILDING_PALACE_DOVIELLO_GRANT_MANA_CHAOS', 'Amount', 'ARGTYPE_IDENTITY', '1'),
('MODIFIER_SLTH_BUILDING_PALACE_DOVIELLO_GRANT_MANA_CHAOS', 'ResourceType', 'ARGTYPE_IDENTITY', 'RESOURCE_MANA_CHAOS'),
('MODIFIER_SLTH_BUILDING_PALACE_DOVIELLO_ADJUST_WAR_WEARINESS', 'Amount', 'ARGTYPE_IDENTITY', '-40'),
('MODIFIER_SLTH_BUILDING_PALACE_DOVIELLO_ADJUST_WAR_WEARINESS', 'Overall', 'ARGTYPE_IDENTITY', '1'),
('MODIFIER_SLTH_BUILDING_PALACE_DOVIELLO_GRANT_MANA_EARTH', 'Amount', 'ARGTYPE_IDENTITY', '1'),
('MODIFIER_SLTH_BUILDING_PALACE_DOVIELLO_GRANT_MANA_EARTH', 'ResourceType', 'ARGTYPE_IDENTITY', 'RESOURCE_MANA_EARTH'),
('MODIFIER_SLTH_BUILDING_PALACE_DOVIELLO_GRANT_MANA_BODY', 'Amount', 'ARGTYPE_IDENTITY', '1'),
('MODIFIER_SLTH_BUILDING_PALACE_DOVIELLO_GRANT_MANA_BODY', 'ResourceType', 'ARGTYPE_IDENTITY', 'RESOURCE_MANA_BODY'),
('MODIFIER_SLTH_BUILDING_PALACE_ELOHIM_GRANT_MANA_SPIRIT', 'Amount', 'ARGTYPE_IDENTITY', '1'),
('MODIFIER_SLTH_BUILDING_PALACE_ELOHIM_GRANT_MANA_SPIRIT', 'ResourceType', 'ARGTYPE_IDENTITY', 'RESOURCE_MANA_SPIRIT'),
('MODIFIER_SLTH_BUILDING_PALACE_ELOHIM_ADJUST_WAR_WEARINESS', 'Amount', 'ARGTYPE_IDENTITY', '20'),
('MODIFIER_SLTH_BUILDING_PALACE_ELOHIM_ADJUST_WAR_WEARINESS', 'Overall', 'ARGTYPE_IDENTITY', '1'),
('MODIFIER_SLTH_BUILDING_PALACE_ELOHIM_GRANT_MANA_NATURE', 'Amount', 'ARGTYPE_IDENTITY', '1'),
('MODIFIER_SLTH_BUILDING_PALACE_ELOHIM_GRANT_MANA_NATURE', 'ResourceType', 'ARGTYPE_IDENTITY', 'RESOURCE_MANA_NATURE'),
('MODIFIER_SLTH_BUILDING_PALACE_ELOHIM_GRANT_MANA_WATER', 'Amount', 'ARGTYPE_IDENTITY', '1'),
('MODIFIER_SLTH_BUILDING_PALACE_ELOHIM_GRANT_MANA_WATER', 'ResourceType', 'ARGTYPE_IDENTITY', 'RESOURCE_MANA_WATER'),
('MODIFIER_SLTH_BUILDING_PALACE_GRIGORI_GRANT_MANA_SPIRIT', 'Amount', 'ARGTYPE_IDENTITY', '1'),
('MODIFIER_SLTH_BUILDING_PALACE_GRIGORI_GRANT_MANA_SPIRIT', 'ResourceType', 'ARGTYPE_IDENTITY', 'RESOURCE_MANA_SPIRIT'),
('MODIFIER_PALACE_GRIGORI_INCREASE_GPP_MULT', 'Amount', 'ARGTYPE_IDENTITY', '15'),
('MODIFIER_SLTH_BUILDING_PALACE_GRIGORI_GRANT_MANA_ENCHANTMENT', 'Amount', 'ARGTYPE_IDENTITY', '1'),
('MODIFIER_SLTH_BUILDING_PALACE_GRIGORI_GRANT_MANA_ENCHANTMENT', 'ResourceType', 'ARGTYPE_IDENTITY', 'RESOURCE_MANA_ENCHANTMENT'),
('MODIFIER_SLTH_BUILDING_PALACE_GRIGORI_GRANT_MANA_WATER', 'Amount', 'ARGTYPE_IDENTITY', '1'),
('MODIFIER_SLTH_BUILDING_PALACE_GRIGORI_GRANT_MANA_WATER', 'ResourceType', 'ARGTYPE_IDENTITY', 'RESOURCE_MANA_WATER'),
('MODIFIER_SLTH_BUILDING_PALACE_HIPPUS_GRANT_HORSE', 'Amount', 'ARGTYPE_IDENTITY', '1'),
('MODIFIER_SLTH_BUILDING_PALACE_HIPPUS_GRANT_HORSE', 'ResourceType', 'ARGTYPE_IDENTITY', 'RESOURCE_HORSE'),
('MODIFIER_SLTH_BUILDING_PALACE_HIPPUS_GRANT_MANA_NATURE', 'Amount', 'ARGTYPE_IDENTITY', '1'),
('MODIFIER_SLTH_BUILDING_PALACE_HIPPUS_GRANT_MANA_NATURE', 'ResourceType', 'ARGTYPE_IDENTITY', 'RESOURCE_MANA_NATURE'),
('MODIFIER_SLTH_BUILDING_PALACE_HIPPUS_GRANT_MANA_AIR', 'Amount', 'ARGTYPE_IDENTITY', '1'),
('MODIFIER_SLTH_BUILDING_PALACE_HIPPUS_GRANT_MANA_AIR', 'ResourceType', 'ARGTYPE_IDENTITY', 'RESOURCE_MANA_AIR'),
('MODIFIER_SLTH_BUILDING_PALACE_ILLIANS_GRANT_MANA_ICE', 'Amount', 'ARGTYPE_IDENTITY', '1'),
('MODIFIER_SLTH_BUILDING_PALACE_ILLIANS_GRANT_MANA_ICE', 'ResourceType', 'ARGTYPE_IDENTITY', 'RESOURCE_MANA_ICE'),
('MODIFIER_SLTH_BUILDING_PALACE_ILLIANS_GRANT_MANA_ENCHANTMENT', 'Amount', 'ARGTYPE_IDENTITY', '1'),
('MODIFIER_SLTH_BUILDING_PALACE_ILLIANS_GRANT_MANA_ENCHANTMENT', 'ResourceType', 'ARGTYPE_IDENTITY', 'RESOURCE_MANA_ENCHANTMENT'),
('MODIFIER_SLTH_BUILDING_PALACE_ILLIANS_GRANT_MANA_LAW', 'Amount', 'ARGTYPE_IDENTITY', '1'),
('MODIFIER_SLTH_BUILDING_PALACE_ILLIANS_GRANT_MANA_LAW', 'ResourceType', 'ARGTYPE_IDENTITY', 'RESOURCE_MANA_LAW'),
('MODIFIER_SLTH_BUILDING_PALACE_INFERNAL_GRANT_MANA_ENTROPY', 'Amount', 'ARGTYPE_IDENTITY', '1'),
('MODIFIER_SLTH_BUILDING_PALACE_INFERNAL_GRANT_MANA_ENTROPY', 'ResourceType', 'ARGTYPE_IDENTITY', 'RESOURCE_MANA_ENTROPY'),
('MODIFIER_SLTH_BUILDING_PALACE_INFERNAL_ADJUST_WAR_WEARINESS', 'Amount', 'ARGTYPE_IDENTITY', '-100'),
('MODIFIER_SLTH_BUILDING_PALACE_INFERNAL_ADJUST_WAR_WEARINESS', 'Overall', 'ARGTYPE_IDENTITY', '1'),
('MODIFIER_SLTH_BUILDING_PALACE_INFERNAL_ADD_PRODUCTIONYIELD', 'Amount', 'ARGTYPE_IDENTITY', '50'),
('MODIFIER_SLTH_BUILDING_PALACE_INFERNAL_ADD_PRODUCTIONYIELD', 'YieldType', 'ARGTYPE_IDENTITY', 'YIELD_PRODUCTION'),
('MODIFIER_SLTH_BUILDING_PALACE_INFERNAL_GRANT_MANA_FIRE', 'Amount', 'ARGTYPE_IDENTITY', '1'),
('MODIFIER_SLTH_BUILDING_PALACE_INFERNAL_GRANT_MANA_FIRE', 'ResourceType', 'ARGTYPE_IDENTITY', 'RESOURCE_MANA_FIRE'),
('MODIFIER_SLTH_BUILDING_PALACE_INFERNAL_GRANT_IRON', 'Amount', 'ARGTYPE_IDENTITY', '1'),
('MODIFIER_SLTH_BUILDING_PALACE_INFERNAL_GRANT_IRON', 'ResourceType', 'ARGTYPE_IDENTITY', 'RESOURCE_IRON'),
('MODIFIER_SLTH_BUILDING_PALACE_KHAZAD_GRANT_MANA_EARTH', 'Amount', 'ARGTYPE_IDENTITY', '1'),
('MODIFIER_SLTH_BUILDING_PALACE_KHAZAD_GRANT_MANA_EARTH', 'ResourceType', 'ARGTYPE_IDENTITY', 'RESOURCE_MANA_EARTH'),
('MODIFIER_SLTH_BUILDING_PALACE_KHAZAD_ADJUST_WAR_WEARINESS', 'Amount', 'ARGTYPE_IDENTITY', '-10'),
('MODIFIER_SLTH_BUILDING_PALACE_KHAZAD_ADJUST_WAR_WEARINESS', 'Overall', 'ARGTYPE_IDENTITY', '1'),
('MODIFIER_SLTH_BUILDING_PALACE_KHAZAD_GRANT_GOLD', 'Amount', 'ARGTYPE_IDENTITY', '1'),
('MODIFIER_SLTH_BUILDING_PALACE_KHAZAD_GRANT_GOLD', 'ResourceType', 'ARGTYPE_IDENTITY', 'RESOURCE_GOLD'),
('MODIFIER_SLTH_BUILDING_PALACE_KHAZAD_GRANT_MANA_LAW', 'Amount', 'ARGTYPE_IDENTITY', '1'),
('MODIFIER_SLTH_BUILDING_PALACE_KHAZAD_GRANT_MANA_LAW', 'ResourceType', 'ARGTYPE_IDENTITY', 'RESOURCE_MANA_LAW'),
('MODIFIER_SLTH_BUILDING_PALACE_KURIOTATES_GRANT_MANA_SUN', 'Amount', 'ARGTYPE_IDENTITY', '1'),
('MODIFIER_SLTH_BUILDING_PALACE_KURIOTATES_GRANT_MANA_SUN', 'ResourceType', 'ARGTYPE_IDENTITY', 'RESOURCE_MANA_SUN'),
('MODIFIER_SLTH_BUILDING_PALACE_KURIOTATES_ADJUST_WAR_WEARINESS', 'Amount', 'ARGTYPE_IDENTITY', '20'),
('MODIFIER_SLTH_BUILDING_PALACE_KURIOTATES_ADJUST_WAR_WEARINESS', 'Overall', 'ARGTYPE_IDENTITY', '1'),
('MODIFIER_SLTH_BUILDING_PALACE_KURIOTATES_ADJUST_HOUSING', 'Amount', 'ARGTYPE_IDENTITY', '1'),
('MODIFIER_SLTH_BUILDING_PALACE_KURIOTATES_GRANT_MANA_SPIRIT', 'Amount', 'ARGTYPE_IDENTITY', '1'),
('MODIFIER_SLTH_BUILDING_PALACE_KURIOTATES_GRANT_MANA_SPIRIT', 'ResourceType', 'ARGTYPE_IDENTITY', 'RESOURCE_MANA_SPIRIT'),
('MODIFIER_SLTH_BUILDING_PALACE_KURIOTATES_GRANT_MANA_WATER', 'Amount', 'ARGTYPE_IDENTITY', '1'),
('MODIFIER_SLTH_BUILDING_PALACE_KURIOTATES_GRANT_MANA_WATER', 'ResourceType', 'ARGTYPE_IDENTITY', 'RESOURCE_MANA_WATER'),
('MODIFIER_SLTH_BUILDING_PALACE_LANUN_GRANT_MANA_WATER', 'Amount', 'ARGTYPE_IDENTITY', '1'),
('MODIFIER_SLTH_BUILDING_PALACE_LANUN_GRANT_MANA_WATER', 'ResourceType', 'ARGTYPE_IDENTITY', 'RESOURCE_MANA_WATER'),
('MODIFIER_SLTH_BUILDING_PALACE_LANUN_PLOT_YIELD_CHANGE_FOOD', 'YieldType', 'ARGTYPE_IDENTITY', 'YIELD_FOOD'),
('MODIFIER_SLTH_BUILDING_PALACE_LANUN_PLOT_YIELD_CHANGE_FOOD', 'Amount', 'ARGTYPE_IDENTITY', '1'),
('MODIFIER_SLTH_BUILDING_PALACE_LANUN_GRANT_MANA_CHAOS', 'Amount', 'ARGTYPE_IDENTITY', '1'),
('MODIFIER_SLTH_BUILDING_PALACE_LANUN_GRANT_MANA_CHAOS', 'ResourceType', 'ARGTYPE_IDENTITY', 'RESOURCE_MANA_CHAOS'),
('MODIFIER_SLTH_BUILDING_PALACE_LANUN_GRANT_MANA_AIR', 'Amount', 'ARGTYPE_IDENTITY', '1'),
('MODIFIER_SLTH_BUILDING_PALACE_LANUN_GRANT_MANA_AIR', 'ResourceType', 'ARGTYPE_IDENTITY', 'RESOURCE_MANA_AIR'),
('MODIFIER_SLTH_BUILDING_PALACE_LJOSALFAR_GRANT_MANA_NATURE', 'Amount', 'ARGTYPE_IDENTITY', '1'),
('MODIFIER_SLTH_BUILDING_PALACE_LJOSALFAR_GRANT_MANA_NATURE', 'ResourceType', 'ARGTYPE_IDENTITY', 'RESOURCE_MANA_NATURE'),
('MODIFIER_SLTH_BUILDING_PALACE_LJOSALFAR_ADJUST_WAR_WEARINESS', 'Amount', 'ARGTYPE_IDENTITY', '10'),
('MODIFIER_SLTH_BUILDING_PALACE_LJOSALFAR_ADJUST_WAR_WEARINESS', 'Overall', 'ARGTYPE_IDENTITY', '1'),
('MODIFIER_SLTH_BUILDING_PALACE_LJOSALFAR_GRANT_MANA_AIR', 'Amount', 'ARGTYPE_IDENTITY', '1'),
('MODIFIER_SLTH_BUILDING_PALACE_LJOSALFAR_GRANT_MANA_AIR', 'ResourceType', 'ARGTYPE_IDENTITY', 'RESOURCE_MANA_AIR'),
('MODIFIER_SLTH_BUILDING_PALACE_LJOSALFAR_GRANT_MANA_LIFE', 'Amount', 'ARGTYPE_IDENTITY', '1'),
('MODIFIER_SLTH_BUILDING_PALACE_LJOSALFAR_GRANT_MANA_LIFE', 'ResourceType', 'ARGTYPE_IDENTITY', 'RESOURCE_MANA_LIFE'),
('MODIFIER_SLTH_BUILDING_PALACE_LUCHUIRP_GRANT_MANA_ENCHANTMENT', 'Amount', 'ARGTYPE_IDENTITY', '1'),
('MODIFIER_SLTH_BUILDING_PALACE_LUCHUIRP_GRANT_MANA_ENCHANTMENT', 'ResourceType', 'ARGTYPE_IDENTITY', 'RESOURCE_MANA_ENCHANTMENT'),
('MODIFIER_SLTH_BUILDING_PALACE_LUCHUIRP_ADJUST_WAR_WEARINESS', 'Amount', 'ARGTYPE_IDENTITY', '10'),
('MODIFIER_SLTH_BUILDING_PALACE_LUCHUIRP_ADJUST_WAR_WEARINESS', 'Overall', 'ARGTYPE_IDENTITY', '1'),
('MODIFIER_SLTH_BUILDING_PALACE_LUCHUIRP_GRANT_MANA_LIFE', 'Amount', 'ARGTYPE_IDENTITY', '1'),
('MODIFIER_SLTH_BUILDING_PALACE_LUCHUIRP_GRANT_MANA_LIFE', 'ResourceType', 'ARGTYPE_IDENTITY', 'RESOURCE_MANA_LIFE'),
('MODIFIER_SLTH_BUILDING_PALACE_LUCHUIRP_GRANT_MANA_EARTH', 'Amount', 'ARGTYPE_IDENTITY', '1'),
('MODIFIER_SLTH_BUILDING_PALACE_LUCHUIRP_GRANT_MANA_EARTH', 'ResourceType', 'ARGTYPE_IDENTITY', 'RESOURCE_MANA_EARTH'),
('MODIFIER_SLTH_BUILDING_PALACE_MALAKIM_GRANT_MANA_SUN', 'Amount', 'ARGTYPE_IDENTITY', '1'),
('MODIFIER_SLTH_BUILDING_PALACE_MALAKIM_GRANT_MANA_SUN', 'ResourceType', 'ARGTYPE_IDENTITY', 'RESOURCE_MANA_SUN'),
('MODIFIER_SLTH_BUILDING_PALACE_MALAKIM_ADJUST_WAR_WEARINESS', 'Amount', 'ARGTYPE_IDENTITY', '10'),
('MODIFIER_SLTH_BUILDING_PALACE_MALAKIM_ADJUST_WAR_WEARINESS', 'Overall', 'ARGTYPE_IDENTITY', '1'),
('MODIFIER_SLTH_BUILDING_PALACE_MALAKIM_GRANT_MANA_MIND', 'Amount', 'ARGTYPE_IDENTITY', '1'),
('MODIFIER_SLTH_BUILDING_PALACE_MALAKIM_GRANT_MANA_MIND', 'ResourceType', 'ARGTYPE_IDENTITY', 'RESOURCE_MANA_MIND'),
('MODIFIER_SLTH_BUILDING_PALACE_MALAKIM_GRANT_MANA_LIFE', 'Amount', 'ARGTYPE_IDENTITY', '1'),
('MODIFIER_SLTH_BUILDING_PALACE_MALAKIM_GRANT_MANA_LIFE', 'ResourceType', 'ARGTYPE_IDENTITY', 'RESOURCE_MANA_LIFE'),
('MODIFIER_SLTH_BUILDING_PALACE_MERCURIANS_GRANT_MANA_LIFE', 'Amount', 'ARGTYPE_IDENTITY', '1'),
('MODIFIER_SLTH_BUILDING_PALACE_MERCURIANS_GRANT_MANA_LIFE', 'ResourceType', 'ARGTYPE_IDENTITY', 'RESOURCE_MANA_LIFE'),
('MODIFIER_SLTH_BUILDING_PALACE_MERCURIANS_ADJUST_WAR_WEARINESS', 'Amount', 'ARGTYPE_IDENTITY', '-50'),
('MODIFIER_SLTH_BUILDING_PALACE_MERCURIANS_ADJUST_WAR_WEARINESS', 'Overall', 'ARGTYPE_IDENTITY', '1'),
('MODIFIER_SLTH_BUILDING_PALACE_MERCURIANS_MILITARY_PRODUCTION', 'Amount', 'ARGTYPE_IDENTITY', '40'),
('MODIFIER_SLTH_BUILDING_PALACE_MERCURIANS_GRANT_MANA_EARTH', 'Amount', 'ARGTYPE_IDENTITY', '1'),
('MODIFIER_SLTH_BUILDING_PALACE_MERCURIANS_GRANT_MANA_EARTH', 'ResourceType', 'ARGTYPE_IDENTITY', 'RESOURCE_MANA_EARTH'),
('MODIFIER_SLTH_BUILDING_PALACE_MERCURIANS_GRANT_IRON', 'Amount', 'ARGTYPE_IDENTITY', '1'),
('MODIFIER_SLTH_BUILDING_PALACE_MERCURIANS_GRANT_IRON', 'ResourceType', 'ARGTYPE_IDENTITY', 'RESOURCE_IRON'),
('MODIFIER_SLTH_BUILDING_PALACE_SHEAIM_GRANT_MANA_DEATH', 'Amount', 'ARGTYPE_IDENTITY', '1'),
('MODIFIER_SLTH_BUILDING_PALACE_SHEAIM_GRANT_MANA_DEATH', 'ResourceType', 'ARGTYPE_IDENTITY', 'RESOURCE_MANA_DEATH'),
('MODIFIER_SLTH_BUILDING_PALACE_SHEAIM_ADJUST_WAR_WEARINESS', 'Amount', 'ARGTYPE_IDENTITY', '-10'),
('MODIFIER_SLTH_BUILDING_PALACE_SHEAIM_ADJUST_WAR_WEARINESS', 'Overall', 'ARGTYPE_IDENTITY', '1'),
('MODIFIER_SLTH_BUILDING_PALACE_SHEAIM_GRANT_MANA_CHAOS', 'Amount', 'ARGTYPE_IDENTITY', '1'),
('MODIFIER_SLTH_BUILDING_PALACE_SHEAIM_GRANT_MANA_CHAOS', 'ResourceType', 'ARGTYPE_IDENTITY', 'RESOURCE_MANA_CHAOS'),
('MODIFIER_SLTH_BUILDING_PALACE_SHEAIM_GRANT_MANA_FIRE', 'Amount', 'ARGTYPE_IDENTITY', '1'),
('MODIFIER_SLTH_BUILDING_PALACE_SHEAIM_GRANT_MANA_FIRE', 'ResourceType', 'ARGTYPE_IDENTITY', 'RESOURCE_MANA_FIRE'),
('MODIFIER_SLTH_BUILDING_PALACE_SIDAR_GRANT_MANA_SPIRIT', 'Amount', 'ARGTYPE_IDENTITY', '1'),
('MODIFIER_SLTH_BUILDING_PALACE_SIDAR_GRANT_MANA_SPIRIT', 'ResourceType', 'ARGTYPE_IDENTITY', 'RESOURCE_MANA_SPIRIT'),
('MODIFIER_SLTH_BUILDING_PALACE_SIDAR_GRANT_MANA_ENCHANTMENT', 'Amount', 'ARGTYPE_IDENTITY', '1'),
('MODIFIER_SLTH_BUILDING_PALACE_SIDAR_GRANT_MANA_ENCHANTMENT', 'ResourceType', 'ARGTYPE_IDENTITY', 'RESOURCE_MANA_ENCHANTMENT'),
('MODIFIER_SLTH_BUILDING_PALACE_SIDAR_GRANT_MANA_SHADOW', 'Amount', 'ARGTYPE_IDENTITY', '1'),
('MODIFIER_SLTH_BUILDING_PALACE_SIDAR_GRANT_MANA_SHADOW', 'ResourceType', 'ARGTYPE_IDENTITY', 'RESOURCE_MANA_SHADOW'),
('MODIFIER_SLTH_BUILDING_PALACE_SVARTALFAR_GRANT_MANA_SHADOW', 'Amount', 'ARGTYPE_IDENTITY', '1'),
('MODIFIER_SLTH_BUILDING_PALACE_SVARTALFAR_GRANT_MANA_SHADOW', 'ResourceType', 'ARGTYPE_IDENTITY', 'RESOURCE_MANA_SHADOW'),
('MODIFIER_SLTH_BUILDING_PALACE_SVARTALFAR_ADJUST_WAR_WEARINESS', 'Amount', 'ARGTYPE_IDENTITY', '-10'),
('MODIFIER_SLTH_BUILDING_PALACE_SVARTALFAR_ADJUST_WAR_WEARINESS', 'Overall', 'ARGTYPE_IDENTITY', '1'),
('MODIFIER_SLTH_BUILDING_PALACE_SVARTALFAR_GRANT_MANA_NATURE', 'Amount', 'ARGTYPE_IDENTITY', '1'),
('MODIFIER_SLTH_BUILDING_PALACE_SVARTALFAR_GRANT_MANA_NATURE', 'ResourceType', 'ARGTYPE_IDENTITY', 'RESOURCE_MANA_NATURE'),
('MODIFIER_SLTH_BUILDING_PALACE_SVARTALFAR_GRANT_MANA_MIND', 'Amount', 'ARGTYPE_IDENTITY', '1'),
('MODIFIER_SLTH_BUILDING_PALACE_SVARTALFAR_GRANT_MANA_MIND', 'ResourceType', 'ARGTYPE_IDENTITY', 'RESOURCE_MANA_MIND'),
('MODIFIER_UNITCLASS_ADVENTURER_INCREASE_GPP_POINT_BONUS', 'GreatPersonClassType', 'ARGTYPE_IDENTITY', 'GREAT_PERSON_CLASS_WRITER'),
('MODIFIER_UNITCLASS_ADVENTURER_INCREASE_GPP_POINT_BONUS', 'Amount', 'ARGTYPE_IDENTITY', '2');
INSERT INTO TypeTags(Type, Tag) VALUES
('CIVILIZATION_LJOSALFAR_ABILITY_SLTH_TRAIT_DEXTEROUS', 'CLASS_RANGED'),
('CIVILIZATION_HIPPUS_ABILITY_SLTH_TRAIT_HORSELORD', 'CLASS_LIGHT_CAVALRY'),
('CIVILIZATION_SVARTALFAR_ABILITY_SLTH_TRAIT_SINISTER', 'CLASS_RECON'),
('DARK_ELF_ABILITY_FEATUREATTACKS', 'CLASS_ALL_UNITS'),
('PROMOTION_DARK_ELF_ABILITY_FEATUREDOUBLEMOVES', 'CLASS_ALL_UNITS'),
('DEMON_ABILITY_TERRAINATTACKS', 'CLASS_ALL_UNITS'),
('DEMON_ABILITY_TERRAINDEFENSES', 'CLASS_ALL_UNITS'),
('PROMOTION_DWARF_ABILITY_BHILLSDOUBLEMOVE', 'CLASS_ALL_UNITS'),
('ELF_ABILITY_FEATUREATTACKS', 'CLASS_ALL_UNITS'),
('PROMOTION_ELF_ABILITY_FEATUREDOUBLEMOVES', 'CLASS_ALL_UNITS');
INSERT INTO Types(Type, Kind) VALUES
('SLTH_TRAIT_CIVILIZATION_BUILDING_DESERT_SHRINE', 'KIND_TRAIT'),
('SLTH_TRAIT_CIVILIZATION_BUILDING_SCULPTORS_STUDIO', 'KIND_TRAIT'),
('SLTH_TRAIT_CIVILIZATION_BUILDING_DWARVEN_SMITHY', 'KIND_TRAIT'),
('SLTH_TRAIT_CIVILIZATION_BUILDING_HARBOR_LANUN', 'KIND_TRAIT'),
('SLTH_TRAIT_CIVILIZATION_BUILDING_TAVERN_GRIGORI', 'KIND_TRAIT'),
('SLTH_TRAIT_CIVILIZATION_BUILDING_ARENA', 'KIND_TRAIT'),
('SLTH_TRAIT_CIVILIZATION_BUILDING_GOVERNORS_MANOR', 'KIND_TRAIT'),
('SLTH_TRAIT_CIVILIZATION_BUILDING_TEMPLE_OF_THE_HAND', 'KIND_TRAIT'),
('SLTH_TRAIT_CIVILIZATION_BUILDING_ADVENTURERS_GUILD', 'KIND_TRAIT'),
('SLTH_TRAIT_CIVILIZATION_BUILDING_BLASTING_WORKSHOP', 'KIND_TRAIT'),
('SLTH_TRAIT_CIVILIZATION_BUILDING_BREEDING_PIT', 'KIND_TRAIT'),
('SLTH_TRAIT_CIVILIZATION_BUILDING_CAVE_OF_ANCESTORS', 'KIND_TRAIT'),
('SLTH_TRAIT_CIVILIZATION_BUILDING_CHANCEL_OF_GUARDIANS', 'KIND_TRAIT'),
('SLTH_TRAIT_CIVILIZATION_BUILDING_CITADEL_OF_LIGHT', 'KIND_TRAIT'),
('SLTH_TRAIT_CIVILIZATION_BUILDING_FREAK_SHOW', 'KIND_TRAIT'),
('SLTH_TRAIT_CIVILIZATION_BUILDING_PLANAR_GATE', 'KIND_TRAIT'),
('SLTH_TRAIT_CIVILIZATION_BUILDING_TAILOR', 'KIND_TRAIT'),
('SLTH_TRAIT_CIVILIZATION_BUILDING_WARRENS', 'KIND_TRAIT'),
('SLTH_TRAIT_CIVILIZATION_BUILDING_PALLENS_ENGINE', 'KIND_TRAIT'),
('SLTH_TRAIT_CIVILIZATION_BUILDING_HALL_OF_MIRRORS', 'KIND_TRAIT'),
('SLTH_TRAIT_CIVILIZATION_BUILDING_JEWELER', 'KIND_TRAIT'),
('SLTH_TRAIT_CIVILIZATION_BUILDING_RELIQUARY', 'KIND_TRAIT'),
('SLTH_TRAIT_CIVILIZATION_BUILDING_ADULARIA_CHAMBER', 'KIND_TRAIT'),
('SLTH_TRAIT_CIVILIZATION_UNIT_ABASHI', 'KIND_TRAIT'),
('SLTH_TRAIT_CIVILIZATION_UNIT_ADVENTURER', 'KIND_TRAIT'),
('SLTH_TRAIT_CIVILIZATION_UNIT_ALAZKAN', 'KIND_TRAIT'),
('SLTH_TRAIT_CIVILIZATION_UNIT_ANGEL_OF_DEATH', 'KIND_TRAIT'),
('SLTH_TRAIT_CIVILIZATION_UNIT_BARNAXUS', 'KIND_TRAIT'),
('SLTH_TRAIT_CIVILIZATION_UNIT_BASIUM', 'KIND_TRAIT'),
('SLTH_TRAIT_CIVILIZATION_UNIT_BLACK_WIND', 'KIND_TRAIT'),
('SLTH_TRAIT_CIVILIZATION_UNIT_CORLINDALE', 'KIND_TRAIT'),
('SLTH_TRAIT_CIVILIZATION_UNIT_EURABATRES', 'KIND_TRAIT'),
('SLTH_TRAIT_CIVILIZATION_UNIT_FREAK', 'KIND_TRAIT'),
('SLTH_TRAIT_CIVILIZATION_UNIT_GILDEN', 'KIND_TRAIT'),
('SLTH_TRAIT_CIVILIZATION_UNIT_GOVANNON', 'KIND_TRAIT'),
('SLTH_TRAIT_CIVILIZATION_UNIT_GRIGORI_MEDIC', 'KIND_TRAIT'),
('SLTH_TRAIT_CIVILIZATION_UNIT_GUYBRUSH', 'KIND_TRAIT'),
('SLTH_TRAIT_CIVILIZATION_UNIT_HERALD', 'KIND_TRAIT'),
('SLTH_TRAIT_CIVILIZATION_UNIT_HERNE', 'KIND_TRAIT'),
('SLTH_TRAIT_CIVILIZATION_UNIT_HIGH_PRIEST_OF_WINTER', 'KIND_TRAIT'),
('SLTH_TRAIT_CIVILIZATION_UNIT_HYBOREM', 'KIND_TRAIT'),
('SLTH_TRAIT_CIVILIZATION_UNIT_LIGHTBRINGER', 'KIND_TRAIT'),
('SLTH_TRAIT_CIVILIZATION_UNIT_LOKI', 'KIND_TRAIT'),
('SLTH_TRAIT_CIVILIZATION_UNIT_LOSHA', 'KIND_TRAIT'),
('SLTH_TRAIT_CIVILIZATION_UNIT_LUCIAN', 'KIND_TRAIT'),
('SLTH_TRAIT_CIVILIZATION_UNIT_MAGNADINE', 'KIND_TRAIT'),
('SLTH_TRAIT_CIVILIZATION_UNIT_MAROS', 'KIND_TRAIT'),
('SLTH_TRAIT_CIVILIZATION_UNIT_MONK', 'KIND_TRAIT'),
('SLTH_TRAIT_CIVILIZATION_UNIT_OPHANIM', 'KIND_TRAIT'),
('SLTH_TRAIT_CIVILIZATION_UNIT_RANTINE', 'KIND_TRAIT'),
('SLTH_TRAIT_CIVILIZATION_UNIT_RATHUS', 'KIND_TRAIT'),
('SLTH_TRAIT_CIVILIZATION_UNIT_REPENTANT_ANGEL', 'KIND_TRAIT'),
('SLTH_TRAIT_CIVILIZATION_UNIT_SERAPH', 'KIND_TRAIT'),
('SLTH_TRAIT_CIVILIZATION_UNIT_TEUTORIX', 'KIND_TRAIT'),
('SLTH_TRAIT_CIVILIZATION_UNIT_VALKYRIE', 'KIND_TRAIT'),
('SLTH_TRAIT_CIVILIZATION_UNIT_WAR_MACHINE', 'KIND_TRAIT'),
('SLTH_TRAIT_CIVILIZATION_UNIT_WILBOMAN', 'KIND_TRAIT'),
('SLTH_TRAIT_CIVILIZATION_UNIT_DEMAGOG', 'KIND_TRAIT'),
('SLTH_TRAIT_CIVILIZATION_UNIT_DONAL', 'KIND_TRAIT'),
('SLTH_TRAIT_CIVILIZATION_UNIT_FLAGBEARER', 'KIND_TRAIT'),
('SLTH_TRAIT_CIVILIZATION_UNIT_SWORDSMAN', 'KIND_TRAIT'),
('SLTH_TRAIT_CIVILIZATION_UNIT_WOOD_GOLEM', 'KIND_TRAIT'),
('SLTH_TRAIT_CIVILIZATION_UNIT_SONS_OF_ASENA', 'KIND_TRAIT'),
('SLTH_TRAIT_CIVILIZATION_UNIT_MOROI', 'KIND_TRAIT'),
('SLTH_TRAIT_CIVILIZATION_UNIT_PYRE_ZOMBIE', 'KIND_TRAIT'),
('SLTH_TRAIT_CIVILIZATION_UNIT_CAMEL_ARCHER', 'KIND_TRAIT'),
('SLTH_TRAIT_CIVILIZATION_UNIT_CENTAUR_ARCHER', 'KIND_TRAIT'),
('SLTH_TRAIT_CIVILIZATION_UNIT_FYRDWELL', 'KIND_TRAIT'),
('SLTH_TRAIT_CIVILIZATION_UNIT_NYXKIN', 'KIND_TRAIT'),
('SLTH_TRAIT_CIVILIZATION_UNIT_DEVOUT', 'KIND_TRAIT'),
('SLTH_TRAIT_CIVILIZATION_UNIT_GHOST', 'KIND_TRAIT'),
('SLTH_TRAIT_CIVILIZATION_UNIT_CHANTER', 'KIND_TRAIT'),
('SLTH_TRAIT_CIVILIZATION_UNIT_TASKMASTER', 'KIND_TRAIT'),
('SLTH_TRAIT_CIVILIZATION_UNIT_LIZARDMAN_ASSASSIN', 'KIND_TRAIT'),
('SLTH_TRAIT_CIVILIZATION_UNIT_DWARVEN_SLINGER', 'KIND_TRAIT'),
('SLTH_TRAIT_CIVILIZATION_UNIT_JAVELIN_THROWER', 'KIND_TRAIT'),
('SLTH_TRAIT_CIVILIZATION_UNIT_CLOCKWORK_GOLEM', 'KIND_TRAIT'),
('SLTH_TRAIT_CIVILIZATION_UNIT_CIRCLE_OF_URD', 'KIND_TRAIT'),
('SLTH_TRAIT_CIVILIZATION_UNIT_BRUJAH', 'KIND_TRAIT'),
('SLTH_TRAIT_CIVILIZATION_UNIT_BALOR', 'KIND_TRAIT'),
('SLTH_TRAIT_CIVILIZATION_UNIT_IRON_GOLEM', 'KIND_TRAIT'),
('SLTH_TRAIT_CIVILIZATION_UNIT_BOARDING_PARTY', 'KIND_TRAIT'),
('SLTH_TRAIT_CIVILIZATION_UNIT_DRAGON_SLAYER', 'KIND_TRAIT'),
('SLTH_TRAIT_CIVILIZATION_UNIT_BATTLEMASTER', 'KIND_TRAIT'),
('SLTH_TRAIT_CIVILIZATION_UNIT_MIMIC', 'KIND_TRAIT'),
('SLTH_TRAIT_CIVILIZATION_UNIT_OGRE', 'KIND_TRAIT'),
('SLTH_TRAIT_CIVILIZATION_UNIT_VAMPIRE', 'KIND_TRAIT'),
('SLTH_TRAIT_CIVILIZATION_UNIT_DWARVEN_DRUID', 'KIND_TRAIT'),
('SLTH_TRAIT_CIVILIZATION_UNIT_LUONNOTAR', 'KIND_TRAIT'),
('SLTH_TRAIT_CIVILIZATION_UNIT_LIZARDMAN_DRUID', 'KIND_TRAIT'),
('SLTH_TRAIT_CIVILIZATION_UNIT_BOAR_RIDER', 'KIND_TRAIT'),
('SLTH_TRAIT_CIVILIZATION_UNIT_CENTAUR', 'KIND_TRAIT'),
('SLTH_TRAIT_CIVILIZATION_UNIT_WOLF_RIDER', 'KIND_TRAIT'),
('SLTH_TRAIT_CIVILIZATION_UNIT_BONE_GOLEM', 'KIND_TRAIT'),
('SLTH_TRAIT_CIVILIZATION_UNIT_SKULD', 'KIND_TRAIT'),
('SLTH_TRAIT_CIVILIZATION_UNIT_OGRE_WARCHIEF', 'KIND_TRAIT'),
('SLTH_TRAIT_CIVILIZATION_UNIT_VAMPIRE_LORD', 'KIND_TRAIT'),
('SLTH_TRAIT_CIVILIZATION_UNIT_HORNGUARD', 'KIND_TRAIT'),
('SLTH_TRAIT_CIVILIZATION_UNIT_CENTAUR_LANCER', 'KIND_TRAIT'),
('SLTH_TRAIT_CIVILIZATION_UNIT_WAR_TORTOISE', 'KIND_TRAIT'),
('SLTH_TRAIT_CIVILIZATION_UNIT_BISON_RIDER', 'KIND_TRAIT'),
('SLTH_TRAIT_CIVILIZATION_UNIT_DEATH_KNIGHT', 'KIND_TRAIT'),
('SLTH_TRAIT_CIVILIZATION_UNIT_GARGOYLE', 'KIND_TRAIT'),
('SLTH_TRAIT_CIVILIZATION_UNIT_FIREBOW', 'KIND_TRAIT'),
('SLTH_TRAIT_CIVILIZATION_UNIT_NULLSTONE_GOLEM', 'KIND_TRAIT'),
('SLTH_TRAIT_CIVILIZATION_UNIT_VERDANDI', 'KIND_TRAIT'),
('SLTH_TRAIT_CIVILIZATION_UNIT_STONESKIN_OGRE', 'KIND_TRAIT'),
('SLTH_TRAIT_CIVILIZATION_UNIT_DWARVEN_SHADOW', 'KIND_TRAIT'),
('SLTH_TRAIT_CIVILIZATION_UNIT_COURTESAN', 'KIND_TRAIT'),
('SLTH_TRAIT_CIVILIZATION_UNIT_MUD_GOLEM', 'KIND_TRAIT'),
('SLTH_TRAIT_CIVILIZATION_UNIT_CENTAUR_CHARGER', 'KIND_TRAIT'),
('SLTH_TRAIT_CIVILIZATION_UNIT_AIRSHIP', 'KIND_TRAIT'),
('SLTH_TRAIT_CIVILIZATION_UNIT_FLURRY', 'KIND_TRAIT'),
('SLTH_TRAIT_CIVILIZATION_UNIT_MYCONID', 'KIND_TRAIT'),
('SLTH_TRAIT_CIVILIZATION_UNIT_LIZARDMAN_BEASTMASTER', 'KIND_TRAIT'),
('SLTH_TRAIT_CIVILIZATION_UNIT_DWARVEN_CANNON', 'KIND_TRAIT'),
('SLTH_TRAIT_CIVILIZATION_UNIT_TREBUCHET', 'KIND_TRAIT'),
('SLTH_TRAIT_CIVILIZATION_UNIT_DIVIDED_SOUL', 'KIND_TRAIT'),
('SLTH_TRAIT_CIVILIZATION_UNIT_LIZARDMAN', 'KIND_TRAIT'),
('SLTH_TRAIT_CIVILIZATION_UNIT_HELLHOUND', 'KIND_TRAIT'),
('SLTH_TRAIT_CIVILIZATION_UNIT_PIRATE', 'KIND_TRAIT'),
('SLTH_TRAIT_CIVILIZATION_UNIT_MERCENARY_MOUNTED', 'KIND_TRAIT'),
('SLTH_TRAIT_CIVILIZATION_UNIT_WIZARD', 'KIND_TRAIT'),
('SLTH_TRAIT_CIVILIZATION_UNIT_ILLUSIONIST', 'KIND_TRAIT'),
('SLTH_TRAIT_CIVILIZATION_UNIT_SHAMAN', 'KIND_TRAIT'),
('SLTH_TRAIT_CIVILIZATION_UNIT_IMP', 'KIND_TRAIT'),
('SLTH_TRAIT_CIVILIZATION_UNIT_BEASTMAN', 'KIND_TRAIT'),
('SLTH_TRAIT_CIVILIZATION_UNIT_BLOODPET', 'KIND_TRAIT'),
('SLTH_TRAIT_CIVILIZATION_UNIT_HARLEQUIN', 'KIND_TRAIT'),
('SLTH_TRAIT_CIVILIZATION_UNIT_LIZARDMAN_RANGER', 'KIND_TRAIT'),
('SLTH_TRAIT_CIVILIZATION_UNIT_GOBLIN', 'KIND_TRAIT'),
('SLTH_TRAIT_CIVILIZATION_UNIT_EATER_OF_DREAMS', 'KIND_TRAIT'),
('SLTH_CIVILIZATION_BANNOR', 'KIND_CIVILIZATION'),
('SLTH_CIVILIZATION_MALAKIM', 'KIND_CIVILIZATION'),
('SLTH_CIVILIZATION_ELOHIM', 'KIND_CIVILIZATION'),
('SLTH_CIVILIZATION_MERCURIANS', 'KIND_CIVILIZATION'),
('SLTH_CIVILIZATION_LUCHUIRP', 'KIND_CIVILIZATION'),
('SLTH_CIVILIZATION_KURIOTATES', 'KIND_CIVILIZATION'),
('SLTH_CIVILIZATION_LJOSALFAR', 'KIND_CIVILIZATION'),
('SLTH_CIVILIZATION_KHAZAD', 'KIND_CIVILIZATION'),
('SLTH_CIVILIZATION_SIDAR', 'KIND_CIVILIZATION'),
('SLTH_CIVILIZATION_LANUN', 'KIND_CIVILIZATION'),
('SLTH_CIVILIZATION_GRIGORI', 'KIND_CIVILIZATION'),
('SLTH_CIVILIZATION_HIPPUS', 'KIND_CIVILIZATION'),
('SLTH_CIVILIZATION_AMURITES', 'KIND_CIVILIZATION'),
('SLTH_CIVILIZATION_DOVIELLO', 'KIND_CIVILIZATION'),
('SLTH_CIVILIZATION_BALSERAPHS', 'KIND_CIVILIZATION'),
('SLTH_CIVILIZATION_CLAN_OF_EMBERS', 'KIND_CIVILIZATION'),
('SLTH_CIVILIZATION_SVARTALFAR', 'KIND_CIVILIZATION'),
('SLTH_CIVILIZATION_CALABIM', 'KIND_CIVILIZATION'),
('SLTH_CIVILIZATION_SHEAIM', 'KIND_CIVILIZATION'),
('SLTH_CIVILIZATION_INFERNAL', 'KIND_CIVILIZATION'),
('SLTH_CIVILIZATION_ILLIANS', 'KIND_CIVILIZATION'),
('SLTH_LEADER_SABATHIEL', 'KIND_LEADER'),
('SLTH_LEADER_CAPRIA', 'KIND_LEADER'),
('SLTH_LEADER_DECIUS', 'KIND_LEADER'),
('SLTH_LEADER_VARN', 'KIND_LEADER'),
('SLTH_LEADER_ETHNE', 'KIND_LEADER'),
('SLTH_LEADER_EINION', 'KIND_LEADER'),
('SLTH_LEADER_BASIUM', 'KIND_LEADER'),
('SLTH_LEADER_GARRIM', 'KIND_LEADER'),
('SLTH_LEADER_BEERI', 'KIND_LEADER'),
('SLTH_LEADER_CARDITH', 'KIND_LEADER'),
('SLTH_LEADER_AMELANCHIER', 'KIND_LEADER'),
('SLTH_LEADER_ARENDEL', 'KIND_LEADER'),
('SLTH_LEADER_THESSA', 'KIND_LEADER'),
('SLTH_LEADER_ARTURUS', 'KIND_LEADER'),
('SLTH_LEADER_KANDROS', 'KIND_LEADER'),
('SLTH_LEADER_SANDALPHON', 'KIND_LEADER'),
('SLTH_LEADER_FALAMAR', 'KIND_LEADER'),
('SLTH_LEADER_HANNAH', 'KIND_LEADER'),
('SLTH_LEADER_CASSIEL', 'KIND_LEADER'),
('SLTH_LEADER_TASUNKE', 'KIND_LEADER'),
('SLTH_LEADER_RHOANNA', 'KIND_LEADER'),
('SLTH_LEADER_VALLEDIA', 'KIND_LEADER'),
('SLTH_LEADER_DAIN', 'KIND_LEADER'),
('SLTH_LEADER_CHARADON', 'KIND_LEADER'),
('SLTH_LEADER_MAHALA', 'KIND_LEADER'),
('SLTH_LEADER_PERPENTACH', 'KIND_LEADER'),
('SLTH_LEADER_KEELYN', 'KIND_LEADER'),
('SLTH_LEADER_JONAS', 'KIND_LEADER'),
('SLTH_LEADER_SHEELBA', 'KIND_LEADER'),
('SLTH_LEADER_FAERYL', 'KIND_LEADER'),
('SLTH_LEADER_ALEXIS', 'KIND_LEADER'),
('SLTH_LEADER_FLAUROS', 'KIND_LEADER'),
('SLTH_LEADER_TEBRYN', 'KIND_LEADER'),
('SLTH_LEADER_OS-GABELLA', 'KIND_LEADER'),
('SLTH_LEADER_HYBOREM', 'KIND_LEADER'),
('SLTH_LEADER_AURIC', 'KIND_LEADER'),
('SLTH_TRAIT_CIVILIZATION_BANNOR_COOL', 'KIND_TRAIT'),
('SLTH_TRAIT_CIVILIZATION_MALAKIM_COOL', 'KIND_TRAIT'),
('SLTH_TRAIT_CIVILIZATION_ELOHIM_COOL', 'KIND_TRAIT'),
('SLTH_TRAIT_CIVILIZATION_MERCURIANS_COOL', 'KIND_TRAIT'),
('SLTH_TRAIT_CIVILIZATION_LUCHUIRP_COOL', 'KIND_TRAIT'),
('SLTH_TRAIT_CIVILIZATION_KURIOTATES_COOL', 'KIND_TRAIT'),
('SLTH_TRAIT_CIVILIZATION_LJOSALFAR_COOL', 'KIND_TRAIT'),
('SLTH_TRAIT_CIVILIZATION_KHAZAD_COOL', 'KIND_TRAIT'),
('SLTH_TRAIT_CIVILIZATION_SIDAR_COOL', 'KIND_TRAIT'),
('SLTH_TRAIT_CIVILIZATION_LANUN_COOL', 'KIND_TRAIT'),
('SLTH_TRAIT_CIVILIZATION_GRIGORI_COOL', 'KIND_TRAIT'),
('SLTH_TRAIT_CIVILIZATION_HIPPUS_COOL', 'KIND_TRAIT'),
('SLTH_TRAIT_CIVILIZATION_AMURITES_COOL', 'KIND_TRAIT'),
('SLTH_TRAIT_CIVILIZATION_DOVIELLO_COOL', 'KIND_TRAIT'),
('SLTH_TRAIT_CIVILIZATION_BALSERAPHS_COOL', 'KIND_TRAIT'),
('SLTH_TRAIT_CIVILIZATION_CLAN_OF_EMBERS_COOL', 'KIND_TRAIT'),
('SLTH_TRAIT_CIVILIZATION_SVARTALFAR_COOL', 'KIND_TRAIT'),
('SLTH_TRAIT_CIVILIZATION_CALABIM_COOL', 'KIND_TRAIT'),
('SLTH_TRAIT_CIVILIZATION_SHEAIM_COOL', 'KIND_TRAIT'),
('SLTH_TRAIT_CIVILIZATION_INFERNAL_COOL', 'KIND_TRAIT'),
('SLTH_TRAIT_CIVILIZATION_ILLIANS_COOL', 'KIND_TRAIT'),
('SLTH_TRAIT_CIVILIZATION_UNIT_ARCHER_SCORPION_CLAN', 'KIND_TRAIT'),
('SLTH_TRAIT_CIVILIZATION_UNIT_POLAR_BEAR', 'KIND_TRAIT'),
('SLTH_TRAIT_CIVILIZATION_UNIT_SPIDERKIN', 'KIND_TRAIT'),
('SLTH_TRAIT_CIVILIZATION_UNIT_CHARIOT_SCORPION_CLAN', 'KIND_TRAIT'),
('SLTH_TRAIT_CIVILIZATION_UNIT_DECIUS', 'KIND_TRAIT'),
('SLTH_TRAIT_CIVILIZATION_UNIT_WOLF_RIDER_SCORPION_CLAN', 'KIND_TRAIT'),
('SLTH_TRAIT_CIVILIZATION_UNIT_GOBLIN_SCORPION_CLAN', 'KIND_TRAIT'),
('SLTH_TRAIT_RELIGION_UNIT_ARTHENDAIN', 'KIND_TRAIT'),
('SLTH_TRAIT_RELIGION_UNIT_BAMBUR', 'KIND_TRAIT'),
('SLTH_TRAIT_RELIGION_UNIT_HIGH_PRIEST_OF_KILMORPH', 'KIND_TRAIT'),
('SLTH_TRAIT_RELIGION_UNIT_MITHRIL_GOLEM', 'KIND_TRAIT'),
('SLTH_TRAIT_RELIGION_UNIT_PARAMANDER', 'KIND_TRAIT'),
('SLTH_TRAIT_RELIGION_UNIT_PRIEST_OF_KILMORPH', 'KIND_TRAIT'),
('SLTH_TRAIT_RELIGION_UNIT_DISCIPLE_OCTOPUS_OVERLORDS', 'KIND_TRAIT'),
('SLTH_TRAIT_RELIGION_UNIT_DROWN', 'KIND_TRAIT'),
('SLTH_TRAIT_RELIGION_UNIT_HEMAH', 'KIND_TRAIT'),
('SLTH_TRAIT_RELIGION_UNIT_HIGH_PRIEST_OF_THE_OVERLORDS', 'KIND_TRAIT'),
('SLTH_TRAIT_RELIGION_UNIT_LUNATIC', 'KIND_TRAIT'),
('SLTH_TRAIT_RELIGION_UNIT_PRIEST_OF_THE_OVERLORDS', 'KIND_TRAIT'),
('SLTH_TRAIT_RELIGION_UNIT_SAVEROUS', 'KIND_TRAIT'),
('SLTH_TRAIT_RELIGION_UNIT_CRUSADER', 'KIND_TRAIT'),
('SLTH_TRAIT_RELIGION_UNIT_DEMAGOG', 'KIND_TRAIT'),
('SLTH_TRAIT_RELIGION_UNIT_DISCIPLE_THE_ORDER', 'KIND_TRAIT'),
('SLTH_TRAIT_RELIGION_UNIT_HIGH_PRIEST_OF_THE_ORDER', 'KIND_TRAIT'),
('SLTH_TRAIT_RELIGION_UNIT_PRIEST_OF_THE_ORDER', 'KIND_TRAIT'),
('SLTH_TRAIT_RELIGION_UNIT_VALIN', 'KIND_TRAIT'),
('NULL_CIVILIZATION_KURIOTATES', 'KIND_TRAIT'),
('NULL_CIVILIZATION_LJOSALFAR', 'KIND_TRAIT'),
('NULL_CIVILIZATION_GRIGORI', 'KIND_TRAIT'),
('NULL_CIVILIZATION_HIPPUS', 'KIND_TRAIT'),
('NULL_CIVILIZATION_DOVIELLO', 'KIND_TRAIT'),
('NULL_CIVILIZATION_CLAN_OF_EMBERS', 'KIND_TRAIT'),
('NULL_CIVILIZATION_SVARTALFAR', 'KIND_TRAIT'),
('NULL_CIVILIZATION_CALABIM', 'KIND_TRAIT'),
('NULL_CIVILIZATION_SHEAIM', 'KIND_TRAIT'),
('NULL_CIVILIZATION_INFERNAL', 'KIND_TRAIT');
