INSERT INTO UnitAbilities(UnitAbilityType, Name, Description, Inactive, Permanent) VALUES
('DISEASED', 'LOC_DISEASED_NAME', 'LOC_DISEASED_DESCRIPTION','1', '1'),
('PLAGUED', 'LOC_PLAGUED_NAME', 'LOC_PLAGUED_DESCRIPTION','1', '1'),
('WITHERED', 'LOC_WITHERED_NAME', 'LOC_WITHERED_DESCRIPTION','1', '1'),
('POISONED', 'LOC_POISONED_NAME', 'LOC_POISONED_DESCRIPTION','1', '1'),
('EQUIPMENT_ABILITY_ATHAME', 'LOC_EQUIPMENT_ABILITY_ATHAME_NAME', 'LOC_EQUIPMENT_ABILITY_ATHAME_DESCRIPTION','1', '1');

INSERT INTO UnitAbilities(UnitAbilityType, Name, Description, Inactive, Permanent) VALUES
('WITHERED_TOUCH', 'LOC_WITHERED_TOUCH_NAME', 'LOC_WITHERED_TOUCH_DESCRIPTION','0', '1'),
('POISONED_BLADE', 'LOC_POISONED_BLADE_NAME', 'LOC_POISONED_BLADE_DESCRIPTION','1', '1'),
('PLAGUE_CARRIER', 'LOC_PLAGUE_CARRIER_NAME', 'LOC_PLAGUE_CARRIER_DESCRIPTION','0', '1');           -- unused as no mary yet

INSERT INTO UnitAbilities(UnitAbilityType, Name, Description, Inactive, Permanent) VALUES
('DISEASED_INHERENT', 'LOC_DISEASED_NAME', 'LOC_DISEASED_DESCRIPTION','0', '1'),
('EQUIPMENT_ABILITY_ATHAME_INHERENT', 'LOC_EQUIPMENT_ABILITY_ATHAME_INHERENT_NAME', 'LOC_EQUIPMENT_ABILITY_ATHAME_INHERENT_DESCRIPTION','0', '1');

INSERT INTO Tags(Tag, Vocabulary) VALUES
('WITHERED_TOUCH_CLASS', 'ABILITY_CLASS'),
('DISEASED_CLASS', 'ABILITY_CLASS');

INSERT INTO TypeTags(Type, Tag) VALUES
('SLTH_UNIT_WRAITH', 'WITHERED_TOUCH_CLASS'),
('SLTH_UNIT_ARS', 'WITHERED_TOUCH_CLASS'),
('WITHERED_TOUCH', 'WITHERED_TOUCH_CLASS'),
('SLTH_UNIT_DISEASED_CORPSE', 'DISEASED_CLASS'),
('DISEASED_INHERENT', 'DISEASED_CLASS'),
('DISEASED', 'CAN_BE_RACIALIZED'),
('DISEASED', 'RACE_HUMAN'),
('DISEASED', 'RACE_ELVEN'),
('DISEASED', 'RACE_DWARVEN'),
('DISEASED', 'RACE_ORCISH'),
('DISEASED', 'RACE_LIZARDMEN'),
('DISEASED', 'RACE_WINTERBORN'),
('DISEASED', 'CLASS_ANIMAL'),
('PLAGUED', 'CAN_BE_RACIALIZED'),
('PLAGUED', 'RACE_HUMAN'),
('PLAGUED', 'RACE_ELVEN'),
('PLAGUED', 'RACE_DWARVEN'),
('PLAGUED', 'RACE_ORCISH'),
('PLAGUED', 'RACE_LIZARDMEN'),
('PLAGUED', 'RACE_WINTERBORN'),
('PLAGUED', 'CLASS_ANIMAL'),
('WITHERED', 'CAN_BE_RACIALIZED'),
('WITHERED', 'RACE_HUMAN'),
('WITHERED', 'RACE_ELVEN'),
('WITHERED', 'RACE_DWARVEN'),
('WITHERED', 'RACE_ORCISH'),
('WITHERED', 'RACE_LIZARDMEN'),
('WITHERED', 'RACE_WINTERBORN'),
('WITHERED', 'CLASS_ANIMAL'),
('POISONED', 'CAN_BE_RACIALIZED'),
('POISONED', 'RACE_HUMAN'),
('POISONED', 'RACE_ELVEN'),
('POISONED', 'RACE_DWARVEN'),
('POISONED', 'RACE_ORCISH'),
('POISONED', 'RACE_LIZARDMEN'),
('POISONED', 'RACE_WINTERBORN'),
('POISONED', 'CLASS_ANIMAL');

INSERT INTO Modifiers(ModifierId, ModifierType, RunOnce, Permanent) VALUES
('MODIFIER_GRANT_DISEASED', 'MODIFIER_PLAYER_UNIT_GRANT_ABILITY', '1', '1'),
('MODIFIER_EQUIPMENT_ABILITY_ATHAME_INHERENT', 'MODIFIER_PLAYER_UNIT_GRANT_ABILITY', '1', '1');

INSERT INTO ModifierArguments(ModifierId, Name, Value) VALUES
('MODIFIER_GRANT_DISEASED', 'AbilityType', 'DISEASED'),
('MODIFIER_EQUIPMENT_ABILITY_ATHAME_INHERENT', 'AbilityType', 'EQUIPMENT_ABILITY_ATHAME');

INSERT INTO UnitAbilityModifiers(UnitAbilityType, ModifierId) VALUES
('DISEASED_INHERENT', 'MODIFIER_GRANT_DISEASED'),
('EQUIPMENT_ABILITY_ATHAME_INHERENT', 'MODIFIER_EQUIPMENT_ABILITY_ATHAME_INHERENT');

INSERT INTO Tags(Tag, Vocabulary) VALUES
('ATHAME_CLASS', 'ABILITY_CLASS');

INSERT INTO TypeTags(Type, Tag) VALUES
('SLTH_UNIT_ARS', 'ATHAME_CLASS'),
('EQUIPMENT_ABILITY_ATHAME_INHERENT', 'ATHAME_CLASS');

INSERT INTO Types(Type, Kind) VALUES
('DISEASED', 'KIND_ABILITY'),
('PLAGUED', 'KIND_ABILITY'),
('WITHERED', 'KIND_ABILITY'),
('POISONED', 'KIND_ABILITY'),
('EQUIPMENT_ABILITY_ATHAME', 'KIND_ABILITY'),
('WITHERED_TOUCH', 'KIND_ABILITY'),
('POISONED_BLADE', 'KIND_ABILITY'),
('PLAGUE_CARRIER', 'KIND_ABILITY'),
('DISEASED_INHERENT', 'KIND_ABILITY'),
('EQUIPMENT_ABILITY_ATHAME_INHERENT', 'KIND_ABILITY');

-- weird duplicating units?