-- TOWERS
INSERT INTO Buildings(BuildingType, Name, PrereqTech, Cost, Description, AdvisorType, RequiresPlacement, IsWonder, MaxPlayerInstances) VALUES
('BUILDING_MAHABODHI_TEMPLE', 'LOC_SLTH_BUILDING_TOWER_OF_ALTERATION_NAME', 'TECH_ALTERATION', '800', 'LOC_SLTH_BUILDING_TOWER_OF_ALTERATION_DESCRIPTION', 'ADVISOR_TECHNOLOGY', '1', '1', '1'),
('BUILDING_ORACLE', 'LOC_SLTH_BUILDING_TOWER_OF_DIVINATION_NAME', 'TECH_DIVINATION', '800', 'LOC_SLTH_BUILDING_TOWER_OF_DIVINATION_DESCRIPTION', 'ADVISOR_TECHNOLOGY', '1', '1', '1'),
('BUILDING_EIFFEL_TOWER', 'LOC_SLTH_BUILDING_TOWER_OF_MASTERY_NAME', 'TECH_STRENGTH_OF_WILL', '4000', 'LOC_SLTH_BUILDING_TOWER_OF_MASTERY_DESCRIPTION', 'ADVISOR_TECHNOLOGY', '1', '1', '1'),
('BUILDING_LEANING_TOWER', 'LOC_SLTH_BUILDING_TOWER_OF_NECROMANCY_NAME', 'TECH_NECROMANCY', '800', 'LOC_SLTH_BUILDING_TOWER_OF_NECROMANCY_DESCRIPTION', 'ADVISOR_TECHNOLOGY', '1', '1', '1'),
('BUILDING_PORCELAIN_TOWER', 'LOC_SLTH_BUILDING_TOWER_OF_THE_ELEMENTS_NAME', 'TECH_ELEMENTALISM', '800', 'LOC_SLTH_BUILDING_TOWER_OF_THE_ELEMENTS_DESCRIPTION',  'ADVISOR_TECHNOLOGY', '1', '1', '1');

INSERT INTO Modifiers(ModifierId, ModifierType, RunOnce, Permanent, SubjectRequirementSetId) VALUES
('MODIFIER_BUILDING_ORACLE_FREE_TECH', 'MODIFIER_PLAYER_GRANT_RANDOM_TECHNOLOGY', '1', '1', NULL),
('MODIFIER_BUILDING_LEANING_TOWER_GRANT_MANA_DEATH', 'MODIFIER_FREE_RESOURCE_IN_CAPITAL', '0', '0', NULL);

INSERT INTO ModifierArguments(ModifierId, Name, Type, Value) VALUES
('MODIFIER_BUILDING_ORACLE_FREE_TECH', 'Amount', 'ARGTYPE_IDENTITY', '1'),
('MODIFIER_BUILDING_LEANING_TOWER_GRANT_MANA_DEATH', 'Amount', 'ARGTYPE_IDENTITY', '1'),
('MODIFIER_BUILDING_LEANING_TOWER_GRANT_MANA_DEATH', 'ResourceType', 'ARGTYPE_IDENTITY', 'RESOURCE_MANA_DEATH');

-- palaces, but not working
INSERT INTO Buildings(BuildingType, Name, PrereqTech, PrereqCivic, Cost, PrereqDistrict, Description, AdvisorType, RequiresPlacement, IsWonder, MaxPlayerInstances) VALUES
('BUILDING_FORBIDDEN_CITY', 'LOC_BUILDING_FORBIDDEN_CITY_NAME', NULL, NULL, '300', NULL, 'LOC_BUILDING_FORBIDDEN_CITY_DESCRIPTION', 'ADVISOR_GENERIC', '1', '1', '1'),
('BUILDING_ORSZAGHAZ', 'LOC_BUILDING_ORSZAGHAZ_NAME', NULL, 'CIVIC_CODE_OF_LAWS', '800', 'DISTRICT_CITY_CENTER', 'LOC_BUILDING_ORSZAGHAZ_DESCRIPTION', 'ADVISOR_GENERIC', '1', '1', '1');

INSERT INTO MutuallyExclusiveBuildings (Building, MutuallyExclusiveBuilding) VALUES
('BUILDING_FORBIDDEN_CITY', 'BUILDING_PALACE'),
('BUILDING_ORSZAGHAZ', 'BUILDING_PALACE'),
('BUILDING_FORBIDDEN_CITY', 'BUILDING_ORSZAGHAZ'),
('BUILDING_ORSZAGHAZ', 'BUILDING_FORBIDDEN_CITY');

INSERT INTO BuildingConditions(BuildingType, UnlocksFromEffect) VALUES
('BUILDING_MAHABODHI_TEMPLE', '1'),
('BUILDING_ORACLE', '1'),
('BUILDING_LEANING_TOWER', '1'),
('BUILDING_PORCELAIN_TOWER', '1'),
('BUILDING_EIFFEL_TOWER', '1'),
('BUILDING_FORBIDDEN_CITY', '1'),
('BUILDING_ORSZAGHAZ', '1');

INSERT INTO Buildings(BuildingType, Name, Cost, PrereqDistrict, Description, PurchaseYield, MustPurchase) VALUES
('BUILDING_NULL_NECROMANCY', 'LOC_SLTH_BUILDING_NULL_NAME', '500', 'DISTRICT_CITY_CENTER', 'LOC_SLTH_BUILDING_NULLDESCRIPTION', NULL, '1'),
('BUILDING_NULL_ALTERATION', 'LOC_SLTH_BUILDING_NULL_NAME', '500', 'DISTRICT_CITY_CENTER', 'LOC_SLTH_BUILDING_NULLDESCRIPTION', NULL, '1'),
('BUILDING_NULL_ELEMENTS', 'LOC_SLTH_BUILDING_NULL_NAME', '500', 'DISTRICT_CITY_CENTER', 'LOC_SLTH_BUILDING_NULLDESCRIPTION', NULL, '1'),
('BUILDING_NULL_DIVINATION', 'LOC_SLTH_BUILDING_NULL_NAME', '500', 'DISTRICT_CITY_CENTER', 'LOC_SLTH_BUILDING_NULLDESCRIPTION', NULL, '1'),
('BUILDING_NULL_MASTERY', 'LOC_SLTH_BUILDING_NULL_NAME', '500', 'DISTRICT_CITY_CENTER', 'LOC_SLTH_BUILDING_NULLDESCRIPTION', NULL, '1'),
('BUILDING_NULL_SUMMER_PALACE', 'LOC_SLTH_BUILDING_NULL_NAME', '500', 'DISTRICT_CITY_CENTER', 'LOC_SLTH_BUILDING_NULLDESCRIPTION', NULL, '1'),
('BUILDING_NULL_WINTER_PALACE', 'LOC_SLTH_BUILDING_NULL_NAME', '500', 'DISTRICT_CITY_CENTER', 'LOC_SLTH_BUILDING_NULLDESCRIPTION', NULL, '1');

INSERT INTO Types(Type, Kind) VALUES
('BUILDING_NULL_NECROMANCY', 'KIND_BUILDING'),
('BUILDING_NULL_ALTERATION', 'KIND_BUILDING'),
('BUILDING_NULL_ELEMENTS', 'KIND_BUILDING'),
('BUILDING_NULL_DIVINATION', 'KIND_BUILDING'),
('BUILDING_NULL_MASTERY', 'KIND_BUILDING'),
('BUILDING_NULL_SUMMER_PALACE', 'KIND_BUILDING'),
('BUILDING_NULL_WINTER_PALACE', 'KIND_BUILDING');

INSERT INTO Modifiers(ModifierId, ModifierType, SubjectRequirementSetId) VALUES
('ALLOW_TOWER_NECROMANCY', 'MODIFIER_PLAYER_ADJUST_VALID_BUILDING', NULL),              -- PLAYER_HAS_ALL_EVIL_MANA
('ALLOW_TOWER_ALTERATION', 'MODIFIER_PLAYER_ADJUST_VALID_BUILDING', NULL),              -- PLAYER_HAS_ALL_ALTERATION_MANA
('ALLOW_TOWER_ELEMENTS', 'MODIFIER_PLAYER_ADJUST_VALID_BUILDING', NULL),                -- PLAYER_HAS_ALL_ELEMENTS_MANA
('ALLOW_TOWER_DIVINATION', 'MODIFIER_PLAYER_ADJUST_VALID_BUILDING', NULL),              -- PLAYER_HAS_ALL_DIVINATION_MANA
('ALLOW_TOWER_MASTERY', 'MODIFIER_PLAYER_ADJUST_VALID_BUILDING', 'PLAYER_HAS_ALL_TOWERS'),
('ALLOW_SUMMER_PALACE', 'MODIFIER_PLAYER_ADJUST_VALID_BUILDING', 'PLAYER_HAS_MORE_THAN_SEVEN_CITIES'),
('ALLOW_WINTER_PALACE', 'MODIFIER_PLAYER_ADJUST_VALID_BUILDING', 'PLAYER_HAS_MORE_THAN_ELEVEN_CITIES');

INSERT INTO ModifierArguments(ModifierId, Name, Value) VALUES
('ALLOW_TOWER_NECROMANCY', 'BuildingType', 'BUILDING_LEANING_TOWER'),
('ALLOW_TOWER_NECROMANCY', 'BuildingTypeToReplace', 'BUILDING_NULL_NECROMANCY'),
('ALLOW_TOWER_ALTERATION', 'BuildingType', 'BUILDING_MAHABODHI_TEMPLE'),
('ALLOW_TOWER_ALTERATION', 'BuildingTypeToReplace', 'BUILDING_NULL_ALTERATION'),
('ALLOW_TOWER_ELEMENTS', 'BuildingType', 'BUILDING_PORCELAIN_TOWER'),
('ALLOW_TOWER_ELEMENTS', 'BuildingTypeToReplace', 'BUILDING_NULL_ELEMENTS'),
('ALLOW_TOWER_DIVINATION', 'BuildingType', 'BUILDING_ORACLE'),
('ALLOW_TOWER_DIVINATION', 'BuildingTypeToReplace', 'BUILDING_NULL_DIVINATION'),
('ALLOW_TOWER_MASTERY', 'BuildingType', 'BUILDING_EIFFEL_TOWER'),
('ALLOW_TOWER_MASTERY', 'BuildingTypeToReplace', 'BUILDING_NULL_MASTERY'),
('ALLOW_SUMMER_PALACE', 'BuildingType', 'BUILDING_FORBIDDEN_CITY'),
('ALLOW_SUMMER_PALACE', 'BuildingTypeToReplace', 'BUILDING_NULL_SUMMER_PALACE'),
('ALLOW_WINTER_PALACE', 'BuildingType', 'BUILDING_ORSZAGHAZ'),
('ALLOW_WINTER_PALACE', 'BuildingTypeToReplace', 'BUILDING_NULL_WINTER_PALACE');

INSERT INTO TechnologyModifiers(TechnologyType, ModifierId) VALUES
('TECH_NECROMANCY', 'ALLOW_TOWER_NECROMANCY'),
('TECH_ALTERATION', 'ALLOW_TOWER_ALTERATION'),
('TECH_ELEMENTALISM', 'ALLOW_TOWER_ELEMENTS'),
('TECH_DIVINATION', 'ALLOW_TOWER_DIVINATION'),
('TECH_STRENGTH_OF_WILL', 'ALLOW_TOWER_MASTERY');

INSERT INTO CivicModifiers(CivicType, ModifierId) VALUES
('CIVIC_CODE_OF_LAWS', 'ALLOW_WINTER_PALACE'),
('CIVIC_ANCIENT_CHANTS', 'ALLOW_SUMMER_PALACE');

INSERT INTO Requirements(RequirementId, RequirementType) VALUES
('REQUIRES_PLAYER_HAS_CHAOS_MANA', 'REQUIREMENT_PLAYER_HAS_RESOURCE_OWNED'),
('REQUIRES_PLAYER_HAS_DEATH_MANA', 'REQUIREMENT_PLAYER_HAS_RESOURCE_OWNED'),
('REQUIRES_PLAYER_HAS_ENTROPY_MANA', 'REQUIREMENT_PLAYER_HAS_RESOURCE_OWNED'),
('REQUIRES_PLAYER_HAS_SHADOW_MANA', 'REQUIREMENT_PLAYER_HAS_RESOURCE_OWNED'),
('REQUIRES_PLAYER_HAS_LAW_MANA', 'REQUIREMENT_PLAYER_HAS_RESOURCE_OWNED'),
('REQUIRES_PLAYER_HAS_MIND_MANA', 'REQUIREMENT_PLAYER_HAS_RESOURCE_OWNED'),
('REQUIRES_PLAYER_HAS_SPIRIT_MANA', 'REQUIREMENT_PLAYER_HAS_RESOURCE_OWNED'),
('REQUIRES_PLAYER_HAS_SUN_MANA', 'REQUIREMENT_PLAYER_HAS_RESOURCE_OWNED'),
('REQUIRES_PLAYER_HAS_AIR_MANA', 'REQUIREMENT_PLAYER_HAS_RESOURCE_OWNED'),
('REQUIRES_PLAYER_HAS_EARTH_MANA', 'REQUIREMENT_PLAYER_HAS_RESOURCE_OWNED'),
('REQUIRES_PLAYER_HAS_FIRE_MANA', 'REQUIREMENT_PLAYER_HAS_RESOURCE_OWNED'),
('REQUIRES_PLAYER_HAS_WATER_MANA', 'REQUIREMENT_PLAYER_HAS_RESOURCE_OWNED'),
('REQUIRES_PLAYER_HAS_BODY_MANA', 'REQUIREMENT_PLAYER_HAS_RESOURCE_OWNED'),
('REQUIRES_PLAYER_HAS_ENCHANTMENT_MANA', 'REQUIREMENT_PLAYER_HAS_RESOURCE_OWNED'),
('REQUIRES_PLAYER_HAS_LIFE_MANA', 'REQUIREMENT_PLAYER_HAS_RESOURCE_OWNED'),
('REQUIRES_PLAYER_HAS_NATURE_MANA', 'REQUIREMENT_PLAYER_HAS_RESOURCE_OWNED');

INSERT INTO RequirementArguments(RequirementId, Name, Value) VALUES
('REQUIRES_PLAYER_HAS_CHAOS_MANA', 'ResourceType', 'RESOURCE_MANA_CHAOS'),
('REQUIRES_PLAYER_HAS_DEATH_MANA', 'ResourceType', 'RESOURCE_MANA_DEATH'),
('REQUIRES_PLAYER_HAS_ENTROPY_MANA', 'ResourceType', 'RESOURCE_MANA_ENTROPY'),
('REQUIRES_PLAYER_HAS_SHADOW_MANA', 'ResourceType', 'RESOURCE_MANA_SHADOW'),
('REQUIRES_PLAYER_HAS_LAW_MANA', 'ResourceType', 'RESOURCE_MANA_LAW'),
('REQUIRES_PLAYER_HAS_MIND_MANA', 'ResourceType', 'RESOURCE_MANA_MIND'),
('REQUIRES_PLAYER_HAS_SPIRIT_MANA', 'ResourceType', 'RESOURCE_MANA_SPIRIT'),
('REQUIRES_PLAYER_HAS_SUN_MANA', 'ResourceType', 'RESOURCE_MANA_SUN'),
('REQUIRES_PLAYER_HAS_AIR_MANA', 'ResourceType', 'RESOURCE_MANA_AIR'),
('REQUIRES_PLAYER_HAS_EARTH_MANA', 'ResourceType', 'RESOURCE_MANA_EARTH'),
('REQUIRES_PLAYER_HAS_FIRE_MANA', 'ResourceType', 'RESOURCE_MANA_FIRE'),
('REQUIRES_PLAYER_HAS_WATER_MANA', 'ResourceType', 'RESOURCE_MANA_WATER'),
('REQUIRES_PLAYER_HAS_BODY_MANA', 'ResourceType', 'RESOURCE_MANA_BODY'),
('REQUIRES_PLAYER_HAS_ENCHANTMENT_MANA', 'ResourceType', 'RESOURCE_MANA_ENCHANTMENT'),
('REQUIRES_PLAYER_HAS_LIFE_MANA', 'ResourceType', 'RESOURCE_MANA_LIFE'),
('REQUIRES_PLAYER_HAS_NATURE_MANA', 'ResourceType', 'RESOURCE_MANA_NATURE');

INSERT INTO Requirements(RequirementId, RequirementType) VALUES
('PLAYER_HAS_TOWER_NECROMANCY_REQUIREMENT', 'REQUIREMENT_PLAYER_HAS_BUILDING'),
('PLAYER_HAS_TOWER_ELEMENTS_REQUIREMENT', 'REQUIREMENT_PLAYER_HAS_BUILDING'),
('PLAYER_HAS_TOWER_DIVINATION_REQUIREMENT', 'REQUIREMENT_PLAYER_HAS_BUILDING'),
('PLAYER_HAS_TOWER_ALTERATION_REQUIREMENT', 'REQUIREMENT_PLAYER_HAS_BUILDING'),
('REQUIRES_PLAYER_HAS_MORE_THAN_SEVEN_CITIES', 'REQUIREMENT_PLAYER_HAS_AT_LEAST_NUMBER_CITIES'),
('REQUIRES_PLAYER_HAS_MORE_THAN_ELEVEN_CITIES', 'REQUIREMENT_PLAYER_HAS_AT_LEAST_NUMBER_CITIES');

INSERT INTO RequirementArguments(RequirementId, Name, Value) VALUES
('PLAYER_HAS_TOWER_NECROMANCY_REQUIREMENT', 'BuildingType', 'BUILDING_LEANING_TOWER'),
('PLAYER_HAS_TOWER_ELEMENTS_REQUIREMENT', 'BuildingType', 'BUILDING_PORCELAIN_TOWER'),
('PLAYER_HAS_TOWER_DIVINATION_REQUIREMENT', 'BuildingType', 'BUILDING_ORACLE'),
('PLAYER_HAS_TOWER_ALTERATION_REQUIREMENT', 'BuildingType', 'BUILDING_MAHABODHI_TEMPLE'),
('REQUIRES_PLAYER_HAS_MORE_THAN_SEVEN_CITIES', 'Amount', '8'),
('REQUIRES_PLAYER_HAS_MORE_THAN_ELEVEN_CITIES', 'Amount', '12');


INSERT INTO RequirementSetRequirements(RequirementSetId, RequirementId) VALUES
('PLAYER_HAS_ALL_EVIL_MANA', 'REQUIRES_PLAYER_HAS_CHAOS_MANA'),
('PLAYER_HAS_ALL_EVIL_MANA', 'REQUIRES_PLAYER_HAS_DEATH_MANA'),
('PLAYER_HAS_ALL_EVIL_MANA', 'REQUIRES_PLAYER_HAS_ENTROPY_MANA'),
('PLAYER_HAS_ALL_EVIL_MANA', 'REQUIRES_PLAYER_HAS_SHADOW_MANA'),
('PLAYER_HAS_ALL_DIVINATION_MANA', 'REQUIRES_PLAYER_HAS_LAW_MANA'),
('PLAYER_HAS_ALL_DIVINATION_MANA', 'REQUIRES_PLAYER_HAS_MIND_MANA'),
('PLAYER_HAS_ALL_DIVINATION_MANA', 'REQUIRES_PLAYER_HAS_SPIRIT_MANA'),
('PLAYER_HAS_ALL_DIVINATION_MANA', 'REQUIRES_PLAYER_HAS_SUN_MANA'),
('PLAYER_HAS_ALL_ELEMENTS_MANA', 'REQUIRES_PLAYER_HAS_AIR_MANA'),
('PLAYER_HAS_ALL_ELEMENTS_MANA', 'REQUIRES_PLAYER_HAS_EARTH_MANA'),
('PLAYER_HAS_ALL_ELEMENTS_MANA', 'REQUIRES_PLAYER_HAS_FIRE_MANA'),
('PLAYER_HAS_ALL_ELEMENTS_MANA', 'REQUIRES_PLAYER_HAS_WATER_MANA'),
('PLAYER_HAS_ALL_ALTERATION_MANA', 'REQUIRES_PLAYER_HAS_BODY_MANA'),
('PLAYER_HAS_ALL_ALTERATION_MANA', 'REQUIRES_PLAYER_HAS_ENCHANTMENT_MANA'),
('PLAYER_HAS_ALL_ALTERATION_MANA', 'REQUIRES_PLAYER_HAS_LIFE_MANA'),
('PLAYER_HAS_ALL_ALTERATION_MANA', 'REQUIRES_PLAYER_HAS_NATURE_MANA'),
('PLAYER_HAS_ALL_TOWERS', 'PLAYER_HAS_TOWER_NECROMANCY_REQUIREMENT'),
('PLAYER_HAS_ALL_TOWERS', 'PLAYER_HAS_TOWER_ELEMENTS_REQUIREMENT'),
('PLAYER_HAS_ALL_TOWERS', 'PLAYER_HAS_TOWER_DIVINATION_REQUIREMENT'),
('PLAYER_HAS_ALL_TOWERS', 'PLAYER_HAS_TOWER_ALTERATION_REQUIREMENT'),
('PLAYER_HAS_MORE_THAN_SEVEN_CITIES', 'REQUIRES_PLAYER_HAS_MORE_THAN_SEVEN_CITIES'),
('PLAYER_HAS_MORE_THAN_ELEVEN_CITIES', 'REQUIRES_PLAYER_HAS_MORE_THAN_ELEVEN_CITIES');

INSERT INTO RequirementSets(RequirementSetId, RequirementSetType) VALUES
('PLAYER_HAS_ALL_EVIL_MANA', 'REQUIREMENTSET_TEST_ALL'),
('PLAYER_HAS_ALL_DIVINATION_MANA', 'REQUIREMENTSET_TEST_ALL'),
('PLAYER_HAS_ALL_ELEMENTS_MANA', 'REQUIREMENTSET_TEST_ALL'),
('PLAYER_HAS_ALL_ALTERATION_MANA', 'REQUIREMENTSET_TEST_ALL'),
('PLAYER_HAS_ALL_TOWERS', 'REQUIREMENTSET_TEST_ALL'),
('PLAYER_HAS_MORE_THAN_SEVEN_CITIES', 'REQUIREMENTSET_TEST_ALL'),
('PLAYER_HAS_MORE_THAN_ELEVEN_CITIES', 'REQUIREMENTSET_TEST_ALL');


-- REQUIREMENT_PLAYER_HAS_AT_LEAST_NUM_BUILDINGS Great Library, Theatre of Dreams