------------- NOT WORKING ------------------------
----------------------------------------------------
-- The modifier system is working well, but the requirements suck, there is has_promotion, but not opponent_has_promotion
--                                                                 the same applies for has_ability sadly. There is Tag at least.
-- Hasnt MR is promo, Racial checks mostly work, Stoneskin will fail
--                 1 Hasnt MR 1 ANGEL OR DEMON OR ORC 2 HASNT STONESKIN  2 HASNT FIRE RESIST   6    100%:  Promos: GodSlayer, Fire Immune
--                 1 Hasnt MR 1 Winterborn 2 HASNT STONESKIN  2 HASNT COLD RESIST         6         100%:  Promos: GodSlayer, Frost Immune, Tags: Frostling
--                       1 Hasnt MR  2 HASNT STONESKIN  2 HASNT LIGHTNING RESIST                    100%:  Promos: GodSlayer, Lightning Immune
--                 1 Hasnt MR   1 HASNT DWARF  2 HASNT STONESKIN  2 HASNT POISON RESIST        6    100%:  Promos: GodSlayer, Tags: Angel, Elemental, Golem, Undead Partial Tag: Demon,  Ability: Jade Torc, Illusion
--         1 Hasnt UNHOLY TAINT   1 HASNT SUNDERED  2 HASNT STONESKIN  2 HASNT UNDEAD         6     100%:  Promos: GodSlayer, Partial Tag:  Demon
--         2 DEFAULT 3 HASNT STONESKIN                                                              100%:  Promos: GodSlayer, Tags: Angel
--         1 Hasnt MR   1 HASNT SHEUT  1 HASNT STONESKIN 1 ANGEL 1 MAGIC IMMUNE                     100%:  Promos: GodSlayer, Tags: Elemental, Golem, Undead, Partial Tag:  Demon  Ability: Illusion

-- is affinity damage physical? big pain if not. assume it is
-- orchestrate from player capital plot_prop, property tracks each mana resource amount, uses binary magic to grant
-- abilities to all player units with requirement has_affinity_nature_1 ability for example.
-- have to make duplicates for something like air elemental and rod of winds, as otherwise

-- SLTH_EQUIPMENT_ROD_OF_WINDS_ABILITY
-- SLTH_EQUIPMENT_SCORCHED_STAFF_ABILITY
-- SLTH_EQUIPMENT_STAFF_OF_SOULS_ABILITY



/*
 -- just used as flag for ability check, internal only?
INSERT INTO UnitAbilities(UnitAbilityType, Name, Description, Inactive, Permanent) VALUES
('ABILITY_AIR_AFFINITY_1', 'LOC_ABILITY_AIR_AFFINITY_1_NAME', 'LOC_ABILITY_AIR_AFFINITY_1_DESCRIPTION', '0', '1'),
('ABILITY_BODY_AFFINITY_1', 'LOC_ABILITY_BODY_AFFINITY_1_NAME', 'LOC_ABILITY_BODY_AFFINITY_1_DESCRIPTION', '0', '1'),
('ABILITY_CHAOS_AFFINITY_1', 'LOC_ABILITY_CHAOS_AFFINITY_1_NAME', 'LOC_ABILITY_CHAOS_AFFINITY_1_DESCRIPTION', '0', '1'),
('ABILITY_DEATH_AFFINITY_1', 'LOC_ABILITY_DEATH_AFFINITY_1_NAME', 'LOC_ABILITY_DEATH_AFFINITY_1_DESCRIPTION', '0', '1'),
('ABILITY_EARTH_AFFINITY_1', 'LOC_ABILITY_EARTH_AFFINITY_1_NAME', 'LOC_ABILITY_EARTH_AFFINITY_1_DESCRIPTION', '0', '1'),
('ABILITY_ENCHANTMENT_AFFINITY_1', 'LOC_ABILITY_ENCHANTMENT_AFFINITY_1_NAME', 'LOC_ABILITY_ENCHANTMENT_AFFINITY_1_DESCRIPTION', '0', '1'),
('ABILITY_ENTROPY_AFFINITY_1', 'LOC_ABILITY_ENTROPY_AFFINITY_1_NAME', 'LOC_ABILITY_ENTROPY_AFFINITY_1_DESCRIPTION', '0', '1'),
('ABILITY_FIRE_AFFINITY_1', 'LOC_ABILITY_FIRE_AFFINITY_1_NAME', 'LOC_ABILITY_FIRE_AFFINITY_1_DESCRIPTION', '0', '1'),
('ABILITY_ICE_AFFINITY_1', 'LOC_ABILITY_ICE_AFFINITY_1_NAME', 'LOC_ABILITY_ICE_AFFINITY_1_DESCRIPTION', '0', '1'),
('ABILITY_LAW_AFFINITY_1', 'LOC_ABILITY_LAW_AFFINITY_1_NAME', 'LOC_ABILITY_LAW_AFFINITY_1_DESCRIPTION', '0', '1'),
('ABILITY_LIFE_AFFINITY_1', 'LOC_ABILITY_LIFE_AFFINITY_1_NAME', 'LOC_ABILITY_LIFE_AFFINITY_1_DESCRIPTION', '0', '1'),
('ABILITY_METAMAGIC_AFFINITY_1', 'LOC_ABILITY_METAMAGIC_AFFINITY_1_NAME', 'LOC_ABILITY_METAMAGIC_AFFINITY_1_DESCRIPTION', '0', '1'),
('ABILITY_MIND_AFFINITY_1', 'LOC_ABILITY_MIND_AFFINITY_1_NAME', 'LOC_ABILITY_MIND_AFFINITY_1_DESCRIPTION', '0', '1'),
('ABILITY_NATURE_AFFINITY_1', 'LOC_ABILITY_NATURE_AFFINITY_1_NAME', 'LOC_ABILITY_NATURE_AFFINITY_1_DESCRIPTION', '0', '1'),
('ABILITY_NATURE_AFFINITY_2', 'LOC_ABILITY_NATURE_AFFINITY_2_NAME', 'LOC_ABILITY_NATURE_AFFINITY_2_DESCRIPTION', '0', '1'),
('ABILITY_SHADOW_AFFINITY_1', 'LOC_ABILITY_SHADOW_AFFINITY_1_NAME', 'LOC_ABILITY_SHADOW_AFFINITY_1_DESCRIPTION', '0', '1'),
('ABILITY_SPIRIT_AFFINITY_1', 'LOC_ABILITY_SPIRIT_AFFINITY_1_NAME', 'LOC_ABILITY_SPIRIT_AFFINITY_1_DESCRIPTION', '0', '1'),
('ABILITY_SUN_AFFINITY_1', 'LOC_ABILITY_SUN_AFFINITY_1_NAME', 'LOC_ABILITY_SUN_AFFINITY_1_DESCRIPTION', '0', '1'),
('ABILITY_SUN_AFFINITY_2', 'LOC_ABILITY_SUN_AFFINITY_2_NAME', 'LOC_ABILITY_SUN_AFFINITY_2_DESCRIPTION', '0', '1'),
('ABILITY_WATER_AFFINITY_1', 'LOC_ABILITY_WATER_AFFINITY_1_NAME', 'LOC_ABILITY_WATER_AFFINITY_1_DESCRIPTION', '0', '1'),
('ABILITY_BANANA_AFFINITY_1', 'LOC_ABILITY_BANANA_AFFINITY_1_NAME', 'LOC_ABILITY_BANANA_AFFINITY_1_DESCRIPTION', '0', '1');
 */

-- rod of winds +1 air
-- scorched staff +1 fire
-- staff of souls +1 Death

-- AIR elemental +1 air
-- Spectre +1 Death
-- Wraith +1 Death
-- Dwarven Druid +1 Earth
-- Earth Elemental +1 Earth
-- Brigit +1 Fire
-- Fire Elemental +1 Fire
-- Ice elemental +1 Ice
-- Druid +1 Nature
-- Lizardman Druid +1 Nature
-- Yvain +2 Nature
-- Mistform +1 Shadow
-- Shadowrider +1 Shadow
-- Aurealis +2 Sun
-- Chalid +2 Sun
-- Water Elemental +1 Water
-- Djinn +1 all.
-- Gurid +1 Banana





INSERT INTO Requirements(RequirementId, RequirementType, Inverse) VALUES
('OPPONENT_IS_NOT_ANGEL', 'REQUIREMENT_OPPONENT_UNIT_TAG_MATCHES', '1'),
('OPPONENT_IS_NOT_DEMON', 'REQUIREMENT_OPPONENT_UNIT_TAG_MATCHES', '1'),
('OPPONENT_IS_NOT_ORC', 'REQUIREMENT_OPPONENT_UNIT_TAG_MATCHES', '1'),
('OPPONENT_IS_NOT_WINTERBORN', 'REQUIREMENT_OPPONENT_UNIT_TAG_MATCHES', '1'),
('OPPONENT_IS_NOT_DWARF', 'REQUIREMENT_OPPONENT_UNIT_TAG_MATCHES', '1'),
('OPPONENT_IS_NOT_UNDEAD', 'REQUIREMENT_OPPONENT_UNIT_TAG_MATCHES', '1'),
('OPPONENT_IS_NOT_ELEMENTAL', 'REQUIREMENT_OPPONENT_UNIT_TAG_MATCHES', '1'),
('OPPONENT_IS_NOT_GOLEM', 'REQUIREMENT_OPPONENT_UNIT_TAG_MATCHES', '1'),
('OPPONENT_IS_NOT_FROSTLING', 'REQUIREMENT_OPPONENT_UNIT_TAG_MATCHES', '1'),
('OPPONENT_IS_FROSTLING', 'REQUIREMENT_OPPONENT_UNIT_TAG_MATCHES', '0'),
('OPPONENT_IS_UNDEAD', 'REQUIREMENT_OPPONENT_UNIT_TAG_MATCHES', '0'),
('OPPONENT_IS_DEMON', 'REQUIREMENT_OPPONENT_UNIT_TAG_MATCHES', '0'),
('OPPONENT_IS_VULNERABLE_TO_FIRE', 'REQUIREMENT_OPPONENT_UNIT_TAG_MATCHES', '0');

INSERT INTO RequirementArguments(RequirementId, Name, Value) VALUES
('OPPONENT_IS_NOT_ANGEL', 'Tag', 'RACE_ANGEL'),
('OPPONENT_IS_NOT_DEMON', 'Tag', 'RACE_DEMON'),
('OPPONENT_IS_NOT_ORC', 'Tag', 'RACE_ORCISH'),
('OPPONENT_IS_NOT_WINTERBORN', 'Tag', 'RACE_WINTERBORN'),
('OPPONENT_IS_NOT_DWARF', 'Tag', 'RACE_DWARVEN'),
('OPPONENT_IS_NOT_UNDEAD', 'Tag', 'IS_UNDEAD'),
('OPPONENT_IS_NOT_ELEMENTAL', 'Tag', 'RACE_ELEMENTAL'),
('OPPONENT_IS_NOT_GOLEM', 'Tag', 'RACE_GOLEM'),
('OPPONENT_IS_NOT_FROSTLING', 'Tag', 'RACE_FROSTLING'),
('OPPONENT_IS_FROSTLING', 'Tag', 'RACE_FROSTLING'),
('OPPONENT_IS_UNDEAD', 'Tag', 'IS_UNDEAD'),
('OPPONENT_IS_DEMON', 'Tag', 'RACE_DEMON'),
('OPPONENT_IS_VULNERABLE_TO_FIRE', 'Tag', 'TAG_VULN_FIRE');

INSERT INTO RequirementSetRequirements(RequirementSetId, RequirementId) VALUES
('UNIT_FIRE_RESIST_RACIAL', 'OPPONENT_IS_NOT_ANGEL'),
('UNIT_FIRE_RESIST_RACIAL', 'OPPONENT_IS_NOT_DEMON'),
('UNIT_FIRE_RESIST_RACIAL', 'OPPONENT_IS_NOT_ORC'),
('UNIT_FIRE_WEAK_FROSTLING', 'OPPONENT_IS_FROSTLING'),
('UNIT_FROST_RESIST_RACIAL', 'OPPONENT_IS_NOT_WINTERBORN'),
('UNIT_FROST_RESIST_RACIAL', 'OPPONENT_IS_NOT_FROSTLING'),
('UNIT_POISON_RESIST_RACIAL', 'OPPONENT_IS_NOT_DWARF'),
('UNIT_POISON_RESIST_RACIAL', 'OPPONENT_IS_NOT_ANGEL'),
('UNIT_POISON_RESIST_RACIAL', 'OPPONENT_IS_NOT_ELEMENTAL'),
('UNIT_POISON_RESIST_RACIAL', 'OPPONENT_IS_NOT_GOLEM'),
('UNIT_POISON_RESIST_RACIAL', 'OPPONENT_IS_NOT_UNDEAD'),
('UNIT_UNHOLY_RESIST_RACIAL', 'OPPONENT_IS_NOT_UNDEAD'),
('UNIT_UNHOLY_RESIST_RACIAL', 'OPPONENT_IS_NOT_DEMON'),
('UNIT_HOLY_RESIST_RACIAL', 'OPPONENT_IS_NOT_ANGEL'),
('UNIT_DEATH_RESIST_RACIAL', 'OPPONENT_IS_NOT_ANGEL'),
('UNIT_DEATH_RESIST_RACIAL', 'OPPONENT_IS_NOT_ELEMENTAL'),
('UNIT_DEATH_RESIST_RACIAL', 'OPPONENT_IS_NOT_GOLEM'),
('UNIT_DEATH_RESIST_RACIAL', 'OPPONENT_IS_NOT_UNDEAD'),
('UNIT_DEATH_RESIST_RACIAL', 'OPPONENT_IS_NOT_DEMON'),
('OPPONENT_UNIT_IS_UNDEAD', 'OPPONENT_IS_UNDEAD'),
('OPPONENT_UNIT_IS_DEMON', 'OPPONENT_IS_DEMON'),

('FROST_IMMUNE_REQS', 'OPPONENT_IS_NOT_FROSTLING'),
('POISON_IMMUNE_REQS', 'OPPONENT_IS_NOT_ANGEL'),
('POISON_IMMUNE_REQS', 'OPPONENT_IS_NOT_ELEMENTAL'),
('POISON_IMMUNE_REQS', 'OPPONENT_IS_NOT_GOLEM'),
('POISON_IMMUNE_REQS', 'OPPONENT_IS_NOT_UNDEAD'),
('UNHOLY_IMMUNE_REQS', 'OPPONENT_IS_NOT_DEMON'),
('HOLY_IMMUNE_REQS', 'OPPONENT_IS_NOT_ANGEL'),
('DEATH_IMMUNE_REQS', 'OPPONENT_IS_NOT_ELEMENTAL'),
('DEATH_IMMUNE_REQS', 'OPPONENT_IS_NOT_GOLEM'),
('DEATH_IMMUNE_REQS', 'OPPONENT_IS_NOT_UNDEAD'),
('DEATH_IMMUNE_REQS', 'OPPONENT_IS_NOT_DEMON');

INSERT INTO RequirementSets(RequirementSetId, RequirementSetType) VALUES
('UNIT_FIRE_RESIST_RACIAL', 'REQUIREMENTSET_TEST_ALL'),
('UNIT_FIRE_WEAK_FROSTLING', 'REQUIREMENTSET_TEST_ALL'),
('UNIT_FROST_RESIST_RACIAL', 'REQUIREMENTSET_TEST_ALL'),
('UNIT_POISON_RESIST_RACIAL', 'REQUIREMENTSET_TEST_ALL'),
('UNIT_UNHOLY_RESIST_RACIAL', 'REQUIREMENTSET_TEST_ALL'),
('UNIT_HOLY_RESIST_RACIAL', 'REQUIREMENTSET_TEST_ALL'),
('UNIT_DEATH_RESIST_RACIAL', 'REQUIREMENTSET_TEST_ALL'),
('OPPONENT_UNIT_IS_UNDEAD', 'REQUIREMENTSET_TEST_ALL'),
('OPPONENT_UNIT_IS_DEMON', 'REQUIREMENTSET_TEST_ALL'),

('FROST_IMMUNE_REQS', 'REQUIREMENTSET_TEST_ALL'),
('POISON_IMMUNE_REQS', 'REQUIREMENTSET_TEST_ALL'),
('UNHOLY_IMMUNE_REQS', 'REQUIREMENTSET_TEST_ALL'),
('HOLY_IMMUNE_REQS', 'REQUIREMENTSET_TEST_ALL'),
('DEATH_IMMUNE_REQS', 'REQUIREMENTSET_TEST_ALL');

INSERT INTO Tags(Tag, Vocabulary) VALUES
('CLASS_UNHOLY_ELEMENT_1', 'ABILITY_CLASS'),
('CLASS_LIGHTNING_ELEMENT_2', 'ABILITY_CLASS'),
('CLASS_POISON_ELEMENT_2', 'ABILITY_CLASS'),
('CLASS_HOLY_ELEMENT_1', 'ABILITY_CLASS'),
('CLASS_HOLY_ELEMENT_3', 'ABILITY_CLASS'),
('CLASS_POISON_ELEMENT_1', 'ABILITY_CLASS'),
('CLASS_DEATH_ELEMENT_11', 'ABILITY_CLASS'),
('CLASS_UNHOLY_ELEMENT_5', 'ABILITY_CLASS'),
('CLASS_COLD_ELEMENT_30', 'ABILITY_CLASS'),
('CLASS_FIRE_ELEMENT_1', 'ABILITY_CLASS'),
('CLASS_FIRE_ELEMENT_3', 'ABILITY_CLASS'),
('CLASS_HOLY_ELEMENT_4', 'ABILITY_CLASS'),
('CLASS_UNHOLY_ELEMENT_4', 'ABILITY_CLASS'),
('CLASS_UNHOLY_ELEMENT_2', 'ABILITY_CLASS'),
('CLASS_DEATH_ELEMENT_2', 'ABILITY_CLASS'),
('CLASS_COLD_ELEMENT_7', 'ABILITY_CLASS'),
('CLASS_HOLY_ELEMENT_2', 'ABILITY_CLASS'),
('CLASS_FIRE_ELEMENT_4', 'ABILITY_CLASS'),
('CLASS_COLD_ELEMENT_3', 'ABILITY_CLASS'),
('CLASS_COLD_ELEMENT_2', 'ABILITY_CLASS'),
('CLASS_LIGHTNING_ELEMENT_3', 'ABILITY_CLASS'),
('CLASS_FIRE_ELEMENT_6', 'ABILITY_CLASS'),
('CLASS_UNHOLY_ELEMENT_6', 'ABILITY_CLASS'),
('CLASS_COLD_ELEMENT_1', 'ABILITY_CLASS'),
('CLASS_DEATH_ELEMENT_1', 'ABILITY_CLASS'),
('CLASS_DEATH_ELEMENT_3', 'ABILITY_CLASS'),
('CLASS_POISON_ELEMENT_7', 'ABILITY_CLASS');
INSERT INTO TypeTags(Type, Tag) VALUES
('SLTH_UNIT_IMP', 'CLASS_UNHOLY_ELEMENT_1'),
('SLTH_UNIT_AIR_ELEMENTAL', 'CLASS_LIGHTNING_ELEMENT_2'),
('SLTH_UNIT_ALAZKAN', 'CLASS_POISON_ELEMENT_2'),
('SLTH_UNIT_ANGEL', 'CLASS_HOLY_ELEMENT_1'),
('SLTH_UNIT_ANGEL_OF_DEATH', 'CLASS_HOLY_ELEMENT_3'),
('SLTH_UNIT_ARCHER_SCORPION_CLAN', 'CLASS_POISON_ELEMENT_1'),
('SLTH_UNIT_ARS', 'CLASS_DEATH_ELEMENT_11'),
('SLTH_UNIT_ARS', 'CLASS_UNHOLY_ELEMENT_5'),
('SLTH_UNIT_ASSASSIN', 'CLASS_POISON_ELEMENT_1'),
('SLTH_UNIT_CHANTER', 'CLASS_POISON_ELEMENT_1'),
('SLTH_UNIT_GHOST', 'CLASS_POISON_ELEMENT_1'),
-- ('SLTH_UNIT_LIZARDMAN_ASSASSIN', 'CLASS_POISON_ELEMENT_1'),
('SLTH_UNIT_TASKMASTER', 'CLASS_POISON_ELEMENT_1'),
('SLTH_UNIT_AURIC_ASCENDED', 'CLASS_COLD_ELEMENT_30'),
('SLTH_UNIT_PYRE_ZOMBIE', 'CLASS_FIRE_ELEMENT_1'),
('SLTH_UNIT_AZER', 'CLASS_FIRE_ELEMENT_3'),
('SLTH_UNIT_BABY_SPIDER', 'CLASS_POISON_ELEMENT_1'),
('SLTH_UNIT_BASIUM', 'CLASS_HOLY_ELEMENT_4'),
('SLTH_UNIT_BEAST_OF_AGARES', 'CLASS_UNHOLY_ELEMENT_5'),
-- ('SLTH_UNIT_SPIDERKIN', 'CLASS_POISON_ELEMENT_2'),
('SLTH_UNIT_BALOR', 'CLASS_UNHOLY_ELEMENT_4'),
-- ('SLTH_UNIT_BRIGIT', 'CLASS_HOLY_ELEMENT_3'),
('SLTH_UNIT_BUBOES', 'CLASS_UNHOLY_ELEMENT_2'),
('SLTH_UNIT_CHARIOT_SCORPION_CLAN', 'CLASS_POISON_ELEMENT_1'),
('SLTH_UNIT_CRUSADER', 'CLASS_HOLY_ELEMENT_1'),
('SLTH_UNIT_DISCIPLE_OF_ACHERON', 'CLASS_FIRE_ELEMENT_1'),
('SLTH_UNIT_DISEASED_CORPSE', 'CLASS_DEATH_ELEMENT_2'),
('SLTH_UNIT_DRIFA', 'CLASS_COLD_ELEMENT_7'),
('SLTH_UNIT_DROWN', 'CLASS_UNHOLY_ELEMENT_1'),
('SLTH_UNIT_EIDOLON', 'CLASS_UNHOLY_ELEMENT_4'),
('SLTH_UNIT_EINHERJAR', 'CLASS_HOLY_ELEMENT_2'),
('SLTH_UNIT_FIRE_ELEMENTAL', 'CLASS_FIRE_ELEMENT_3'),
('SLTH_UNIT_FIREBALL', 'CLASS_FIRE_ELEMENT_4'),
('SLTH_UNIT_GIANT_SPIDER', 'CLASS_POISON_ELEMENT_1'),
('SLTH_UNIT_HIGH_PRIEST_OF_KILMORPH', 'CLASS_HOLY_ELEMENT_1'),
('SLTH_UNIT_HIGH_PRIEST_OF_THE_EMPYREAN', 'CLASS_FIRE_ELEMENT_1'),
('SLTH_UNIT_HIGH_PRIEST_OF_THE_EMPYREAN', 'CLASS_HOLY_ELEMENT_1'),
('SLTH_UNIT_HIGH_PRIEST_OF_THE_ORDER', 'CLASS_HOLY_ELEMENT_2'),
('SLTH_UNIT_HIGH_PRIEST_OF_THE_OVERLORDS', 'CLASS_UNHOLY_ELEMENT_1'),
('SLTH_UNIT_HIGH_PRIEST_OF_THE_VEIL', 'CLASS_UNHOLY_ELEMENT_2'),
('SLTH_UNIT_HIGH_PRIEST_OF_WINTER', 'CLASS_COLD_ELEMENT_3'),
('SLTH_UNIT_WOLF_RIDER_SCORPION_CLAN', 'CLASS_POISON_ELEMENT_1'),
('SLTH_UNIT_HELLHOUND', 'CLASS_UNHOLY_ELEMENT_1'),
('SLTH_UNIT_HYBOREM', 'CLASS_UNHOLY_ELEMENT_2'),
('SLTH_UNIT_ICE_ELEMENTAL', 'CLASS_COLD_ELEMENT_2'),
('SLTH_UNIT_IRA', 'CLASS_UNHOLY_ELEMENT_4'),
('SLTH_UNIT_DEATH_KNIGHT', 'CLASS_DEATH_ELEMENT_2'),
('SLTH_UNIT_DEATH_KNIGHT', 'CLASS_UNHOLY_ELEMENT_2'),
('SLTH_UNIT_LICH', 'CLASS_DEATH_ELEMENT_2'),
('SLTH_UNIT_LIGHTNING_ELEMENTAL', 'CLASS_LIGHTNING_ELEMENT_3'),
('SLTH_UNIT_MANES', 'CLASS_UNHOLY_ELEMENT_1'),
('SLTH_UNIT_MANTICORE', 'CLASS_POISON_ELEMENT_1'),
('SLTH_UNIT_MARDERO', 'CLASS_UNHOLY_ELEMENT_4'),
('SLTH_UNIT_MARY', 'CLASS_POISON_ELEMENT_2'),
('SLTH_UNIT_MESHABBER', 'CLASS_FIRE_ELEMENT_6'),
('SLTH_UNIT_MESHABBER', 'CLASS_UNHOLY_ELEMENT_6'),
('SLTH_UNIT_METEOR', 'CLASS_FIRE_ELEMENT_6'),
('SLTH_UNIT_MOKKA', 'CLASS_COLD_ELEMENT_1'),
('SLTH_UNIT_MUIRIN', 'CLASS_UNHOLY_ELEMENT_1'),
('SLTH_UNIT_NIGHTWATCH', 'CLASS_POISON_ELEMENT_2'),
('SLTH_UNIT_OPHANIM', 'CLASS_HOLY_ELEMENT_3'),
('SLTH_UNIT_PALADIN', 'CLASS_HOLY_ELEMENT_3'),
('SLTH_UNIT_PIT_BEAST', 'CLASS_UNHOLY_ELEMENT_1'),
('SLTH_UNIT_PRIEST_OF_THE_EMPYREAN', 'CLASS_HOLY_ELEMENT_1'),
('SLTH_UNIT_PRIEST_OF_THE_ORDER', 'CLASS_HOLY_ELEMENT_1'),
('SLTH_UNIT_PRIEST_OF_THE_VEIL', 'CLASS_UNHOLY_ELEMENT_1'),
('SLTH_UNIT_PRIEST_OF_WINTER', 'CLASS_COLD_ELEMENT_2'),
('SLTH_UNIT_REPENTANT_ANGEL', 'CLASS_HOLY_ELEMENT_4'),
('SLTH_UNIT_REVELERS', 'CLASS_POISON_ELEMENT_1'),
('SLTH_UNIT_ROSIER', 'CLASS_UNHOLY_ELEMENT_1'),
-- ('SLTH_UNIT_ROSIER_OATHTAKER', 'CLASS_HOLY_ELEMENT_1'),
('SLTH_UNIT_SAILORS_DIRGE', 'CLASS_DEATH_ELEMENT_1'),
('SLTH_UNIT_SAND_LION', 'CLASS_FIRE_ELEMENT_1'),
('SLTH_UNIT_SAVEROUS', 'CLASS_UNHOLY_ELEMENT_2'),
('SLTH_UNIT_SCORPION', 'CLASS_POISON_ELEMENT_1'),
('SLTH_UNIT_GOBLIN_SCORPION_CLAN', 'CLASS_POISON_ELEMENT_1'),
('SLTH_UNIT_SERAPH', 'CLASS_HOLY_ELEMENT_3'),
('SLTH_UNIT_COURTESAN', 'CLASS_POISON_ELEMENT_2'),
('SLTH_UNIT_DWARVEN_SHADOW', 'CLASS_POISON_ELEMENT_2'),
('SLTH_UNIT_SHADOW', 'CLASS_POISON_ELEMENT_2'),
('SLTH_UNIT_SHADOWRIDER', 'CLASS_POISON_ELEMENT_2'),
('SLTH_UNIT_SKELETON', 'CLASS_DEATH_ELEMENT_1'),
('SLTH_UNIT_SON_OF_THE_INFERNO', 'CLASS_FIRE_ELEMENT_3'),
('SLTH_UNIT_SPHENER', 'CLASS_HOLY_ELEMENT_4'),
('SLTH_UNIT_STEPHANOS', 'CLASS_UNHOLY_ELEMENT_5'),
('SLTH_UNIT_STYGIAN_GUARD', 'CLASS_UNHOLY_ELEMENT_2'),
('SLTH_UNIT_SUCCUBUS', 'CLASS_UNHOLY_ELEMENT_2'),
('SLTH_UNIT_TAR_DEMON', 'CLASS_UNHOLY_ELEMENT_1'),
('SLTH_UNIT_VALIN', 'CLASS_HOLY_ELEMENT_2'),
('SLTH_UNIT_VALKYRIE', 'CLASS_HOLY_ELEMENT_3'),
('SLTH_UNIT_WRAITH', 'CLASS_DEATH_ELEMENT_3'),
('SLTH_UNIT_YERSINIA', 'CLASS_POISON_ELEMENT_7'),
('SLTH_UNIT_YERSINIA', 'CLASS_UNHOLY_ELEMENT_5'),
('UNHOLY_ELEMENT_1', 'CLASS_UNHOLY_ELEMENT_1'),
('LIGHTNING_ELEMENT_2', 'CLASS_LIGHTNING_ELEMENT_2'),
('POISON_ELEMENT_2', 'CLASS_POISON_ELEMENT_2'),
('HOLY_ELEMENT_1', 'CLASS_HOLY_ELEMENT_1'),
('HOLY_ELEMENT_3', 'CLASS_HOLY_ELEMENT_3'),
('POISON_ELEMENT_1', 'CLASS_POISON_ELEMENT_1'),
('DEATH_ELEMENT_11', 'CLASS_DEATH_ELEMENT_11'),
('UNHOLY_ELEMENT_5', 'CLASS_UNHOLY_ELEMENT_5'),
('COLD_ELEMENT_30', 'CLASS_COLD_ELEMENT_30'),
('FIRE_ELEMENT_1', 'CLASS_FIRE_ELEMENT_1'),
('FIRE_ELEMENT_3', 'CLASS_FIRE_ELEMENT_3'),
('HOLY_ELEMENT_4', 'CLASS_HOLY_ELEMENT_4'),
('UNHOLY_ELEMENT_4', 'CLASS_UNHOLY_ELEMENT_4'),
('UNHOLY_ELEMENT_2', 'CLASS_UNHOLY_ELEMENT_2'),
('DEATH_ELEMENT_2', 'CLASS_DEATH_ELEMENT_2'),
('COLD_ELEMENT_7', 'CLASS_COLD_ELEMENT_7'),
('HOLY_ELEMENT_2', 'CLASS_HOLY_ELEMENT_2'),
('FIRE_ELEMENT_4', 'CLASS_FIRE_ELEMENT_4'),
('COLD_ELEMENT_3', 'CLASS_COLD_ELEMENT_3'),
('COLD_ELEMENT_2', 'CLASS_COLD_ELEMENT_2'),
('LIGHTNING_ELEMENT_3', 'CLASS_LIGHTNING_ELEMENT_3'),
('FIRE_ELEMENT_6', 'CLASS_FIRE_ELEMENT_6'),
('UNHOLY_ELEMENT_6', 'CLASS_UNHOLY_ELEMENT_6'),
('COLD_ELEMENT_1', 'CLASS_COLD_ELEMENT_1'),
('DEATH_ELEMENT_1', 'CLASS_DEATH_ELEMENT_1'),
('DEATH_ELEMENT_3', 'CLASS_DEATH_ELEMENT_3'),
('POISON_ELEMENT_7', 'CLASS_POISON_ELEMENT_7');
INSERT INTO UnitAbilities(UnitAbilityType, Name, Description) VALUES
('UNHOLY_ELEMENT_1', 'LOC_UNHOLY_ELEMENT_1_NAME', 'LOC_UNHOLY_ELEMENT_1_DESCRIPTION'),
('LIGHTNING_ELEMENT_2', 'LOC_LIGHTNING_ELEMENT_2_NAME', 'LOC_LIGHTNING_ELEMENT_2_DESCRIPTION'),
('POISON_ELEMENT_2', 'LOC_POISON_ELEMENT_2_NAME', 'LOC_POISON_ELEMENT_2_DESCRIPTION'),
('HOLY_ELEMENT_1', 'LOC_HOLY_ELEMENT_1_NAME', 'LOC_HOLY_ELEMENT_1_DESCRIPTION'),
('HOLY_ELEMENT_3', 'LOC_HOLY_ELEMENT_3_NAME', 'LOC_HOLY_ELEMENT_3_DESCRIPTION'),
('POISON_ELEMENT_1', 'LOC_POISON_ELEMENT_1_NAME', 'LOC_POISON_ELEMENT_1_DESCRIPTION'),
('DEATH_ELEMENT_11', 'LOC_DEATH_ELEMENT_11_NAME', 'LOC_DEATH_ELEMENT_11_DESCRIPTION'),
('UNHOLY_ELEMENT_5', 'LOC_UNHOLY_ELEMENT_5_NAME', 'LOC_UNHOLY_ELEMENT_5_DESCRIPTION'),
('COLD_ELEMENT_30', 'LOC_COLD_ELEMENT_30_NAME', 'LOC_COLD_ELEMENT_30_DESCRIPTION'),
('FIRE_ELEMENT_1', 'LOC_FIRE_ELEMENT_1_NAME', 'LOC_FIRE_ELEMENT_1_DESCRIPTION'),
('FIRE_ELEMENT_3', 'LOC_FIRE_ELEMENT_3_NAME', 'LOC_FIRE_ELEMENT_3_DESCRIPTION'),
('HOLY_ELEMENT_4', 'LOC_HOLY_ELEMENT_4_NAME', 'LOC_HOLY_ELEMENT_4_DESCRIPTION'),
('UNHOLY_ELEMENT_4', 'LOC_UNHOLY_ELEMENT_4_NAME', 'LOC_UNHOLY_ELEMENT_4_DESCRIPTION'),
('UNHOLY_ELEMENT_2', 'LOC_UNHOLY_ELEMENT_2_NAME', 'LOC_UNHOLY_ELEMENT_2_DESCRIPTION'),
('DEATH_ELEMENT_2', 'LOC_DEATH_ELEMENT_2_NAME', 'LOC_DEATH_ELEMENT_2_DESCRIPTION'),
('COLD_ELEMENT_7', 'LOC_COLD_ELEMENT_7_NAME', 'LOC_COLD_ELEMENT_7_DESCRIPTION'),
('HOLY_ELEMENT_2', 'LOC_HOLY_ELEMENT_2_NAME', 'LOC_HOLY_ELEMENT_2_DESCRIPTION'),
('FIRE_ELEMENT_4', 'LOC_FIRE_ELEMENT_4_NAME', 'LOC_FIRE_ELEMENT_4_DESCRIPTION'),
('COLD_ELEMENT_3', 'LOC_COLD_ELEMENT_3_NAME', 'LOC_COLD_ELEMENT_3_DESCRIPTION'),
('COLD_ELEMENT_2', 'LOC_COLD_ELEMENT_2_NAME', 'LOC_COLD_ELEMENT_2_DESCRIPTION'),
('LIGHTNING_ELEMENT_3', 'LOC_LIGHTNING_ELEMENT_3_NAME', 'LOC_LIGHTNING_ELEMENT_3_DESCRIPTION'),
('FIRE_ELEMENT_6', 'LOC_FIRE_ELEMENT_6_NAME', 'LOC_FIRE_ELEMENT_6_DESCRIPTION'),
('UNHOLY_ELEMENT_6', 'LOC_UNHOLY_ELEMENT_6_NAME', 'LOC_UNHOLY_ELEMENT_6_DESCRIPTION'),
('COLD_ELEMENT_1', 'LOC_COLD_ELEMENT_1_NAME', 'LOC_COLD_ELEMENT_1_DESCRIPTION'),
('DEATH_ELEMENT_1', 'LOC_DEATH_ELEMENT_1_NAME', 'LOC_DEATH_ELEMENT_1_DESCRIPTION'),
('DEATH_ELEMENT_3', 'LOC_DEATH_ELEMENT_3_NAME', 'LOC_DEATH_ELEMENT_3_DESCRIPTION'),
('POISON_ELEMENT_7', 'LOC_POISON_ELEMENT_7_NAME', 'LOC_POISON_ELEMENT_7_DESCRIPTION');
INSERT INTO Modifiers(ModifierId, ModifierType, SubjectRequirementSetId) VALUES
('MODIFIER_UNHOLY_DAMAGE_UNHOLY_TAINT_CHECKER_1', 'MODIFIER_UNIT_ADJUST_COMBAT_STRENGTH', 'UNHOLY_IMMUNE_REQS'),
('MODIFIER_UNHOLY_DAMAGE_RACIAL_CHECKER_1', 'MODIFIER_UNIT_ADJUST_COMBAT_STRENGTH', 'UNIT_UNHOLY_RESIST_RACIAL'),
('MODIFIER_UNHOLY_DAMAGE_STONESKIN_CHECKER_1', 'MODIFIER_UNIT_ADJUST_COMBAT_STRENGTH', 'UNHOLY_IMMUNE_REQS'),
('MODIFIER_UNHOLY_DAMAGE_SUNDERED_CHECKER_1', 'MODIFIER_UNIT_ADJUST_COMBAT_STRENGTH', 'UNHOLY_IMMUNE_REQS'),
('MODIFIER_LIGHTNING_DAMAGE_MR_CHECKER_2', 'MODIFIER_UNIT_ADJUST_COMBAT_STRENGTH', NULL),
('MODIFIER_LIGHTNING_DAMAGE_STONESKIN_CHECKER_2', 'MODIFIER_UNIT_ADJUST_COMBAT_STRENGTH', NULL),
('MODIFIER_LIGHTNING_DAMAGE_SPECIFIC_RESIST_CHECKER_2', 'MODIFIER_UNIT_ADJUST_COMBAT_STRENGTH', NULL),
-- ('MODIFIER_LIGHTNING_DAMAGE_WEAPONS_BRONZE_IRON_CHECKER_MORE', 'MODIFIER_UNIT_ADJUST_COMBAT_STRENGTH', ''),
('MODIFIER_POISON_DAMAGE_MR_CHECKER_2', 'MODIFIER_UNIT_ADJUST_COMBAT_STRENGTH', 'POISON_IMMUNE_REQS'),
('MODIFIER_POISON_DAMAGE_RACIAL_CHECKER_2', 'MODIFIER_UNIT_ADJUST_COMBAT_STRENGTH', 'UNIT_POISON_RESIST_RACIAL'),
('MODIFIER_POISON_DAMAGE_STONESKIN_CHECKER_2', 'MODIFIER_UNIT_ADJUST_COMBAT_STRENGTH', 'POISON_IMMUNE_REQS'),
('MODIFIER_POISON_DAMAGE_SPECIFIC_RESIST_CHECKER_2', 'MODIFIER_UNIT_ADJUST_COMBAT_STRENGTH', 'POISON_IMMUNE_REQS'),
('MODIFIER_HOLY_DAMAGE_1', 'MODIFIER_UNIT_ADJUST_COMBAT_STRENGTH', 'HOLY_IMMUNE_REQS'),
('MODIFIER_HOLY_DAMAGE_STONESKIN_CHECKER_1', 'MODIFIER_UNIT_ADJUST_COMBAT_STRENGTH', 'HOLY_IMMUNE_REQS'),

('MODIFIER_HOLY_DAMAGE_IS_DEMON_MORE_1', 'MODIFIER_UNIT_ADJUST_COMBAT_STRENGTH', 'OPPONENT_UNIT_IS_DEMON'),
-- ('MODIFIER_HOLY_DAMAGE_HAS_SHEUT_MORE_1', 'MODIFIER_UNIT_ADJUST_COMBAT_STRENGTH', ''),
('MODIFIER_HOLY_DAMAGE_IS_UNDEAD_MORE_1', 'MODIFIER_UNIT_ADJUST_COMBAT_STRENGTH', 'OPPONENT_UNIT_IS_UNDEAD'),
('MODIFIER_HOLY_DAMAGE_3', 'MODIFIER_UNIT_ADJUST_COMBAT_STRENGTH', 'HOLY_IMMUNE_REQS'),
('MODIFIER_HOLY_DAMAGE_STONESKIN_CHECKER_3', 'MODIFIER_UNIT_ADJUST_COMBAT_STRENGTH', 'HOLY_IMMUNE_REQS'),

('MODIFIER_HOLY_DAMAGE_IS_DEMON_MORE_3', 'MODIFIER_UNIT_ADJUST_COMBAT_STRENGTH', 'OPPONENT_UNIT_IS_DEMON'),
-- ('MODIFIER_HOLY_DAMAGE_HAS_SHEUT_MORE_3', 'MODIFIER_UNIT_ADJUST_COMBAT_STRENGTH', ''),
('MODIFIER_HOLY_DAMAGE_IS_UNDEAD_MORE_3', 'MODIFIER_UNIT_ADJUST_COMBAT_STRENGTH', 'OPPONENT_UNIT_IS_UNDEAD'),
('MODIFIER_POISON_DAMAGE_MR_CHECKER_1', 'MODIFIER_UNIT_ADJUST_COMBAT_STRENGTH', 'POISON_IMMUNE_REQS'),
('MODIFIER_POISON_DAMAGE_RACIAL_CHECKER_1', 'MODIFIER_UNIT_ADJUST_COMBAT_STRENGTH', 'UNIT_POISON_RESIST_RACIAL'),
('MODIFIER_POISON_DAMAGE_STONESKIN_CHECKER_1', 'MODIFIER_UNIT_ADJUST_COMBAT_STRENGTH', 'POISON_IMMUNE_REQS'),
('MODIFIER_POISON_DAMAGE_SPECIFIC_RESIST_CHECKER_1', 'MODIFIER_UNIT_ADJUST_COMBAT_STRENGTH', 'POISON_IMMUNE_REQS'),
('MODIFIER_DEATH_DAMAGE_MR_CHECKER_11', 'MODIFIER_UNIT_ADJUST_COMBAT_STRENGTH', 'DEATH_IMMUNE_REQS'),
('MODIFIER_DEATH_DAMAGE_RACIAL_CHECKER_11', 'MODIFIER_UNIT_ADJUST_COMBAT_STRENGTH', 'UNIT_DEATH_RESIST_RACIAL'),
('MODIFIER_DEATH_DAMAGE_STONESKIN_CHECKER_11', 'MODIFIER_UNIT_ADJUST_COMBAT_STRENGTH', 'DEATH_IMMUNE_REQS'),
('MODIFIER_DEATH_DAMAGE_SHEUT_CHECKER_11', 'MODIFIER_UNIT_ADJUST_COMBAT_STRENGTH', 'DEATH_IMMUNE_REQS'),
('MODIFIER_DEATH_DAMAGE_MAGIC_IMMUNE_PROMO_CHECKER_11', 'MODIFIER_UNIT_ADJUST_COMBAT_STRENGTH', 'DEATH_IMMUNE_REQS'),
('MODIFIER_UNHOLY_DAMAGE_UNHOLY_TAINT_CHECKER_5', 'MODIFIER_UNIT_ADJUST_COMBAT_STRENGTH', 'UNHOLY_IMMUNE_REQS'),
('MODIFIER_UNHOLY_DAMAGE_RACIAL_CHECKER_5', 'MODIFIER_UNIT_ADJUST_COMBAT_STRENGTH', 'UNIT_UNHOLY_RESIST_RACIAL'),
('MODIFIER_UNHOLY_DAMAGE_STONESKIN_CHECKER_5', 'MODIFIER_UNIT_ADJUST_COMBAT_STRENGTH', 'UNHOLY_IMMUNE_REQS'),
('MODIFIER_UNHOLY_DAMAGE_SUNDERED_CHECKER_5', 'MODIFIER_UNIT_ADJUST_COMBAT_STRENGTH', 'UNHOLY_IMMUNE_REQS'),
('MODIFIER_COLD_DAMAGE_MR_CHECKER_30', 'MODIFIER_UNIT_ADJUST_COMBAT_STRENGTH', 'FROST_IMMUNE_REQS'),
('MODIFIER_COLD_DAMAGE_RACIAL_CHECKER_30', 'MODIFIER_UNIT_ADJUST_COMBAT_STRENGTH', 'UNIT_FROST_RESIST_RACIAL'),
('MODIFIER_COLD_DAMAGE_STONESKIN_CHECKER_30', 'MODIFIER_UNIT_ADJUST_COMBAT_STRENGTH', 'FROST_IMMUNE_REQS'),
('MODIFIER_COLD_DAMAGE_SPECIFIC_RESIST_CHECKER_30', 'MODIFIER_UNIT_ADJUST_COMBAT_STRENGTH', 'FROST_IMMUNE_REQS'),

-- ('MODIFIER_COLD_DAMAGE_IS_ELF_CHECKER_MORE_30', 'MODIFIER_UNIT_ADJUST_COMBAT_STRENGTH', ''),
('MODIFIER_FIRE_DAMAGE_MR_CHECKER_1', 'MODIFIER_UNIT_ADJUST_COMBAT_STRENGTH', NULL),
('MODIFIER_FIRE_DAMAGE_RACIAL_CHECKER_1', 'MODIFIER_UNIT_ADJUST_COMBAT_STRENGTH', 'UNIT_FIRE_RESIST_RACIAL'),
('MODIFIER_FIRE_DAMAGE_STONESKIN_CHECKER_1', 'MODIFIER_UNIT_ADJUST_COMBAT_STRENGTH', NULL),
('MODIFIER_FIRE_DAMAGE_SPECIFIC_RESIST_CHECKER_1', 'MODIFIER_UNIT_ADJUST_COMBAT_STRENGTH', NULL),

-- ('MODIFIER_FIRE_DAMAGE_IS_WINTERBORN_CHECKER_MORE_1', 'MODIFIER_UNIT_ADJUST_COMBAT_STRENGTH', ''),
('MODIFIER_FIRE_DAMAGE_IS_FROSTLING_CHECKER_MORE_1', 'MODIFIER_UNIT_ADJUST_COMBAT_STRENGTH', 'UNIT_FIRE_WEAK_FROSTLING'),
-- ('MODIFIER_FIRE_DAMAGE_VULNERABLE_TO_FIRE_CHECKER_MORE_1', 'MODIFIER_UNIT_ADJUST_COMBAT_STRENGTH', ''),
('MODIFIER_FIRE_DAMAGE_MR_CHECKER_3', 'MODIFIER_UNIT_ADJUST_COMBAT_STRENGTH', NULL),
('MODIFIER_FIRE_DAMAGE_RACIAL_CHECKER_3', 'MODIFIER_UNIT_ADJUST_COMBAT_STRENGTH', 'UNIT_FIRE_RESIST_RACIAL'),
('MODIFIER_FIRE_DAMAGE_STONESKIN_CHECKER_3', 'MODIFIER_UNIT_ADJUST_COMBAT_STRENGTH', NULL),
('MODIFIER_FIRE_DAMAGE_SPECIFIC_RESIST_CHECKER_3', 'MODIFIER_UNIT_ADJUST_COMBAT_STRENGTH', NULL),

-- ('MODIFIER_FIRE_DAMAGE_IS_WINTERBORN_CHECKER_MORE_3', 'MODIFIER_UNIT_ADJUST_COMBAT_STRENGTH', ''),
('MODIFIER_FIRE_DAMAGE_IS_FROSTLING_CHECKER_MORE_3', 'MODIFIER_UNIT_ADJUST_COMBAT_STRENGTH', 'UNIT_FIRE_WEAK_FROSTLING'),
-- ('MODIFIER_FIRE_DAMAGE_VULNERABLE_TO_FIRE_CHECKER_MORE_3', 'MODIFIER_UNIT_ADJUST_COMBAT_STRENGTH', ''),
('MODIFIER_HOLY_DAMAGE_4', 'MODIFIER_UNIT_ADJUST_COMBAT_STRENGTH', 'HOLY_IMMUNE_REQS'),
('MODIFIER_HOLY_DAMAGE_STONESKIN_CHECKER_4', 'MODIFIER_UNIT_ADJUST_COMBAT_STRENGTH', 'HOLY_IMMUNE_REQS'),

('MODIFIER_HOLY_DAMAGE_IS_DEMON_MORE_4', 'MODIFIER_UNIT_ADJUST_COMBAT_STRENGTH', 'OPPONENT_UNIT_IS_DEMON'),
-- ('MODIFIER_HOLY_DAMAGE_HAS_SHEUT_MORE_4', 'MODIFIER_UNIT_ADJUST_COMBAT_STRENGTH', ''),
('MODIFIER_HOLY_DAMAGE_IS_UNDEAD_MORE_4', 'MODIFIER_UNIT_ADJUST_COMBAT_STRENGTH', 'OPPONENT_UNIT_IS_UNDEAD'),
('MODIFIER_UNHOLY_DAMAGE_UNHOLY_TAINT_CHECKER_4', 'MODIFIER_UNIT_ADJUST_COMBAT_STRENGTH', 'UNHOLY_IMMUNE_REQS'),
('MODIFIER_UNHOLY_DAMAGE_RACIAL_CHECKER_4', 'MODIFIER_UNIT_ADJUST_COMBAT_STRENGTH', 'UNIT_UNHOLY_RESIST_RACIAL'),
('MODIFIER_UNHOLY_DAMAGE_STONESKIN_CHECKER_4', 'MODIFIER_UNIT_ADJUST_COMBAT_STRENGTH', 'UNHOLY_IMMUNE_REQS'),
('MODIFIER_UNHOLY_DAMAGE_SUNDERED_CHECKER_4', 'MODIFIER_UNIT_ADJUST_COMBAT_STRENGTH', 'UNHOLY_IMMUNE_REQS'),
('MODIFIER_UNHOLY_DAMAGE_UNHOLY_TAINT_CHECKER_2', 'MODIFIER_UNIT_ADJUST_COMBAT_STRENGTH', 'UNHOLY_IMMUNE_REQS'),
('MODIFIER_UNHOLY_DAMAGE_RACIAL_CHECKER_2', 'MODIFIER_UNIT_ADJUST_COMBAT_STRENGTH', 'UNIT_UNHOLY_RESIST_RACIAL'),
('MODIFIER_UNHOLY_DAMAGE_STONESKIN_CHECKER_2', 'MODIFIER_UNIT_ADJUST_COMBAT_STRENGTH', 'UNHOLY_IMMUNE_REQS'),
('MODIFIER_UNHOLY_DAMAGE_SUNDERED_CHECKER_2', 'MODIFIER_UNIT_ADJUST_COMBAT_STRENGTH', 'UNHOLY_IMMUNE_REQS'),
('MODIFIER_DEATH_DAMAGE_MR_CHECKER_2', 'MODIFIER_UNIT_ADJUST_COMBAT_STRENGTH', 'DEATH_IMMUNE_REQS'),
('MODIFIER_DEATH_DAMAGE_RACIAL_CHECKER_2', 'MODIFIER_UNIT_ADJUST_COMBAT_STRENGTH', 'UNIT_DEATH_RESIST_RACIAL'),
('MODIFIER_DEATH_DAMAGE_STONESKIN_CHECKER_2', 'MODIFIER_UNIT_ADJUST_COMBAT_STRENGTH', 'DEATH_IMMUNE_REQS'),
('MODIFIER_DEATH_DAMAGE_SHEUT_CHECKER_2', 'MODIFIER_UNIT_ADJUST_COMBAT_STRENGTH', 'DEATH_IMMUNE_REQS'),
('MODIFIER_DEATH_DAMAGE_MAGIC_IMMUNE_PROMO_CHECKER_2', 'MODIFIER_UNIT_ADJUST_COMBAT_STRENGTH', 'DEATH_IMMUNE_REQS'),
('MODIFIER_COLD_DAMAGE_MR_CHECKER_7', 'MODIFIER_UNIT_ADJUST_COMBAT_STRENGTH', 'FROST_IMMUNE_REQS'),
('MODIFIER_COLD_DAMAGE_RACIAL_CHECKER_7', 'MODIFIER_UNIT_ADJUST_COMBAT_STRENGTH', 'UNIT_FROST_RESIST_RACIAL'),
('MODIFIER_COLD_DAMAGE_STONESKIN_CHECKER_7', 'MODIFIER_UNIT_ADJUST_COMBAT_STRENGTH', 'FROST_IMMUNE_REQS'),
('MODIFIER_COLD_DAMAGE_SPECIFIC_RESIST_CHECKER_7', 'MODIFIER_UNIT_ADJUST_COMBAT_STRENGTH', 'FROST_IMMUNE_REQS'),

-- ('MODIFIER_COLD_DAMAGE_IS_ELF_CHECKER_MORE_7', 'MODIFIER_UNIT_ADJUST_COMBAT_STRENGTH', ''),
('MODIFIER_HOLY_DAMAGE_2', 'MODIFIER_UNIT_ADJUST_COMBAT_STRENGTH', 'HOLY_IMMUNE_REQS'),
('MODIFIER_HOLY_DAMAGE_STONESKIN_CHECKER_2', 'MODIFIER_UNIT_ADJUST_COMBAT_STRENGTH', 'HOLY_IMMUNE_REQS'),

('MODIFIER_HOLY_DAMAGE_IS_DEMON_MORE_2', 'MODIFIER_UNIT_ADJUST_COMBAT_STRENGTH', 'OPPONENT_UNIT_IS_DEMON'),
-- ('MODIFIER_HOLY_DAMAGE_HAS_SHEUT_MORE_2', 'MODIFIER_UNIT_ADJUST_COMBAT_STRENGTH', ''),
('MODIFIER_HOLY_DAMAGE_IS_UNDEAD_MORE_2', 'MODIFIER_UNIT_ADJUST_COMBAT_STRENGTH', 'OPPONENT_UNIT_IS_UNDEAD'),
('MODIFIER_FIRE_DAMAGE_MR_CHECKER_4', 'MODIFIER_UNIT_ADJUST_COMBAT_STRENGTH', NULL),
('MODIFIER_FIRE_DAMAGE_RACIAL_CHECKER_4', 'MODIFIER_UNIT_ADJUST_COMBAT_STRENGTH', 'UNIT_FIRE_RESIST_RACIAL'),
('MODIFIER_FIRE_DAMAGE_STONESKIN_CHECKER_4', 'MODIFIER_UNIT_ADJUST_COMBAT_STRENGTH', NULL),
('MODIFIER_FIRE_DAMAGE_SPECIFIC_RESIST_CHECKER_4', 'MODIFIER_UNIT_ADJUST_COMBAT_STRENGTH', NULL),

-- ('MODIFIER_FIRE_DAMAGE_IS_WINTERBORN_CHECKER_MORE_4', 'MODIFIER_UNIT_ADJUST_COMBAT_STRENGTH', ''),
('MODIFIER_FIRE_DAMAGE_IS_FROSTLING_CHECKER_MORE_4', 'MODIFIER_UNIT_ADJUST_COMBAT_STRENGTH', 'UNIT_FIRE_WEAK_FROSTLING'),
-- ('MODIFIER_FIRE_DAMAGE_VULNERABLE_TO_FIRE_CHECKER_MORE_4', 'MODIFIER_UNIT_ADJUST_COMBAT_STRENGTH', ''),
('MODIFIER_COLD_DAMAGE_MR_CHECKER_3', 'MODIFIER_UNIT_ADJUST_COMBAT_STRENGTH', 'FROST_IMMUNE_REQS'),
('MODIFIER_COLD_DAMAGE_RACIAL_CHECKER_3', 'MODIFIER_UNIT_ADJUST_COMBAT_STRENGTH', 'UNIT_FROST_RESIST_RACIAL'),
('MODIFIER_COLD_DAMAGE_STONESKIN_CHECKER_3', 'MODIFIER_UNIT_ADJUST_COMBAT_STRENGTH', 'FROST_IMMUNE_REQS'),
('MODIFIER_COLD_DAMAGE_SPECIFIC_RESIST_CHECKER_3', 'MODIFIER_UNIT_ADJUST_COMBAT_STRENGTH', 'FROST_IMMUNE_REQS'),

-- ('MODIFIER_COLD_DAMAGE_IS_ELF_CHECKER_MORE_3', 'MODIFIER_UNIT_ADJUST_COMBAT_STRENGTH', ''),
('MODIFIER_COLD_DAMAGE_MR_CHECKER_2', 'MODIFIER_UNIT_ADJUST_COMBAT_STRENGTH', 'FROST_IMMUNE_REQS'),
('MODIFIER_COLD_DAMAGE_RACIAL_CHECKER_2', 'MODIFIER_UNIT_ADJUST_COMBAT_STRENGTH', 'UNIT_FROST_RESIST_RACIAL'),
('MODIFIER_COLD_DAMAGE_STONESKIN_CHECKER_2', 'MODIFIER_UNIT_ADJUST_COMBAT_STRENGTH', 'FROST_IMMUNE_REQS'),
('MODIFIER_COLD_DAMAGE_SPECIFIC_RESIST_CHECKER_2', 'MODIFIER_UNIT_ADJUST_COMBAT_STRENGTH', 'FROST_IMMUNE_REQS'),

-- ('MODIFIER_COLD_DAMAGE_IS_ELF_CHECKER_MORE_2', 'MODIFIER_UNIT_ADJUST_COMBAT_STRENGTH', ''),
('MODIFIER_LIGHTNING_DAMAGE_MR_CHECKER_3', 'MODIFIER_UNIT_ADJUST_COMBAT_STRENGTH', NULL),
('MODIFIER_LIGHTNING_DAMAGE_STONESKIN_CHECKER_3', 'MODIFIER_UNIT_ADJUST_COMBAT_STRENGTH', NULL),
('MODIFIER_LIGHTNING_DAMAGE_SPECIFIC_RESIST_CHECKER_3', 'MODIFIER_UNIT_ADJUST_COMBAT_STRENGTH', NULL),
-- ('MODIFIER_LIGHTNING_DAMAGE_WEAPONS_BRONZE_IRON_CHECKER_MORE', 'MODIFIER_UNIT_ADJUST_COMBAT_STRENGTH', ''),
('MODIFIER_FIRE_DAMAGE_MR_CHECKER_6', 'MODIFIER_UNIT_ADJUST_COMBAT_STRENGTH', NULL),
('MODIFIER_FIRE_DAMAGE_RACIAL_CHECKER_6', 'MODIFIER_UNIT_ADJUST_COMBAT_STRENGTH', 'UNIT_FIRE_RESIST_RACIAL'),
('MODIFIER_FIRE_DAMAGE_STONESKIN_CHECKER_6', 'MODIFIER_UNIT_ADJUST_COMBAT_STRENGTH', NULL),
('MODIFIER_FIRE_DAMAGE_SPECIFIC_RESIST_CHECKER_6', 'MODIFIER_UNIT_ADJUST_COMBAT_STRENGTH', NULL),
-- ('MODIFIER_FIRE_DAMAGE_IS_WINTERBORN_CHECKER_MORE_6', 'MODIFIER_UNIT_ADJUST_COMBAT_STRENGTH', ''),
('MODIFIER_FIRE_DAMAGE_IS_FROSTLING_CHECKER_MORE_6', 'MODIFIER_UNIT_ADJUST_COMBAT_STRENGTH', 'UNIT_FIRE_WEAK_FROSTLING'),
-- ('MODIFIER_FIRE_DAMAGE_VULNERABLE_TO_FIRE_CHECKER_MORE_6', 'MODIFIER_UNIT_ADJUST_COMBAT_STRENGTH', ''),
('MODIFIER_UNHOLY_DAMAGE_UNHOLY_TAINT_CHECKER_6', 'MODIFIER_UNIT_ADJUST_COMBAT_STRENGTH', 'UNHOLY_IMMUNE_REQS'),
('MODIFIER_UNHOLY_DAMAGE_RACIAL_CHECKER_6', 'MODIFIER_UNIT_ADJUST_COMBAT_STRENGTH', 'UNIT_UNHOLY_RESIST_RACIAL'),
('MODIFIER_UNHOLY_DAMAGE_STONESKIN_CHECKER_6', 'MODIFIER_UNIT_ADJUST_COMBAT_STRENGTH', 'UNHOLY_IMMUNE_REQS'),
('MODIFIER_UNHOLY_DAMAGE_SUNDERED_CHECKER_6', 'MODIFIER_UNIT_ADJUST_COMBAT_STRENGTH', 'UNHOLY_IMMUNE_REQS'),
('MODIFIER_COLD_DAMAGE_MR_CHECKER_1', 'MODIFIER_UNIT_ADJUST_COMBAT_STRENGTH', 'FROST_IMMUNE_REQS'),
('MODIFIER_COLD_DAMAGE_RACIAL_CHECKER_1', 'MODIFIER_UNIT_ADJUST_COMBAT_STRENGTH', 'UNIT_FROST_RESIST_RACIAL'),
('MODIFIER_COLD_DAMAGE_STONESKIN_CHECKER_1', 'MODIFIER_UNIT_ADJUST_COMBAT_STRENGTH', 'FROST_IMMUNE_REQS'),
('MODIFIER_COLD_DAMAGE_SPECIFIC_RESIST_CHECKER_1', 'MODIFIER_UNIT_ADJUST_COMBAT_STRENGTH', 'FROST_IMMUNE_REQS'),

-- ('MODIFIER_COLD_DAMAGE_IS_ELF_CHECKER_MORE_1', 'MODIFIER_UNIT_ADJUST_COMBAT_STRENGTH', ''),
('MODIFIER_DEATH_DAMAGE_MR_CHECKER_1', 'MODIFIER_UNIT_ADJUST_COMBAT_STRENGTH', 'DEATH_IMMUNE_REQS'),
('MODIFIER_DEATH_DAMAGE_RACIAL_CHECKER_1', 'MODIFIER_UNIT_ADJUST_COMBAT_STRENGTH', 'UNIT_DEATH_RESIST_RACIAL'),
('MODIFIER_DEATH_DAMAGE_STONESKIN_CHECKER_1', 'MODIFIER_UNIT_ADJUST_COMBAT_STRENGTH', 'DEATH_IMMUNE_REQS'),
('MODIFIER_DEATH_DAMAGE_SHEUT_CHECKER_1', 'MODIFIER_UNIT_ADJUST_COMBAT_STRENGTH', 'DEATH_IMMUNE_REQS'),
('MODIFIER_DEATH_DAMAGE_MAGIC_IMMUNE_PROMO_CHECKER_1', 'MODIFIER_UNIT_ADJUST_COMBAT_STRENGTH', 'DEATH_IMMUNE_REQS'),
('MODIFIER_DEATH_DAMAGE_MR_CHECKER_3', 'MODIFIER_UNIT_ADJUST_COMBAT_STRENGTH', 'DEATH_IMMUNE_REQS'),
('MODIFIER_DEATH_DAMAGE_RACIAL_CHECKER_3', 'MODIFIER_UNIT_ADJUST_COMBAT_STRENGTH', 'UNIT_DEATH_RESIST_RACIAL'),
('MODIFIER_DEATH_DAMAGE_STONESKIN_CHECKER_3', 'MODIFIER_UNIT_ADJUST_COMBAT_STRENGTH', 'DEATH_IMMUNE_REQS'),
('MODIFIER_DEATH_DAMAGE_SHEUT_CHECKER_3', 'MODIFIER_UNIT_ADJUST_COMBAT_STRENGTH', 'DEATH_IMMUNE_REQS'),
('MODIFIER_DEATH_DAMAGE_MAGIC_IMMUNE_PROMO_CHECKER_3', 'MODIFIER_UNIT_ADJUST_COMBAT_STRENGTH', 'DEATH_IMMUNE_REQS'),
('MODIFIER_POISON_DAMAGE_MR_CHECKER_7', 'MODIFIER_UNIT_ADJUST_COMBAT_STRENGTH', 'POISON_IMMUNE_REQS'),
('MODIFIER_POISON_DAMAGE_RACIAL_CHECKER_7', 'MODIFIER_UNIT_ADJUST_COMBAT_STRENGTH', 'UNIT_POISON_RESIST_RACIAL'),
('MODIFIER_POISON_DAMAGE_STONESKIN_CHECKER_7', 'MODIFIER_UNIT_ADJUST_COMBAT_STRENGTH', 'POISON_IMMUNE_REQS'),
('MODIFIER_POISON_DAMAGE_SPECIFIC_RESIST_CHECKER_7', 'MODIFIER_UNIT_ADJUST_COMBAT_STRENGTH', 'POISON_IMMUNE_REQS');

INSERT INTO ModifierArguments(ModifierId, Name, Type, Value) VALUES
('MODIFIER_UNHOLY_DAMAGE_UNHOLY_TAINT_CHECKER_1', 'Amount', 'ARGTYPE_IDENTITY', '1'),
('MODIFIER_UNHOLY_DAMAGE_RACIAL_CHECKER_1', 'Amount', 'ARGTYPE_IDENTITY', '2'),
('MODIFIER_UNHOLY_DAMAGE_STONESKIN_CHECKER_1', 'Amount', 'ARGTYPE_IDENTITY', '2'),
('MODIFIER_UNHOLY_DAMAGE_SUNDERED_CHECKER_1', 'Amount', 'ARGTYPE_IDENTITY', '1'),
('MODIFIER_LIGHTNING_DAMAGE_MR_CHECKER_2', 'Amount', 'ARGTYPE_IDENTITY', '2'),
('MODIFIER_LIGHTNING_DAMAGE_STONESKIN_CHECKER_2', 'Amount', 'ARGTYPE_IDENTITY', '4'),
('MODIFIER_LIGHTNING_DAMAGE_SPECIFIC_RESIST_CHECKER_2', 'Amount', 'ARGTYPE_IDENTITY', '4'),
-- ('MODIFIER_LIGHTNING_DAMAGE_WEAPONS_BRONZE_IRON_CHECKER_MORE_2', 'Amount', 'ARGTYPE_IDENTITY', '4'),
('MODIFIER_POISON_DAMAGE_MR_CHECKER_2', 'Amount', 'ARGTYPE_IDENTITY', '2'),
('MODIFIER_POISON_DAMAGE_RACIAL_CHECKER_2', 'Amount', 'ARGTYPE_IDENTITY', '2'),
('MODIFIER_POISON_DAMAGE_STONESKIN_CHECKER_2', 'Amount', 'ARGTYPE_IDENTITY', '4'),
('MODIFIER_POISON_DAMAGE_SPECIFIC_RESIST_CHECKER_2', 'Amount', 'ARGTYPE_IDENTITY', '4'),
('MODIFIER_HOLY_DAMAGE_1', 'Amount', 'ARGTYPE_IDENTITY', '2'),
('MODIFIER_HOLY_DAMAGE_STONESKIN_CHECKER_1', 'Amount', 'ARGTYPE_IDENTITY', '3'),
('MODIFIER_HOLY_DAMAGE_IS_DEMON_MORE_1', 'Amount', 'ARGTYPE_IDENTITY', '1'),
-- ('MODIFIER_HOLY_DAMAGE_HAS_SHEUT_MORE_1', 'Amount', 'ARGTYPE_IDENTITY', '1'),
('MODIFIER_HOLY_DAMAGE_IS_UNDEAD_MORE_1', 'Amount', 'ARGTYPE_IDENTITY', '2'),
('MODIFIER_HOLY_DAMAGE_3', 'Amount', 'ARGTYPE_IDENTITY', '6'),
('MODIFIER_HOLY_DAMAGE_STONESKIN_CHECKER_3', 'Amount', 'ARGTYPE_IDENTITY', '9'),
('MODIFIER_HOLY_DAMAGE_IS_DEMON_MORE_3', 'Amount', 'ARGTYPE_IDENTITY', '3'),
-- ('MODIFIER_HOLY_DAMAGE_HAS_SHEUT_MORE_3', 'Amount', 'ARGTYPE_IDENTITY', '3'),
('MODIFIER_HOLY_DAMAGE_IS_UNDEAD_MORE_3', 'Amount', 'ARGTYPE_IDENTITY', '6'),
('MODIFIER_POISON_DAMAGE_MR_CHECKER_1', 'Amount', 'ARGTYPE_IDENTITY', '1'),
('MODIFIER_POISON_DAMAGE_RACIAL_CHECKER_1', 'Amount', 'ARGTYPE_IDENTITY', '1'),
('MODIFIER_POISON_DAMAGE_STONESKIN_CHECKER_1', 'Amount', 'ARGTYPE_IDENTITY', '2'),
('MODIFIER_POISON_DAMAGE_SPECIFIC_RESIST_CHECKER_1', 'Amount', 'ARGTYPE_IDENTITY', '2'),
('MODIFIER_DEATH_DAMAGE_MR_CHECKER_11', 'Amount', 'ARGTYPE_IDENTITY', '11'),
('MODIFIER_DEATH_DAMAGE_RACIAL_CHECKER_11', 'Amount', 'ARGTYPE_IDENTITY', '11'),
('MODIFIER_DEATH_DAMAGE_STONESKIN_CHECKER_11', 'Amount', 'ARGTYPE_IDENTITY', '11'),
('MODIFIER_DEATH_DAMAGE_SHEUT_CHECKER_11', 'Amount', 'ARGTYPE_IDENTITY', '11'),
('MODIFIER_DEATH_DAMAGE_MAGIC_IMMUNE_PROMO_CHECKER_11', 'Amount', 'ARGTYPE_IDENTITY', '11'),
('MODIFIER_UNHOLY_DAMAGE_UNHOLY_TAINT_CHECKER_5', 'Amount', 'ARGTYPE_IDENTITY', '5'),
('MODIFIER_UNHOLY_DAMAGE_RACIAL_CHECKER_5', 'Amount', 'ARGTYPE_IDENTITY', '10'),
('MODIFIER_UNHOLY_DAMAGE_STONESKIN_CHECKER_5', 'Amount', 'ARGTYPE_IDENTITY', '10'),
('MODIFIER_UNHOLY_DAMAGE_SUNDERED_CHECKER_5', 'Amount', 'ARGTYPE_IDENTITY', '5'),
('MODIFIER_COLD_DAMAGE_MR_CHECKER_30', 'Amount', 'ARGTYPE_IDENTITY', '30'),
('MODIFIER_COLD_DAMAGE_RACIAL_CHECKER_30', 'Amount', 'ARGTYPE_IDENTITY', '30'),
('MODIFIER_COLD_DAMAGE_STONESKIN_CHECKER_30', 'Amount', 'ARGTYPE_IDENTITY', '60'),
('MODIFIER_COLD_DAMAGE_SPECIFIC_RESIST_CHECKER_30', 'Amount', 'ARGTYPE_IDENTITY', '60'),
-- ('MODIFIER_COLD_DAMAGE_IS_ELF_CHECKER_MORE_30', 'Amount', 'ARGTYPE_IDENTITY', '60'),
('MODIFIER_FIRE_DAMAGE_MR_CHECKER_1', 'Amount', 'ARGTYPE_IDENTITY', '1'),
('MODIFIER_FIRE_DAMAGE_RACIAL_CHECKER_1', 'Amount', 'ARGTYPE_IDENTITY', '1'),
('MODIFIER_FIRE_DAMAGE_STONESKIN_CHECKER_1', 'Amount', 'ARGTYPE_IDENTITY', '2'),
('MODIFIER_FIRE_DAMAGE_SPECIFIC_RESIST_CHECKER_1', 'Amount', 'ARGTYPE_IDENTITY', '2'),
-- ('MODIFIER_FIRE_DAMAGE_IS_WINTERBORN_CHECKER_MORE_1', 'Amount', 'ARGTYPE_IDENTITY', '1'),
('MODIFIER_FIRE_DAMAGE_IS_FROSTLING_CHECKER_MORE_1', 'Amount', 'ARGTYPE_IDENTITY', '2'),
-- ('MODIFIER_FIRE_DAMAGE_VULNERABLE_TO_FIRE_CHECKER_MORE_1', 'Amount', 'ARGTYPE_IDENTITY', '2'),
('MODIFIER_FIRE_DAMAGE_MR_CHECKER_3', 'Amount', 'ARGTYPE_IDENTITY', '3'),
('MODIFIER_FIRE_DAMAGE_RACIAL_CHECKER_3', 'Amount', 'ARGTYPE_IDENTITY', '3'),
('MODIFIER_FIRE_DAMAGE_STONESKIN_CHECKER_3', 'Amount', 'ARGTYPE_IDENTITY', '6'),
('MODIFIER_FIRE_DAMAGE_SPECIFIC_RESIST_CHECKER_3', 'Amount', 'ARGTYPE_IDENTITY', '6'),
-- ('MODIFIER_FIRE_DAMAGE_IS_WINTERBORN_CHECKER_MORE_3', 'Amount', 'ARGTYPE_IDENTITY', '3'),
('MODIFIER_FIRE_DAMAGE_IS_FROSTLING_CHECKER_MORE_3', 'Amount', 'ARGTYPE_IDENTITY', '6'),
-- ('MODIFIER_FIRE_DAMAGE_VULNERABLE_TO_FIRE_CHECKER_MORE_3', 'Amount', 'ARGTYPE_IDENTITY', '6'),('MODIFIER_HOLY_DAMAGE_4', 'Amount', 'ARGTYPE_IDENTITY', '6'),
('MODIFIER_HOLY_DAMAGE_STONESKIN_CHECKER_4', 'Amount', 'ARGTYPE_IDENTITY', '12'),
('MODIFIER_HOLY_DAMAGE_IS_DEMON_MORE_4', 'Amount', 'ARGTYPE_IDENTITY', '4'),
-- ('MODIFIER_HOLY_DAMAGE_HAS_SHEUT_MORE_4', 'Amount', 'ARGTYPE_IDENTITY', '4'),
('MODIFIER_HOLY_DAMAGE_IS_UNDEAD_MORE_4', 'Amount', 'ARGTYPE_IDENTITY', '8'),('MODIFIER_UNHOLY_DAMAGE_UNHOLY_TAINT_CHECKER_4', 'Amount', 'ARGTYPE_IDENTITY', '1'),
('MODIFIER_UNHOLY_DAMAGE_RACIAL_CHECKER_4', 'Amount', 'ARGTYPE_IDENTITY', '8'),
('MODIFIER_UNHOLY_DAMAGE_STONESKIN_CHECKER_4', 'Amount', 'ARGTYPE_IDENTITY', '8'),
('MODIFIER_UNHOLY_DAMAGE_SUNDERED_CHECKER_4', 'Amount', 'ARGTYPE_IDENTITY', '4'),('MODIFIER_UNHOLY_DAMAGE_UNHOLY_TAINT_CHECKER_2', 'Amount', 'ARGTYPE_IDENTITY', '4'),
('MODIFIER_UNHOLY_DAMAGE_RACIAL_CHECKER_2', 'Amount', 'ARGTYPE_IDENTITY', '4'),
('MODIFIER_UNHOLY_DAMAGE_STONESKIN_CHECKER_2', 'Amount', 'ARGTYPE_IDENTITY', '4'),
('MODIFIER_UNHOLY_DAMAGE_SUNDERED_CHECKER_2', 'Amount', 'ARGTYPE_IDENTITY', '2'),('MODIFIER_DEATH_DAMAGE_MR_CHECKER_2', 'Amount', 'ARGTYPE_IDENTITY', '2'),
('MODIFIER_DEATH_DAMAGE_RACIAL_CHECKER_2', 'Amount', 'ARGTYPE_IDENTITY', '2'),
('MODIFIER_DEATH_DAMAGE_STONESKIN_CHECKER_2', 'Amount', 'ARGTYPE_IDENTITY', '2'),
('MODIFIER_DEATH_DAMAGE_SHEUT_CHECKER_2', 'Amount', 'ARGTYPE_IDENTITY', '2'),
('MODIFIER_DEATH_DAMAGE_MAGIC_IMMUNE_PROMO_CHECKER_2', 'Amount', 'ARGTYPE_IDENTITY', '2'),
('MODIFIER_COLD_DAMAGE_MR_CHECKER_7', 'Amount', 'ARGTYPE_IDENTITY', '7'),
('MODIFIER_COLD_DAMAGE_RACIAL_CHECKER_7', 'Amount', 'ARGTYPE_IDENTITY', '7'),
('MODIFIER_COLD_DAMAGE_STONESKIN_CHECKER_7', 'Amount', 'ARGTYPE_IDENTITY', '14'),
('MODIFIER_COLD_DAMAGE_SPECIFIC_RESIST_CHECKER_7', 'Amount', 'ARGTYPE_IDENTITY', '14'),
-- ('MODIFIER_COLD_DAMAGE_IS_ELF_CHECKER_MORE_7', 'Amount', 'ARGTYPE_IDENTITY', '14'),('MODIFIER_HOLY_DAMAGE_2', 'Amount', 'ARGTYPE_IDENTITY', '14'),
('MODIFIER_HOLY_DAMAGE_STONESKIN_CHECKER_2', 'Amount', 'ARGTYPE_IDENTITY', '6'),
('MODIFIER_HOLY_DAMAGE_IS_DEMON_MORE_2', 'Amount', 'ARGTYPE_IDENTITY', '2'),
-- ('MODIFIER_HOLY_DAMAGE_HAS_SHEUT_MORE_2', 'Amount', 'ARGTYPE_IDENTITY', '2'),
('MODIFIER_HOLY_DAMAGE_IS_UNDEAD_MORE_2', 'Amount', 'ARGTYPE_IDENTITY', '4'),
('MODIFIER_FIRE_DAMAGE_MR_CHECKER_4', 'Amount', 'ARGTYPE_IDENTITY', '4'),
('MODIFIER_FIRE_DAMAGE_RACIAL_CHECKER_4', 'Amount', 'ARGTYPE_IDENTITY', '4'),
('MODIFIER_FIRE_DAMAGE_STONESKIN_CHECKER_4', 'Amount', 'ARGTYPE_IDENTITY', '8'),
('MODIFIER_FIRE_DAMAGE_SPECIFIC_RESIST_CHECKER_4', 'Amount', 'ARGTYPE_IDENTITY', '8'),
-- ('MODIFIER_FIRE_DAMAGE_IS_WINTERBORN_CHECKER_MORE_4', 'Amount', 'ARGTYPE_IDENTITY', '4'),
('MODIFIER_FIRE_DAMAGE_IS_FROSTLING_CHECKER_MORE_4', 'Amount', 'ARGTYPE_IDENTITY', '8'),
-- ('MODIFIER_FIRE_DAMAGE_VULNERABLE_TO_FIRE_CHECKER_MORE_4', 'Amount', 'ARGTYPE_IDENTITY', '8'),('MODIFIER_COLD_DAMAGE_MR_CHECKER_3', 'Amount', 'ARGTYPE_IDENTITY', '1'),
('MODIFIER_COLD_DAMAGE_RACIAL_CHECKER_3', 'Amount', 'ARGTYPE_IDENTITY', '3'),
('MODIFIER_COLD_DAMAGE_STONESKIN_CHECKER_3', 'Amount', 'ARGTYPE_IDENTITY', '6'),
('MODIFIER_COLD_DAMAGE_SPECIFIC_RESIST_CHECKER_3', 'Amount', 'ARGTYPE_IDENTITY', '6'),
-- ('MODIFIER_COLD_DAMAGE_IS_ELF_CHECKER_MORE_3', 'Amount', 'ARGTYPE_IDENTITY', '6'),('MODIFIER_COLD_DAMAGE_MR_CHECKER_2', 'Amount', 'ARGTYPE_IDENTITY', '1'),
('MODIFIER_COLD_DAMAGE_RACIAL_CHECKER_2', 'Amount', 'ARGTYPE_IDENTITY', '2'),
('MODIFIER_COLD_DAMAGE_STONESKIN_CHECKER_2', 'Amount', 'ARGTYPE_IDENTITY', '4'),
('MODIFIER_COLD_DAMAGE_SPECIFIC_RESIST_CHECKER_2', 'Amount', 'ARGTYPE_IDENTITY', '4'),
-- ('MODIFIER_COLD_DAMAGE_IS_ELF_CHECKER_MORE_2', 'Amount', 'ARGTYPE_IDENTITY', '4'),('MODIFIER_LIGHTNING_DAMAGE_MR_CHECKER_3', 'Amount', 'ARGTYPE_IDENTITY', '1'),
('MODIFIER_LIGHTNING_DAMAGE_STONESKIN_CHECKER_3', 'Amount', 'ARGTYPE_IDENTITY', '6'),
('MODIFIER_LIGHTNING_DAMAGE_SPECIFIC_RESIST_CHECKER_3', 'Amount', 'ARGTYPE_IDENTITY', '6'),
-- ('MODIFIER_LIGHTNING_DAMAGE_WEAPONS_BRONZE_IRON_CHECKER_MORE_3', 'Amount', 'ARGTYPE_IDENTITY', '6'),
('MODIFIER_FIRE_DAMAGE_MR_CHECKER_6', 'Amount', 'ARGTYPE_IDENTITY', '6'),
('MODIFIER_FIRE_DAMAGE_RACIAL_CHECKER_6', 'Amount', 'ARGTYPE_IDENTITY', '6'),
('MODIFIER_FIRE_DAMAGE_STONESKIN_CHECKER_6', 'Amount', 'ARGTYPE_IDENTITY', '12'),
('MODIFIER_FIRE_DAMAGE_SPECIFIC_RESIST_CHECKER_6', 'Amount', 'ARGTYPE_IDENTITY', '12'),
-- ('MODIFIER_FIRE_DAMAGE_IS_WINTERBORN_CHECKER_MORE_6', 'Amount', 'ARGTYPE_IDENTITY', '6'),
('MODIFIER_FIRE_DAMAGE_IS_FROSTLING_CHECKER_MORE_6', 'Amount', 'ARGTYPE_IDENTITY', '12'),
-- ('MODIFIER_FIRE_DAMAGE_VULNERABLE_TO_FIRE_CHECKER_MORE_6', 'Amount', 'ARGTYPE_IDENTITY', '12'),('MODIFIER_UNHOLY_DAMAGE_UNHOLY_TAINT_CHECKER_6', 'Amount', 'ARGTYPE_IDENTITY', '1'),
('MODIFIER_UNHOLY_DAMAGE_RACIAL_CHECKER_6', 'Amount', 'ARGTYPE_IDENTITY', '12'),
('MODIFIER_UNHOLY_DAMAGE_STONESKIN_CHECKER_6', 'Amount', 'ARGTYPE_IDENTITY', '12'),
('MODIFIER_UNHOLY_DAMAGE_SUNDERED_CHECKER_6', 'Amount', 'ARGTYPE_IDENTITY', '6'),('MODIFIER_COLD_DAMAGE_MR_CHECKER_1', 'Amount', 'ARGTYPE_IDENTITY', '6'),
('MODIFIER_COLD_DAMAGE_RACIAL_CHECKER_1', 'Amount', 'ARGTYPE_IDENTITY', '1'),
('MODIFIER_COLD_DAMAGE_STONESKIN_CHECKER_1', 'Amount', 'ARGTYPE_IDENTITY', '2'),
('MODIFIER_COLD_DAMAGE_SPECIFIC_RESIST_CHECKER_1', 'Amount', 'ARGTYPE_IDENTITY', '2'),
-- ('MODIFIER_COLD_DAMAGE_IS_ELF_CHECKER_MORE_1', 'Amount', 'ARGTYPE_IDENTITY', '2'),
('MODIFIER_DEATH_DAMAGE_MR_CHECKER_1', 'Amount', 'ARGTYPE_IDENTITY', '1'),
('MODIFIER_DEATH_DAMAGE_RACIAL_CHECKER_1', 'Amount', 'ARGTYPE_IDENTITY', '1'),
('MODIFIER_DEATH_DAMAGE_STONESKIN_CHECKER_1', 'Amount', 'ARGTYPE_IDENTITY', '1'),
('MODIFIER_DEATH_DAMAGE_SHEUT_CHECKER_1', 'Amount', 'ARGTYPE_IDENTITY', '1'),
('MODIFIER_DEATH_DAMAGE_MAGIC_IMMUNE_PROMO_CHECKER_1', 'Amount', 'ARGTYPE_IDENTITY', '1'),
('MODIFIER_DEATH_DAMAGE_MR_CHECKER_3', 'Amount', 'ARGTYPE_IDENTITY', '3'),
('MODIFIER_DEATH_DAMAGE_RACIAL_CHECKER_3', 'Amount', 'ARGTYPE_IDENTITY', '3'),
('MODIFIER_DEATH_DAMAGE_STONESKIN_CHECKER_3', 'Amount', 'ARGTYPE_IDENTITY', '3'),
('MODIFIER_DEATH_DAMAGE_SHEUT_CHECKER_3', 'Amount', 'ARGTYPE_IDENTITY', '3'),
('MODIFIER_DEATH_DAMAGE_MAGIC_IMMUNE_PROMO_CHECKER_3', 'Amount', 'ARGTYPE_IDENTITY', '3'),
('MODIFIER_POISON_DAMAGE_MR_CHECKER_7', 'Amount', 'ARGTYPE_IDENTITY', '7'),
('MODIFIER_POISON_DAMAGE_RACIAL_CHECKER_7', 'Amount', 'ARGTYPE_IDENTITY', '7'),
('MODIFIER_POISON_DAMAGE_STONESKIN_CHECKER_7', 'Amount', 'ARGTYPE_IDENTITY', '14'),
('MODIFIER_POISON_DAMAGE_SPECIFIC_RESIST_CHECKER_7', 'Amount', 'ARGTYPE_IDENTITY', '14');


INSERT INTO UnitAbilityModifiers(UnitAbilityType, ModifierId) VALUES
('UNHOLY_ELEMENT_1', 'MODIFIER_UNHOLY_DAMAGE_UNHOLY_TAINT_CHECKER_1'),
('UNHOLY_ELEMENT_1', 'MODIFIER_UNHOLY_DAMAGE_RACIAL_CHECKER_1'),
('UNHOLY_ELEMENT_1', 'MODIFIER_UNHOLY_DAMAGE_STONESKIN_CHECKER_1'),
('UNHOLY_ELEMENT_1', 'MODIFIER_UNHOLY_DAMAGE_SUNDERED_CHECKER_1'),
('LIGHTNING_ELEMENT_2', 'MODIFIER_LIGHTNING_DAMAGE_MR_CHECKER_2'),
('LIGHTNING_ELEMENT_2', 'MODIFIER_LIGHTNING_DAMAGE_STONESKIN_CHECKER_2'),
('LIGHTNING_ELEMENT_2', 'MODIFIER_LIGHTNING_DAMAGE_SPECIFIC_RESIST_CHECKER_2'),
-- ('LIGHTNING_ELEMENT_2', 'MODIFIER_LIGHTNING_DAMAGE_WEAPONS_BRONZE_IRON_CHECKER_MORE_2'),
('POISON_ELEMENT_2', 'MODIFIER_POISON_DAMAGE_MR_CHECKER_2'),
('POISON_ELEMENT_2', 'MODIFIER_POISON_DAMAGE_RACIAL_CHECKER_2'),
('POISON_ELEMENT_2', 'MODIFIER_POISON_DAMAGE_STONESKIN_CHECKER_2'),
('POISON_ELEMENT_2', 'MODIFIER_POISON_DAMAGE_SPECIFIC_RESIST_CHECKER_2'),
('HOLY_ELEMENT_1', 'MODIFIER_HOLY_DAMAGE_1'),
('HOLY_ELEMENT_1', 'MODIFIER_HOLY_DAMAGE_STONESKIN_CHECKER_1'),
('HOLY_ELEMENT_1', 'MODIFIER_HOLY_DAMAGE_IS_DEMON_MORE_1'),
-- ('HOLY_ELEMENT_1', 'MODIFIER_HOLY_DAMAGE_HAS_SHEUT_MORE_1'),
('HOLY_ELEMENT_1', 'MODIFIER_HOLY_DAMAGE_IS_UNDEAD_MORE_1'),
('HOLY_ELEMENT_3', 'MODIFIER_HOLY_DAMAGE_3'),
('HOLY_ELEMENT_3', 'MODIFIER_HOLY_DAMAGE_STONESKIN_CHECKER_3'),
('HOLY_ELEMENT_3', 'MODIFIER_HOLY_DAMAGE_IS_DEMON_MORE_3'),
-- ('HOLY_ELEMENT_3', 'MODIFIER_HOLY_DAMAGE_HAS_SHEUT_MORE_3'),
('HOLY_ELEMENT_3', 'MODIFIER_HOLY_DAMAGE_IS_UNDEAD_MORE_3'),
('POISON_ELEMENT_1', 'MODIFIER_POISON_DAMAGE_MR_CHECKER_1'),
('POISON_ELEMENT_1', 'MODIFIER_POISON_DAMAGE_RACIAL_CHECKER_1'),
('POISON_ELEMENT_1', 'MODIFIER_POISON_DAMAGE_STONESKIN_CHECKER_1'),
('POISON_ELEMENT_1', 'MODIFIER_POISON_DAMAGE_SPECIFIC_RESIST_CHECKER_1'),
('DEATH_ELEMENT_11', 'MODIFIER_DEATH_DAMAGE_MR_CHECKER_11'),
('DEATH_ELEMENT_11', 'MODIFIER_DEATH_DAMAGE_RACIAL_CHECKER_11'),
('DEATH_ELEMENT_11', 'MODIFIER_DEATH_DAMAGE_STONESKIN_CHECKER_11'),
('DEATH_ELEMENT_11', 'MODIFIER_DEATH_DAMAGE_SHEUT_CHECKER_11'),
('DEATH_ELEMENT_11', 'MODIFIER_DEATH_DAMAGE_MAGIC_IMMUNE_PROMO_CHECKER_11'),
('UNHOLY_ELEMENT_5', 'MODIFIER_UNHOLY_DAMAGE_UNHOLY_TAINT_CHECKER_5'),
('UNHOLY_ELEMENT_5', 'MODIFIER_UNHOLY_DAMAGE_RACIAL_CHECKER_5'),
('UNHOLY_ELEMENT_5', 'MODIFIER_UNHOLY_DAMAGE_STONESKIN_CHECKER_5'),
('UNHOLY_ELEMENT_5', 'MODIFIER_UNHOLY_DAMAGE_SUNDERED_CHECKER_5'),
('COLD_ELEMENT_30', 'MODIFIER_COLD_DAMAGE_MR_CHECKER_30'),
('COLD_ELEMENT_30', 'MODIFIER_COLD_DAMAGE_RACIAL_CHECKER_30'),
('COLD_ELEMENT_30', 'MODIFIER_COLD_DAMAGE_STONESKIN_CHECKER_30'),
('COLD_ELEMENT_30', 'MODIFIER_COLD_DAMAGE_SPECIFIC_RESIST_CHECKER_30'),
-- ('COLD_ELEMENT_30', 'MODIFIER_COLD_DAMAGE_IS_ELF_CHECKER_MORE_30'),
('FIRE_ELEMENT_1', 'MODIFIER_FIRE_DAMAGE_MR_CHECKER_1'),
('FIRE_ELEMENT_1', 'MODIFIER_FIRE_DAMAGE_RACIAL_CHECKER_1'),
('FIRE_ELEMENT_1', 'MODIFIER_FIRE_DAMAGE_STONESKIN_CHECKER_1'),
('FIRE_ELEMENT_1', 'MODIFIER_FIRE_DAMAGE_SPECIFIC_RESIST_CHECKER_1'),
--( 'FIRE_ELEMENT_1', 'MODIFIER_FIRE_DAMAGE_IS_WINTERBORN_CHECKER_MORE_1'),
('FIRE_ELEMENT_1', 'MODIFIER_FIRE_DAMAGE_IS_FROSTLING_CHECKER_MORE_1'),
-- ( 'FIRE_ELEMENT_1', 'MODIFIER_FIRE_DAMAGE_VULNERABLE_TO_FIRE_CHECKER_MORE_1'),
('FIRE_ELEMENT_3', 'MODIFIER_FIRE_DAMAGE_MR_CHECKER_3'),
('FIRE_ELEMENT_3', 'MODIFIER_FIRE_DAMAGE_RACIAL_CHECKER_3'),
('FIRE_ELEMENT_3', 'MODIFIER_FIRE_DAMAGE_STONESKIN_CHECKER_3'),
('FIRE_ELEMENT_3', 'MODIFIER_FIRE_DAMAGE_SPECIFIC_RESIST_CHECKER_3'),
-- ( 'FIRE_ELEMENT_3', 'MODIFIER_FIRE_DAMAGE_IS_WINTERBORN_CHECKER_MORE_3'),
('FIRE_ELEMENT_3', 'MODIFIER_FIRE_DAMAGE_IS_FROSTLING_CHECKER_MORE_3'),
-- ( 'FIRE_ELEMENT_3', 'MODIFIER_FIRE_DAMAGE_VULNERABLE_TO_FIRE_CHECKER_MORE_3'),
('HOLY_ELEMENT_4', 'MODIFIER_HOLY_DAMAGE_4'),
('HOLY_ELEMENT_4', 'MODIFIER_HOLY_DAMAGE_STONESKIN_CHECKER_4'),
('HOLY_ELEMENT_4', 'MODIFIER_HOLY_DAMAGE_IS_DEMON_MORE_4'),
-- ('HOLY_ELEMENT_4', 'MODIFIER_HOLY_DAMAGE_HAS_SHEUT_MORE_4'),
('HOLY_ELEMENT_4', 'MODIFIER_HOLY_DAMAGE_IS_UNDEAD_MORE_4'),
('UNHOLY_ELEMENT_4', 'MODIFIER_UNHOLY_DAMAGE_UNHOLY_TAINT_CHECKER_4'),
('UNHOLY_ELEMENT_4', 'MODIFIER_UNHOLY_DAMAGE_RACIAL_CHECKER_4'),
('UNHOLY_ELEMENT_4', 'MODIFIER_UNHOLY_DAMAGE_STONESKIN_CHECKER_4'),
('UNHOLY_ELEMENT_4', 'MODIFIER_UNHOLY_DAMAGE_SUNDERED_CHECKER_4'),
('UNHOLY_ELEMENT_2', 'MODIFIER_UNHOLY_DAMAGE_UNHOLY_TAINT_CHECKER_2'),
('UNHOLY_ELEMENT_2', 'MODIFIER_UNHOLY_DAMAGE_RACIAL_CHECKER_2'),
('UNHOLY_ELEMENT_2', 'MODIFIER_UNHOLY_DAMAGE_STONESKIN_CHECKER_2'),
('UNHOLY_ELEMENT_2', 'MODIFIER_UNHOLY_DAMAGE_SUNDERED_CHECKER_2'),
('DEATH_ELEMENT_2', 'MODIFIER_DEATH_DAMAGE_MR_CHECKER_2'),
('DEATH_ELEMENT_2', 'MODIFIER_DEATH_DAMAGE_RACIAL_CHECKER_2'),
('DEATH_ELEMENT_2', 'MODIFIER_DEATH_DAMAGE_STONESKIN_CHECKER_2'),
('DEATH_ELEMENT_2', 'MODIFIER_DEATH_DAMAGE_SHEUT_CHECKER_2'),
('DEATH_ELEMENT_2', 'MODIFIER_DEATH_DAMAGE_MAGIC_IMMUNE_PROMO_CHECKER_2'),
('COLD_ELEMENT_7', 'MODIFIER_COLD_DAMAGE_MR_CHECKER_7'),
('COLD_ELEMENT_7', 'MODIFIER_COLD_DAMAGE_RACIAL_CHECKER_7'),
('COLD_ELEMENT_7', 'MODIFIER_COLD_DAMAGE_STONESKIN_CHECKER_7'),
('COLD_ELEMENT_7', 'MODIFIER_COLD_DAMAGE_SPECIFIC_RESIST_CHECKER_7'),
-- ('COLD_ELEMENT_7', 'MODIFIER_COLD_DAMAGE_IS_ELF_CHECKER_MORE_7'),
('HOLY_ELEMENT_2', 'MODIFIER_HOLY_DAMAGE_2'),
('HOLY_ELEMENT_2', 'MODIFIER_HOLY_DAMAGE_STONESKIN_CHECKER_2'),
('HOLY_ELEMENT_2', 'MODIFIER_HOLY_DAMAGE_IS_DEMON_MORE_2'),
-- ('HOLY_ELEMENT_2', 'MODIFIER_HOLY_DAMAGE_HAS_SHEUT_MORE_2'),
('HOLY_ELEMENT_2', 'MODIFIER_HOLY_DAMAGE_IS_UNDEAD_MORE_2'),
('FIRE_ELEMENT_4', 'MODIFIER_FIRE_DAMAGE_MR_CHECKER_4'),
('FIRE_ELEMENT_4', 'MODIFIER_FIRE_DAMAGE_RACIAL_CHECKER_4'),
('FIRE_ELEMENT_4', 'MODIFIER_FIRE_DAMAGE_STONESKIN_CHECKER_4'),
('FIRE_ELEMENT_4', 'MODIFIER_FIRE_DAMAGE_SPECIFIC_RESIST_CHECKER_4'),
-- ( 'FIRE_ELEMENT_4', 'MODIFIER_FIRE_DAMAGE_IS_WINTERBORN_CHECKER_MORE_4'),
('FIRE_ELEMENT_4', 'MODIFIER_FIRE_DAMAGE_IS_FROSTLING_CHECKER_MORE_4'),
-- ( 'FIRE_ELEMENT_4', 'MODIFIER_FIRE_DAMAGE_VULNERABLE_TO_FIRE_CHECKER_MORE_4'),
('COLD_ELEMENT_3', 'MODIFIER_COLD_DAMAGE_MR_CHECKER_3'),
('COLD_ELEMENT_3', 'MODIFIER_COLD_DAMAGE_RACIAL_CHECKER_3'),
('COLD_ELEMENT_3', 'MODIFIER_COLD_DAMAGE_STONESKIN_CHECKER_3'),
('COLD_ELEMENT_3', 'MODIFIER_COLD_DAMAGE_SPECIFIC_RESIST_CHECKER_3'),
-- ('COLD_ELEMENT_3', 'MODIFIER_COLD_DAMAGE_IS_ELF_CHECKER_MORE_3'),
('COLD_ELEMENT_2', 'MODIFIER_COLD_DAMAGE_MR_CHECKER_2'),
('COLD_ELEMENT_2', 'MODIFIER_COLD_DAMAGE_RACIAL_CHECKER_2'),
('COLD_ELEMENT_2', 'MODIFIER_COLD_DAMAGE_STONESKIN_CHECKER_2'),
('COLD_ELEMENT_2', 'MODIFIER_COLD_DAMAGE_SPECIFIC_RESIST_CHECKER_2'),
-- ('COLD_ELEMENT_2', 'MODIFIER_COLD_DAMAGE_IS_ELF_CHECKER_MORE_2'),
('LIGHTNING_ELEMENT_3', 'MODIFIER_LIGHTNING_DAMAGE_MR_CHECKER_3'),
('LIGHTNING_ELEMENT_3', 'MODIFIER_LIGHTNING_DAMAGE_STONESKIN_CHECKER_3'),
('LIGHTNING_ELEMENT_3', 'MODIFIER_LIGHTNING_DAMAGE_SPECIFIC_RESIST_CHECKER_3'),
-- ('LIGHTNING_ELEMENT_3', 'MODIFIER_LIGHTNING_DAMAGE_WEAPONS_BRONZE_IRON_CHECKER_MORE_3'),
('FIRE_ELEMENT_6', 'MODIFIER_FIRE_DAMAGE_MR_CHECKER_6'),
('FIRE_ELEMENT_6', 'MODIFIER_FIRE_DAMAGE_RACIAL_CHECKER_6'),
('FIRE_ELEMENT_6', 'MODIFIER_FIRE_DAMAGE_STONESKIN_CHECKER_6'),
('FIRE_ELEMENT_6', 'MODIFIER_FIRE_DAMAGE_SPECIFIC_RESIST_CHECKER_6'),
--( 'FIRE_ELEMENT_6', 'MODIFIER_FIRE_DAMAGE_IS_WINTERBORN_CHECKER_MORE_6'),
('FIRE_ELEMENT_6', 'MODIFIER_FIRE_DAMAGE_IS_FROSTLING_CHECKER_MORE_6'),
--( 'FIRE_ELEMENT_6', 'MODIFIER_FIRE_DAMAGE_VULNERABLE_TO_FIRE_CHECKER_MORE_6'),
('UNHOLY_ELEMENT_6', 'MODIFIER_UNHOLY_DAMAGE_UNHOLY_TAINT_CHECKER_6'),
('UNHOLY_ELEMENT_6', 'MODIFIER_UNHOLY_DAMAGE_RACIAL_CHECKER_6'),
('UNHOLY_ELEMENT_6', 'MODIFIER_UNHOLY_DAMAGE_STONESKIN_CHECKER_6'),
('UNHOLY_ELEMENT_6', 'MODIFIER_UNHOLY_DAMAGE_SUNDERED_CHECKER_6'),
('COLD_ELEMENT_1', 'MODIFIER_COLD_DAMAGE_MR_CHECKER_1'),
('COLD_ELEMENT_1', 'MODIFIER_COLD_DAMAGE_RACIAL_CHECKER_1'),
('COLD_ELEMENT_1', 'MODIFIER_COLD_DAMAGE_STONESKIN_CHECKER_1'),
('COLD_ELEMENT_1', 'MODIFIER_COLD_DAMAGE_SPECIFIC_RESIST_CHECKER_1'),
-- ('COLD_ELEMENT_1', 'MODIFIER_COLD_DAMAGE_IS_ELF_CHECKER_MORE_1'),
('DEATH_ELEMENT_1', 'MODIFIER_DEATH_DAMAGE_MR_CHECKER_1'),
('DEATH_ELEMENT_1', 'MODIFIER_DEATH_DAMAGE_RACIAL_CHECKER_1'),
('DEATH_ELEMENT_1', 'MODIFIER_DEATH_DAMAGE_STONESKIN_CHECKER_1'),
('DEATH_ELEMENT_1', 'MODIFIER_DEATH_DAMAGE_SHEUT_CHECKER_1'),
('DEATH_ELEMENT_1', 'MODIFIER_DEATH_DAMAGE_MAGIC_IMMUNE_PROMO_CHECKER_1'),
('DEATH_ELEMENT_3', 'MODIFIER_DEATH_DAMAGE_MR_CHECKER_3'),
('DEATH_ELEMENT_3', 'MODIFIER_DEATH_DAMAGE_RACIAL_CHECKER_3'),
('DEATH_ELEMENT_3', 'MODIFIER_DEATH_DAMAGE_STONESKIN_CHECKER_3'),
('DEATH_ELEMENT_3', 'MODIFIER_DEATH_DAMAGE_SHEUT_CHECKER_3'),
('DEATH_ELEMENT_3', 'MODIFIER_DEATH_DAMAGE_MAGIC_IMMUNE_PROMO_CHECKER_3'),
('POISON_ELEMENT_7', 'MODIFIER_POISON_DAMAGE_MR_CHECKER_7'),
('POISON_ELEMENT_7', 'MODIFIER_POISON_DAMAGE_RACIAL_CHECKER_7'),
('POISON_ELEMENT_7', 'MODIFIER_POISON_DAMAGE_STONESKIN_CHECKER_7'),
('POISON_ELEMENT_7', 'MODIFIER_POISON_DAMAGE_SPECIFIC_RESIST_CHECKER_7');
INSERT INTO Types(Type, Kind) VALUES
('UNHOLY_ELEMENT_1', 'KIND_ABILITY'),
('LIGHTNING_ELEMENT_2', 'KIND_ABILITY'),
('POISON_ELEMENT_2', 'KIND_ABILITY'),
('HOLY_ELEMENT_1', 'KIND_ABILITY'),
('HOLY_ELEMENT_3', 'KIND_ABILITY'),
('POISON_ELEMENT_1', 'KIND_ABILITY'),
('DEATH_ELEMENT_11', 'KIND_ABILITY'),
('UNHOLY_ELEMENT_5', 'KIND_ABILITY'),
('COLD_ELEMENT_30', 'KIND_ABILITY'),
('FIRE_ELEMENT_1', 'KIND_ABILITY'),
('FIRE_ELEMENT_3', 'KIND_ABILITY'),
('HOLY_ELEMENT_4', 'KIND_ABILITY'),
('UNHOLY_ELEMENT_4', 'KIND_ABILITY'),
('UNHOLY_ELEMENT_2', 'KIND_ABILITY'),
('DEATH_ELEMENT_2', 'KIND_ABILITY'),
('COLD_ELEMENT_7', 'KIND_ABILITY'),
('HOLY_ELEMENT_2', 'KIND_ABILITY'),
('FIRE_ELEMENT_4', 'KIND_ABILITY'),
('COLD_ELEMENT_3', 'KIND_ABILITY'),
('COLD_ELEMENT_2', 'KIND_ABILITY'),
('LIGHTNING_ELEMENT_3', 'KIND_ABILITY'),
('FIRE_ELEMENT_6', 'KIND_ABILITY'),
('UNHOLY_ELEMENT_6', 'KIND_ABILITY'),
('COLD_ELEMENT_1', 'KIND_ABILITY'),
('DEATH_ELEMENT_1', 'KIND_ABILITY'),
('DEATH_ELEMENT_3', 'KIND_ABILITY'),
('POISON_ELEMENT_7', 'KIND_ABILITY'),
('ABILITY_ADJUST_DAMAGE_5', 'KIND_ABILITY');

/*
----- Not working requirements as not Opponent
INSERT INTO Requirements(RequirementId, RequirementType) VALUES
('REQUIREMENT_UNIT_IS_DEMON_INHERENT', 'REQUIREMENT_UNIT_HAS_ABILITY'),
('REQUIREMENT_UNIT_PROMO_MAGIC_RESIST_NAVAL', 'REQUIREMENT_UNIT_HAS_PROMOTION'),
('REQUIREMENT_UNIT_PROMO_MAGIC_RESIST_ADEPT', 'REQUIREMENT_UNIT_HAS_PROMOTION'),
('REQUIREMENT_UNIT_PROMO_MAGIC_RESIST_DISCIPLE', 'REQUIREMENT_UNIT_HAS_PROMOTION'),
('REQUIREMENT_UNIT_PROMO_MAGIC_RESIST_RECON', 'REQUIREMENT_UNIT_HAS_PROMOTION'),
('REQUIREMENT_UNIT_PROMO_MAGIC_RESIST_RANGED', 'REQUIREMENT_UNIT_HAS_PROMOTION'),
('REQUIREMENT_UNIT_PROMO_MAGIC_RESIST_BEAST', 'REQUIREMENT_UNIT_HAS_PROMOTION'),
('REQUIREMENT_UNIT_PROMO_MAGIC_RESIST_MELEE', 'REQUIREMENT_UNIT_HAS_PROMOTION'),
('REQUIREMENT_UNIT_PROMO_MAGIC_RESIST_LIGHT_CAVALRY', 'REQUIREMENT_UNIT_HAS_PROMOTION');
-- oh god promoclass
INSERT INTO RequirementArguments(RequirementId, Name, Value) VALUES
('REQUIREMENT_UNIT_IS_DEMON_INHERENT', 'UnitAbilityType', 'ABILITY_DEMON'),
('REQUIREMENT_UNIT_PROMO_MAGIC_RESIST_NAVAL', 'UnitPromotionType', 'PROMOTION_MAGIC_RESISTANCE_NAVAL_MELEE'),
('REQUIREMENT_UNIT_PROMO_MAGIC_RESIST_ADEPT', 'UnitPromotionType', 'PROMOTION_MAGIC_RESISTANCE_ADEPT'),
('REQUIREMENT_UNIT_PROMO_MAGIC_RESIST_DISCIPLE', 'UnitPromotionType', 'PROMOTION_MAGIC_RESISTANCE_DISCIPLE'),
('REQUIREMENT_UNIT_PROMO_MAGIC_RESIST_RECON', 'UnitPromotionType', 'PROMOTION_MAGIC_RESISTANCE_RECON'),
('REQUIREMENT_UNIT_PROMO_MAGIC_RESIST_RANGED', 'UnitPromotionType', 'PROMOTION_MAGIC_RESISTANCE_RANGED'),
('REQUIREMENT_UNIT_PROMO_MAGIC_RESIST_BEAST', 'UnitPromotionType', 'PROMOTION_MAGIC_RESISTANCE_BEAST'),
('REQUIREMENT_UNIT_PROMO_MAGIC_RESIST_MELEE', 'UnitPromotionType', 'PROMOTION_MAGIC_RESISTANCE_MELEE'),
('REQUIREMENT_UNIT_PROMO_MAGIC_RESIST_LIGHT_CAVALRY', 'UnitPromotionType', 'PROMOTION_MAGIC_RESISTANCE_LIGHT_CAVALRY');

INSERT INTO RequirementSetRequirements(RequirementSetId, RequirementId) VALUES
('UNIT_HAS_PROMO_MAGIC_RESIST', 'REQUIREMENT_UNIT_PROMO_MAGIC_RESIST_NAVAL'),
('UNIT_HAS_PROMO_MAGIC_RESIST', 'REQUIREMENT_UNIT_PROMO_MAGIC_RESIST_ADEPT'),
('UNIT_HAS_PROMO_MAGIC_RESIST', 'REQUIREMENT_UNIT_PROMO_MAGIC_RESIST_DISCIPLE'),
('UNIT_HAS_PROMO_MAGIC_RESIST', 'REQUIREMENT_UNIT_PROMO_MAGIC_RESIST_RECON'),
('UNIT_HAS_PROMO_MAGIC_RESIST', 'REQUIREMENT_UNIT_PROMO_MAGIC_RESIST_RANGED'),
('UNIT_HAS_PROMO_MAGIC_RESIST', 'REQUIREMENT_UNIT_PROMO_MAGIC_RESIST_BEAST'),
('UNIT_HAS_PROMO_MAGIC_RESIST', 'REQUIREMENT_UNIT_PROMO_MAGIC_RESIST_MELEE'),
('UNIT_HAS_PROMO_MAGIC_RESIST', 'REQUIREMENT_UNIT_PROMO_MAGIC_RESIST_LIGHT_CAVALRY');

INSERT INTO RequirementSets(RequirementSetId, RequirementSetType) VALUES
('UNIT_HAS_PROMO_MAGIC_RESIST', 'REQUIREMENTSET_TEST_ANY');

*/

/*
base versions used to extrapolate multiples
INSERT INTO Modifiers(ModifierId, ModifierType, SubjectRequirementSetId) VALUES
('MODIFIER_FIRE_DAMAGE_MR_CHECKER', 'MODIFIER_UNIT_ADJUST_COMBAT_STRENGTH', NULL),
('MODIFIER_FIRE_DAMAGE_RACIAL_CHECKER', 'MODIFIER_UNIT_ADJUST_COMBAT_STRENGTH', 'UNIT_FIRE_RESIST_RACIAL'),
('MODIFIER_FIRE_DAMAGE_STONESKIN_CHECKER', 'MODIFIER_UNIT_ADJUST_COMBAT_STRENGTH', NULL),
('MODIFIER_FIRE_DAMAGE_SPECIFIC_RESIST_CHECKER', 'MODIFIER_UNIT_ADJUST_COMBAT_STRENGTH', NULL),

-- ('MODIFIER_FIRE_DAMAGE_IS_WINTERBORN_CHECKER_MORE', 'MODIFIER_UNIT_ADJUST_COMBAT_STRENGTH', ''),        -- partial tag
('MODIFIER_FIRE_DAMAGE_IS_FROSTLING_CHECKER_MORE', 'MODIFIER_UNIT_ADJUST_COMBAT_STRENGTH', 'UNIT_FIRE_WEAK_FROSTLING'),         -- tag
-- ('MODIFIER_FIRE_DAMAGE_VULNERABLE_TO_FIRE_CHECKER_MORE', 'MODIFIER_UNIT_ADJUST_COMBAT_STRENGTH', ''),         ability and positive (could be done as tag)

('MODIFIER_COLD_DAMAGE_MR_CHECKER', 'MODIFIER_UNIT_ADJUST_COMBAT_STRENGTH', 'FROST_IMMUNE_REQS'),
('MODIFIER_COLD_DAMAGE_RACIAL_CHECKER', 'MODIFIER_UNIT_ADJUST_COMBAT_STRENGTH', 'UNIT_FROST_RESIST_RACIAL'),
('MODIFIER_COLD_DAMAGE_STONESKIN_CHECKER', 'MODIFIER_UNIT_ADJUST_COMBAT_STRENGTH', 'FROST_IMMUNE_REQS'),
('MODIFIER_COLD_DAMAGE_SPECIFIC_RESIST_CHECKER', 'MODIFIER_UNIT_ADJUST_COMBAT_STRENGTH', 'FROST_IMMUNE_REQS'),

-- ('MODIFIER_COLD_DAMAGE_IS_ELF_CHECKER_MORE', 'MODIFIER_UNIT_ADJUST_COMBAT_STRENGTH', ''),           -- partial tag

('MODIFIER_LIGHTNING_DAMAGE_MR_CHECKER', 'MODIFIER_UNIT_ADJUST_COMBAT_STRENGTH', NULL),
('MODIFIER_LIGHTNING_DAMAGE_STONESKIN_CHECKER', 'MODIFIER_UNIT_ADJUST_COMBAT_STRENGTH', NULL),
('MODIFIER_LIGHTNING_DAMAGE_SPECIFIC_RESIST_CHECKER', 'MODIFIER_UNIT_ADJUST_COMBAT_STRENGTH', NULL),

-- ('MODIFIER_LIGHTNING_DAMAGE_WEAPONS_BRONZE_IRON_CHECKER_MORE', 'MODIFIER_UNIT_ADJUST_COMBAT_STRENGTH', ''), ability and positive

('MODIFIER_POISON_DAMAGE_MR_CHECKER', 'MODIFIER_UNIT_ADJUST_COMBAT_STRENGTH', 'POISON_IMMUNE_REQS'),
('MODIFIER_POISON_DAMAGE_RACIAL_CHECKER', 'MODIFIER_UNIT_ADJUST_COMBAT_STRENGTH', 'UNIT_POISON_RESIST_RACIAL'),
('MODIFIER_POISON_DAMAGE_STONESKIN_CHECKER', 'MODIFIER_UNIT_ADJUST_COMBAT_STRENGTH', 'POISON_IMMUNE_REQS'),
('MODIFIER_POISON_DAMAGE_SPECIFIC_RESIST_CHECKER', 'MODIFIER_UNIT_ADJUST_COMBAT_STRENGTH', 'POISON_IMMUNE_REQS'),

('MODIFIER_UNHOLY_DAMAGE_UNHOLY_TAINT_CHECKER', 'MODIFIER_UNIT_ADJUST_COMBAT_STRENGTH', 'UNHOLY_IMMUNE_REQS'),
('MODIFIER_UNHOLY_DAMAGE_RACIAL_CHECKER', 'MODIFIER_UNIT_ADJUST_COMBAT_STRENGTH', 'UNIT_UNHOLY_RESIST_RACIAL'),
('MODIFIER_UNHOLY_DAMAGE_STONESKIN_CHECKER', 'MODIFIER_UNIT_ADJUST_COMBAT_STRENGTH', 'UNHOLY_IMMUNE_REQS'),
('MODIFIER_UNHOLY_DAMAGE_SUNDERED_CHECKER', 'MODIFIER_UNIT_ADJUST_COMBAT_STRENGTH', 'UNHOLY_IMMUNE_REQS'),

('MODIFIER_HOLY_DAMAGE', 'MODIFIER_UNIT_ADJUST_COMBAT_STRENGTH', 'HOLY_IMMUNE_REQS'),
('MODIFIER_HOLY_DAMAGE_STONESKIN_CHECKER', 'MODIFIER_UNIT_ADJUST_COMBAT_STRENGTH', 'HOLY_IMMUNE_REQS'),

('MODIFIER_HOLY_DAMAGE_IS_DEMON_MORE', 'MODIFIER_UNIT_ADJUST_COMBAT_STRENGTH', 'OPPONENT_UNIT_IS_DEMON'),         -- partial tag
-- ('MODIFIER_HOLY_DAMAGE_HAS_SHEUT_MORE', 'MODIFIER_UNIT_ADJUST_COMBAT_STRENGTH', ''),        -- ability and positive
('MODIFIER_HOLY_DAMAGE_IS_UNDEAD_MORE', 'MODIFIER_UNIT_ADJUST_COMBAT_STRENGTH', 'OPPONENT_UNIT_IS_UNDEAD'),        -- tag

('MODIFIER_DEATH_DAMAGE_MR_CHECKER', 'MODIFIER_UNIT_ADJUST_COMBAT_STRENGTH', 'DEATH_IMMUNE_REQS'),
('MODIFIER_DEATH_DAMAGE_RACIAL_CHECKER', 'MODIFIER_UNIT_ADJUST_COMBAT_STRENGTH', 'UNIT_DEATH_RESIST_RACIAL'),
('MODIFIER_DEATH_DAMAGE_STONESKIN_CHECKER', 'MODIFIER_UNIT_ADJUST_COMBAT_STRENGTH', 'DEATH_IMMUNE_REQS'),
('MODIFIER_DEATH_DAMAGE_SHEUT_CHECKER', 'MODIFIER_UNIT_ADJUST_COMBAT_STRENGTH', 'DEATH_IMMUNE_REQS'),                -- ability
('MODIFIER_DEATH_DAMAGE_MAGIC_IMMUNE_PROMO_CHECKER', 'MODIFIER_UNIT_ADJUST_COMBAT_STRENGTH', 'DEATH_IMMUNE_REQS');

INSERT INTO ModifierArguments(ModifierId, Name, Type, Value) VALUES
('MODIFIER_FIRE_DAMAGE_MR_CHECKER', 'Amount', 'ARGTYPE_IDENTITY', '1'),
('MODIFIER_FIRE_DAMAGE_RACIAL_CHECKER', 'Amount', 'ARGTYPE_IDENTITY', '1'),
('MODIFIER_FIRE_DAMAGE_STONESKIN_CHECKER', 'Amount', 'ARGTYPE_IDENTITY', '2'),
('MODIFIER_FIRE_DAMAGE_SPECIFIC_RESIST_CHECKER', 'Amount', 'ARGTYPE_IDENTITY', '2'),
-- ('MODIFIER_FIRE_DAMAGE_IS_WINTERBORN_CHECKER_MORE', 'Amount', 'ARGTYPE_IDENTITY', '1'),
('MODIFIER_FIRE_DAMAGE_IS_FROSTLING_CHECKER_MORE', 'Amount', 'ARGTYPE_IDENTITY', '2'),
-- ('MODIFIER_FIRE_DAMAGE_VULNERABLE_TO_FIRE_CHECKER_MORE', 'Amount', 'ARGTYPE_IDENTITY', '2'),
('MODIFIER_COLD_DAMAGE_MR_CHECKER', 'Amount', 'ARGTYPE_IDENTITY', '1'),
('MODIFIER_COLD_DAMAGE_RACIAL_CHECKER', 'Amount', 'ARGTYPE_IDENTITY', '1'),
('MODIFIER_COLD_DAMAGE_STONESKIN_CHECKER', 'Amount', 'ARGTYPE_IDENTITY', '2'),
('MODIFIER_COLD_DAMAGE_SPECIFIC_RESIST_CHECKER', 'Amount', 'ARGTYPE_IDENTITY', '2'),
-- ('MODIFIER_COLD_DAMAGE_IS_ELF_CHECKER_MORE', 'Amount', 'ARGTYPE_IDENTITY', '2'),
('MODIFIER_LIGHTNING_DAMAGE_MR_CHECKER', 'Amount', 'ARGTYPE_IDENTITY', '1'),
('MODIFIER_LIGHTNING_DAMAGE_STONESKIN_CHECKER', 'Amount', 'ARGTYPE_IDENTITY', '2'),
('MODIFIER_LIGHTNING_DAMAGE_SPECIFIC_RESIST_CHECKER', 'Amount', 'ARGTYPE_IDENTITY', '2'),
-- ('MODIFIER_LIGHTNING_DAMAGE_WEAPONS_BRONZE_IRON_CHECKER_MORE', 'Amount', 'ARGTYPE_IDENTITY', '2'),
('MODIFIER_POISON_DAMAGE_MR_CHECKER', 'Amount', 'ARGTYPE_IDENTITY', '1'),
('MODIFIER_POISON_DAMAGE_RACIAL_CHECKER', 'Amount', 'ARGTYPE_IDENTITY', '1'),
('MODIFIER_POISON_DAMAGE_STONESKIN_CHECKER', 'Amount', 'ARGTYPE_IDENTITY', '2'),
('MODIFIER_POISON_DAMAGE_SPECIFIC_RESIST_CHECKER', 'Amount', 'ARGTYPE_IDENTITY', '2'),
('MODIFIER_UNHOLY_DAMAGE_UNHOLY_TAINT_CHECKER', 'Amount', 'ARGTYPE_IDENTITY', '1'),
('MODIFIER_UNHOLY_DAMAGE_RACIAL_CHECKER', 'Amount', 'ARGTYPE_IDENTITY', '2'),
('MODIFIER_UNHOLY_DAMAGE_STONESKIN_CHECKER', 'Amount', 'ARGTYPE_IDENTITY', '2'),
('MODIFIER_UNHOLY_DAMAGE_SUNDERED_CHECKER', 'Amount', 'ARGTYPE_IDENTITY', '1'),
('MODIFIER_HOLY_DAMAGE', 'Amount', 'ARGTYPE_IDENTITY', '2'),
('MODIFIER_HOLY_DAMAGE_STONESKIN_CHECKER', 'Amount', 'ARGTYPE_IDENTITY', '3'),
('MODIFIER_HOLY_DAMAGE_IS_DEMON_MORE', 'Amount', 'ARGTYPE_IDENTITY', '1'),
-- ('MODIFIER_HOLY_DAMAGE_HAS_SHEUT_MORE', 'Amount', 'ARGTYPE_IDENTITY', '1'),
('MODIFIER_HOLY_DAMAGE_IS_UNDEAD_MORE', 'Amount', 'ARGTYPE_IDENTITY', '2'),
('MODIFIER_DEATH_DAMAGE_MR_CHECKER', 'Amount', 'ARGTYPE_IDENTITY', '1'),
('MODIFIER_DEATH_DAMAGE_RACIAL_CHECKER', 'Amount', 'ARGTYPE_IDENTITY', '1'),
('MODIFIER_DEATH_DAMAGE_STONESKIN_CHECKER', 'Amount', 'ARGTYPE_IDENTITY', '1'),
('MODIFIER_DEATH_DAMAGE_SHEUT_CHECKER', 'Amount', 'ARGTYPE_IDENTITY', '1'),
('MODIFIER_DEATH_DAMAGE_MAGIC_IMMUNE_PROMO_CHECKER', 'Amount', 'ARGTYPE_IDENTITY', '1');

--INSERT INTO ModifierStrings(ModifierId, Context, Text) VALUES
--('MODIFIER_FIRE_DAMAGE_MR_CHECKER', 'Preview', 'LOC_PROMOTION_DRILL4_DESCRIPTION');
*/