INSERT INTO Units(UnitType, Name, BaseSightRange, BaseMoves, Domain, FormationClass, Cost, Description, AdvisorType, CanCapture, CanTrain) VALUES
('SLTH_EQUIPMENT_ATHAME', 'LOC_SLTH_EQUIPMENT_ATHAME_NAME', '0', '0','DOMAIN_IMMOBILE', 'FORMATION_CLASS_CIVILIAN', '-1', 'LOC_SLTH_EQUIPMENT_ATHAME_DESCRIPTION', 'ADVISOR_CONQUEST', '1', '0'),
('SLTH_EQUIPMENT_BLACK_MIRROR', 'LOC_SLTH_EQUIPMENT_BLACK_MIRROR_NAME', '0', '0','DOMAIN_IMMOBILE', 'FORMATION_CLASS_CIVILIAN', '-1', 'LOC_SLTH_EQUIPMENT_BLACK_MIRROR_DESCRIPTION', 'ADVISOR_CONQUEST', '1', '0'),
('SLTH_EQUIPMENT_CROWN_OF_AKHARIEN', 'LOC_SLTH_EQUIPMENT_CROWN_OF_AKHARIEN_NAME', '0', '0','DOMAIN_IMMOBILE', 'FORMATION_CLASS_CIVILIAN', '-1', 'LOC_SLTH_EQUIPMENT_CROWN_OF_AKHARIEN_DESCRIPTION', 'ADVISOR_CONQUEST', '1', '0'),
('SLTH_EQUIPMENT_CROWN_OF_COMMAND', 'LOC_SLTH_EQUIPMENT_CROWN_OF_COMMAND_NAME', '0', '0','DOMAIN_IMMOBILE', 'FORMATION_CLASS_CIVILIAN', '-1', 'LOC_SLTH_EQUIPMENT_CROWN_OF_COMMAND_DESCRIPTION',   'ADVISOR_CONQUEST', '1', '0'),
('SLTH_EQUIPMENT_DRAGONS_HORDE', 'LOC_SLTH_EQUIPMENT_DRAGONS_HORDE_NAME', '0', '0','DOMAIN_IMMOBILE', 'FORMATION_CLASS_CIVILIAN', '-1', 'LOC_SLTH_EQUIPMENT_DRAGONS_HORDE_DESCRIPTION',   'ADVISOR_CONQUEST', '1', '0'),
('SLTH_EQUIPMENT_EMPTY_BIER', 'LOC_SLTH_EQUIPMENT_EMPTY_BIER_NAME', '0', '0','DOMAIN_IMMOBILE', 'FORMATION_CLASS_CIVILIAN', '-1', 'LOC_SLTH_EQUIPMENT_EMPTY_BIER_DESCRIPTION',   'ADVISOR_CONQUEST', '1', '0'),
('SLTH_EQUIPMENT_GELA', 'LOC_SLTH_EQUIPMENT_GELA_NAME', '0', '0','DOMAIN_IMMOBILE', 'FORMATION_CLASS_CIVILIAN', '-1', 'LOC_SLTH_EQUIPMENT_GELA_DESCRIPTION',   'ADVISOR_CONQUEST', '1', '0'),
('SLTH_EQUIPMENT_GODSLAYER', 'LOC_SLTH_EQUIPMENT_GODSLAYER_NAME', '0', '0','DOMAIN_IMMOBILE', 'FORMATION_CLASS_CIVILIAN', '-1', 'LOC_SLTH_EQUIPMENT_GODSLAYER_DESCRIPTION',   'ADVISOR_CONQUEST', '1', '0'),
('SLTH_EQUIPMENT_GOLDEN_HAMMER', 'LOC_SLTH_EQUIPMENT_GOLDEN_HAMMER_NAME', '0', '0','DOMAIN_IMMOBILE', 'FORMATION_CLASS_CIVILIAN', '-1', 'LOC_SLTH_EQUIPMENT_GOLDEN_HAMMER_DESCRIPTION',   'ADVISOR_GENERIC', '1', '0'),
('SLTH_EQUIPMENT_HEALING_SALVE', 'LOC_SLTH_EQUIPMENT_HEALING_SALVE_NAME', '0', '0','DOMAIN_IMMOBILE', 'FORMATION_CLASS_CIVILIAN', '-1', 'LOC_SLTH_EQUIPMENT_HEALING_SALVE_DESCRIPTION',   'ADVISOR_CONQUEST', '1', '0'),
('SLTH_EQUIPMENT_INFERNAL_GRIMOIRE', 'LOC_SLTH_EQUIPMENT_INFERNAL_GRIMOIRE_NAME', '0', '0','DOMAIN_IMMOBILE', 'FORMATION_CLASS_CIVILIAN', '-1', 'LOC_SLTH_EQUIPMENT_INFERNAL_GRIMOIRE_DESCRIPTION',   'ADVISOR_CONQUEST', '1', '0'),
('SLTH_EQUIPMENT_JADE_TORC', 'LOC_SLTH_EQUIPMENT_JADE_TORC_NAME', '0', '0','DOMAIN_IMMOBILE', 'FORMATION_CLASS_CIVILIAN', '-1', 'LOC_SLTH_EQUIPMENT_JADE_TORC_DESCRIPTION',   'ADVISOR_CONQUEST', '1', '0'),
('SLTH_EQUIPMENT_NETHER_BLADE', 'LOC_SLTH_EQUIPMENT_NETHER_BLADE_NAME', '0', '0','DOMAIN_IMMOBILE', 'FORMATION_CLASS_CIVILIAN', '-1', 'LOC_SLTH_EQUIPMENT_NETHER_BLADE_DESCRIPTION',   'ADVISOR_CONQUEST', '1', '0'),
('SLTH_EQUIPMENT_ORTHUSS_AXE', 'LOC_SLTH_EQUIPMENT_ORTHUSS_AXE_NAME', '0', '0','DOMAIN_IMMOBILE', 'FORMATION_CLASS_CIVILIAN', '-1', 'LOC_SLTH_EQUIPMENT_ORTHUSS_AXE_DESCRIPTION',   'ADVISOR_CONQUEST', '1', '0'),
('SLTH_EQUIPMENT_PIECES_OF_BARNAXUS', 'LOC_SLTH_EQUIPMENT_PIECES_OF_BARNAXUS_NAME', '0', '0','DOMAIN_IMMOBILE', 'FORMATION_CLASS_CIVILIAN', '-1', 'LOC_SLTH_EQUIPMENT_PIECES_OF_BARNAXUS_DESCRIPTION',   'ADVISOR_CONQUEST', '1', '0'),
('SLTH_EQUIPMENT_POTION_OF_INVISIBILITY', 'LOC_SLTH_EQUIPMENT_POTION_OF_INVISIBILITY_NAME', '0', '0','DOMAIN_IMMOBILE', 'FORMATION_CLASS_CIVILIAN', '-1', 'LOC_SLTH_EQUIPMENT_POTION_OF_INVISIBILITY_DESCRIPTION',   'ADVISOR_CONQUEST', '1', '0'),
('SLTH_EQUIPMENT_POTION_OF_RESTORATION', 'LOC_SLTH_EQUIPMENT_POTION_OF_RESTORATION_NAME', '0', '0','DOMAIN_IMMOBILE', 'FORMATION_CLASS_CIVILIAN', '-1', 'LOC_SLTH_EQUIPMENT_POTION_OF_RESTORATION_DESCRIPTION',   'ADVISOR_CONQUEST', '1', '0'),
('SLTH_EQUIPMENT_ROD_OF_WINDS', 'LOC_SLTH_EQUIPMENT_ROD_OF_WINDS_NAME', '0', '0','DOMAIN_IMMOBILE', 'FORMATION_CLASS_CIVILIAN', '-1', 'LOC_SLTH_EQUIPMENT_ROD_OF_WINDS_DESCRIPTION',   'ADVISOR_CONQUEST', '1', '0'),
('SLTH_EQUIPMENT_SCORCHED_STAFF', 'LOC_SLTH_EQUIPMENT_SCORCHED_STAFF_NAME', '0', '0','DOMAIN_IMMOBILE', 'FORMATION_CLASS_CIVILIAN', '-1', 'LOC_SLTH_EQUIPMENT_SCORCHED_STAFF_DESCRIPTION',   'ADVISOR_CONQUEST', '1', '0'),
('SLTH_EQUIPMENT_STAFF_OF_SOULS', 'LOC_SLTH_EQUIPMENT_STAFF_OF_SOULS_NAME', '0', '0','DOMAIN_IMMOBILE', 'FORMATION_CLASS_CIVILIAN', '-1', 'LOC_SLTH_EQUIPMENT_STAFF_OF_SOULS_DESCRIPTION',   'ADVISOR_CONQUEST', '1', '0'),
('SLTH_EQUIPMENT_SYLIVENS_PERFECT_LYRE', 'LOC_SLTH_EQUIPMENT_SYLIVENS_PERFECT_LYRE_NAME', '0', '0','DOMAIN_IMMOBILE', 'FORMATION_CLASS_CIVILIAN', '-1', 'LOC_SLTH_EQUIPMENT_SYLIVENS_PERFECT_LYRE_DESCRIPTION',   'ADVISOR_CONQUEST', '1', '0'),
('SLTH_EQUIPMENT_TIMOR_MASK', 'LOC_SLTH_EQUIPMENT_TIMOR_MASK_NAME', '0', '0','DOMAIN_IMMOBILE', 'FORMATION_CLASS_CIVILIAN', '-1', 'LOC_SLTH_EQUIPMENT_TIMOR_MASK_DESCRIPTION',   'ADVISOR_CONQUEST', '1', '0'),
('SLTH_EQUIPMENT_TREASURE', 'LOC_SLTH_EQUIPMENT_TREASURE_NAME', '0', '0','DOMAIN_IMMOBILE', 'FORMATION_CLASS_CIVILIAN', '-1', 'LOC_SLTH_EQUIPMENT_TREASURE_DESCRIPTION',   'ADVISOR_CONQUEST', '1', '0'),
('SLTH_EQUIPMENT_WAR', 'LOC_SLTH_EQUIPMENT_WAR_NAME', '0', '0','DOMAIN_IMMOBILE', 'FORMATION_CLASS_CIVILIAN', '-1', 'LOC_SLTH_EQUIPMENT_WAR_DESCRIPTION',   'ADVISOR_CONQUEST', '1', '0');
-- missing Grimoire

INSERT INTO UnitAbilities(UnitAbilityType, Name, Description, Inactive, ShowFloatTextWhenEarned) VALUES
('SLTH_EQUIPMENT_ATHAME_ABILITY', 'LOC_SLTH_EQUIPMENT_ATHAME_NAME', 'LOC_SLTH_EQUIPMENT_ATHAME_DESCRIPTION', '1', '1'),
('SLTH_EQUIPMENT_BLACK_MIRROR_ABILITY', 'LOC_SLTH_EQUIPMENT_BLACK_MIRROR_NAME', 'LOC_SLTH_EQUIPMENT_BLACK_MIRROR_DESCRIPTION', '1', '1'),
('SLTH_EQUIPMENT_CROWN_OF_AKHARIEN_ABILITY', 'LOC_SLTH_EQUIPMENT_CROWN_OF_AKHARIEN_NAME', 'LOC_SLTH_EQUIPMENT_CROWN_OF_AKHARIEN_DESCRIPTION', '1', '1'),
('SLTH_EQUIPMENT_CROWN_OF_COMMAND_ABILITY', 'LOC_SLTH_EQUIPMENT_CROWN_OF_COMMAND_NAME', 'LOC_SLTH_EQUIPMENT_CROWN_OF_COMMAND_DESCRIPTION', '1', '1'),
('SLTH_EQUIPMENT_DRAGONS_HORDE_ABILITY', 'LOC_SLTH_EQUIPMENT_DRAGONS_HORDE_NAME', 'LOC_SLTH_EQUIPMENT_DRAGONS_HORDE_DESCRIPTION', '1', '1'),
('SLTH_EQUIPMENT_EMPTY_BIER_ABILITY', 'LOC_SLTH_EQUIPMENT_EMPTY_BIER_NAME', 'LOC_SLTH_EQUIPMENT_EMPTY_BIER_DESCRIPTION', '1', '1'),
('SLTH_EQUIPMENT_GELA_ABILITY', 'LOC_SLTH_EQUIPMENT_GELA_NAME', 'LOC_SLTH_EQUIPMENT_GELA_DESCRIPTION', '1', '1'),
('SLTH_EQUIPMENT_GODSLAYER_ABILITY', 'LOC_SLTH_EQUIPMENT_GODSLAYER_NAME', 'LOC_SLTH_EQUIPMENT_GODSLAYER_DESCRIPTION', '1', '1'),
('SLTH_EQUIPMENT_GOLDEN_HAMMER_ABILITY', 'LOC_SLTH_EQUIPMENT_GOLDEN_HAMMER_NAME', 'LOC_SLTH_EQUIPMENT_GOLDEN_HAMMER_DESCRIPTION', '1', '1'),
('SLTH_EQUIPMENT_HEALING_SALVE_ABILITY', 'LOC_SLTH_EQUIPMENT_HEALING_SALVE_NAME', 'LOC_SLTH_EQUIPMENT_HEALING_SALVE_DESCRIPTION', '1', '1'),
('SLTH_EQUIPMENT_INFERNAL_GRIMOIRE_ABILITY', 'LOC_SLTH_EQUIPMENT_INFERNAL_GRIMOIRE_NAME', 'LOC_SLTH_EQUIPMENT_INFERNAL_GRIMOIRE_DESCRIPTION', '1', '1'),
('SLTH_EQUIPMENT_JADE_TORC_ABILITY', 'LOC_SLTH_EQUIPMENT_JADE_TORC_NAME', 'LOC_SLTH_EQUIPMENT_JADE_TORC_DESCRIPTION', '1', '1'),
('SLTH_EQUIPMENT_NETHER_BLADE_ABILITY', 'LOC_SLTH_EQUIPMENT_NETHER_BLADE_NAME', 'LOC_SLTH_EQUIPMENT_NETHER_BLADE_DESCRIPTION', '1', '1'),
('SLTH_EQUIPMENT_ORTHUSS_AXE_ABILITY', 'LOC_SLTH_EQUIPMENT_ORTHUSS_AXE_NAME', 'LOC_SLTH_EQUIPMENT_ORTHUSS_AXE_DESCRIPTION', '1', '1'),
('SLTH_EQUIPMENT_PIECES_OF_BARNAXUS_ABILITY', 'LOC_SLTH_EQUIPMENT_PIECES_OF_BARNAXUS_NAME', 'LOC_SLTH_EQUIPMENT_PIECES_OF_BARNAXUS_DESCRIPTION', '1', '1'),
('SLTH_EQUIPMENT_POTION_OF_INVISIBILITY_ABILITY', 'LOC_SLTH_EQUIPMENT_POTION_OF_INVISIBILITY_NAME', 'LOC_SLTH_EQUIPMENT_POTION_OF_INVISIBILITY_DESCRIPTION', '1', '1'),
('SLTH_EQUIPMENT_POTION_OF_RESTORATION_ABILITY', 'LOC_SLTH_EQUIPMENT_POTION_OF_RESTORATION_NAME', 'LOC_SLTH_EQUIPMENT_POTION_OF_RESTORATION_DESCRIPTION', '1', '1'),
('SLTH_EQUIPMENT_ROD_OF_WINDS_ABILITY', 'LOC_SLTH_EQUIPMENT_ROD_OF_WINDS_NAME', 'LOC_SLTH_EQUIPMENT_ROD_OF_WINDS_DESCRIPTION', '1', '1'),
('SLTH_EQUIPMENT_SCORCHED_STAFF_ABILITY', 'LOC_SLTH_EQUIPMENT_SCORCHED_STAFF_NAME', 'LOC_SLTH_EQUIPMENT_SCORCHED_STAFF_DESCRIPTION', '1', '1'),
('SLTH_EQUIPMENT_STAFF_OF_SOULS_ABILITY', 'LOC_SLTH_EQUIPMENT_STAFF_OF_SOULS_NAME', 'LOC_SLTH_EQUIPMENT_STAFF_OF_SOULS_DESCRIPTION', '1', '1'),
('SLTH_EQUIPMENT_SYLIVENS_PERFECT_LYRE_ABILITY', 'LOC_SLTH_EQUIPMENT_SYLIVENS_PERFECT_LYRE_NAME', 'LOC_SLTH_EQUIPMENT_SYLIVENS_PERFECT_LYRE_DESCRIPTION', '1', '1'),
('SLTH_EQUIPMENT_TIMOR_MASK_ABILITY', 'LOC_SLTH_EQUIPMENT_TIMOR_MASK_NAME', 'LOC_SLTH_EQUIPMENT_TIMOR_MASK_DESCRIPTION', '1', '1'),
('SLTH_EQUIPMENT_TREASURE_ABILITY', 'LOC_SLTH_EQUIPMENT_TREASURE_NAME', 'LOC_SLTH_EQUIPMENT_TREASURE_DESCRIPTION', '1', '1'),
('SLTH_EQUIPMENT_WAR_ABILITY', 'LOC_SLTH_EQUIPMENT_WAR_NAME', 'LOC_SLTH_EQUIPMENT_WAR_DESCRIPTION', '1', '1');

-- athame +3 poison, pass plagued promo
-- can cast mirror
-- immune to magic, can grant crown in city
-- chance to convert unit, 30%
-- dragons horde uh nothing except lua, can grant dragons horde in city
-- empty bier: +2 defense, double fort bonus
-- gela: +2 unholy
-- Goldslayer: immune to all damage types but normal, +3 strength, resist all spells, 1000% vs avatar
-- Golden Hammer: faster work rate? +1 strength, can grant engineer in city
-- Healing Salve: can lua heal
-- infernal grimoire: read grimoire
-- Jade torc: 20% spell resist, 25% poison resist
-- Nether blade: +2 death, 80% vs Hero ability units, (tag based?), also stops angel/devil respawn
-- orthus: +1 fire damage, blitz
-- barnaxus: can be deposited to allow rebuilding
-- Potion of Invis
-- potion of restoration
-- rod of winds +1 affinity for Air mana
-- Scorched Staff +1 affinity for fire mana
-- staff of souls +3 death, affinity for death mana
-- lyre, deposit only
-- timor, water walk, immune to fear
-- treasure no ability
-- War + 3 Unholy, also +1 armageddon on kill

INSERT INTO TypeTags(Type, Tag) VALUES
('SLTH_EQUIPMENT_ATHAME_ABILITY', 'CLASS_ALL_UNITS'),
('SLTH_EQUIPMENT_BLACK_MIRROR_ABILITY', 'CLASS_ALL_UNITS'),
('SLTH_EQUIPMENT_CROWN_OF_AKHARIEN_ABILITY', 'CLASS_ALL_UNITS'),
('SLTH_EQUIPMENT_CROWN_OF_COMMAND_ABILITY', 'CLASS_ALL_UNITS'),
('SLTH_EQUIPMENT_DRAGONS_HORDE_ABILITY', 'CLASS_ALL_UNITS'),
('SLTH_EQUIPMENT_EMPTY_BIER_ABILITY', 'CLASS_ALL_UNITS'),
('SLTH_EQUIPMENT_GELA_ABILITY', 'CLASS_ALL_UNITS'),
('SLTH_EQUIPMENT_GODSLAYER_ABILITY', 'CLASS_ALL_UNITS'),
('SLTH_EQUIPMENT_GOLDEN_HAMMER_ABILITY', 'CLASS_ALL_UNITS'),
('SLTH_EQUIPMENT_HEALING_SALVE_ABILITY', 'CLASS_ALL_UNITS'),
('SLTH_EQUIPMENT_INFERNAL_GRIMOIRE_ABILITY', 'CLASS_ALL_UNITS'),
('SLTH_EQUIPMENT_JADE_TORC_ABILITY', 'CLASS_ALL_UNITS'),
('SLTH_EQUIPMENT_NETHER_BLADE_ABILITY', 'CLASS_ALL_UNITS'),
('SLTH_EQUIPMENT_ORTHUSS_AXE_ABILITY', 'CLASS_ALL_UNITS'),
('SLTH_EQUIPMENT_PIECES_OF_BARNAXUS_ABILITY', 'CLASS_ALL_UNITS'),
('SLTH_EQUIPMENT_POTION_OF_INVISIBILITY_ABILITY', 'CLASS_ALL_UNITS'),
('SLTH_EQUIPMENT_POTION_OF_RESTORATION_ABILITY', 'CLASS_ALL_UNITS'),
('SLTH_EQUIPMENT_ROD_OF_WINDS_ABILITY', 'CLASS_ALL_UNITS'),
('SLTH_EQUIPMENT_SCORCHED_STAFF_ABILITY', 'CLASS_ALL_UNITS'),
('SLTH_EQUIPMENT_STAFF_OF_SOULS_ABILITY', 'CLASS_ALL_UNITS'),
('SLTH_EQUIPMENT_SYLIVENS_PERFECT_LYRE_ABILITY', 'CLASS_ALL_UNITS'),
('SLTH_EQUIPMENT_TIMOR_MASK_ABILITY', 'CLASS_ALL_UNITS'),
('SLTH_EQUIPMENT_TREASURE_ABILITY', 'CLASS_ALL_UNITS'),
('SLTH_EQUIPMENT_WAR_ABILITY', 'CLASS_ALL_UNITS');

INSERT INTO Types(Type, Kind) VALUES
('SLTH_EQUIPMENT_ATHAME', 'KIND_UNIT'),
('SLTH_EQUIPMENT_BLACK_MIRROR', 'KIND_UNIT'),
('SLTH_EQUIPMENT_CROWN_OF_AKHARIEN', 'KIND_UNIT'),
('SLTH_EQUIPMENT_CROWN_OF_COMMAND', 'KIND_UNIT'),
('SLTH_EQUIPMENT_DRAGONS_HORDE', 'KIND_UNIT'),
('SLTH_EQUIPMENT_EMPTY_BIER', 'KIND_UNIT'),
('SLTH_EQUIPMENT_GELA', 'KIND_UNIT'),
('SLTH_EQUIPMENT_GODSLAYER', 'KIND_UNIT'),
('SLTH_EQUIPMENT_GOLDEN_HAMMER', 'KIND_UNIT'),
('SLTH_EQUIPMENT_HEALING_SALVE', 'KIND_UNIT'),
('SLTH_EQUIPMENT_INFERNAL_GRIMOIRE', 'KIND_UNIT'),
('SLTH_EQUIPMENT_JADE_TORC', 'KIND_UNIT'),
('SLTH_EQUIPMENT_NETHER_BLADE', 'KIND_UNIT'),
('SLTH_EQUIPMENT_ORTHUSS_AXE', 'KIND_UNIT'),
('SLTH_EQUIPMENT_PIECES_OF_BARNAXUS', 'KIND_UNIT'),
('SLTH_EQUIPMENT_POTION_OF_INVISIBILITY', 'KIND_UNIT'),
('SLTH_EQUIPMENT_POTION_OF_RESTORATION', 'KIND_UNIT'),
('SLTH_EQUIPMENT_ROD_OF_WINDS', 'KIND_UNIT'),
('SLTH_EQUIPMENT_SCORCHED_STAFF', 'KIND_UNIT'),
('SLTH_EQUIPMENT_STAFF_OF_SOULS', 'KIND_UNIT'),
('SLTH_EQUIPMENT_SYLIVENS_PERFECT_LYRE', 'KIND_UNIT'),
('SLTH_EQUIPMENT_TIMOR_MASK', 'KIND_UNIT'),
('SLTH_EQUIPMENT_TREASURE', 'KIND_UNIT'),
('SLTH_EQUIPMENT_WAR', 'KIND_UNIT'),
('SLTH_EQUIPMENT_ATHAME_ABILITY', 'KIND_ABILITY'),
('SLTH_EQUIPMENT_BLACK_MIRROR_ABILITY', 'KIND_ABILITY'),
('SLTH_EQUIPMENT_CROWN_OF_AKHARIEN_ABILITY', 'KIND_ABILITY'),
('SLTH_EQUIPMENT_CROWN_OF_COMMAND_ABILITY', 'KIND_ABILITY'),
('SLTH_EQUIPMENT_DRAGONS_HORDE_ABILITY', 'KIND_ABILITY'),
('SLTH_EQUIPMENT_EMPTY_BIER_ABILITY', 'KIND_ABILITY'),
('SLTH_EQUIPMENT_GELA_ABILITY', 'KIND_ABILITY'),
('SLTH_EQUIPMENT_GODSLAYER_ABILITY', 'KIND_ABILITY'),
('SLTH_EQUIPMENT_GOLDEN_HAMMER_ABILITY', 'KIND_ABILITY'),
('SLTH_EQUIPMENT_HEALING_SALVE_ABILITY', 'KIND_ABILITY'),
('SLTH_EQUIPMENT_INFERNAL_GRIMOIRE_ABILITY', 'KIND_ABILITY'),
('SLTH_EQUIPMENT_JADE_TORC_ABILITY', 'KIND_ABILITY'),
('SLTH_EQUIPMENT_NETHER_BLADE_ABILITY', 'KIND_ABILITY'),
('SLTH_EQUIPMENT_ORTHUSS_AXE_ABILITY', 'KIND_ABILITY'),
('SLTH_EQUIPMENT_PIECES_OF_BARNAXUS_ABILITY', 'KIND_ABILITY'),
('SLTH_EQUIPMENT_POTION_OF_INVISIBILITY_ABILITY', 'KIND_ABILITY'),
('SLTH_EQUIPMENT_POTION_OF_RESTORATION_ABILITY', 'KIND_ABILITY'),
('SLTH_EQUIPMENT_ROD_OF_WINDS_ABILITY', 'KIND_ABILITY'),
('SLTH_EQUIPMENT_SCORCHED_STAFF_ABILITY', 'KIND_ABILITY'),
('SLTH_EQUIPMENT_STAFF_OF_SOULS_ABILITY', 'KIND_ABILITY'),
('SLTH_EQUIPMENT_SYLIVENS_PERFECT_LYRE_ABILITY', 'KIND_ABILITY'),
('SLTH_EQUIPMENT_TIMOR_MASK_ABILITY', 'KIND_ABILITY'),
('SLTH_EQUIPMENT_TREASURE_ABILITY', 'KIND_ABILITY'),
('SLTH_EQUIPMENT_WAR_ABILITY', 'KIND_ABILITY');


