INSERT INTO Units(UnitType, Name, BaseSightRange, BaseMoves, Domain, FormationClass, Cost, Description, AdvisorType, CanCapture, CanTrain) VALUES
('SLTH_EQUIPMENT_ATHAME', 'LOC_SLTH_EQUIPMENT_ATHAME_NAME', '0', '0','DOMAIN_IMMOBILE', 'FORMATION_CLASS_CIVILIAN', '-1', 'LOC_SLTH_EQUIPMENT_ATHAME_DESCRIPTION', 'ADVISOR_CONQUEST', '1', '0'),
('SLTH_EQUIPMENT_BLACK_MIRROR', 'LOC_SLTH_EQUIPMENT_BLACK_MIRROR_NAME', '0', '0','DOMAIN_IMMOBILE', 'FORMATION_CLASS_CIVILIAN', '-1', 'LOC_SLTH_EQUIPMENT_BLACK_MIRROR_DESCRIPTION', 'ADVISOR_CONQUEST', '1', '0'),
('SLTH_EQUIPMENT_CROWN_OF_AKHARIEN', 'LOC_SLTH_EQUIPMENT_CROWN_OF_AKHARIEN_NAME', '0', '0','DOMAIN_IMMOBILE', 'FORMATION_CLASS_CIVILIAN', '-1', 'LOC_SLTH_EQUIPMENT_CROWN_OF_AKHARIEN_DESCRIPTION', 'ADVISOR_CONQUEST', '1', '0'),
('SLTH_EQUIPMENT_CROWN_OF_COMMAND', 'LOC_SLTH_EQUIPMENT_CROWN_OF_COMMAND_NAME', '0', '0','DOMAIN_IMMOBILE', 'FORMATION_CLASS_CIVILIAN', '-1', 'LOC_SLTH_EQUIPMENT_CROWN_OF_COMMAND_DESCRIPTION',   'ADVISOR_CONQUEST', '1', '0'),
('SLTH_EQUIPMENT_DRAGONS_HORDE', 'LOC_SLTH_EQUIPMENT_DRAGONS_HORDE_NAME', '0', '0','DOMAIN_IMMOBILE', 'FORMATION_CLASS_CIVILIAN', '-1', 'LOC_SLTH_EQUIPMENT_DRAGONS_HORDE_DESCRIPTION',   'ADVISOR_CONQUEST', '1', '0'),
('SLTH_EQUIPMENT_EMPTY_BIER', 'LOC_SLTH_EQUIPMENT_EMPTY_BIER_NAME', '0', '0','DOMAIN_IMMOBILE', 'FORMATION_CLASS_CIVILIAN', '-1', 'LOC_SLTH_EQUIPMENT_EMPTY_BIER_DESCRIPTION',   'ADVISOR_CONQUEST', '1', '0'),
('SLTH_EQUIPMENT_GELA', 'LOC_SLTH_EQUIPMENT_GELA_NAME', '0', '0','DOMAIN_IMMOBILE', 'FORMATION_CLASS_CIVILIAN', '-1', 'LOC_SLTH_EQUIPMENT_GELA_DESCRIPTION',   'ADVISOR_CONQUEST', '1', '0'),
('SLTH_EQUIPMENT_GODSLAYER', 'LOC_SLTH_EQUIPMENT_GODSLAYER_NAME', '0', '0','DOMAIN_IMMOBILE', 'FORMATION_CLASS_CIVILIAN', '-1', 'LOC_SLTH_EQUIPMENT_GODSLAYER_DESCRIPTION',   'ADVISOR_CONQUEST', '1', '0'),
('SLTH_EQUIPMENT_GOLDEN_HAMMER', 'LOC_SLTH_EQUIPMENT_GOLDEN_HAMMER_NAME', '0', '0','DOMAIN_IMMOBILE', 'FORMATION_CLASS_CIVILIAN', '-1', 'LOC_SLTH_EQUIPMENT_GOLDEN_HAMMER_DESCRIPTION',   'ADVISOR_GENERIC', '1', '0'),
('SLTH_EQUIPMENT_HEALING_SALVE', 'LOC_SLTH_EQUIPMENT_HEALING_SALVE_NAME', '0', '0','DOMAIN_IMMOBILE', 'FORMATION_CLASS_CIVILIAN', '-1', 'LOC_SLTH_EQUIPMENT_HEALING_SALVE_DESCRIPTION',   'ADVISOR_CONQUEST', '1', '0'),
('SLTH_EQUIPMENT_INFERNAL_GRIMOIRE', 'LOC_SLTH_EQUIPMENT_INFERNAL_GRIMOIRE_NAME', '0', '0','DOMAIN_IMMOBILE', 'FORMATION_CLASS_CIVILIAN', '-1', 'LOC_SLTH_EQUIPMENT_INFERNAL_GRIMOIRE_DESCRIPTION',   'ADVISOR_CONQUEST', '1', '0'),
('SLTH_EQUIPMENT_JADE_TORC', 'LOC_SLTH_EQUIPMENT_JADE_TORC_NAME', '0', '0','DOMAIN_IMMOBILE', 'FORMATION_CLASS_CIVILIAN', '-1', 'LOC_SLTH_EQUIPMENT_JADE_TORC_DESCRIPTION',   'ADVISOR_CONQUEST', '1', '0'),
('SLTH_EQUIPMENT_NETHER_BLADE', 'LOC_SLTH_EQUIPMENT_NETHER_BLADE_NAME', '0', '0','DOMAIN_IMMOBILE', 'FORMATION_CLASS_CIVILIAN', '-1', 'LOC_SLTH_EQUIPMENT_NETHER_BLADE_DESCRIPTION',   'ADVISOR_CONQUEST', '1', '0'),
('SLTH_EQUIPMENT_ORTHUSS_AXE', 'LOC_SLTH_EQUIPMENT_ORTHUSS_AXE_NAME', '0', '0','DOMAIN_IMMOBILE', 'FORMATION_CLASS_CIVILIAN', '-1', 'LOC_SLTH_EQUIPMENT_ORTHUSS_AXE_DESCRIPTION',   'ADVISOR_CONQUEST', '1', '0'),
('SLTH_EQUIPMENT_PIECES_OF_BARNAXUS', 'LOC_SLTH_EQUIPMENT_PIECES_OF_BARNAXUS_NAME', '0', '0','DOMAIN_IMMOBILE', 'FORMATION_CLASS_CIVILIAN', '-1', 'LOC_SLTH_EQUIPMENT_PIECES_OF_BARNAXUS_DESCRIPTION',   'ADVISOR_CONQUEST', '1', '0'),
('SLTH_EQUIPMENT_POTION_OF_INVISIBILITY', 'LOC_SLTH_EQUIPMENT_POTION_OF_INVISIBILITY_NAME', '0', '0','DOMAIN_IMMOBILE', 'FORMATION_CLASS_CIVILIAN', '-1', 'LOC_SLTH_EQUIPMENT_POTION_OF_INVISIBILITY_DESCRIPTION',   'ADVISOR_CONQUEST', '1', '0'),
('SLTH_EQUIPMENT_POTION_OF_RESTORATION', 'LOC_SLTH_EQUIPMENT_POTION_OF_RESTORATION_NAME', '0', '0','DOMAIN_IMMOBILE', 'FORMATION_CLASS_CIVILIAN', '-1', 'LOC_SLTH_EQUIPMENT_POTION_OF_RESTORATION_DESCRIPTION',   'ADVISOR_CONQUEST', '1', '0'),
('SLTH_EQUIPMENT_ROD_OF_WINDS', 'LOC_SLTH_EQUIPMENT_ROD_OF_WINDS_NAME', '0', '0','DOMAIN_IMMOBILE', 'FORMATION_CLASS_CIVILIAN', '-1', 'LOC_SLTH_EQUIPMENT_ROD_OF_WINDS_DESCRIPTION',   'ADVISOR_CONQUEST', '1', '0'),
('SLTH_EQUIPMENT_SCORCHED_STAFF', 'LOC_SLTH_EQUIPMENT_SCORCHED_STAFF_NAME', '0', '0','DOMAIN_IMMOBILE', 'FORMATION_CLASS_CIVILIAN', '-1', 'LOC_SLTH_EQUIPMENT_SCORCHED_STAFF_DESCRIPTION',   'ADVISOR_CONQUEST', '1', '0'),
('SLTH_EQUIPMENT_SPELL_STAFF', 'LOC_SLTH_EQUIPMENT_SPELL_STAFF_NAME', '0', '0','DOMAIN_IMMOBILE', 'FORMATION_CLASS_CIVILIAN', '-1', 'LOC_SLTH_EQUIPMENT_SPELL_STAFF_DESCRIPTION',   'ADVISOR_CONQUEST', '1', '0'),
('SLTH_EQUIPMENT_STAFF_OF_SOULS', 'LOC_SLTH_EQUIPMENT_STAFF_OF_SOULS_NAME', '0', '0','DOMAIN_IMMOBILE', 'FORMATION_CLASS_CIVILIAN', '-1', 'LOC_SLTH_EQUIPMENT_STAFF_OF_SOULS_DESCRIPTION',   'ADVISOR_CONQUEST', '1', '0'),
('SLTH_EQUIPMENT_SYLIVENS_PERFECT_LYRE', 'LOC_SLTH_EQUIPMENT_SYLIVENS_PERFECT_LYRE_NAME', '0', '0','DOMAIN_IMMOBILE', 'FORMATION_CLASS_CIVILIAN', '-1', 'LOC_SLTH_EQUIPMENT_SYLIVENS_PERFECT_LYRE_DESCRIPTION',   'ADVISOR_CONQUEST', '1', '0'),
('SLTH_EQUIPMENT_TIMOR_MASK', 'LOC_SLTH_EQUIPMENT_TIMOR_MASK_NAME', '0', '0','DOMAIN_IMMOBILE', 'FORMATION_CLASS_CIVILIAN', '-1', 'LOC_SLTH_EQUIPMENT_TIMOR_MASK_DESCRIPTION',   'ADVISOR_CONQUEST', '1', '0'),
('SLTH_EQUIPMENT_TREASURE', 'LOC_SLTH_EQUIPMENT_TREASURE_NAME', '0', '0','DOMAIN_IMMOBILE', 'FORMATION_CLASS_CIVILIAN', '-1', 'LOC_SLTH_EQUIPMENT_TREASURE_DESCRIPTION',   'ADVISOR_CONQUEST', '1', '0'),
('SLTH_EQUIPMENT_WAR', 'LOC_SLTH_EQUIPMENT_WAR_NAME', '0', '0','DOMAIN_IMMOBILE', 'FORMATION_CLASS_CIVILIAN', '-1', 'LOC_SLTH_EQUIPMENT_WAR_DESCRIPTION',   'ADVISOR_CONQUEST', '1', '0');
-- missing Grimoire

INSERT INTO UnitAbilities(UnitAbilityType, Name, Description, Inactive, ShowFloatTextWhenEarned) VALUES
('SLTH_EQUIPMENT_ATHAME_ABILITY', 'LOC_SLTH_EQUIPMENT_ATHAME_NAME', 'LOC_SLTH_EQUIPMENT_ATHAME_DESCRIPTION', '1', '1'),
('SLTH_EQUIPMENT_BLACK_MIRROR_ABILITY', 'LOC_SLTH_EQUIPMENT_BLACK_MIRROR_NAME', 'LOC_SLTH_EQUIPMENT_BLACK_MIRROR_DESCRIPTION', '1', '1'),
('SLTH_EQUIPMENT_CROWN_OF_AKHARIEN_ABILITY', 'LOC_SLTH_EQUIPMENT_CROWN_OF_AKHARIEN_NAME', 'LOC_SLTH_EQUIPMENT_CROWN_OF_AKHARIEN_DESCRIPTION', '1', '1'),
('SLTH_EQUIPMENT_CROWN_OF_COMMAND_ABILITY', 'LOC_SLTH_EQUIPMENT_CROWN_OF_COMMAND_NAME', 'LOC_SLTH_EQUIPMENT_CROWN_OF_COMMAND_DESCRIPTION', '1', '1'),
('SLTH_EQUIPMENT_DRAGONS_HORDE_ABILITY', 'LOC_SLTH_EQUIPMENT_DRAGONS_HORDE_NAME', 'LOC_SLTH_EQUIPMENT_DRAGONS_HORDE_DESCRIPTION', '1', '1'),
('SLTH_EQUIPMENT_EMPTY_BIER_ABILITY', 'LOC_SLTH_EQUIPMENT_EMPTY_BIER_NAME', 'LOC_SLTH_EQUIPMENT_EMPTY_BIER_DESCRIPTION', '1', '1'),
('SLTH_EQUIPMENT_GELA_ABILITY', 'LOC_SLTH_EQUIPMENT_GELA_NAME', 'LOC_SLTH_EQUIPMENT_GELA_DESCRIPTION', '1', '1'),
('SLTH_EQUIPMENT_GODSLAYER_ABILITY', 'LOC_SLTH_EQUIPMENT_GODSLAYER_NAME', 'LOC_SLTH_EQUIPMENT_GODSLAYER_DESCRIPTION', '1', '1'),
('SLTH_EQUIPMENT_GOLDEN_HAMMER_ABILITY', 'LOC_SLTH_EQUIPMENT_GOLDEN_HAMMER_NAME', 'LOC_SLTH_EQUIPMENT_GOLDEN_HAMMER_DESCRIPTION', '1', '1'),
('SLTH_EQUIPMENT_HEALING_SALVE_ABILITY', 'LOC_SLTH_EQUIPMENT_HEALING_SALVE_NAME', 'LOC_SLTH_EQUIPMENT_HEALING_SALVE_DESCRIPTION', '1', '1'),
('SLTH_EQUIPMENT_INFERNAL_GRIMOIRE_ABILITY', 'LOC_SLTH_EQUIPMENT_INFERNAL_GRIMOIRE_NAME', 'LOC_SLTH_EQUIPMENT_INFERNAL_GRIMOIRE_DESCRIPTION', '1', '1'),
('SLTH_EQUIPMENT_JADE_TORC_ABILITY', 'LOC_SLTH_EQUIPMENT_JADE_TORC_NAME', 'LOC_SLTH_EQUIPMENT_JADE_TORC_DESCRIPTION', '1', '1'),
('SLTH_EQUIPMENT_NETHER_BLADE_ABILITY', 'LOC_SLTH_EQUIPMENT_NETHER_BLADE_NAME', 'LOC_SLTH_EQUIPMENT_NETHER_BLADE_DESCRIPTION', '1', '1'),
('SLTH_EQUIPMENT_ORTHUSS_AXE_ABILITY', 'LOC_SLTH_EQUIPMENT_ORTHUSS_AXE_NAME', 'LOC_SLTH_EQUIPMENT_ORTHUSS_AXE_DESCRIPTION', '1', '1'),
('SLTH_EQUIPMENT_PIECES_OF_BARNAXUS_ABILITY', 'LOC_SLTH_EQUIPMENT_PIECES_OF_BARNAXUS_NAME', 'LOC_SLTH_EQUIPMENT_PIECES_OF_BARNAXUS_DESCRIPTION', '1', '1'),
('SLTH_EQUIPMENT_POTION_OF_INVISIBILITY_ABILITY', 'LOC_SLTH_EQUIPMENT_POTION_OF_INVISIBILITY_NAME', 'LOC_SLTH_EQUIPMENT_POTION_OF_INVISIBILITY_DESCRIPTION', '1', '1'),
('SLTH_EQUIPMENT_POTION_OF_RESTORATION_ABILITY', 'LOC_SLTH_EQUIPMENT_POTION_OF_RESTORATION_NAME', 'LOC_SLTH_EQUIPMENT_POTION_OF_RESTORATION_DESCRIPTION', '1', '1'),
('SLTH_EQUIPMENT_ROD_OF_WINDS_ABILITY', 'LOC_SLTH_EQUIPMENT_ROD_OF_WINDS_NAME', 'LOC_SLTH_EQUIPMENT_ROD_OF_WINDS_DESCRIPTION', '1', '1'),
('SLTH_EQUIPMENT_SCORCHED_STAFF_ABILITY', 'LOC_SLTH_EQUIPMENT_SCORCHED_STAFF_NAME', 'LOC_SLTH_EQUIPMENT_SCORCHED_STAFF_DESCRIPTION', '1', '1'),
('SLTH_EQUIPMENT_SPELL_STAFF_ABILITY', 'LOC_SLTH_EQUIPMENT_SPELL_STAFF_NAME', 'LOC_SLTH_EQUIPMENT_SPELL_STAFF_DESCRIPTION', '1', '1'),
('SLTH_EQUIPMENT_STAFF_OF_SOULS_ABILITY', 'LOC_SLTH_EQUIPMENT_STAFF_OF_SOULS_NAME', 'LOC_SLTH_EQUIPMENT_STAFF_OF_SOULS_DESCRIPTION', '1', '1'),
('SLTH_EQUIPMENT_SYLIVENS_PERFECT_LYRE_ABILITY', 'LOC_SLTH_EQUIPMENT_SYLIVENS_PERFECT_LYRE_NAME', 'LOC_SLTH_EQUIPMENT_SYLIVENS_PERFECT_LYRE_DESCRIPTION', '1', '1'),
('SLTH_EQUIPMENT_TIMOR_MASK_ABILITY', 'LOC_SLTH_EQUIPMENT_TIMOR_MASK_NAME', 'LOC_SLTH_EQUIPMENT_TIMOR_MASK_DESCRIPTION', '1', '1'),
('SLTH_EQUIPMENT_TREASURE_ABILITY', 'LOC_SLTH_EQUIPMENT_TREASURE_NAME', 'LOC_SLTH_EQUIPMENT_TREASURE_DESCRIPTION', '1', '1'),
('SLTH_EQUIPMENT_WAR_ABILITY', 'LOC_SLTH_EQUIPMENT_WAR_NAME', 'LOC_SLTH_EQUIPMENT_WAR_DESCRIPTION', '1', '1');

-- can cast mirror
-- immune to magic, can grant crown in city
-- chance to convert unit, 30%
-- dragons horde uh nothing except lua, can grant dragons horde in city
-- empty bier: +2 defense, double fort bonus
-- Goldslayer: immune to all damage types but normal, +3 strength, resist all spells, 1000% vs avatar. cant scale that bleh.
-- Golden Hammer: faster work rate? +1 strength, can grant engineer in city
-- Healing Salve: can lua heal
-- infernal grimoire: read grimoire lua
-- Jade torc: 20% spell resist, 25% poison resist
-- Nether blade: +2 death, 80% vs Hero ability units, (tag based?), also stops angel/devil respawn
-- barnaxus: can be deposited to allow rebuilding
-- Potion of Invis
-- potion of restoration
-- rod of winds +1 affinity for Air mana
-- Scorched Staff +1 affinity for fire mana
-- staff of souls +3 death, affinity for death mana
-- lyre, deposit only
-- timor, water walk, immune to fear
-- treasure no ability
-- War + 3 Unholy, also +1 armageddon on kill

INSERT INTO UnitAbilityModifiers(UnitAbilityType, ModifierId) VALUES
('SLTH_EQUIPMENT_EMPTY_BIER_ABILITY', '8_STRENGTH_ON_DEFENSE_BIER'),
('SLTH_EQUIPMENT_GOLDEN_HAMMER_ABILITY', 'SLTH_GENERIC_4_COMBAT'),
('SLTH_EQUIPMENT_NETHER_BLADE_ABILITY', 'STRONGER_AGAINST_HEROES'),
('SLTH_EQUIPMENT_ORTHUSS_AXE_ABILITY', 'ELITE_GUARD_ADDITIONAL_ATTACK'),
('SLTH_EQUIPMENT_ORTHUSS_AXE_ABILITY', 'MOD_MOVE_AFTER_ATTACKING'),
('SLTH_EQUIPMENT_TIMOR_MASK_ABILITY', 'GDR_FIGHT_WHILE_EMBARKED');                      -- nicked from GDR

INSERT INTO Requirements(RequirementId, RequirementType) VALUES
('SLTH_OPPONENT_IS_HERO', 'REQUIREMENT_OPPONENT_UNIT_TAG_MATCHES');

INSERT INTO RequirementArguments(RequirementId, Name, Value) VALUES
('SLTH_OPPONENT_IS_HERO', 'Tag', 'SLTH_CLASS_HERO');

INSERT INTO RequirementSetRequirements(RequirementSetId, RequirementId) VALUES
('SLTH_OPPONENT_IS_HERO_REQS', 'SLTH_OPPONENT_IS_HERO');

INSERT INTO RequirementSets(RequirementSetId, RequirementSetType) VALUES
('SLTH_OPPONENT_IS_HERO_REQS', 'REQUIREMENTSET_TEST_ALL');

INSERT INTO Modifiers(ModifierId, ModifierType, SubjectRequirementSetId) VALUES
('STRONGER_AGAINST_HEROES', 'MODIFIER_UNIT_ADJUST_COMBAT_STRENGTH', 'SLTH_OPPONENT_IS_HERO_REQS'),
('8_STRENGTH_ON_DEFENSE_BIER', 'MODIFIER_UNIT_ADJUST_COMBAT_STRENGTH', 'REQUIREMENT_SLTH_UNIT_ON_DEFENSE');

INSERT INTO ModifierArguments(ModifierId, Name, Type, Value) VALUES
('STRONGER_AGAINST_HEROES', 'Amount', 'ARGTYPE_IDENTITY', '16'),
('8_STRENGTH_ON_DEFENSE_BIER', 'Amount', 'ARGTYPE_IDENTITY', '8');

INSERT INTO ModifierStrings(ModifierId, Context, Text) VALUES
('STRONGER_AGAINST_HEROES', 'Preview', 'LOC_STRONGER_AGAINST_HEROES'),
('8_STRENGTH_ON_DEFENSE_BIER', 'Preview', 'LOC_BIER');

-- SLTH_EQUIPMENT_ATHAME_ABILITY poison 3
-- WAR unholy 3
INSERT INTO UnitAbilityModifiers(UnitAbilityType, ModifierId) VALUES
('SLTH_EQUIPMENT_ATHAME_ABILITY', 'MODIFIER_POISON_DAMAGE_MR_CHECKER_3'),
('SLTH_EQUIPMENT_ATHAME_ABILITY', 'MODIFIER_POISON_DAMAGE_RACIAL_CHECKER_3'),
('SLTH_EQUIPMENT_ATHAME_ABILITY', 'MODIFIER_POISON_DAMAGE_STONESKIN_CHECKER_3'),
('SLTH_EQUIPMENT_ATHAME_ABILITY', 'MODIFIER_POISON_DAMAGE_SPECIFIC_RESIST_CHECKER_3'),
('SLTH_EQUIPMENT_GELA_ABILITY', 'MODIFIER_UNHOLY_DAMAGE_UNHOLY_TAINT_CHECKER_2'),
('SLTH_EQUIPMENT_GELA_ABILITY', 'MODIFIER_UNHOLY_DAMAGE_RACIAL_CHECKER_2'),
('SLTH_EQUIPMENT_GELA_ABILITY', 'MODIFIER_UNHOLY_DAMAGE_STONESKIN_CHECKER_2'),
('SLTH_EQUIPMENT_GELA_ABILITY', 'MODIFIER_UNHOLY_DAMAGE_SUNDERED_CHECKER_2'),
('SLTH_EQUIPMENT_NETHER_BLADE_ABILITY', 'MODIFIER_DEATH_DAMAGE_MR_CHECKER_2'),
('SLTH_EQUIPMENT_NETHER_BLADE_ABILITY', 'MODIFIER_DEATH_DAMAGE_RACIAL_CHECKER_2'),
('SLTH_EQUIPMENT_NETHER_BLADE_ABILITY', 'MODIFIER_DEATH_DAMAGE_STONESKIN_CHECKER_2'),
('SLTH_EQUIPMENT_NETHER_BLADE_ABILITY', 'MODIFIER_DEATH_DAMAGE_SHEUT_CHECKER_2'),
('SLTH_EQUIPMENT_NETHER_BLADE_ABILITY', 'MODIFIER_DEATH_DAMAGE_MAGIC_IMMUNE_PROMO_CHECKER_2'),
('SLTH_EQUIPMENT_ORTHUSS_AXE_ABILITY', 'MODIFIER_FIRE_DAMAGE_MR_CHECKER_1'),
('SLTH_EQUIPMENT_ORTHUSS_AXE_ABILITY', 'MODIFIER_FIRE_DAMAGE_RACIAL_CHECKER_1'),
('SLTH_EQUIPMENT_ORTHUSS_AXE_ABILITY', 'MODIFIER_FIRE_DAMAGE_STONESKIN_CHECKER_1'),
('SLTH_EQUIPMENT_ORTHUSS_AXE_ABILITY', 'MODIFIER_FIRE_DAMAGE_SPECIFIC_RESIST_CHECKER_1'),
--( 'SLTH_EQUIPMENT_ORTHUSS_AXE_ABILITY', 'MODIFIER_FIRE_DAMAGE_IS_WINTERBORN_CHECKER_MORE_1'),
('SLTH_EQUIPMENT_ORTHUSS_AXE_ABILITY', 'MODIFIER_FIRE_DAMAGE_IS_FROSTLING_CHECKER_MORE_1'),
-- ( 'SLTH_EQUIPMENT_ORTHUSS_AXE_ABILITY', 'MODIFIER_FIRE_DAMAGE_VULNERABLE_TO_FIRE_CHECKER_MORE_1'),
('SLTH_EQUIPMENT_STAFF_OF_SOULS_ABILITY', 'MODIFIER_DEATH_DAMAGE_MR_CHECKER_3'),
('SLTH_EQUIPMENT_STAFF_OF_SOULS_ABILITY', 'MODIFIER_DEATH_DAMAGE_RACIAL_CHECKER_3'),
('SLTH_EQUIPMENT_STAFF_OF_SOULS_ABILITY', 'MODIFIER_DEATH_DAMAGE_STONESKIN_CHECKER_3'),
('SLTH_EQUIPMENT_STAFF_OF_SOULS_ABILITY', 'MODIFIER_DEATH_DAMAGE_SHEUT_CHECKER_3'),
('SLTH_EQUIPMENT_STAFF_OF_SOULS_ABILITY', 'MODIFIER_DEATH_DAMAGE_MAGIC_IMMUNE_PROMO_CHECKER_3'),
('SLTH_EQUIPMENT_WAR_ABILITY', 'MODIFIER_UNHOLY_DAMAGE_UNHOLY_TAINT_CHECKER_3'),
('SLTH_EQUIPMENT_WAR_ABILITY', 'MODIFIER_UNHOLY_DAMAGE_RACIAL_CHECKER_3'),
('SLTH_EQUIPMENT_WAR_ABILITY', 'MODIFIER_UNHOLY_DAMAGE_STONESKIN_CHECKER_3'),
('SLTH_EQUIPMENT_WAR_ABILITY', 'MODIFIER_UNHOLY_DAMAGE_SUNDERED_CHECKER_3');

INSERT INTO TypeTags(Type, Tag) VALUES
('SLTH_EQUIPMENT_ATHAME_ABILITY', 'CLASS_ALL_UNITS'),
('SLTH_EQUIPMENT_BLACK_MIRROR_ABILITY', 'CLASS_ALL_UNITS'),
('SLTH_EQUIPMENT_CROWN_OF_AKHARIEN_ABILITY', 'CLASS_ALL_UNITS'),
('SLTH_EQUIPMENT_CROWN_OF_COMMAND_ABILITY', 'CLASS_ALL_UNITS'),
('SLTH_EQUIPMENT_DRAGONS_HORDE_ABILITY', 'CLASS_ALL_UNITS'),
('SLTH_EQUIPMENT_EMPTY_BIER_ABILITY', 'CLASS_ALL_UNITS'),
('SLTH_EQUIPMENT_GELA_ABILITY', 'CLASS_ALL_UNITS'),
('SLTH_EQUIPMENT_GODSLAYER_ABILITY', 'CLASS_ALL_UNITS'),
('SLTH_EQUIPMENT_GOLDEN_HAMMER_ABILITY', 'CLASS_ALL_UNITS'),
('SLTH_EQUIPMENT_HEALING_SALVE_ABILITY', 'CLASS_ALL_UNITS'),
('SLTH_EQUIPMENT_INFERNAL_GRIMOIRE_ABILITY', 'CLASS_ALL_UNITS'),
('SLTH_EQUIPMENT_JADE_TORC_ABILITY', 'CLASS_ALL_UNITS'),
('SLTH_EQUIPMENT_NETHER_BLADE_ABILITY', 'CLASS_ALL_UNITS'),
('SLTH_EQUIPMENT_ORTHUSS_AXE_ABILITY', 'CLASS_ALL_UNITS'),
('SLTH_EQUIPMENT_PIECES_OF_BARNAXUS_ABILITY', 'CLASS_ALL_UNITS'),
('SLTH_EQUIPMENT_POTION_OF_INVISIBILITY_ABILITY', 'CLASS_ALL_UNITS'),
('SLTH_EQUIPMENT_POTION_OF_RESTORATION_ABILITY', 'CLASS_ALL_UNITS'),
('SLTH_EQUIPMENT_ROD_OF_WINDS_ABILITY', 'CLASS_ALL_UNITS'),
('SLTH_EQUIPMENT_SCORCHED_STAFF_ABILITY', 'CLASS_ALL_UNITS'),
('SLTH_EQUIPMENT_SPELL_STAFF_ABILITY', 'CLASS_ALL_UNITS'),
('SLTH_EQUIPMENT_STAFF_OF_SOULS_ABILITY', 'CLASS_ALL_UNITS'),
('SLTH_EQUIPMENT_SYLIVENS_PERFECT_LYRE_ABILITY', 'CLASS_ALL_UNITS'),
('SLTH_EQUIPMENT_TIMOR_MASK_ABILITY', 'CLASS_ALL_UNITS'),
('SLTH_EQUIPMENT_TREASURE_ABILITY', 'CLASS_ALL_UNITS'),
('SLTH_EQUIPMENT_WAR_ABILITY', 'CLASS_ALL_UNITS');

INSERT INTO Modifiers(ModifierId, ModifierType, SubjectRequirementSetId) VALUES
('MODIFIER_UNHOLY_DAMAGE_UNHOLY_TAINT_CHECKER_3', 'MODIFIER_UNIT_ADJUST_COMBAT_STRENGTH', 'UNHOLY_IMMUNE_REQS'),
('MODIFIER_UNHOLY_DAMAGE_RACIAL_CHECKER_3', 'MODIFIER_UNIT_ADJUST_COMBAT_STRENGTH', 'UNIT_UNHOLY_RESIST_RACIAL'),
('MODIFIER_UNHOLY_DAMAGE_STONESKIN_CHECKER_3', 'MODIFIER_UNIT_ADJUST_COMBAT_STRENGTH', 'UNHOLY_IMMUNE_REQS'),
('MODIFIER_UNHOLY_DAMAGE_SUNDERED_CHECKER_3', 'MODIFIER_UNIT_ADJUST_COMBAT_STRENGTH', 'UNHOLY_IMMUNE_REQS'),
('MODIFIER_POISON_DAMAGE_MR_CHECKER_3', 'MODIFIER_UNIT_ADJUST_COMBAT_STRENGTH', 'POISON_IMMUNE_REQS'),
('MODIFIER_POISON_DAMAGE_RACIAL_CHECKER_3', 'MODIFIER_UNIT_ADJUST_COMBAT_STRENGTH', 'UNIT_POISON_RESIST_RACIAL'),
('MODIFIER_POISON_DAMAGE_STONESKIN_CHECKER_3', 'MODIFIER_UNIT_ADJUST_COMBAT_STRENGTH', 'POISON_IMMUNE_REQS'),
('MODIFIER_POISON_DAMAGE_SPECIFIC_RESIST_CHECKER_3', 'MODIFIER_UNIT_ADJUST_COMBAT_STRENGTH', 'POISON_IMMUNE_REQS');

INSERT INTO ModifierArguments(ModifierId, Name, Type, Value) VALUES
('MODIFIER_UNHOLY_DAMAGE_UNHOLY_TAINT_CHECKER_3', 'Amount', 'ARGTYPE_IDENTITY', '3'),
('MODIFIER_UNHOLY_DAMAGE_RACIAL_CHECKER_3', 'Amount', 'ARGTYPE_IDENTITY', '6'),
('MODIFIER_UNHOLY_DAMAGE_STONESKIN_CHECKER_3', 'Amount', 'ARGTYPE_IDENTITY', '6'),
('MODIFIER_UNHOLY_DAMAGE_SUNDERED_CHECKER_3', 'Amount', 'ARGTYPE_IDENTITY', '3'),
('MODIFIER_POISON_DAMAGE_MR_CHECKER_3', 'Amount', 'ARGTYPE_IDENTITY', '3'),
('MODIFIER_POISON_DAMAGE_RACIAL_CHECKER_3', 'Amount', 'ARGTYPE_IDENTITY', '3'),
('MODIFIER_POISON_DAMAGE_STONESKIN_CHECKER_3', 'Amount', 'ARGTYPE_IDENTITY', '6'),
('MODIFIER_POISON_DAMAGE_SPECIFIC_RESIST_CHECKER_3', 'Amount', 'ARGTYPE_IDENTITY', '6');


-- assignments

INSERT INTO UnitAbilities(UnitAbilityType, Name, Description, Inactive, Permanent) VALUES
('SLTH_EQUIPMENT_ATHAME_ABILITY_INHERENT', 'LOC_SLTH_EQUIPMENT_ATHAME_ABILITY_INHERENT_NAME', 'LOC_SLTH_EQUIPMENT_ATHAME_ABILITY_INHERENT_DESCRIPTION','0', '1'),
('SLTH_EQUIPMENT_BLACK_MIRROR_INHERENT', 'LOC_SLTH_EQUIPMENT_BLACK_MIRROR_INHERENT_NAME', 'LOC_SLTH_EQUIPMENT_BLACK_MIRROR_INHERENT_DESCRIPTION','0', '1'),
('SLTH_EQUIPMENT_CROWN_OF_COMMAND_ABILITY_INHERENT', 'LOC_SLTH_EQUIPMENT_CROWN_OF_COMMAND_ABILITY_INHERENT_NAME', 'LOC_SLTH_EQUIPMENT_CROWN_OF_COMMAND_ABILITY_INHERENT_DESCRIPTION','0', '1'),
('SLTH_EQUIPMENT_EMPTY_BIER_ABILITY_INHERENT', 'LOC_SLTH_EQUIPMENT_EMPTY_BIER_ABILITY_INHERENT_NAME', 'LOC_SLTH_EQUIPMENT_EMPTY_BIER_ABILITY_INHERENT_DESCRIPTION','0', '1'),
('SLTH_EQUIPMENT_GELA_ABILITY_INHERENT', 'LOC_SLTH_EQUIPMENT_GELA_ABILITY_INHERENT_NAME', 'LOC_SLTH_EQUIPMENT_GELA_ABILITY_INHERENT_DESCRIPTION','0', '1'),
('SLTH_EQUIPMENT_NETHER_BLADE_ABILITY_INHERENT', 'LOC_SLTH_EQUIPMENT_NETHER_BLADE_ABILITY_INHERENT_NAME', 'LOC_SLTH_EQUIPMENT_NETHER_BLADE_ABILITY_INHERENT_DESCRIPTION','0', '1'),
('SLTH_EQUIPMENT_ORTHUSS_AXE_ABILITY_INHERENT', 'LOC_SLTH_EQUIPMENT_ORTHUSS_AXE_ABILITY_INHERENT_NAME', 'LOC_SLTH_EQUIPMENT_ORTHUSS_AXE_ABILITY_INHERENT_DESCRIPTION','0', '1'),
('SLTH_EQUIPMENT_PIECES_OF_BARNAXUS_ABILITY_INHERENT', 'LOC_SLTH_EQUIPMENT_PIECES_OF_BARNAXUS_ABILITY_INHERENT_NAME', 'LOC_SLTH_EQUIPMENT_PIECES_OF_BARNAXUS_ABILITY_INHERENT_DESCRIPTION','0', '1'),
('SLTH_EQUIPMENT_WAR_ABILITY_INHERENT', 'LOC_SLTH_EQUIPMENT_WAR_ABILITY_INHERENT_NAME', 'LOC_SLTH_EQUIPMENT_WAR_ABILITY_INHERENT_DESCRIPTION','0', '1');

INSERT INTO Modifiers(ModifierId, ModifierType, RunOnce, Permanent) VALUES
('MODIFIER_SLTH_EQUIPMENT_ATHAME_ABILITY_INHERENT', 'MODIFIER_PLAYER_UNIT_GRANT_ABILITY', '1', '1'),
('MODIFIER_SLTH_EQUIPMENT_BLACK_MIRROR_INHERENT', 'MODIFIER_PLAYER_UNIT_GRANT_ABILITY', '1', '1'),
('MODIFIER_SLTH_EQUIPMENT_CROWN_OF_COMMAND_ABILITY_INHERENT', 'MODIFIER_PLAYER_UNIT_GRANT_ABILITY', '1', '1'),
('MODIFIER_SLTH_EQUIPMENT_EMPTY_BIER_ABILITY_INHERENT', 'MODIFIER_PLAYER_UNIT_GRANT_ABILITY', '1', '1'),
('MODIFIER_SLTH_EQUIPMENT_GELA_ABILITY_INHERENT', 'MODIFIER_PLAYER_UNIT_GRANT_ABILITY', '1', '1'),
('MODIFIER_SLTH_EQUIPMENT_NETHER_BLADE_ABILITY_INHERENT', 'MODIFIER_PLAYER_UNIT_GRANT_ABILITY', '1', '1'),
('MODIFIER_SLTH_EQUIPMENT_ORTHUSS_AXE_ABILITY_INHERENT', 'MODIFIER_PLAYER_UNIT_GRANT_ABILITY', '1', '1'),
('MODIFIER_SLTH_EQUIPMENT_PIECES_OF_BARNAXUS_ABILITY_INHERENT', 'MODIFIER_PLAYER_UNIT_GRANT_ABILITY', '1', '1'),
('MODIFIER_SLTH_EQUIPMENT_WAR_ABILITY_INHERENT', 'MODIFIER_PLAYER_UNIT_GRANT_ABILITY', '1', '1');

INSERT INTO ModifierArguments(ModifierId, Name, Value) VALUES
('MODIFIER_SLTH_EQUIPMENT_ATHAME_ABILITY_INHERENT', 'AbilityType', 'SLTH_EQUIPMENT_ATHAME_ABILITY'),
('MODIFIER_SLTH_EQUIPMENT_BLACK_MIRROR_INHERENT', 'AbilityType', 'SLTH_EQUIPMENT_BLACK_MIRROR_ABILITY'),
('MODIFIER_SLTH_EQUIPMENT_CROWN_OF_COMMAND_ABILITY_INHERENT', 'AbilityType', 'SLTH_EQUIPMENT_CROWN_OF_COMMAND_ABILITY'),
('MODIFIER_SLTH_EQUIPMENT_EMPTY_BIER_ABILITY_INHERENT', 'AbilityType', 'SLTH_EQUIPMENT_EMPTY_BIER_ABILITY'),
('MODIFIER_SLTH_EQUIPMENT_GELA_ABILITY_INHERENT', 'AbilityType', 'SLTH_EQUIPMENT_GELA_ABILITY'),
('MODIFIER_SLTH_EQUIPMENT_NETHER_BLADE_ABILITY_INHERENT', 'AbilityType', 'SLTH_EQUIPMENT_NETHER_BLADE_ABILITY'),
('MODIFIER_SLTH_EQUIPMENT_ORTHUSS_AXE_ABILITY_INHERENT', 'AbilityType', 'SLTH_EQUIPMENT_ORTHUSS_AXE_ABILITY'),
('MODIFIER_SLTH_EQUIPMENT_PIECES_OF_BARNAXUS_ABILITY_INHERENT', 'AbilityType', 'SLTH_EQUIPMENT_PIECES_OF_BARNAXUS_ABILITY'),
('MODIFIER_SLTH_EQUIPMENT_WAR_ABILITY_INHERENT', 'AbilityType', 'SLTH_EQUIPMENT_WAR_ABILITY');


INSERT INTO UnitAbilityModifiers(UnitAbilityType, ModifierId) VALUES
('SLTH_EQUIPMENT_ATHAME_ABILITY_INHERENT', 'MODIFIER_SLTH_EQUIPMENT_ATHAME_ABILITY_INHERENT'),
('SLTH_EQUIPMENT_BLACK_MIRROR_INHERENT', 'MODIFIER_SLTH_EQUIPMENT_BLACK_MIRROR_INHERENT'),
('SLTH_EQUIPMENT_CROWN_OF_COMMAND_ABILITY_INHERENT', 'MODIFIER_SLTH_EQUIPMENT_CROWN_OF_COMMAND_ABILITY_INHERENT'),
('SLTH_EQUIPMENT_EMPTY_BIER_ABILITY_INHERENT', 'MODIFIER_SLTH_EQUIPMENT_EMPTY_BIER_ABILITY_INHERENT'),
('SLTH_EQUIPMENT_GELA_ABILITY_INHERENT', 'MODIFIER_SLTH_EQUIPMENT_GELA_ABILITY_INHERENT'),
('SLTH_EQUIPMENT_NETHER_BLADE_ABILITY_INHERENT', 'MODIFIER_SLTH_EQUIPMENT_NETHER_BLADE_ABILITY_INHERENT'),
('SLTH_EQUIPMENT_ORTHUSS_AXE_ABILITY_INHERENT', 'MODIFIER_SLTH_EQUIPMENT_ORTHUSS_AXE_ABILITY_INHERENT'),
('SLTH_EQUIPMENT_PIECES_OF_BARNAXUS_ABILITY_INHERENT', 'MODIFIER_SLTH_EQUIPMENT_PIECES_OF_BARNAXUS_ABILITY_INHERENT'),
('SLTH_EQUIPMENT_WAR_ABILITY_INHERENT', 'MODIFIER_SLTH_EQUIPMENT_WAR_ABILITY_INHERENT');

INSERT INTO Tags(Tag, Vocabulary) VALUES
('ATHAME_CLASS', 'ABILITY_CLASS'),
('BLACK_MIRROR_CLASS', 'ABILITY_CLASS'),
('STEPHANOS_CLASS', 'ABILITY_CLASS'),
('EMPTY_BIER_CLASS', 'ABILITY_CLASS'),
('GELA_CLASS', 'ABILITY_CLASS'),
('NETHER_BLADE_CLASS', 'ABILITY_CLASS'),
('ORTHUS_AXE_CLASS', 'ABILITY_CLASS'),
('WAR_CLASS', 'ABILITY_CLASS');

INSERT INTO TypeTags(Type, Tag) VALUES
('SLTH_UNIT_YERSINIA', 'ATHAME_CLASS'),
('SLTH_EQUIPMENT_ATHAME_ABILITY_INHERENT', 'ATHAME_CLASS'),
('SLTH_UNIT_ALAZKAN', 'BLACK_MIRROR_CLASS'),
('SLTH_EQUIPMENT_BLACK_MIRROR_INHERENT', 'BLACK_MIRROR_CLASS'),
('SLTH_UNIT_STEPHANOS', 'STEPHANOS_CLASS'),
('SLTH_EQUIPMENT_CROWN_OF_COMMAND_ABILITY_INHERENT', 'STEPHANOS_CLASS'),
('SLTH_UNIT_DONAL', 'EMPTY_BIER_CLASS'),
('SLTH_EQUIPMENT_EMPTY_BIER_ABILITY_INHERENT', 'EMPTY_BIER_CLASS'),
('SLTH_UNIT_HYBOREM', 'GELA_CLASS'),
('SLTH_EQUIPMENT_GELA_ABILITY_INHERENT', 'GELA_CLASS'),
('SLTH_UNIT_ORTHUS', 'ORTHUS_AXE_CLASS'),
('SLTH_UNIT_RATHUS', 'NETHER_BLADE_CLASS'),
('SLTH_EQUIPMENT_NETHER_BLADE_ABILITY_INHERENT', 'NETHER_BLADE_CLASS'),('SLTH_EQUIPMENT_ORTHUSS_AXE_ABILITY_INHERENT', 'ORTHUS_AXE_CLASS'),
('SLTH_UNIT_BUBOES', 'WAR_CLASS'),
('SLTH_EQUIPMENT_WAR_ABILITY_INHERENT', 'WAR_CLASS'),
('SLTH_EQUIPMENT_PIECES_OF_BARNAXUS_ABILITY_INHERENT', 'CLASS_BARNAXUS');           -- defined in luichuirp;

INSERT INTO Types(Type, Kind) VALUES
('SLTH_EQUIPMENT_ATHAME_ABILITY_INHERENT', 'KIND_ABILITY'),
('SLTH_EQUIPMENT_BLACK_MIRROR_INHERENT', 'KIND_ABILITY'),
('SLTH_EQUIPMENT_CROWN_OF_COMMAND_ABILITY_INHERENT', 'KIND_ABILITY'),
('SLTH_EQUIPMENT_EMPTY_BIER_ABILITY_INHERENT', 'KIND_ABILITY'),
('SLTH_EQUIPMENT_GELA_ABILITY_INHERENT', 'KIND_ABILITY'),
('SLTH_EQUIPMENT_NETHER_BLADE_ABILITY_INHERENT', 'KIND_ABILITY'),
('SLTH_EQUIPMENT_ORTHUSS_AXE_ABILITY_INHERENT', 'KIND_ABILITY'),
('SLTH_EQUIPMENT_PIECES_OF_BARNAXUS_ABILITY_INHERENT', 'KIND_ABILITY'),
('SLTH_EQUIPMENT_WAR_ABILITY_INHERENT', 'KIND_ABILITY');



/*   -- in case i need to add extras. Think i do, Mokkas cauldron
('$1_INHERENT', 'LOC_$1_INHERENT_NAME', 'LOC_$1_INHERENT_DESCRIPTION','0', '1'),

('MODIFIER_$1_INHERENT', 'MODIFIER_PLAYER_UNIT_GRANT_ABILITY', '1', '1'),

('MODIFIER_$1_INHERENT', 'AbilityType', '$1'),

('$2_CLASS', 'ABILITY_CLASS'),

('', '$2_CLASS'),
('$1_INHERENT', '$2_CLASS'),

('$1_INHERENT', 'MODIFIER_$1_INHERENT'),

('$1_INHERENT', 'KIND_ABILITY'),
*/

INSERT INTO Types(Type, Kind) VALUES
('SLTH_EQUIPMENT_ATHAME', 'KIND_UNIT'),
('SLTH_EQUIPMENT_BLACK_MIRROR', 'KIND_UNIT'),
('SLTH_EQUIPMENT_CROWN_OF_AKHARIEN', 'KIND_UNIT'),
('SLTH_EQUIPMENT_CROWN_OF_COMMAND', 'KIND_UNIT'),
('SLTH_EQUIPMENT_DRAGONS_HORDE', 'KIND_UNIT'),
('SLTH_EQUIPMENT_EMPTY_BIER', 'KIND_UNIT'),
('SLTH_EQUIPMENT_GELA', 'KIND_UNIT'),
('SLTH_EQUIPMENT_GODSLAYER', 'KIND_UNIT'),
('SLTH_EQUIPMENT_GOLDEN_HAMMER', 'KIND_UNIT'),
('SLTH_EQUIPMENT_HEALING_SALVE', 'KIND_UNIT'),
('SLTH_EQUIPMENT_INFERNAL_GRIMOIRE', 'KIND_UNIT'),
('SLTH_EQUIPMENT_JADE_TORC', 'KIND_UNIT'),
('SLTH_EQUIPMENT_NETHER_BLADE', 'KIND_UNIT'),
('SLTH_EQUIPMENT_ORTHUSS_AXE', 'KIND_UNIT'),
('SLTH_EQUIPMENT_PIECES_OF_BARNAXUS', 'KIND_UNIT'),
('SLTH_EQUIPMENT_POTION_OF_INVISIBILITY', 'KIND_UNIT'),
('SLTH_EQUIPMENT_POTION_OF_RESTORATION', 'KIND_UNIT'),
('SLTH_EQUIPMENT_ROD_OF_WINDS', 'KIND_UNIT'),
('SLTH_EQUIPMENT_SCORCHED_STAFF', 'KIND_UNIT'),
('SLTH_EQUIPMENT_STAFF_OF_SOULS', 'KIND_UNIT'),
('SLTH_EQUIPMENT_SYLIVENS_PERFECT_LYRE', 'KIND_UNIT'),
('SLTH_EQUIPMENT_TIMOR_MASK', 'KIND_UNIT'),
('SLTH_EQUIPMENT_TREASURE', 'KIND_UNIT'),
('SLTH_EQUIPMENT_WAR', 'KIND_UNIT'),
('SLTH_EQUIPMENT_ATHAME_ABILITY', 'KIND_ABILITY'),
('SLTH_EQUIPMENT_BLACK_MIRROR_ABILITY', 'KIND_ABILITY'),
('SLTH_EQUIPMENT_CROWN_OF_AKHARIEN_ABILITY', 'KIND_ABILITY'),
('SLTH_EQUIPMENT_CROWN_OF_COMMAND_ABILITY', 'KIND_ABILITY'),
('SLTH_EQUIPMENT_DRAGONS_HORDE_ABILITY', 'KIND_ABILITY'),
('SLTH_EQUIPMENT_EMPTY_BIER_ABILITY', 'KIND_ABILITY'),
('SLTH_EQUIPMENT_GELA_ABILITY', 'KIND_ABILITY'),
('SLTH_EQUIPMENT_GODSLAYER_ABILITY', 'KIND_ABILITY'),
('SLTH_EQUIPMENT_GOLDEN_HAMMER_ABILITY', 'KIND_ABILITY'),
('SLTH_EQUIPMENT_HEALING_SALVE_ABILITY', 'KIND_ABILITY'),
('SLTH_EQUIPMENT_INFERNAL_GRIMOIRE_ABILITY', 'KIND_ABILITY'),
('SLTH_EQUIPMENT_JADE_TORC_ABILITY', 'KIND_ABILITY'),
('SLTH_EQUIPMENT_NETHER_BLADE_ABILITY', 'KIND_ABILITY'),
('SLTH_EQUIPMENT_ORTHUSS_AXE_ABILITY', 'KIND_ABILITY'),
('SLTH_EQUIPMENT_PIECES_OF_BARNAXUS_ABILITY', 'KIND_ABILITY'),
('SLTH_EQUIPMENT_POTION_OF_INVISIBILITY_ABILITY', 'KIND_ABILITY'),
('SLTH_EQUIPMENT_POTION_OF_RESTORATION_ABILITY', 'KIND_ABILITY'),
('SLTH_EQUIPMENT_ROD_OF_WINDS_ABILITY', 'KIND_ABILITY'),
('SLTH_EQUIPMENT_SCORCHED_STAFF_ABILITY', 'KIND_ABILITY'),
('SLTH_EQUIPMENT_SPELL_STAFF_ABILITY', 'KIND_ABILITY'),
('SLTH_EQUIPMENT_STAFF_OF_SOULS_ABILITY', 'KIND_ABILITY'),
('SLTH_EQUIPMENT_SYLIVENS_PERFECT_LYRE_ABILITY', 'KIND_ABILITY'),
('SLTH_EQUIPMENT_TIMOR_MASK_ABILITY', 'KIND_ABILITY'),
('SLTH_EQUIPMENT_TREASURE_ABILITY', 'KIND_ABILITY'),
('SLTH_EQUIPMENT_WAR_ABILITY', 'KIND_ABILITY');


