INSERT INTO GovernmentSlots (GovernmentSlotType, Name, AllowsAnyPolicy) VALUES
('SLOT_SLTHREL', 'LOC_SLOT_SLTHREL_NAME', 0),
('SLOT_SLTHCUL', 'LOC_SLOT_SLTHCUL_NAME', 0);

DELETE FROM GovernmentSlots WHERE GovernmentSlotType = 'SLOT_WILDCARD';

INSERT INTO Government_SlotCounts (GovernmentType, GovernmentSlotType, NumSlots) VALUES
('GOVERNMENT_CHIEFDOM', 'SLOT_DIPLOMATIC', 1),
('GOVERNMENT_CHIEFDOM', 'SLOT_SLTHREL', 1),
('GOVERNMENT_CHIEFDOM', 'SLOT_SLTHCUL', 1);

INSERT INTO Types(Type, Kind) VALUES ('SLOT_SLTHREL', 'KIND_SLOT'),
                                     ('SLOT_SLTHCUL', 'KIND_SLOT');

INSERT INTO Policies(PolicyType, Description, PrereqCivic, PrereqTech, Name, GovernmentSlotType) VALUES
('SLTH_POLICY_DESPOTISM', 'LOC_SLTH_POLICY_DESPOTISM_DESCRIPTION', NULL, NULL, 'LOC_SLTH_POLICY_DESPOTISM_NAME', 'SLOT_DIPLOMATIC'),
('SLTH_POLICY_CITY_STATES', 'LOC_SLTH_POLICY_CITY_STATES_DESCRIPTION', NULL, 'TECH_CARTOGRAPHY', 'LOC_SLTH_POLICY_CITY_STATES_NAME', 'SLOT_DIPLOMATIC'),
('SLTH_POLICY_GOD_KING', 'LOC_SLTH_POLICY_GOD_KING_DESCRIPTION', 'CIVIC_MYSTICISM', NULL, 'LOC_SLTH_POLICY_GOD_KING_NAME', 'SLOT_DIPLOMATIC'),
('SLTH_POLICY_ARISTOCRACY', 'LOC_SLTH_POLICY_ARISTOCRACY_DESCRIPTION', 'CIVIC_CODE_OF_LAWS', NULL, 'LOC_SLTH_POLICY_ARISTOCRACY_NAME', 'SLOT_DIPLOMATIC'),
('SLTH_POLICY_THEOCRACY', 'LOC_SLTH_POLICY_THEOCRACY_DESCRIPTION', 'CIVIC_RELIGIOUS_LAW', NULL, 'LOC_SLTH_POLICY_THEOCRACY_NAME', 'SLOT_DIPLOMATIC'),
('SLTH_POLICY_REPUBLIC', 'LOC_SLTH_POLICY_REPUBLIC_DESCRIPTION', 'CIVIC_TAXATION', NULL, 'LOC_SLTH_POLICY_REPUBLIC_NAME', 'SLOT_DIPLOMATIC'),
('SLTH_POLICY_RELIGION', 'LOC_SLTH_POLICY_RELIGION_DESCRIPTION', NULL, NULL, 'LOC_SLTH_POLICY_RELIGION_NAME', 'SLOT_ECONOMIC'),
('SLTH_POLICY_PACIFISM', 'LOC_SLTH_POLICY_PACIFISM_DESCRIPTION', NULL, NULL, 'LOC_SLTH_POLICY_PACIFISM_NAME', 'SLOT_ECONOMIC'),
('SLTH_POLICY_NATIONHOOD', 'LOC_SLTH_POLICY_NATIONHOOD_DESCRIPTION', NULL, NULL, 'LOC_SLTH_POLICY_NATIONHOOD_NAME', 'SLOT_ECONOMIC'),
('SLTH_POLICY_SACRIFICE_THE_WEAK', 'LOC_SLTH_POLICY_SACRIFICE_THE_WEAK_DESCRIPTION', 'CIVIC_INFERNAL_PACT', NULL, 'LOC_SLTH_POLICY_SACRIFICE_THE_WEAK_NAME', 'SLOT_ECONOMIC'),
('SLTH_POLICY_SOCIAL_ORDER', 'LOC_SLTH_POLICY_SOCIAL_ORDER_DESCRIPTION', 'CIVIC_RELIGIOUS_LAW', NULL, 'LOC_SLTH_POLICY_SOCIAL_ORDER_NAME', 'SLOT_ECONOMIC'),
('SLTH_POLICY_CONSUMPTION', 'LOC_SLTH_POLICY_CONSUMPTION_DESCRIPTION', 'CIVIC_CURRENCY', NULL, 'LOC_SLTH_POLICY_CONSUMPTION_NAME', 'SLOT_ECONOMIC'),
('SLTH_POLICY_SCHOLARSHIP', 'LOC_SLTH_POLICY_SCHOLARSHIP_DESCRIPTION', NULL, 'TECH_ARCANE_LORE', 'LOC_SLTH_POLICY_SCHOLARSHIP_NAME', 'SLOT_ECONOMIC'),
('SLTH_POLICY_LIBERTY', 'LOC_SLTH_POLICY_LIBERTY_DESCRIPTION', 'CIVIC_MERCANTILISM', NULL, 'LOC_SLTH_POLICY_LIBERTY_NAME', 'SLOT_ECONOMIC'),
('SLTH_POLICY_CRUSADE', 'LOC_SLTH_POLICY_CRUSADE_DESCRIPTION', 'CIVIC_FANATICISM', NULL, 'LOC_SLTH_POLICY_CRUSADE_NAME', 'SLOT_ECONOMIC'),
('SLTH_POLICY_TRIBALISM', 'LOC_SLTH_POLICY_TRIBALISM_DESCRIPTION', NULL, NULL, 'LOC_SLTH_POLICY_TRIBALISM_NAME', 'SLOT_MILITARY'),
('SLTH_POLICY_APPRENTICESHIP', 'LOC_SLTH_POLICY_APPRENTICESHIP_DESCRIPTION', 'CIVIC_EDUCATION', NULL, 'LOC_SLTH_POLICY_APPRENTICESHIP_NAME', 'SLOT_MILITARY'),
('SLTH_POLICY_SLAVERY', 'LOC_SLTH_POLICY_SLAVERY_DESCRIPTION', 'CIVIC_WAY_OF_THE_WICKED', NULL, 'LOC_SLTH_POLICY_SLAVERY_NAME', 'SLOT_MILITARY'),
('SLTH_POLICY_ARETE', 'LOC_SLTH_POLICY_ARETE_DESCRIPTION', 'CIVIC_ARETE', NULL, 'LOC_SLTH_POLICY_ARETE_NAME', 'SLOT_MILITARY'),
('SLTH_POLICY_MILITARY_STATE', 'LOC_SLTH_POLICY_MILITARY_STATE_DESCRIPTION', 'CIVIC_MILITARY_TRADITION', NULL, 'LOC_SLTH_POLICY_MILITARY_STATE_NAME', 'SLOT_MILITARY'),
('SLTH_POLICY_CASTE_SYSTEM', 'LOC_SLTH_POLICY_CASTE_SYSTEM_DESCRIPTION', 'CIVIC_TAXATION', NULL, 'LOC_SLTH_POLICY_CASTE_SYSTEM_NAME', 'SLOT_MILITARY'),
('SLTH_POLICY_GUILDS', 'LOC_SLTH_POLICY_GUILDS_DESCRIPTION', 'CIVIC_GUILDS', NULL, 'LOC_SLTH_POLICY_GUILDS_NAME', 'SLOT_MILITARY'),
('SLTH_POLICY_DECENTRALIZATION', 'LOC_SLTH_POLICY_DECENTRALIZATION_DESCRIPTION', NULL, NULL, 'LOC_SLTH_POLICY_DECENTRALIZATION_NAME', 'SLOT_SLTHCUL'),
('SLTH_POLICY_AGRARIANISM', 'LOC_SLTH_POLICY_AGRARIANISM_DESCRIPTION', NULL, 'TECH_CALENDAR', 'LOC_SLTH_POLICY_AGRARIANISM_NAME', 'SLOT_SLTHCUL'),
('SLTH_POLICY_CONQUEST', 'LOC_SLTH_POLICY_CONQUEST_DESCRIPTION', 'CIVIC_MILITARY_TRADITION', NULL, 'LOC_SLTH_POLICY_CONQUEST_NAME', 'SLOT_SLTHCUL'),
('SLTH_POLICY_MERCANTILISM', 'LOC_SLTH_POLICY_MERCANTILISM_DESCRIPTION', 'CIVIC_MERCANTILISM', NULL, 'LOC_SLTH_POLICY_MERCANTILISM_NAME', 'SLOT_SLTHCUL'),
('SLTH_POLICY_FOREIGN_TRADE', 'LOC_SLTH_POLICY_FOREIGN_TRADE_DESCRIPTION', NULL, 'TECH_TRADE', 'LOC_SLTH_POLICY_FOREIGN_TRADE_NAME', 'SLOT_SLTHCUL'),
('SLTH_POLICY_GUARDIAN_OF_NATURE', 'LOC_SLTH_POLICY_GUARDIAN_OF_NATURE_DESCRIPTION', 'CIVIC_HIDDEN_PATHS', NULL, 'LOC_SLTH_POLICY_GUARDIAN_OF_NATURE_NAME', 'SLOT_SLTHCUL');
INSERT INTO PolicyModifiers(PolicyType, ModifierId) VALUES
('SLTH_POLICY_DESPOTISM', 'MODIFIER_SLTH_POLICY_DESPOTISM_ADJUST_WAR_WEARINESS'),
('SLTH_POLICY_CITY_STATES', 'MODIFIER_SLTH_POLICY_CITY_STATES_ADJUST_WAR_WEARINESS'),
('SLTH_POLICY_CITY_STATES', 'MODIFIER_SLTH_POLICY_CITY_STATES_ADD_CULTUREYIELD'),
('SLTH_POLICY_GOD_KING', 'MODIFIER_SLTH_POLICY_GOD_KING_ADD_PRODUCTIONYIELD'),
('SLTH_POLICY_GOD_KING', 'MODIFIER_SLTH_POLICY_GOD_KING_ADD_GOLDYIELD'),
('SLTH_POLICY_ARISTOCRACY', 'MODIFIER_SLTH_POLICY_ARISTOCRACY_FARM_FOOD'),
('SLTH_POLICY_ARISTOCRACY', 'MODIFIER_FARM_GOLD_BONUS'),
('SLTH_POLICY_ARISTOCRACY', 'ARISTOCRACY_ALLOW_ROYAL_GUARD'),
('SLTH_POLICY_REPUBLIC', 'MODIFIER_REPUBLIC_INCREASE_GPP_MULT'),
('SLTH_POLICY_REPUBLIC', 'MODIFIER_SLTH_POLICY_REPUBLIC_ADD_CULTUREYIELD'),
('SLTH_POLICY_RELIGION', 'MODIFIER_SLTH_POLICY_RELIGION_ADD_CULTUREYIELD'),
('SLTH_POLICY_RELIGION', 'MODIFIER_SLTH_POLICY_RELIGION_BUILDING_TEMPLE_OF_KILMORPH_ADD_AMENITIES'),
('SLTH_POLICY_RELIGION', 'MODIFIER_SLTH_POLICY_RELIGION_BUILDING_TEMPLE_OF_LEAVES_ADD_AMENITIES'),
('SLTH_POLICY_RELIGION', 'MODIFIER_SLTH_POLICY_RELIGION_BUILDING_TEMPLE_OF_THE_ORDER_ADD_AMENITIES'),
('SLTH_POLICY_RELIGION', 'MODIFIER_SLTH_POLICY_RELIGION_BUILDING_TEMPLE_OF_THE_OVERLORDS_ADD_AMENITIES'),
('SLTH_POLICY_RELIGION', 'MODIFIER_SLTH_POLICY_RELIGION_BUILDING_TEMPLE_OF_THE_VEIL_ADD_AMENITIES'),
('SLTH_POLICY_RELIGION', 'MODIFIER_SLTH_POLICY_RELIGION_BUILDING_TEMPLE_OF_THE_EMPYREAN_ADD_AMENITIES'),
('SLTH_POLICY_PACIFISM', 'MODIFIER_PACIFISM_INCREASE_GPP_MULT'),
('SLTH_POLICY_PACIFISM', 'MODIFIER_SLTH_POLICY_PACIFISM_MILITARY_PRODUCTION'),
('SLTH_POLICY_PACIFISM', 'MODIFIER_SLTH_POLICY_PACIFISM_ADJUST_WAR_WEARINESS'),
('SLTH_POLICY_NATIONHOOD', 'MODIFIER_SLTH_POLICY_NATIONHOOD_MILITARY_PRODUCTION'),
('SLTH_POLICY_NATIONHOOD', 'MODIFIER_SLTH_POLICY_NATIONHOOD_ADJUST_WAR_WEARINESS'),
('SLTH_POLICY_NATIONHOOD', 'MODIFIER_SLTH_POLICY_NATIONHOOD_BUILDING_TRAINING_YARD_ADD_AMENITIES'),
('SLTH_POLICY_SACRIFICE_THE_WEAK', 'MODIFIER_SACRIFICE_THE_WEAK_INCREASE_GPP_MULT'),
('SLTH_POLICY_SACRIFICE_THE_WEAK', 'MODIFIER_SLTH_POLICY_SACRIFICE_THE_WEAK_ADJUST_HOUSING'),
('SLTH_POLICY_SACRIFICE_THE_WEAK', 'MODIFIER_SLTH_POLICY_SACRIFICE_THE_WEAK_ADD_GOLDYIELD'),
('SLTH_POLICY_SACRIFICE_THE_WEAK', 'MODIFIER_SLTH_POLICY_SACRIFICE_THE_WEAK_HALF_FOOD'),
('SLTH_POLICY_SOCIAL_ORDER', 'MODIFIER_SLTH_POLICY_SOCIAL_ORDER_BUILDING_COURTHOUSE_ADD_AMENITIES'),
('SLTH_POLICY_SOCIAL_ORDER', 'MODIFIER_SLTH_POLICY_SOCIAL_ORDER_BUILDING_BASILICA_ADD_AMENITIES'),
('SLTH_POLICY_CONSUMPTION', 'MODIFIER_SLTH_POLICY_CONSUMPTION_ADD_GOLDYIELD'),
('SLTH_POLICY_CONSUMPTION', 'MODIFIER_SLTH_POLICY_CONSUMPTION_BUILDING_MARKET_ADD_AMENITIES'),
('SLTH_POLICY_CONSUMPTION', 'MODIFIER_SLTH_POLICY_CONSUMPTION_BUILDING_TAVERN_ADD_AMENITIES'),
('SLTH_POLICY_CONSUMPTION', 'MODIFIER_SLTH_POLICY_CONSUMPTION_BUILDING_THEATRE_ADD_AMENITIES'),
('SLTH_POLICY_SCHOLARSHIP', 'MODIFIER_SLTH_POLICY_SCHOLARSHIP_ADJUST_WAR_WEARINESS'),
('SLTH_POLICY_SCHOLARSHIP', 'MODIFIER_SLTH_POLICY_SCHOLARSHIP_ADD_SCIENCEYIELD'),
('SLTH_POLICY_SCHOLARSHIP', 'MODIFIER_SLTH_POLICY_SCHOLARSHIP_BUILDING_LIBRARY_ADD_AMENITIES'),
('SLTH_POLICY_LIBERTY', 'MODIFIER_SLTH_POLICY_LIBERTY_ADJUST_WAR_WEARINESS'),
('SLTH_POLICY_LIBERTY', 'MODIFIER_SLTH_POLICY_LIBERTY_ADD_CULTUREYIELD'),
('SLTH_POLICY_CRUSADE', 'MODIFIER_SLTH_POLICY_CRUSADE_ADJUST_WAR_WEARINESS'),
('SLTH_POLICY_APPRENTICESHIP', 'ATTACH_CITIES_APPRENTICESHIP_POLICY'),
('SLTH_POLICY_APPRENTICESHIP', 'MODIFIER_SLTH_POLICY_APPRENTICESHIP_MILITARY_PRODUCTION'),
('SLTH_POLICY_SLAVERY', 'MODIFIER_SLTH_POLICY_SLAVERY_QUARRY_PRODUCTION'),
('SLTH_POLICY_SLAVERY', 'MODIFIER_SLTH_POLICY_SLAVERY_SLAVE_TAKING'),
('SLTH_POLICY_ARETE', 'MODIFIER_SLTH_POLICY_ARETE_MINE_PRODUCTION'),
('SLTH_POLICY_MILITARY_STATE', 'MODIFIER_SLTH_POLICY_MILITARY_STATE_MILITARY_PRODUCTION'),
('SLTH_POLICY_MILITARY_STATE', 'MODIFIER_SLTH_POLICY_MILITARY_STATE_ADD_CULTUREYIELD'),
('SLTH_POLICY_CASTE_SYSTEM', 'MODIFIER_SLTH_POLICY_CASTE_SYSTEM_BUILD_CHARGES'),
('SLTH_POLICY_AGRARIANISM', 'MODIFIER_SLTH_POLICY_AGRARIANISM_ADJUST_HOUSING'),
('SLTH_POLICY_AGRARIANISM', 'MODIFIER_SLTH_POLICY_AGRARIANISM_FARM_FOOD'),
('SLTH_POLICY_AGRARIANISM', 'MODIFIER_FARM_PRODUCTION_LOSS'),
('SLTH_POLICY_CONQUEST', 'ATTACH_CITIES_CONQUEST_POLICY'),
('SLTH_POLICY_MERCANTILISM', 'MODIFIER_SLTH_POLICY_MERCANTILISM_FOREIGN_TRADE_SET_TO_ZERO'),
('SLTH_POLICY_MERCANTILISM', 'MODIFIER_SLTH_POLICY_MERCANTILISM_ADD_GOLDYIELD'),
('SLTH_POLICY_MERCANTILISM', 'MODIFIER_SLTH_POLICY_MERCANTILISM_BUILDING_MARKET_ADD_AMENITIES'),
('SLTH_POLICY_FOREIGN_TRADE', 'MODIFIER_SLTH_POLICY_FOREIGN_TRADE_ADJUST_TRADE_ROUTE_CAPACITY'),
('SLTH_POLICY_FOREIGN_TRADE', 'MODIFIER_SLTH_POLICY_FOREIGN_TRADE_ADD_GOLDYIELD'),
('SLTH_POLICY_FOREIGN_TRADE', 'MODIFIER_SLTH_POLICY_FOREIGN_TRADE_ADD_CULTURE_YIELD'),
('SLTH_POLICY_FOREIGN_TRADE', 'MODIFIER_SLTH_POLICY_FOREIGN_TRADE_ADJUST_TRADE_ROUTE_CAPACITY_COASTAL'),
('SLTH_POLICY_THEOCRACY', 'ATTACH_CITIES_THEOCRACY_POLICY'),
('SLTH_POLICY_GUARDIAN_OF_NATURE', 'MODIFIER_SLTH_POLICY_GUARDIAN_OF_NATURE_ADJUST_HOUSING'),
('SLTH_POLICY_GUARDIAN_OF_NATURE', 'MODIFIER_SLTH_POLICY_GUARDIAN_OF_NATURE_MILITARY_PRODUCTION'),
('SLTH_POLICY_GUARDIAN_OF_NATURE', 'MODIFIER_SLTH_POLICY_GUARDIAN_OF_NATURE_BUILDING_GROVE_ADD_AMENITIES');

INSERT INTO Modifiers(ModifierId, ModifierType, Permanent, SubjectRequirementSetId) VALUES
('MODIFIER_SLTH_POLICY_DESPOTISM_ADJUST_WAR_WEARINESS', 'MODIFIER_PLAYER_ADJUST_WAR_WEARINESS', '0', NULL),
('MODIFIER_SLTH_POLICY_CITY_STATES_ADJUST_WAR_WEARINESS', 'MODIFIER_PLAYER_ADJUST_WAR_WEARINESS', '0', NULL),
('MODIFIER_SLTH_POLICY_CITY_STATES_ADD_CULTUREYIELD', 'MODIFIER_PLAYER_CITIES_ADJUST_CITY_YIELD_MODIFIER', '0', NULL),
('MODIFIER_SLTH_POLICY_GOD_KING_ADD_PRODUCTIONYIELD', 'MODIFIER_PLAYER_CAPITAL_CITY_ADJUST_CITY_YIELD_MODIFIER', '0', NULL),
('MODIFIER_SLTH_POLICY_GOD_KING_ADD_GOLDYIELD', 'MODIFIER_PLAYER_CAPITAL_CITY_ADJUST_CITY_YIELD_MODIFIER', '0', NULL),
('MODIFIER_SLTH_POLICY_ARISTOCRACY_FARM_FOOD', 'MODIFIER_PLAYER_ADJUST_PLOT_YIELD', '0', 'PLOT_HAS_FARM_REQUIREMENTS'),
('MODIFIER_FARM_GOLD_BONUS', 'MODIFIER_PLAYER_ADJUST_PLOT_YIELD', '0', 'PLOT_HAS_FARM_REQUIREMENTS'),
('MODIFIER_REPUBLIC_INCREASE_GPP_MULT', 'MODIFIER_CITY_INCREASE_GREAT_PERSON_POINT_BONUS', '0', NULL),
('MODIFIER_SLTH_POLICY_REPUBLIC_ADD_CULTUREYIELD', 'MODIFIER_PLAYER_CITIES_ADJUST_CITY_YIELD_MODIFIER', '0', NULL),
('MODIFIER_SLTH_POLICY_RELIGION_ADD_CULTUREYIELD', 'MODIFIER_PLAYER_CITIES_ADJUST_CITY_YIELD_MODIFIER', '0', NULL),
('MODIFIER_SLTH_POLICY_RELIGION_BUILDING_TEMPLE_OF_KILMORPH_ADD_AMENITIES', 'MODIFIER_PLAYER_CITIES_ADJUST_ENTERTAINMENT', '0', 'SLTH_REQUIRES_CITY_HAS_TEMPLE_OF_KILMORPH'),
('MODIFIER_SLTH_POLICY_RELIGION_BUILDING_TEMPLE_OF_LEAVES_ADD_AMENITIES', 'MODIFIER_PLAYER_CITIES_ADJUST_ENTERTAINMENT', '0', 'SLTH_REQUIRES_CITY_HAS_TEMPLE_OF_LEAVES'),
('MODIFIER_SLTH_POLICY_RELIGION_BUILDING_TEMPLE_OF_THE_ORDER_ADD_AMENITIES', 'MODIFIER_PLAYER_CITIES_ADJUST_ENTERTAINMENT', '0', 'SLTH_REQUIRES_CITY_HAS_TEMPLE_OF_THE_ORDER'),
('MODIFIER_SLTH_POLICY_RELIGION_BUILDING_TEMPLE_OF_THE_OVERLORDS_ADD_AMENITIES', 'MODIFIER_PLAYER_CITIES_ADJUST_ENTERTAINMENT', '0', 'SLTH_REQUIRES_CITY_HAS_TEMPLE_OF_THE_OVERLORDS'),
('MODIFIER_SLTH_POLICY_RELIGION_BUILDING_TEMPLE_OF_THE_VEIL_ADD_AMENITIES', 'MODIFIER_PLAYER_CITIES_ADJUST_ENTERTAINMENT', '0', 'SLTH_REQUIRES_CITY_HAS_TEMPLE_OF_THE_VEIL'),
('MODIFIER_SLTH_POLICY_RELIGION_BUILDING_TEMPLE_OF_THE_EMPYREAN_ADD_AMENITIES', 'MODIFIER_PLAYER_CITIES_ADJUST_ENTERTAINMENT', '0', 'SLTH_REQUIRES_CITY_HAS_TEMPLE_OF_THE_EMPYREAN'),
('MODIFIER_PACIFISM_INCREASE_GPP_MULT', 'MODIFIER_CITY_INCREASE_GREAT_PERSON_POINT_BONUS', '0', NULL),
('MODIFIER_SLTH_POLICY_PACIFISM_MILITARY_PRODUCTION', 'MODIFIER_PLAYER_CITIES_ADJUST_MILITARY_UNITS_PRODUCTION', '0', NULL),
('MODIFIER_SLTH_POLICY_PACIFISM_ADJUST_WAR_WEARINESS', 'MODIFIER_PLAYER_ADJUST_WAR_WEARINESS', '0', NULL),
('MODIFIER_SLTH_POLICY_NATIONHOOD_MILITARY_PRODUCTION', 'MODIFIER_PLAYER_CITIES_ADJUST_MILITARY_UNITS_PRODUCTION', '0', NULL),
('MODIFIER_SLTH_POLICY_NATIONHOOD_ADJUST_WAR_WEARINESS', 'MODIFIER_PLAYER_ADJUST_WAR_WEARINESS', '0', NULL),
('MODIFIER_SLTH_POLICY_NATIONHOOD_BUILDING_TRAINING_YARD_ADD_AMENITIES', 'MODIFIER_PLAYER_CITIES_ADJUST_ENTERTAINMENT', '0', 'SLTH_REQUIRES_CITY_HAS_TRAINING_YARD'),
('MODIFIER_SACRIFICE_THE_WEAK_INCREASE_GPP_MULT', 'MODIFIER_CITY_INCREASE_GREAT_PERSON_POINT_BONUS', '0', NULL),
('MODIFIER_SLTH_POLICY_SACRIFICE_THE_WEAK_ADJUST_HOUSING', 'MODIFIER_PLAYER_CITIES_ADJUST_POLICY_HOUSING', '0', NULL),
('MODIFIER_SLTH_POLICY_SACRIFICE_THE_WEAK_ADD_GOLDYIELD', 'MODIFIER_PLAYER_CITIES_ADJUST_CITY_YIELD_MODIFIER', '0', NULL),
('MODIFIER_SLTH_POLICY_SACRIFICE_THE_WEAK_HALF_FOOD', 'MODIFIER_PLAYER_CITIES_ADJUST_CITY_YIELD_PER_POPULATION', '0', NULL),
('MODIFIER_SLTH_POLICY_SOCIAL_ORDER_BUILDING_COURTHOUSE_ADD_AMENITIES', 'MODIFIER_PLAYER_CITIES_ADJUST_ENTERTAINMENT', '0', 'SLTH_REQUIRES_CITY_HAS_COURTHOUSE'),
('MODIFIER_SLTH_POLICY_SOCIAL_ORDER_BUILDING_BASILICA_ADD_AMENITIES', 'MODIFIER_PLAYER_CITIES_ADJUST_ENTERTAINMENT', '0', 'SLTH_REQUIRES_CITY_HAS_BASILICA'),
('MODIFIER_SLTH_POLICY_CONSUMPTION_ADD_GOLDYIELD', 'MODIFIER_PLAYER_CITIES_ADJUST_CITY_YIELD_MODIFIER', '0', NULL),
('MODIFIER_SLTH_POLICY_CONSUMPTION_BUILDING_MARKET_ADD_AMENITIES', 'MODIFIER_PLAYER_CITIES_ADJUST_ENTERTAINMENT', '0', 'SLTH_REQUIRES_CITY_HAS_MARKET'),
('MODIFIER_SLTH_POLICY_CONSUMPTION_BUILDING_TAVERN_ADD_AMENITIES', 'MODIFIER_PLAYER_CITIES_ADJUST_ENTERTAINMENT', '0', 'SLTH_REQUIRES_CITY_HAS_TAVERN'),
('MODIFIER_SLTH_POLICY_CONSUMPTION_BUILDING_THEATRE_ADD_AMENITIES', 'MODIFIER_PLAYER_CITIES_ADJUST_ENTERTAINMENT', '0', 'SLTH_REQUIRES_CITY_HAS_THEATRE'),
('MODIFIER_SLTH_POLICY_SCHOLARSHIP_ADJUST_WAR_WEARINESS', 'MODIFIER_PLAYER_ADJUST_WAR_WEARINESS', '0', NULL),
('MODIFIER_SLTH_POLICY_SCHOLARSHIP_ADD_SCIENCEYIELD', 'MODIFIER_PLAYER_CITIES_ADJUST_CITY_YIELD_MODIFIER', '0', NULL),
('MODIFIER_SLTH_POLICY_SCHOLARSHIP_BUILDING_LIBRARY_ADD_AMENITIES', 'MODIFIER_PLAYER_CITIES_ADJUST_ENTERTAINMENT', '0', 'SLTH_REQUIRES_CITY_HAS_LIBRARY'),
('MODIFIER_SLTH_POLICY_LIBERTY_ADJUST_WAR_WEARINESS', 'MODIFIER_PLAYER_ADJUST_WAR_WEARINESS', '0', NULL),
('MODIFIER_SLTH_POLICY_LIBERTY_ADD_CULTUREYIELD', 'MODIFIER_PLAYER_CITIES_ADJUST_CITY_YIELD_MODIFIER', '0', NULL),
('MODIFIER_SLTH_POLICY_CRUSADE_ADJUST_WAR_WEARINESS', 'MODIFIER_PLAYER_ADJUST_WAR_WEARINESS', '0', NULL),
('MODIFIER_SLTH_POLICY_APPRENTICESHIP_MILITARY_EXPERIENCE', 'MODIFIER_CITY_TRAINED_UNITS_ADJUST_GRANT_EXPERIENCE', '0', NULL),
('MODIFIER_SLTH_POLICY_APPRENTICESHIP_MILITARY_PRODUCTION', 'MODIFIER_PLAYER_CITIES_ADJUST_MILITARY_UNITS_PRODUCTION', '0', NULL),
('MODIFIER_SLTH_POLICY_SLAVERY_QUARRY_PRODUCTION', 'MODIFIER_PLAYER_ADJUST_PLOT_YIELD', '0', 'PLOT_HAS_QUARRY_REQUIREMENTS'),
('MODIFIER_SLTH_POLICY_SLAVERY_SLAVE_TAKING_MODIFIER', 'MODIFIER_UNIT_ADJUST_COMBAT_UNIT_CAPTURE', '0', NULL),
('MODIFIER_SLTH_POLICY_SLAVERY_SLAVE_TAKING', 'MODIFIER_PLAYER_UNITS_ATTACH_MODIFIER', '0', NULL),
('MODIFIER_SLTH_POLICY_ARETE_MINE_PRODUCTION', 'MODIFIER_PLAYER_ADJUST_PLOT_YIELD', '0', 'PLOT_HAS_MINE_REQUIREMENTS'),
('MODIFIER_SLTH_POLICY_MILITARY_STATE_MILITARY_PRODUCTION', 'MODIFIER_PLAYER_CITIES_ADJUST_MILITARY_UNITS_PRODUCTION', '0', NULL),
('MODIFIER_SLTH_POLICY_MILITARY_STATE_ADD_CULTUREYIELD', 'MODIFIER_PLAYER_CITIES_ADJUST_CITY_YIELD_MODIFIER', '0', NULL),
('MODIFIER_SLTH_POLICY_CASTE_SYSTEM_BUILD_CHARGES', 'MODIFIER_PLAYER_TRAINED_UNITS_ADJUST_BUILDER_CHARGES', '1', 'UNIT_IS_BUILDER'),
('MODIFIER_SLTH_POLICY_AGRARIANISM_ADJUST_HOUSING', 'MODIFIER_PLAYER_CITIES_ADJUST_POLICY_HOUSING', '0', NULL),
('MODIFIER_SLTH_POLICY_AGRARIANISM_FARM_FOOD', 'MODIFIER_PLAYER_ADJUST_PLOT_YIELD', '0', 'PLOT_HAS_FARM_REQUIREMENTS'),
('MODIFIER_FARM_PRODUCTION_LOSS', 'MODIFIER_PLAYER_ADJUST_PLOT_YIELD', '0', 'PLOT_HAS_FARM_REQUIREMENTS'),
('MODIFIER_SLTH_POLICY_CONQUEST_MILITARY_EXPERIENCE', 'MODIFIER_CITY_TRAINED_UNITS_ADJUST_GRANT_EXPERIENCE', '0', NULL),
('MODIFIER_SLTH_POLICY_MERCANTILISM_FOREIGN_TRADE_SET_TO_ZERO', 'MODIFIER_PLAYER_ADJUST_INTERNATIONAL_TRADE_ROUTE_YIELD_MODIFIER_WARLORDS', '0', NULL),
('MODIFIER_SLTH_POLICY_MERCANTILISM_ADD_GOLDYIELD', 'MODIFIER_PLAYER_CITIES_ADJUST_CITY_YIELD_MODIFIER', '0', NULL),
('MODIFIER_SLTH_POLICY_MERCANTILISM_BUILDING_MARKET_ADD_AMENITIES', 'MODIFIER_PLAYER_CITIES_ADJUST_ENTERTAINMENT', '0', 'SLTH_REQUIRES_CITY_HAS_MARKET'),
('MODIFIER_SLTH_POLICY_FOREIGN_TRADE_ADJUST_TRADE_ROUTE_CAPACITY', 'MODIFIER_PLAYER_ADJUST_TRADE_ROUTE_CAPACITY', '0', NULL),
('MODIFIER_SLTH_POLICY_FOREIGN_TRADE_ADD_GOLDYIELD', 'MODIFIER_PLAYER_CITIES_ADJUST_CITY_YIELD_MODIFIER', '0', NULL),
('MODIFIER_SLTH_POLICY_FOREIGN_TRADE_ADD_CULTURE_YIELD', 'MODIFIER_PLAYER_CITIES_ADJUST_CITY_YIELD_MODIFIER', '0', NULL),
('MODIFIER_SLTH_POLICY_FOREIGN_TRADE_ADJUST_TRADE_ROUTE_CAPACITY_COASTAL_PER_CITY', 'MODIFIER_PLAYER_ADJUST_TRADE_ROUTE_CAPACITY', '0', 'PLOT_IS_ADJACENT_TO_COAST'),
('MODIFIER_SLTH_POLICY_FOREIGN_TRADE_ADJUST_TRADE_ROUTE_CAPACITY_COASTAL', 'MODIFIER_PLAYER_CITIES_ATTACH_MODIFIER', '0', NULL),
('MODIFIER_SLTH_POLICY_GUARDIAN_OF_NATURE_ADJUST_HOUSING', 'MODIFIER_PLAYER_CITIES_ADJUST_POLICY_HOUSING', '0', NULL),
('MODIFIER_SLTH_POLICY_GUARDIAN_OF_NATURE_MILITARY_PRODUCTION', 'MODIFIER_PLAYER_CITIES_ADJUST_MILITARY_UNITS_PRODUCTION', '0', NULL),
('MODIFIER_SLTH_POLICY_GUARDIAN_OF_NATURE_BUILDING_GROVE_ADD_AMENITIES', 'MODIFIER_PLAYER_CITIES_ADJUST_ENTERTAINMENT', '0', 'SLTH_REQUIRES_CITY_HAS_GROVE');
INSERT INTO ModifierArguments(ModifierId, Name, Type, Value) VALUES
('MODIFIER_SLTH_POLICY_DESPOTISM_ADJUST_WAR_WEARINESS', 'Amount', 'ARGTYPE_IDENTITY', '-50'),
('MODIFIER_SLTH_POLICY_DESPOTISM_ADJUST_WAR_WEARINESS', 'Overall', 'ARGTYPE_IDENTITY', '1'),
('MODIFIER_SLTH_POLICY_CITY_STATES_ADJUST_WAR_WEARINESS', 'Amount', 'ARGTYPE_IDENTITY', '25'),
('MODIFIER_SLTH_POLICY_CITY_STATES_ADJUST_WAR_WEARINESS', 'Overall', 'ARGTYPE_IDENTITY', '1'),
('MODIFIER_SLTH_POLICY_CITY_STATES_ADD_CULTUREYIELD', 'Amount', 'ARGTYPE_IDENTITY', '-20'),
('MODIFIER_SLTH_POLICY_CITY_STATES_ADD_CULTUREYIELD', 'YieldType', 'ARGTYPE_IDENTITY', 'YIELD_CULTURE'),
('MODIFIER_SLTH_POLICY_GOD_KING_ADD_PRODUCTIONYIELD', 'Amount', 'ARGTYPE_IDENTITY', '50'),
('MODIFIER_SLTH_POLICY_GOD_KING_ADD_PRODUCTIONYIELD', 'YieldType', 'ARGTYPE_IDENTITY', 'YIELD_PRODUCTION'),
('MODIFIER_SLTH_POLICY_GOD_KING_ADD_GOLDYIELD', 'Amount', 'ARGTYPE_IDENTITY', '50'),
('MODIFIER_SLTH_POLICY_GOD_KING_ADD_GOLDYIELD', 'YieldType', 'ARGTYPE_IDENTITY', 'YIELD_GOLD'),
('MODIFIER_SLTH_POLICY_ARISTOCRACY_FARM_FOOD', 'Amount', 'ARGTYPE_IDENTITY', '-1'),
('MODIFIER_SLTH_POLICY_ARISTOCRACY_FARM_FOOD', 'YieldType', 'ARGTYPE_IDENTITY', 'YIELD_FOOD'),
('MODIFIER_FARM_GOLD_BONUS', 'Amount', 'ARGTYPE_IDENTITY', '2'),
('MODIFIER_FARM_GOLD_BONUS', 'YieldType', 'ARGTYPE_IDENTITY', 'YIELD_GOLD'),
('MODIFIER_REPUBLIC_INCREASE_GPP_MULT', 'Amount', 'ARGTYPE_IDENTITY', '25'),
('MODIFIER_SLTH_POLICY_REPUBLIC_ADD_CULTUREYIELD', 'Amount', 'ARGTYPE_IDENTITY', '20'),
('MODIFIER_SLTH_POLICY_REPUBLIC_ADD_CULTUREYIELD', 'YieldType', 'ARGTYPE_IDENTITY', 'YIELD_CULTURE'),
('MODIFIER_SLTH_POLICY_RELIGION_ADD_CULTUREYIELD', 'Amount', 'ARGTYPE_IDENTITY', '10'),
('MODIFIER_SLTH_POLICY_RELIGION_ADD_CULTUREYIELD', 'YieldType', 'ARGTYPE_IDENTITY', 'YIELD_CULTURE'),
('MODIFIER_SLTH_POLICY_RELIGION_BUILDING_TEMPLE_OF_KILMORPH_ADD_AMENITIES', 'SLTH_POLICY_RELIGION', 'ARGTYPE_IDENTITY', '1'),
('MODIFIER_SLTH_POLICY_RELIGION_BUILDING_TEMPLE_OF_LEAVES_ADD_AMENITIES', 'SLTH_POLICY_RELIGION', 'ARGTYPE_IDENTITY', '1'),
('MODIFIER_SLTH_POLICY_RELIGION_BUILDING_TEMPLE_OF_THE_ORDER_ADD_AMENITIES', 'SLTH_POLICY_RELIGION', 'ARGTYPE_IDENTITY', '1'),
('MODIFIER_SLTH_POLICY_RELIGION_BUILDING_TEMPLE_OF_THE_OVERLORDS_ADD_AMENITIES', 'SLTH_POLICY_RELIGION', 'ARGTYPE_IDENTITY', '1'),
('MODIFIER_SLTH_POLICY_RELIGION_BUILDING_TEMPLE_OF_THE_VEIL_ADD_AMENITIES', 'SLTH_POLICY_RELIGION', 'ARGTYPE_IDENTITY', '1'),
('MODIFIER_SLTH_POLICY_RELIGION_BUILDING_TEMPLE_OF_THE_EMPYREAN_ADD_AMENITIES', 'SLTH_POLICY_RELIGION', 'ARGTYPE_IDENTITY', '1'),
('MODIFIER_PACIFISM_INCREASE_GPP_MULT', 'Amount', 'ARGTYPE_IDENTITY', '50'),
('MODIFIER_SLTH_POLICY_PACIFISM_MILITARY_PRODUCTION', 'Amount', 'ARGTYPE_IDENTITY', '-20'),
('MODIFIER_SLTH_POLICY_PACIFISM_ADJUST_WAR_WEARINESS', 'Amount', 'ARGTYPE_IDENTITY', '25'),
('MODIFIER_SLTH_POLICY_PACIFISM_ADJUST_WAR_WEARINESS', 'Overall', 'ARGTYPE_IDENTITY', '1'),
('MODIFIER_SLTH_POLICY_NATIONHOOD_MILITARY_PRODUCTION', 'Amount', 'ARGTYPE_IDENTITY', '10'),
('MODIFIER_SLTH_POLICY_NATIONHOOD_ADJUST_WAR_WEARINESS', 'Amount', 'ARGTYPE_IDENTITY', '-25'),
('MODIFIER_SLTH_POLICY_NATIONHOOD_ADJUST_WAR_WEARINESS', 'Overall', 'ARGTYPE_IDENTITY', '1'),
('MODIFIER_SLTH_POLICY_NATIONHOOD_BUILDING_TRAINING_YARD_ADD_AMENITIES', 'SLTH_POLICY_NATIONHOOD', 'ARGTYPE_IDENTITY', '1'),
('MODIFIER_SACRIFICE_THE_WEAK_INCREASE_GPP_MULT', 'Amount', 'ARGTYPE_IDENTITY', '-20'),
('MODIFIER_SLTH_POLICY_SACRIFICE_THE_WEAK_ADJUST_HOUSING', 'Amount', 'ARGTYPE_IDENTITY', '-4'),
('MODIFIER_SLTH_POLICY_SACRIFICE_THE_WEAK_ADD_GOLDYIELD', 'Amount', 'ARGTYPE_IDENTITY', '10'),
('MODIFIER_SLTH_POLICY_SACRIFICE_THE_WEAK_ADD_GOLDYIELD', 'YieldType', 'ARGTYPE_IDENTITY', 'YIELD_GOLD'),
('MODIFIER_SLTH_POLICY_SACRIFICE_THE_WEAK_HALF_FOOD', 'Amount', 'ARGTYPE_IDENTITY', '2'),
('MODIFIER_SLTH_POLICY_SACRIFICE_THE_WEAK_HALF_FOOD', 'YieldType', 'ARGTYPE_IDENTITY', 'YIELD_FOOD'),
('MODIFIER_SLTH_POLICY_SOCIAL_ORDER_BUILDING_COURTHOUSE_ADD_AMENITIES', 'SLTH_POLICY_SOCIAL_ORDER', 'ARGTYPE_IDENTITY', '1'),
('MODIFIER_SLTH_POLICY_SOCIAL_ORDER_BUILDING_BASILICA_ADD_AMENITIES', 'SLTH_POLICY_SOCIAL_ORDER', 'ARGTYPE_IDENTITY', '1'),
('MODIFIER_SLTH_POLICY_CONSUMPTION_ADD_GOLDYIELD', 'Amount', 'ARGTYPE_IDENTITY', '20'),
('MODIFIER_SLTH_POLICY_CONSUMPTION_ADD_GOLDYIELD', 'YieldType', 'ARGTYPE_IDENTITY', 'YIELD_GOLD'),
('MODIFIER_SLTH_POLICY_CONSUMPTION_BUILDING_MARKET_ADD_AMENITIES', 'SLTH_POLICY_CONSUMPTION', 'ARGTYPE_IDENTITY', '1'),
('MODIFIER_SLTH_POLICY_CONSUMPTION_BUILDING_TAVERN_ADD_AMENITIES', 'SLTH_POLICY_CONSUMPTION', 'ARGTYPE_IDENTITY', '1'),
('MODIFIER_SLTH_POLICY_CONSUMPTION_BUILDING_THEATRE_ADD_AMENITIES', 'SLTH_POLICY_CONSUMPTION', 'ARGTYPE_IDENTITY', '1'),
('MODIFIER_SLTH_POLICY_SCHOLARSHIP_ADJUST_WAR_WEARINESS', 'Amount', 'ARGTYPE_IDENTITY', '20'),
('MODIFIER_SLTH_POLICY_SCHOLARSHIP_ADJUST_WAR_WEARINESS', 'Overall', 'ARGTYPE_IDENTITY', '1'),
('MODIFIER_SLTH_POLICY_SCHOLARSHIP_ADD_SCIENCEYIELD', 'Amount', 'ARGTYPE_IDENTITY', '10'),
('MODIFIER_SLTH_POLICY_SCHOLARSHIP_ADD_SCIENCEYIELD', 'YieldType', 'ARGTYPE_IDENTITY', 'YIELD_SCIENCE'),
('MODIFIER_SLTH_POLICY_SCHOLARSHIP_BUILDING_LIBRARY_ADD_AMENITIES', 'SLTH_POLICY_SCHOLARSHIP', 'ARGTYPE_IDENTITY', '1'),
('MODIFIER_SLTH_POLICY_LIBERTY_ADJUST_WAR_WEARINESS', 'Amount', 'ARGTYPE_IDENTITY', '50'),
('MODIFIER_SLTH_POLICY_LIBERTY_ADJUST_WAR_WEARINESS', 'Overall', 'ARGTYPE_IDENTITY', '1'),
('MODIFIER_SLTH_POLICY_LIBERTY_ADD_CULTUREYIELD', 'Amount', 'ARGTYPE_IDENTITY', '100'),
('MODIFIER_SLTH_POLICY_LIBERTY_ADD_CULTUREYIELD', 'YieldType', 'ARGTYPE_IDENTITY', 'YIELD_CULTURE'),
('MODIFIER_SLTH_POLICY_CRUSADE_ADJUST_WAR_WEARINESS', 'Amount', 'ARGTYPE_IDENTITY', '-75'),
('MODIFIER_SLTH_POLICY_CRUSADE_ADJUST_WAR_WEARINESS', 'Overall', 'ARGTYPE_IDENTITY', '1'),
('MODIFIER_SLTH_POLICY_APPRENTICESHIP_MILITARY_EXPERIENCE', 'Amount', 'ARGTYPE_IDENTITY', '-1'),
('MODIFIER_SLTH_POLICY_APPRENTICESHIP_MILITARY_PRODUCTION', 'Amount', 'ARGTYPE_IDENTITY', '-10'),
('MODIFIER_SLTH_POLICY_SLAVERY_QUARRY_PRODUCTION', 'Amount', 'ARGTYPE_IDENTITY', '1'),
('MODIFIER_SLTH_POLICY_SLAVERY_QUARRY_PRODUCTION', 'YieldType', 'ARGTYPE_IDENTITY', 'YIELD_PRODUCTION'),
('MODIFIER_SLTH_POLICY_SLAVERY_SLAVE_TAKING_MODIFIER', 'CanCapture', 'ARGTYPE_IDENTITY', '1'),
('MODIFIER_SLTH_POLICY_SLAVERY_SLAVE_TAKING_MODIFIER', 'UnitType', 'ARGTYPE_IDENTITY', 'UNIT_SLAVE'),
('MODIFIER_SLTH_POLICY_SLAVERY_SLAVE_TAKING', 'ModifierId', 'ARGTYPE_IDENTITY', 'MODIFIER_SLTH_POLICY_SLAVERY_SLAVE_TAKING_MODIFIER'),
('MODIFIER_SLTH_POLICY_ARETE_MINE_PRODUCTION', 'Amount', 'ARGTYPE_IDENTITY', '1'),
('MODIFIER_SLTH_POLICY_ARETE_MINE_PRODUCTION', 'YieldType', 'ARGTYPE_IDENTITY', 'YIELD_PRODUCTION'),
('MODIFIER_SLTH_POLICY_MILITARY_STATE_MILITARY_PRODUCTION', 'Amount', 'ARGTYPE_IDENTITY', '15'),
('MODIFIER_SLTH_POLICY_MILITARY_STATE_ADD_CULTUREYIELD', 'Amount', 'ARGTYPE_IDENTITY', '-25'),
('MODIFIER_SLTH_POLICY_MILITARY_STATE_ADD_CULTUREYIELD', 'YieldType', 'ARGTYPE_IDENTITY', 'YIELD_CULTURE'),
('MODIFIER_SLTH_POLICY_CASTE_SYSTEM_BUILD_CHARGES', 'Amount', 'ARGTYPE_IDENTITY', '2'),
('MODIFIER_SLTH_POLICY_AGRARIANISM_ADJUST_HOUSING', 'Amount', 'ARGTYPE_IDENTITY', '1'),
('MODIFIER_SLTH_POLICY_AGRARIANISM_FARM_FOOD', 'Amount', 'ARGTYPE_IDENTITY', '1'),
('MODIFIER_SLTH_POLICY_AGRARIANISM_FARM_FOOD', 'YieldType', 'ARGTYPE_IDENTITY', 'YIELD_FOOD'),
('MODIFIER_FARM_PRODUCTION_LOSS', 'Amount', 'ARGTYPE_IDENTITY', '-1'),
('MODIFIER_FARM_PRODUCTION_LOSS', 'YieldType', 'ARGTYPE_IDENTITY', 'YIELD_PRODUCTION'),
('MODIFIER_SLTH_POLICY_CONQUEST_MILITARY_EXPERIENCE', 'Amount', 'ARGTYPE_IDENTITY', '-1'),
('MODIFIER_SLTH_POLICY_MERCANTILISM_FOREIGN_TRADE_SET_TO_ZERO', 'YIELD_PRODUCTION, YIELD_FOOD, YIELD_SCIENCE, YIELD_CULTURE, YIELD_GOLD, YIELD_FAITH', 'YieldType', 'YIELD_PRODUCTION, YIELD_FOOD, YIELD_SCIENCE, YIELD_CULTURE, YIELD_GOLD, YIELD_FAITH'),
('MODIFIER_SLTH_POLICY_MERCANTILISM_FOREIGN_TRADE_SET_TO_ZERO', '-100, -100, -100, -100, -100, -100', 'Amount', '-100, -100, -100, -100, -100, -100'),
('MODIFIER_SLTH_POLICY_MERCANTILISM_ADD_GOLDYIELD', 'Amount', 'ARGTYPE_IDENTITY', '20'),
('MODIFIER_SLTH_POLICY_MERCANTILISM_ADD_GOLDYIELD', 'YieldType', 'ARGTYPE_IDENTITY', 'YIELD_GOLD'),
('MODIFIER_SLTH_POLICY_MERCANTILISM_BUILDING_MARKET_ADD_AMENITIES', 'SLTH_POLICY_MERCANTILISM', 'ARGTYPE_IDENTITY', '1'),
('MODIFIER_SLTH_POLICY_FOREIGN_TRADE_ADJUST_TRADE_ROUTE_CAPACITY', 'Amount', 'ARGTYPE_IDENTITY', '1'),
('MODIFIER_SLTH_POLICY_FOREIGN_TRADE_ADD_GOLDYIELD', 'Amount', 'ARGTYPE_IDENTITY', '-10'),
('MODIFIER_SLTH_POLICY_FOREIGN_TRADE_ADD_GOLDYIELD', 'YieldType', 'ARGTYPE_IDENTITY', 'YIELD_GOLD'),
('MODIFIER_SLTH_POLICY_FOREIGN_TRADE_ADD_CULTURE_YIELD', 'Amount', 'ARGTYPE_IDENTITY', '20'),
('MODIFIER_SLTH_POLICY_FOREIGN_TRADE_ADD_CULTURE_YIELD', 'YieldType', 'ARGTYPE_IDENTITY', 'YIELD_CULTURE'),
('MODIFIER_SLTH_POLICY_FOREIGN_TRADE_ADJUST_TRADE_ROUTE_CAPACITY_COASTAL_PER_CITY', 'Amount', 'ARGTYPE_IDENTITY', '1'),
('MODIFIER_SLTH_POLICY_FOREIGN_TRADE_ADJUST_TRADE_ROUTE_CAPACITY_COASTAL', 'ModifierId', 'ARGTYPE_IDENTITY', 'MODIFIER_SLTH_POLICY_FOREIGN_TRADE_ADJUST_TRADE_ROUTE_CAPACITY_COASTAL_PER_CITY'),
('MODIFIER_SLTH_POLICY_GUARDIAN_OF_NATURE_ADJUST_HOUSING', 'Amount', 'ARGTYPE_IDENTITY', '5'),
('MODIFIER_SLTH_POLICY_GUARDIAN_OF_NATURE_MILITARY_PRODUCTION', 'Amount', 'ARGTYPE_IDENTITY', '-10'),
('MODIFIER_SLTH_POLICY_GUARDIAN_OF_NATURE_BUILDING_GROVE_ADD_AMENITIES', 'SLTH_POLICY_GUARDIAN_OF_NATURE', 'ARGTYPE_IDENTITY', '2');
INSERT INTO Requirements(RequirementId, RequirementType, ProgressWeight) VALUES
('SLTH_REQUIRES_CITY_HAS_TEMPLE_OF_KILMORPH', 'REQUIREMENT_CITY_HAS_BUILDING', '0'),
('SLTH_REQUIRES_CITY_HAS_TEMPLE_OF_LEAVES', 'REQUIREMENT_CITY_HAS_BUILDING', '0'),
('SLTH_REQUIRES_CITY_HAS_TEMPLE_OF_THE_ORDER', 'REQUIREMENT_CITY_HAS_BUILDING', '0'),
('SLTH_REQUIRES_CITY_HAS_TEMPLE_OF_THE_OVERLORDS', 'REQUIREMENT_CITY_HAS_BUILDING', '0'),
('SLTH_REQUIRES_CITY_HAS_TEMPLE_OF_THE_VEIL', 'REQUIREMENT_CITY_HAS_BUILDING', '0'),
('SLTH_REQUIRES_CITY_HAS_TEMPLE_OF_THE_EMPYREAN', 'REQUIREMENT_CITY_HAS_BUILDING', '0'),
('SLTH_REQUIRES_CITY_HAS_TRAINING_YARD', 'REQUIREMENT_CITY_HAS_BUILDING', '0'),
('SLTH_REQUIRES_CITY_HAS_COURTHOUSE', 'REQUIREMENT_CITY_HAS_BUILDING', '0'),
('SLTH_REQUIRES_CITY_HAS_BASILICA', 'REQUIREMENT_CITY_HAS_BUILDING', '0'),
('SLTH_REQUIRES_CITY_HAS_MARKET', 'REQUIREMENT_CITY_HAS_BUILDING', '0'),
('SLTH_REQUIRES_CITY_HAS_TAVERN', 'REQUIREMENT_CITY_HAS_BUILDING', '0'),
('SLTH_REQUIRES_CITY_HAS_THEATRE', 'REQUIREMENT_CITY_HAS_BUILDING', '0'),
('SLTH_REQUIRES_CITY_HAS_LIBRARY', 'REQUIREMENT_CITY_HAS_BUILDING', '0'),
('SLTH_REQUIRES_CITY_HAS_GROVE', 'REQUIREMENT_CITY_HAS_BUILDING', '0');
INSERT INTO RequirementArguments(RequirementId, Name, Type, Value) VALUES
('SLTH_REQUIRES_CITY_HAS_TEMPLE_OF_KILMORPH', 'BuildingType', 'ARGTYPE_IDENTITY', 'BUILDING_WAT'),
('SLTH_REQUIRES_CITY_HAS_TEMPLE_OF_LEAVES', 'BuildingType', 'ARGTYPE_IDENTITY', 'BUILDING_SANCTUARY'),
('SLTH_REQUIRES_CITY_HAS_TEMPLE_OF_THE_ORDER', 'BuildingType', 'ARGTYPE_IDENTITY', 'BUILDING_CATHEDRAL'),
('SLTH_REQUIRES_CITY_HAS_TEMPLE_OF_THE_OVERLORDS', 'BuildingType', 'ARGTYPE_IDENTITY', 'BUILDING_MOSQUE'),
('SLTH_REQUIRES_CITY_HAS_TEMPLE_OF_THE_VEIL', 'BuildingType', 'ARGTYPE_IDENTITY', 'BUILDING_STUPA'),
('SLTH_REQUIRES_CITY_HAS_TEMPLE_OF_THE_EMPYREAN', 'BuildingType', 'ARGTYPE_IDENTITY', 'BUILDING_GURDWARA'),
('SLTH_REQUIRES_CITY_HAS_TRAINING_YARD', 'BuildingType', 'ARGTYPE_IDENTITY', 'BUILDING_TRAINING_YARD'),
('SLTH_REQUIRES_CITY_HAS_COURTHOUSE', 'BuildingType', 'ARGTYPE_IDENTITY', 'BUILDING_COURTHOUSE'),
('SLTH_REQUIRES_CITY_HAS_BASILICA', 'BuildingType', 'ARGTYPE_IDENTITY', 'BUILDING_BASILICA'),
('SLTH_REQUIRES_CITY_HAS_MARKET', 'BuildingType', 'ARGTYPE_IDENTITY', 'BUILDING_MARKET'),
('SLTH_REQUIRES_CITY_HAS_TAVERN', 'BuildingType', 'ARGTYPE_IDENTITY', 'BUILDING_TAVERN'),
('SLTH_REQUIRES_CITY_HAS_THEATRE', 'BuildingType', 'ARGTYPE_IDENTITY', 'BUILDING_THEATRE'),
('SLTH_REQUIRES_CITY_HAS_LIBRARY', 'BuildingType', 'ARGTYPE_IDENTITY', 'BUILDING_LIBRARY'),
('SLTH_REQUIRES_CITY_HAS_GROVE', 'BuildingType', 'ARGTYPE_IDENTITY', 'BUILDING_GROVE');
INSERT INTO RequirementSetRequirements(RequirementSetId, RequirementId) VALUES
('SLTH_REQUIRES_CITY_HAS_TEMPLE_OF_KILMORPH', 'SLTH_REQUIRES_CITY_HAS_TEMPLE_OF_KILMORPH'),
('SLTH_REQUIRES_CITY_HAS_TEMPLE_OF_LEAVES', 'SLTH_REQUIRES_CITY_HAS_TEMPLE_OF_LEAVES'),
('SLTH_REQUIRES_CITY_HAS_TEMPLE_OF_THE_ORDER', 'SLTH_REQUIRES_CITY_HAS_TEMPLE_OF_THE_ORDER'),
('SLTH_REQUIRES_CITY_HAS_TEMPLE_OF_THE_OVERLORDS', 'SLTH_REQUIRES_CITY_HAS_TEMPLE_OF_THE_OVERLORDS'),
('SLTH_REQUIRES_CITY_HAS_TEMPLE_OF_THE_VEIL', 'SLTH_REQUIRES_CITY_HAS_TEMPLE_OF_THE_VEIL'),
('SLTH_REQUIRES_CITY_HAS_TEMPLE_OF_THE_EMPYREAN', 'SLTH_REQUIRES_CITY_HAS_TEMPLE_OF_THE_EMPYREAN'),
('SLTH_REQUIRES_CITY_HAS_TRAINING_YARD', 'SLTH_REQUIRES_CITY_HAS_TRAINING_YARD'),
('SLTH_REQUIRES_CITY_HAS_COURTHOUSE', 'SLTH_REQUIRES_CITY_HAS_COURTHOUSE'),
('SLTH_REQUIRES_CITY_HAS_BASILICA', 'SLTH_REQUIRES_CITY_HAS_BASILICA'),
('SLTH_REQUIRES_CITY_HAS_MARKET', 'SLTH_REQUIRES_CITY_HAS_MARKET'),
('SLTH_REQUIRES_CITY_HAS_TAVERN', 'SLTH_REQUIRES_CITY_HAS_TAVERN'),
('SLTH_REQUIRES_CITY_HAS_THEATRE', 'SLTH_REQUIRES_CITY_HAS_THEATRE'),
('SLTH_REQUIRES_CITY_HAS_LIBRARY', 'SLTH_REQUIRES_CITY_HAS_LIBRARY'),
('SLTH_REQUIRES_CITY_HAS_GROVE', 'SLTH_REQUIRES_CITY_HAS_GROVE');
INSERT INTO RequirementSets(RequirementSetId, RequirementSetType) VALUES
('SLTH_REQUIRES_CITY_HAS_TEMPLE_OF_KILMORPH', 'REQUIREMENTSET_TEST_ALL'),
('SLTH_REQUIRES_CITY_HAS_TEMPLE_OF_LEAVES', 'REQUIREMENTSET_TEST_ALL'),
('SLTH_REQUIRES_CITY_HAS_TEMPLE_OF_THE_ORDER', 'REQUIREMENTSET_TEST_ALL'),
('SLTH_REQUIRES_CITY_HAS_TEMPLE_OF_THE_OVERLORDS', 'REQUIREMENTSET_TEST_ALL'),
('SLTH_REQUIRES_CITY_HAS_TEMPLE_OF_THE_VEIL', 'REQUIREMENTSET_TEST_ALL'),
('SLTH_REQUIRES_CITY_HAS_TEMPLE_OF_THE_EMPYREAN', 'REQUIREMENTSET_TEST_ALL'),
('SLTH_REQUIRES_CITY_HAS_TRAINING_YARD', 'REQUIREMENTSET_TEST_ALL'),
('SLTH_REQUIRES_CITY_HAS_COURTHOUSE', 'REQUIREMENTSET_TEST_ALL'),
('SLTH_REQUIRES_CITY_HAS_BASILICA', 'REQUIREMENTSET_TEST_ALL'),
('SLTH_REQUIRES_CITY_HAS_MARKET', 'REQUIREMENTSET_TEST_ALL'),
('SLTH_REQUIRES_CITY_HAS_TAVERN', 'REQUIREMENTSET_TEST_ALL'),
('SLTH_REQUIRES_CITY_HAS_THEATRE', 'REQUIREMENTSET_TEST_ALL'),
('SLTH_REQUIRES_CITY_HAS_LIBRARY', 'REQUIREMENTSET_TEST_ALL'),
('SLTH_REQUIRES_CITY_HAS_GROVE', 'REQUIREMENTSET_TEST_ALL');

-- ability experience granters

INSERT INTO Modifiers(ModifierId, ModifierType) VALUES
('ATTACH_CITIES_APPRENTICESHIP_POLICY', 'MODIFIER_PLAYER_CITIES_ATTACH_MODIFIER'),
('ATTACH_CITIES_CONQUEST_POLICY', 'MODIFIER_PLAYER_CITIES_ATTACH_MODIFIER'),
('ATTACH_CITIES_THEOCRACY_POLICY', 'MODIFIER_PLAYER_CITIES_ATTACH_MODIFIER');

INSERT INTO ModifierArguments(ModifierId, Name, Type, Value) VALUES
('ATTACH_CITIES_APPRENTICESHIP_POLICY', 'ModifierId', 'ARGTYPE_IDENTITY', 'GRANT_EXPERIENCE_ABILITY_SMALL_APPRENTICESHIP'),
('ATTACH_CITIES_CONQUEST_POLICY', 'ModifierId', 'ARGTYPE_IDENTITY', 'GRANT_EXPERIENCE_ABILITY_SMALL_CONQUEST'),
('ATTACH_CITIES_THEOCRACY_POLICY', 'ModifierId', 'ARGTYPE_IDENTITY', 'GRANT_EXPERIENCE_ABILITY_SMALL_THEOCRACY');

INSERT INTO Modifiers(ModifierId, ModifierType, RunOnce, Permanent, SubjectRequirementSetId) VALUES
('GRANT_EXPERIENCE_ABILITY_SMALL_APPRENTICESHIP', 'MODIFIER_SINGLE_CITY_GRANT_ABILITY_FOR_TRAINED_UNITS', '0', '0', NULL),
('GRANT_EXPERIENCE_ABILITY_SMALL_CONQUEST', 'MODIFIER_SINGLE_CITY_GRANT_ABILITY_FOR_TRAINED_UNITS', '0', '0', NULL),
('GRANT_EXPERIENCE_ABILITY_SMALL_THEOCRACY', 'MODIFIER_SINGLE_CITY_GRANT_ABILITY_FOR_TRAINED_UNITS', '0', '0', NULL);

INSERT INTO ModifierArguments(ModifierId, Name, Type, Value) VALUES
('GRANT_EXPERIENCE_ABILITY_SMALL_APPRENTICESHIP', 'AbilityType', 'ARGTYPE_IDENTITY', 'GRANT_EXPERIENCE_SMALL_ABILITY_APPRENTICESHIP'),
('GRANT_EXPERIENCE_ABILITY_SMALL_CONQUEST', 'AbilityType', 'ARGTYPE_IDENTITY', 'GRANT_EXPERIENCE_SMALL_ABILITY_CONQUEST'),
('GRANT_EXPERIENCE_ABILITY_SMALL_THEOCRACY', 'AbilityType', 'ARGTYPE_IDENTITY', 'GRANT_EXPERIENCE_SMALL_ABILITY_THEOCRACY');


INSERT INTO UnitAbilities(UnitAbilityType, Name, Description, Inactive, Permanent) VALUES
('GRANT_EXPERIENCE_SMALL_ABILITY_APPRENTICESHIP', 'LOC_GRANT_EXPERIENCE_ABILITY_NAME', 'LOC_NULL', '1', '1'),
('GRANT_EXPERIENCE_SMALL_ABILITY_CONQUEST', 'LOC_GRANT_EXPERIENCE_ABILITY_NAME', 'LOC_NULL', '1', '1'),
('GRANT_EXPERIENCE_SMALL_ABILITY_THEOCRACY', 'LOC_GRANT_EXPERIENCE_ABILITY_NAME', 'LOC_NULL', '1', '1');

INSERT INTO UnitAbilityModifiers(UnitAbilityType, ModifierId) VALUES
('GRANT_EXPERIENCE_SMALL_ABILITY_APPRENTICESHIP', 'GRANT_EXPERIENCE_SMALL'),
('GRANT_EXPERIENCE_SMALL_ABILITY_CONQUEST', 'GRANT_EXPERIENCE_SMALL'),
('GRANT_EXPERIENCE_SMALL_ABILITY_THEOCRACY', 'GRANT_EXPERIENCE_SMALL');


INSERT INTO TypeTags(Type, Tag) VALUES
('GRANT_EXPERIENCE_SMALL_ABILITY_APPRENTICESHIP', 'CLASS_ALL_UNITS'),
('GRANT_EXPERIENCE_SMALL_ABILITY_CONQUEST', 'CLASS_ALL_UNITS'),
('GRANT_EXPERIENCE_SMALL_ABILITY_THEOCRACY', 'CLASS_ALL_UNITS');

-- Policy banning

INSERT INTO TraitModifiers(TraitType, ModifierId) VALUES
('TRAIT_LEADER_MAJOR_CIV', 'BAN_SACRIFICE_THE_WEAK_ATTACH_CAP_CITY'),
('TRAIT_LEADER_MAJOR_CIV', 'BAN_GUARDIAN_OF_NATURE_ATTACH_CAP_CITY'),
('TRAIT_LEADER_MAJOR_CIV', 'BAN_ARETE_ATTACH_CAP_CITY'),
('TRAIT_LEADER_MAJOR_CIV', 'BAN_SOCIAL_ORDER_ATTACH_CAP_CITY');

INSERT INTO Modifiers(ModifierId, ModifierType) VALUES
('BAN_SACRIFICE_THE_WEAK_ATTACH_CAP_CITY', 'MODIFIER_ATTACH_MODIFIER_PLAYER_CAPITAL'),
('BAN_GUARDIAN_OF_NATURE_ATTACH_CAP_CITY', 'MODIFIER_ATTACH_MODIFIER_PLAYER_CAPITAL'),
('BAN_ARETE_ATTACH_CAP_CITY', 'MODIFIER_ATTACH_MODIFIER_PLAYER_CAPITAL'),
('BAN_SOCIAL_ORDER_ATTACH_CAP_CITY', 'MODIFIER_ATTACH_MODIFIER_PLAYER_CAPITAL'),
('BAN_SACRIFICE_THE_WEAK', 'MODIFIER_BAN_POLICY_OWNER'),
('BAN_GUARDIAN_OF_NATURE', 'MODIFIER_BAN_POLICY_OWNER'),
('BAN_ARETE', 'MODIFIER_BAN_POLICY_OWNER'),
('BAN_SOCIAL_ORDER', 'MODIFIER_BAN_POLICY_OWNER');

INSERT INTO Modifiers(ModifierId, ModifierType, SubjectRequirementSetId) VALUES
('BAN_SACRIFICE_THE_WEAK_ATTACH_PLAYER', 'MODIFIER_ATTACH_MODIFIER_TO_OWNER_PLAYER', 'NOT_VEIL_STATE_RELIGION_REQS'),
('BAN_GUARDIAN_OF_NATURE_ATTACH_PLAYER', 'MODIFIER_ATTACH_MODIFIER_TO_OWNER_PLAYER', 'NOT_LEAVES_STATE_RELIGION_REQS'),
('BAN_ARETE_ATTACH_PLAYER', 'MODIFIER_ATTACH_MODIFIER_TO_OWNER_PLAYER', 'NOT_RUNES_STATE_RELIGION_REQS'),
('BAN_SOCIAL_ORDER_ATTACH_PLAYER', 'MODIFIER_ATTACH_MODIFIER_TO_OWNER_PLAYER', 'NOT_ORDER_STATE_RELIGION_REQS');

INSERT INTO ModifierArguments(ModifierId, Name, Value) VALUES
('BAN_SACRIFICE_THE_WEAK_ATTACH_CAP_CITY', 'ModifierId', 'BAN_SACRIFICE_THE_WEAK_ATTACH_PLAYER'),
('BAN_GUARDIAN_OF_NATURE_ATTACH_CAP_CITY', 'ModifierId', 'BAN_GUARDIAN_OF_NATURE_ATTACH_PLAYER'),
('BAN_ARETE_ATTACH_CAP_CITY', 'ModifierId', 'BAN_ARETE_ATTACH_PLAYER'),
('BAN_SOCIAL_ORDER_ATTACH_CAP_CITY', 'ModifierId', 'BAN_SOCIAL_ORDER_ATTACH_PLAYER'),
('BAN_SACRIFICE_THE_WEAK_ATTACH_PLAYER', 'ModifierId', 'BAN_SACRIFICE_THE_WEAK'),
('BAN_GUARDIAN_OF_NATURE_ATTACH_PLAYER', 'ModifierId', 'BAN_GUARDIAN_OF_NATURE'),
('BAN_ARETE_ATTACH_PLAYER', 'ModifierId', 'BAN_ARETE'),
('BAN_SOCIAL_ORDER_ATTACH_PLAYER', 'ModifierId', 'BAN_SOCIAL_ORDER'),
('BAN_SACRIFICE_THE_WEAK', 'PolicyType', 'SLTH_POLICY_SACRIFICE_THE_WEAK'),
('BAN_GUARDIAN_OF_NATURE', 'PolicyType', 'SLTH_POLICY_GUARDIAN_OF_NATURE'),
('BAN_ARETE', 'PolicyType', 'SLTH_POLICY_ARETE'),
('BAN_SOCIAL_ORDER', 'PolicyType', 'SLTH_POLICY_SOCIAL_ORDER');

INSERT INTO RequirementSets(RequirementSetId, RequirementSetType) VALUES ('NOT_VEIL_STATE_RELIGION_REQS', 'REQUIREMENTSET_TEST_ALL');
INSERT INTO RequirementSetRequirements(RequirementSetId, RequirementId) VALUES ('NOT_VEIL_STATE_RELIGION_REQS', 'NOT_VEIL_STATE_RELIGION');
INSERT INTO Requirements(RequirementId, RequirementType, Inverse) VALUES ('NOT_VEIL_STATE_RELIGION', 'REQUIREMENT_PLOT_PROPERTY_MATCHES', '1');
INSERT INTO RequirementArguments(RequirementId, Name, Value) VALUES ('NOT_VEIL_STATE_RELIGION', 'PropertyName', 'SLTH_POLICY_STATE_VEIL');
INSERT INTO RequirementArguments(RequirementId, Name, Value) VALUES ('NOT_VEIL_STATE_RELIGION', 'PropertyMinimum', '1');

INSERT INTO RequirementSets(RequirementSetId, RequirementSetType) VALUES ('NOT_LEAVES_STATE_RELIGION_REQS', 'REQUIREMENTSET_TEST_ALL');
INSERT INTO RequirementSetRequirements(RequirementSetId, RequirementId) VALUES ('NOT_LEAVES_STATE_RELIGION_REQS', 'NOT_LEAVES_STATE_RELIGION');
INSERT INTO Requirements(RequirementId, RequirementType, Inverse) VALUES ('NOT_LEAVES_STATE_RELIGION', 'REQUIREMENT_PLOT_PROPERTY_MATCHES', '1');
INSERT INTO RequirementArguments(RequirementId, Name, Value) VALUES ('NOT_LEAVES_STATE_RELIGION', 'PropertyName', 'SLTH_POLICY_STATE_LEAVES');
INSERT INTO RequirementArguments(RequirementId, Name, Value) VALUES ('NOT_LEAVES_STATE_RELIGION', 'PropertyMinimum', '1');

INSERT INTO RequirementSets(RequirementSetId, RequirementSetType) VALUES ('NOT_RUNES_STATE_RELIGION_REQS', 'REQUIREMENTSET_TEST_ALL');
INSERT INTO RequirementSetRequirements(RequirementSetId, RequirementId) VALUES ('NOT_RUNES_STATE_RELIGION_REQS', 'NOT_RUNES_STATE_RELIGION');
INSERT INTO Requirements(RequirementId, RequirementType, Inverse) VALUES ('NOT_RUNES_STATE_RELIGION', 'REQUIREMENT_PLOT_PROPERTY_MATCHES', '1');
INSERT INTO RequirementArguments(RequirementId, Name, Value) VALUES ('NOT_RUNES_STATE_RELIGION', 'PropertyName', 'SLTH_POLICY_STATE_RUNES');
INSERT INTO RequirementArguments(RequirementId, Name, Value) VALUES ('NOT_RUNES_STATE_RELIGION', 'PropertyMinimum', '1');

INSERT INTO RequirementSets(RequirementSetId, RequirementSetType) VALUES ('NOT_ORDER_STATE_RELIGION_REQS', 'REQUIREMENTSET_TEST_ALL');
INSERT INTO RequirementSetRequirements(RequirementSetId, RequirementId) VALUES ('NOT_ORDER_STATE_RELIGION_REQS', 'NOT_ORDER_STATE_RELIGION');
INSERT INTO Requirements(RequirementId, RequirementType, Inverse) VALUES ('NOT_ORDER_STATE_RELIGION', 'REQUIREMENT_PLOT_PROPERTY_MATCHES', '1');
INSERT INTO RequirementArguments(RequirementId, Name, Value) VALUES ('NOT_ORDER_STATE_RELIGION', 'PropertyName', 'SLTH_POLICY_STATE_ORDER');
INSERT INTO RequirementArguments(RequirementId, Name, Value) VALUES ('NOT_ORDER_STATE_RELIGION', 'PropertyMinimum', '1');


-- religion policies, initially banned
-- change to new slot type in future
INSERT INTO Policies(PolicyType, Description, PrereqCivic, Name, GovernmentSlotType) VALUES
('SLTH_POLICY_NO_STATE_RELIGION', 'LOC_SLTH_POLICY_NO_STATE_RELIGION_DESCRIPTION', NULL, 'LOC_SLTH_POLICY_NO_STATE_RELIGION_NAME', 'SLOT_SLTHREL'),
('SLTH_POLICY_STATE_VEIL', 'LOC_SLTH_POLICY_STATE_VEIL_DESCRIPTION', 'CIVIC_CORRUPTION_OF_SPIRIT', 'LOC_SLTH_POLICY_STATE_VEIL_NAME', 'SLOT_SLTHREL'),
('SLTH_POLICY_STATE_LEAVES', 'LOC_SLTH_POLICY_STATE_LEAVES_DESCRIPTION', 'CIVIC_WAY_OF_THE_FORESTS',  'LOC_SLTH_POLICY_STATE_LEAVES_NAME', 'SLOT_SLTHREL'),
('SLTH_POLICY_STATE_RUNES', 'LOC_SLTH_POLICY_STATE_RUNES_DESCRIPTION', 'CIVIC_WAY_OF_THE_EARTHMOTHER',  'LOC_SLTH_POLICY_STATE_RUNES_NAME', 'SLOT_SLTHREL'),
('SLTH_POLICY_STATE_ORDER', 'LOC_SLTH_POLICY_STATE_ORDER_DESCRIPTION', 'CIVIC_ORDERS_FROM_HEAVEN',  'LOC_SLTH_POLICY_STATE_ORDER_NAME', 'SLOT_SLTHREL'),
('SLTH_POLICY_STATE_OCTOPUS', 'LOC_SLTH_POLICY_STATE_OCTOPUS_DESCRIPTION', 'CIVIC_MESSAGE_FROM_THE_DEEP',  'LOC_SLTH_POLICY_STATE_OCTOPUS_NAME', 'SLOT_SLTHREL'),
('SLTH_POLICY_STATE_EMPYREAN', 'LOC_SLTH_POLICY_STATE_EMPYREAN_DESCRIPTION', 'CIVIC_HONOR',  'LOC_SLTH_POLICY_STATE_EMPYREAN_NAME', 'SLOT_SLTHREL'),
('SLTH_POLICY_STATE_ESUS', 'LOC_SLTH_POLICY_STATE_ESUS_DESCRIPTION', 'CIVIC_DECEPTION', 'LOC_SLTH_POLICY_STATE_ESUS_NAME', 'SLOT_SLTHREL');

INSERT INTO PolicyModifiers(PolicyType, ModifierId) VALUES
('SLTH_POLICY_STATE_RUNES', 'STATE_KILMORPH_ALLOW_HIGH_PRIEST'),
('SLTH_POLICY_STATE_RUNES', 'STATE_KILMORPH_ALLOW_ARTHENDAIN'),
('SLTH_POLICY_STATE_RUNES', 'STATE_KILMORPH_ALLOW_BAMBUR'),
('SLTH_POLICY_STATE_RUNES', 'STATE_KILMORPH_ALLOW_MITHRIL_GOLEM'),
('SLTH_POLICY_STATE_RUNES', 'STATE_KILMORPH_ALLOW_PARAMANDER'),
('SLTH_POLICY_STATE_RUNES', 'STATE_KILMORPH_ALLOW_SOLDIER'),
('SLTH_POLICY_STATE_RUNES', 'STATE_KILMORPH_ALLOW_PRIEST'),
('SLTH_POLICY_STATE_OCTOPUS', 'STATE_OCTOPUS_ALLOW_HIGH_PRIEST'),
('SLTH_POLICY_STATE_OCTOPUS', 'STATE_OCTOPUS_ALLOW_HEMAH'),
('SLTH_POLICY_STATE_OCTOPUS', 'STATE_OCTOPUS_ALLOW_SAVEROUS'),
('SLTH_POLICY_STATE_OCTOPUS', 'STATE_OCTOPUS_ALLOW_STYGIAN'),
('SLTH_POLICY_STATE_OCTOPUS', 'STATE_OCTOPUS_ALLOW_DROWN'),
('SLTH_POLICY_STATE_OCTOPUS', 'STATE_OCTOPUS_ALLOW_PRIEST'),
('SLTH_POLICY_STATE_ORDER', 'STATE_ORDER_ALLOW_HIGH_PRIEST'),
('SLTH_POLICY_STATE_ORDER', 'STATE_ORDER_ALLOW_VALIN'),
('SLTH_POLICY_STATE_ORDER', 'STATE_ORDER_ALLOW_SPHENER'),
('SLTH_POLICY_STATE_ORDER', 'STATE_ORDER_ALLOW_CRUSADER'),
('SLTH_POLICY_STATE_ORDER', 'STATE_ORDER_ALLOW_PRIEST'),
('SLTH_POLICY_STATE_VEIL', 'STATE_VEIL_ALLOW_HIGH_PRIEST'),
('SLTH_POLICY_STATE_VEIL', 'STATE_VEIL_ALLOW_ROSIER'),
('SLTH_POLICY_STATE_VEIL', 'STATE_VEIL_ALLOW_MARDERO'),
('SLTH_POLICY_STATE_VEIL', 'STATE_VEIL_ALLOW_MESHABBER'),
('SLTH_POLICY_STATE_VEIL', 'STATE_VEIL_ALLOW_BEAST_OF_AGARES'),
('SLTH_POLICY_STATE_VEIL', 'STATE_VEIL_ALLOW_DISEASED_CORPSE'),
('SLTH_POLICY_STATE_VEIL', 'STATE_VEIL_ALLOW_PRIEST'),
('SLTH_POLICY_STATE_LEAVES', 'STATE_LEAVES_ALLOW_HIGH_PRIEST'),
('SLTH_POLICY_STATE_LEAVES', 'STATE_LEAVES_ALLOW_KITHRA'),
('SLTH_POLICY_STATE_LEAVES', 'STATE_LEAVES_ALLOW_YVAIN'),
('SLTH_POLICY_STATE_LEAVES', 'STATE_LEAVES_ALLOW_SATYR'),
('SLTH_POLICY_STATE_LEAVES', 'STATE_LEAVES_ALLOW_FAWN'),
('SLTH_POLICY_STATE_LEAVES', 'STATE_LEAVES_ALLOW_PRIEST'),
('SLTH_POLICY_STATE_EMPYREAN', 'STATE_EMPYREAN_ALLOW_HIGH_PRIEST'),
('SLTH_POLICY_STATE_EMPYREAN', 'STATE_EMPYREAN_ALLOW_CHALID'),
('SLTH_POLICY_STATE_EMPYREAN', 'STATE_EMPYREAN_ALLOW_RADIANT_GUARD'),
('SLTH_POLICY_STATE_EMPYREAN', 'STATE_EMPYREAN_ALLOW_RATHA'),
('SLTH_POLICY_STATE_EMPYREAN', 'STATE_EMPYREAN_ALLOW_PRIEST'),
('SLTH_POLICY_STATE_ESUS', 'STATE_ESUS_ALLOW_GIBBON'),
('SLTH_POLICY_STATE_ESUS', 'STATE_ESUS_ALLOW_SHADOWRIDER'),
('SLTH_POLICY_STATE_ESUS', 'STATE_ESUS_ALLOW_SHADOW'),
('SLTH_POLICY_STATE_ESUS', 'STATE_ESUS_ALLOW_NIGHTWATCH');

INSERT INTO Units(UnitType, Name, BaseSightRange, BaseMoves, Combat, RangedCombat, Range, Domain, FormationClass, Cost, BuildCharges, Description, TraitType, AllowBarbarians, PromotionClass, PrereqTech, PrereqCivic, CanTrain, Maintenance, Stackable, AirSlots, CanTargetAir, PseudoYieldType, IgnoreMoves, AdvisorType, EnabledByReligion, StrategicResource) VALUES
('SLTH_UNIT_ROYAL_GUARD', 'LOC_SLTH_UNIT_ROYAL_GUARD_NAME', '2', '3', '19', '0', '0', 'DOMAIN_LAND', 'FORMATION_CLASS_LAND_COMBAT', '180', '0', 'LOC_SLTH_UNIT_ROYAL_GUARD_DESCRIPTION', 'SLTH_RELIGION_BAN_TRAIT', '1', 'PROMOTION_CLASS_LIGHT_CAVALRY', NULL, 'CIVIC_FEUDALISM', '1', '1', '0', '0', '0', NULL, '0', 'ADVISOR_CONQUEST', '0', NULL);

INSERT INTO Modifiers(ModifierId, ModifierType) VALUES
('STATE_KILMORPH_ALLOW_HIGH_PRIEST', 'MODIFIER_PLAYER_ADJUST_VALID_UNIT_BUILD'),
('STATE_KILMORPH_ALLOW_ARTHENDAIN', 'MODIFIER_PLAYER_ADJUST_VALID_UNIT_BUILD'),
('STATE_KILMORPH_ALLOW_BAMBUR', 'MODIFIER_PLAYER_ADJUST_VALID_UNIT_BUILD'),
('STATE_KILMORPH_ALLOW_MITHRIL_GOLEM', 'MODIFIER_PLAYER_ADJUST_VALID_UNIT_BUILD'),
('STATE_KILMORPH_ALLOW_PARAMANDER', 'MODIFIER_PLAYER_ADJUST_VALID_UNIT_BUILD'),
('STATE_KILMORPH_ALLOW_SOLDIER', 'MODIFIER_PLAYER_ADJUST_VALID_UNIT_BUILD'),
('STATE_KILMORPH_ALLOW_PRIEST', 'MODIFIER_PLAYER_ADJUST_VALID_UNIT_BUILD'),
('STATE_OCTOPUS_ALLOW_HIGH_PRIEST', 'MODIFIER_PLAYER_ADJUST_VALID_UNIT_BUILD'),
('STATE_OCTOPUS_ALLOW_HEMAH', 'MODIFIER_PLAYER_ADJUST_VALID_UNIT_BUILD'),
('STATE_OCTOPUS_ALLOW_SAVEROUS', 'MODIFIER_PLAYER_ADJUST_VALID_UNIT_BUILD'),
('STATE_OCTOPUS_ALLOW_STYGIAN', 'MODIFIER_PLAYER_ADJUST_VALID_UNIT_BUILD'),
('STATE_OCTOPUS_ALLOW_DROWN', 'MODIFIER_PLAYER_ADJUST_VALID_UNIT_BUILD'),
('STATE_OCTOPUS_ALLOW_PRIEST', 'MODIFIER_PLAYER_ADJUST_VALID_UNIT_BUILD'),
('STATE_ORDER_ALLOW_HIGH_PRIEST', 'MODIFIER_PLAYER_ADJUST_VALID_UNIT_BUILD'),
('STATE_ORDER_ALLOW_VALIN', 'MODIFIER_PLAYER_ADJUST_VALID_UNIT_BUILD'),
('STATE_ORDER_ALLOW_SPHENER', 'MODIFIER_PLAYER_ADJUST_VALID_UNIT_BUILD'),
('STATE_ORDER_ALLOW_CRUSADER', 'MODIFIER_PLAYER_ADJUST_VALID_UNIT_BUILD'),
('STATE_ORDER_ALLOW_PRIEST', 'MODIFIER_PLAYER_ADJUST_VALID_UNIT_BUILD'),
('STATE_VEIL_ALLOW_HIGH_PRIEST', 'MODIFIER_PLAYER_ADJUST_VALID_UNIT_BUILD'),
('STATE_VEIL_ALLOW_ROSIER', 'MODIFIER_PLAYER_ADJUST_VALID_UNIT_BUILD'),
('STATE_VEIL_ALLOW_MARDERO', 'MODIFIER_PLAYER_ADJUST_VALID_UNIT_BUILD'),
('STATE_VEIL_ALLOW_MESHABBER', 'MODIFIER_PLAYER_ADJUST_VALID_UNIT_BUILD'),
('STATE_VEIL_ALLOW_BEAST_OF_AGARES', 'MODIFIER_PLAYER_ADJUST_VALID_UNIT_BUILD'),
('STATE_VEIL_ALLOW_DISEASED_CORPSE', 'MODIFIER_PLAYER_ADJUST_VALID_UNIT_BUILD'),
('STATE_VEIL_ALLOW_PRIEST', 'MODIFIER_PLAYER_ADJUST_VALID_UNIT_BUILD'),
('STATE_LEAVES_ALLOW_HIGH_PRIEST', 'MODIFIER_PLAYER_ADJUST_VALID_UNIT_BUILD'),
('STATE_LEAVES_ALLOW_KITHRA', 'MODIFIER_PLAYER_ADJUST_VALID_UNIT_BUILD'),
('STATE_LEAVES_ALLOW_YVAIN', 'MODIFIER_PLAYER_ADJUST_VALID_UNIT_BUILD'),
('STATE_LEAVES_ALLOW_SATYR', 'MODIFIER_PLAYER_ADJUST_VALID_UNIT_BUILD'),
('STATE_LEAVES_ALLOW_FAWN', 'MODIFIER_PLAYER_ADJUST_VALID_UNIT_BUILD'),
('STATE_LEAVES_ALLOW_PRIEST', 'MODIFIER_PLAYER_ADJUST_VALID_UNIT_BUILD'),
('STATE_EMPYREAN_ALLOW_HIGH_PRIEST', 'MODIFIER_PLAYER_ADJUST_VALID_UNIT_BUILD'),
('STATE_EMPYREAN_ALLOW_CHALID', 'MODIFIER_PLAYER_ADJUST_VALID_UNIT_BUILD'),
('STATE_EMPYREAN_ALLOW_RADIANT_GUARD', 'MODIFIER_PLAYER_ADJUST_VALID_UNIT_BUILD'),
('STATE_EMPYREAN_ALLOW_RATHA', 'MODIFIER_PLAYER_ADJUST_VALID_UNIT_BUILD'),
('STATE_EMPYREAN_ALLOW_PRIEST', 'MODIFIER_PLAYER_ADJUST_VALID_UNIT_BUILD'),
('STATE_ESUS_ALLOW_GIBBON', 'MODIFIER_PLAYER_ADJUST_VALID_UNIT_BUILD'),
('STATE_ESUS_ALLOW_SHADOWRIDER', 'MODIFIER_PLAYER_ADJUST_VALID_UNIT_BUILD'),
('STATE_ESUS_ALLOW_SHADOW', 'MODIFIER_PLAYER_ADJUST_VALID_UNIT_BUILD'),
('STATE_ESUS_ALLOW_NIGHTWATCH', 'MODIFIER_PLAYER_ADJUST_VALID_UNIT_BUILD'),
('ARISTOCRACY_ALLOW_ROYAL_GUARD', 'MODIFIER_PLAYER_ADJUST_VALID_UNIT_BUILD');

INSERT INTO ModifierArguments(ModifierId, Name, Value) VALUES
('STATE_KILMORPH_ALLOW_HIGH_PRIEST', 'UnitType', 'SLTH_UNIT_HIGH_PRIEST_OF_KILMORPH'),
('STATE_KILMORPH_ALLOW_ARTHENDAIN', 'UnitType', 'SLTH_UNIT_ARTHENDAIN'),
('STATE_KILMORPH_ALLOW_BAMBUR', 'UnitType', 'SLTH_UNIT_BAMBUR'),
('STATE_KILMORPH_ALLOW_MITHRIL_GOLEM', 'UnitType', 'SLTH_UNIT_MITHRIL_GOLEM'),
('STATE_KILMORPH_ALLOW_PARAMANDER', 'UnitType', 'SLTH_UNIT_PARAMANDER'),
('STATE_KILMORPH_ALLOW_SOLDIER', 'UnitType', 'SLTH_UNIT_DWARVEN_SOLDIER_RUNES'),
('STATE_KILMORPH_ALLOW_PRIEST', 'UnitType', 'SLTH_UNIT_PRIEST_OF_KILMORPH'),
('STATE_OCTOPUS_ALLOW_HIGH_PRIEST', 'UnitType', 'SLTH_UNIT_HIGH_PRIEST_OF_THE_OVERLORDS'),
('STATE_OCTOPUS_ALLOW_HEMAH', 'UnitType', 'SLTH_UNIT_HEMAH'),
('STATE_OCTOPUS_ALLOW_SAVEROUS', 'UnitType', 'SLTH_UNIT_SAVEROUS'),
('STATE_OCTOPUS_ALLOW_STYGIAN', 'UnitType', 'SLTH_UNIT_STYGIAN_GUARD'),
('STATE_OCTOPUS_ALLOW_DROWN', 'UnitType', 'SLTH_UNIT_DROWN'),
('STATE_OCTOPUS_ALLOW_PRIEST', 'UnitType', 'SLTH_UNIT_PRIEST_OF_THE_OVERLORDS'),
('STATE_ORDER_ALLOW_HIGH_PRIEST', 'UnitType', 'SLTH_UNIT_HIGH_PRIEST_OF_THE_ORDER'),
('STATE_ORDER_ALLOW_VALIN', 'UnitType', 'SLTH_UNIT_VALIN'),
('STATE_ORDER_ALLOW_SPHENER', 'UnitType', 'SLTH_UNIT_SPHENER'),
('STATE_ORDER_ALLOW_CRUSADER', 'UnitType', 'SLTH_UNIT_CRUSADER'),
('STATE_ORDER_ALLOW_PRIEST', 'UnitType', 'SLTH_UNIT_PRIEST_OF_THE_ORDER'),
('STATE_VEIL_ALLOW_HIGH_PRIEST', 'UnitType', 'SLTH_UNIT_HIGH_PRIEST_OF_THE_VEIL'),
('STATE_VEIL_ALLOW_ROSIER', 'UnitType', 'SLTH_UNIT_ROSIER'),
('STATE_VEIL_ALLOW_MARDERO', 'UnitType', 'SLTH_UNIT_MARDERO'),
('STATE_VEIL_ALLOW_MESHABBER', 'UnitType', 'SLTH_UNIT_MESHABBER'),
('STATE_VEIL_ALLOW_BEAST_OF_AGARES', 'UnitType', 'SLTH_UNIT_BEAST_OF_AGARES'),
('STATE_VEIL_ALLOW_DISEASED_CORPSE', 'UnitType', 'SLTH_UNIT_DISEASED_CORPSE'),
('STATE_VEIL_ALLOW_PRIEST', 'UnitType', 'SLTH_UNIT_PRIEST_OF_THE_VEIL'),
('STATE_LEAVES_ALLOW_HIGH_PRIEST', 'UnitType', 'SLTH_UNIT_HIGH_PRIEST_OF_LEAVES'),
('STATE_LEAVES_ALLOW_KITHRA', 'UnitType', 'SLTH_UNIT_KITHRA'),
('STATE_LEAVES_ALLOW_YVAIN', 'UnitType', 'SLTH_UNIT_YVAIN'),
('STATE_LEAVES_ALLOW_SATYR', 'UnitType', 'SLTH_UNIT_SATYR'),
('STATE_LEAVES_ALLOW_FAWN', 'UnitType', 'SLTH_UNIT_FAWN'),
('STATE_LEAVES_ALLOW_PRIEST', 'UnitType', 'SLTH_UNIT_PRIEST_OF_LEAVES'),
('STATE_EMPYREAN_ALLOW_HIGH_PRIEST', 'UnitType', 'SLTH_UNIT_HIGH_PRIEST_OF_THE_EMPYREAN'),
('STATE_EMPYREAN_ALLOW_CHALID', 'UnitType', 'SLTH_UNIT_CHALID'),
('STATE_EMPYREAN_ALLOW_RADIANT_GUARD', 'UnitType', 'SLTH_UNIT_RADIANT_GUARD'),
('STATE_EMPYREAN_ALLOW_RATHA', 'UnitType', 'SLTH_UNIT_RATHA'),
('STATE_EMPYREAN_ALLOW_PRIEST', 'UnitType', 'SLTH_UNIT_PRIEST_OF_THE_EMPYREAN'),
('STATE_ESUS_ALLOW_GIBBON', 'UnitType', 'SLTH_UNIT_GIBBON'),
('STATE_ESUS_ALLOW_SHADOWRIDER', 'UnitType', 'SLTH_UNIT_SHADOWRIDER'),
('STATE_ESUS_ALLOW_SHADOW', 'UnitType', 'SLTH_UNIT_SHADOW'),                        -- NEED ALLOW COURTESAN, DWARVEN SHADOW HERE
('STATE_ESUS_ALLOW_NIGHTWATCH', 'UnitType', 'SLTH_UNIT_NIGHTWATCH'),
('ARISTOCRACY_ALLOW_ROYAL_GUARD', 'UnitType', 'SLTH_UNIT_ROYAL_GUARD');

INSERT INTO PolicyModifiers(PolicyType, ModifierId) VALUES
('SLTH_POLICY_STATE_RUNES',       'MODIFIER_KILL_NOT_KILMORPH_STATE_REL_UNITS'),
('SLTH_POLICY_STATE_OCTOPUS',     'MODIFIER_KILL_NOT_OVERLORDS_STATE_REL_UNITS'),
('SLTH_POLICY_STATE_ORDER',       'MODIFIER_KILL_NOT_ORDER_STATE_REL_UNITS'),
('SLTH_POLICY_STATE_VEIL',        'MODIFIER_KILL_NOT_VEIL_STATE_REL_UNITS'),
('SLTH_POLICY_STATE_LEAVES',      'MODIFIER_KILL_NOT_LEAVES_ESTATE_REL_UNITS'),
('SLTH_POLICY_STATE_EMPYREAN',    'MODIFIER_KILL_NOT_EMPYREAN_STATE_REL_UNITS'),
('SLTH_POLICY_STATE_ESUS',        'MODIFIER_KILL_NOT_ESUS_STATE_REL_UNITS'),
('SLTH_POLICY_NO_STATE_RELIGION', 'MODIFIER_KILL_ANY_STATE_REL_UNITS');

INSERT INTO Modifiers(ModifierId, ModifierType, RunOnce, Permanent, SubjectRequirementSetId) VALUES
('MODIFIER_KILL_NOT_VEIL_STATE_REL_UNITS', 'MODIFIER_PLAYER_UNITS_ADJUST_DAMAGE', '1', '1',     'NOT_VEIL_STATE_REL_UNIT'),
('MODIFIER_KILL_NOT_ESUS_STATE_REL_UNITS', 'MODIFIER_PLAYER_UNITS_ADJUST_DAMAGE', '1', '1',     'NOT_ESUS_STATE_REL_UNIT'),
('MODIFIER_KILL_NOT_OVERLORDS_STATE_REL_UNITS', 'MODIFIER_PLAYER_UNITS_ADJUST_DAMAGE', '1', '1','NOT_OVERLORDS_STATE_REL_UNIT'),
('MODIFIER_KILL_NOT_LEAVES_ESTATE_REL_UNITS', 'MODIFIER_PLAYER_UNITS_ADJUST_DAMAGE', '1', '1',  'NOT_LEAVES_STATE_REL_UNIT'),
('MODIFIER_KILL_NOT_KILMORPH_STATE_REL_UNITS', 'MODIFIER_PLAYER_UNITS_ADJUST_DAMAGE', '1', '1', 'NOT_KILMORPH_STATE_REL_UNIT'),
('MODIFIER_KILL_NOT_EMPYREAN_STATE_REL_UNITS', 'MODIFIER_PLAYER_UNITS_ADJUST_DAMAGE', '1', '1', 'NOT_EMPYREAN_STATE_REL_UNIT'),
('MODIFIER_KILL_NOT_ORDER_STATE_REL_UNITS', 'MODIFIER_PLAYER_UNITS_ADJUST_DAMAGE', '1', '1',    'NOT_ORDER_STATE_REL_UNIT'),
('MODIFIER_KILL_ANY_STATE_REL_UNITS', 'MODIFIER_PLAYER_UNITS_ADJUST_DAMAGE', '1', '1',          'ANY_STATE_REL_UNIT');

INSERT INTO ModifierArguments(ModifierId, Name, Value) VALUES
('MODIFIER_KILL_NOT_VEIL_STATE_REL_UNITS', 'Amount', '100'),
('MODIFIER_KILL_NOT_ESUS_STATE_REL_UNITS', 'Amount', '100'),
('MODIFIER_KILL_NOT_OVERLORDS_STATE_REL_UNITS', 'Amount', '100'),
('MODIFIER_KILL_NOT_LEAVES_ESTATE_REL_UNITS', 'Amount', '100'),
('MODIFIER_KILL_NOT_KILMORPH_STATE_REL_UNITS', 'Amount', '100'),
('MODIFIER_KILL_NOT_EMPYREAN_STATE_REL_UNITS', 'Amount', '100'),
('MODIFIER_KILL_NOT_ORDER_STATE_REL_UNITS', 'Amount', '100'),
('MODIFIER_KILL_ANY_STATE_REL_UNITS', 'Amount', '100');


INSERT INTO Tags(Tag, Vocabulary) VALUES 
('CLASS_CAN_ABANDON', 'ABILITY_CLASS');

INSERT INTO TypeTags(Type, Tag) VALUES
('SLTH_UNIT_ROSIER', 'CLASS_CAN_ABANDON'),
('SLTH_UNIT_MARDERO', 'CLASS_CAN_ABANDON'),
('SLTH_UNIT_MESHABBER', 'CLASS_CAN_ABANDON'),           -- not used yet
('SLTH_UNIT_DISEASED_CORPSE', 'CLASS_CAN_ABANDON'),
('SLTH_UNIT_BEAST_OF_AGARES', 'CLASS_CAN_ABANDON'),
('SLTH_UNIT_PRIEST_OF_THE_VEIL', 'CLASS_CAN_ABANDON'),
('SLTH_UNIT_HIGH_PRIEST_OF_THE_VEIL', 'CLASS_CAN_ABANDON'),
('SLTH_UNIT_GIBBON', 'CLASS_CAN_ABANDON'),
('SLTH_UNIT_SHADOW', 'CLASS_CAN_ABANDON'),
('SLTH_UNIT_DWARVEN_SHADOW', 'CLASS_CAN_ABANDON'),            -- DWARVEN
('SLTH_UNIT_COURTESAN', 'CLASS_CAN_ABANDON'),
('SLTH_UNIT_SHADOWRIDER', 'CLASS_CAN_ABANDON'),
('SLTH_UNIT_SAVEROUS', 'CLASS_CAN_ABANDON'),
('SLTH_UNIT_HEMAH', 'CLASS_CAN_ABANDON'),
('SLTH_UNIT_DROWN', 'CLASS_CAN_ABANDON'),
('SLTH_UNIT_STYGIAN_GUARD', 'CLASS_CAN_ABANDON'),
('SLTH_UNIT_PRIEST_OF_THE_OVERLORDS', 'CLASS_CAN_ABANDON'),
('SLTH_UNIT_HIGH_PRIEST_OF_THE_OVERLORDS', 'CLASS_CAN_ABANDON'),
('SLTH_UNIT_KITHRA', 'CLASS_CAN_ABANDON'),
('SLTH_UNIT_YVAIN', 'CLASS_CAN_ABANDON'),
('SLTH_UNIT_SATYR', 'CLASS_CAN_ABANDON'),
('SLTH_UNIT_FAWN', 'CLASS_CAN_ABANDON'),
('SLTH_UNIT_PRIEST_OF_LEAVES', 'CLASS_CAN_ABANDON'),
('SLTH_UNIT_HIGH_PRIEST_OF_LEAVES', 'CLASS_CAN_ABANDON'),
('SLTH_UNIT_ARTHENDAIN', 'CLASS_CAN_ABANDON'),
('SLTH_UNIT_BAMBUR', 'CLASS_CAN_ABANDON'),
('SLTH_UNIT_MITHRIL_GOLEM', 'CLASS_CAN_ABANDON'),
('SLTH_UNIT_DWARVEN_SOLDIER_RUNES', 'CLASS_CAN_ABANDON'),
('SLTH_UNIT_PARAMANDER', 'CLASS_CAN_ABANDON'),
('SLTH_UNIT_PRIEST_OF_KILMORPH', 'CLASS_CAN_ABANDON'),
('SLTH_UNIT_HIGH_PRIEST_OF_KILMORPH', 'CLASS_CAN_ABANDON'),
('SLTH_UNIT_CHALID', 'CLASS_CAN_ABANDON'),
('SLTH_UNIT_RADIANT_GUARD', 'CLASS_CAN_ABANDON'),
('SLTH_UNIT_RATHA', 'CLASS_CAN_ABANDON'),
('SLTH_UNIT_PRIEST_OF_THE_EMPYREAN', 'CLASS_CAN_ABANDON'),
('SLTH_UNIT_HIGH_PRIEST_OF_THE_EMPYREAN', 'CLASS_CAN_ABANDON'),
('SLTH_UNIT_VALIN', 'CLASS_CAN_ABANDON'),
('SLTH_UNIT_SPHENER', 'CLASS_CAN_ABANDON'),
('SLTH_UNIT_CRUSADER', 'CLASS_CAN_ABANDON'),
('SLTH_UNIT_PRIEST_OF_THE_ORDER', 'CLASS_CAN_ABANDON'),
('SLTH_UNIT_HIGH_PRIEST_OF_THE_ORDER', 'CLASS_CAN_ABANDON');

INSERT INTO Requirements(RequirementId, RequirementType, Inverse) VALUES
('REQUIREMENT_UNIT_CAN_ABANDON',    'REQUIREMENT_UNIT_TAG_MATCHES', '0'),
('REQUIREMENT_UNIT_ISNT_VEIL',      'REQUIREMENT_UNIT_TAG_MATCHES', '1'),
('REQUIREMENT_UNIT_ISNT_ESUS',      'REQUIREMENT_UNIT_TAG_MATCHES', '1'),
('REQUIREMENT_UNIT_ISNT_OCTOPUS',   'REQUIREMENT_UNIT_TAG_MATCHES', '1'),
('REQUIREMENT_UNIT_ISNT_LEAVES',    'REQUIREMENT_UNIT_TAG_MATCHES', '1'),
('REQUIREMENT_UNIT_ISNT_KILMORPH',  'REQUIREMENT_UNIT_TAG_MATCHES', '1'),
('REQUIREMENT_UNIT_ISNT_EMPYREAN',  'REQUIREMENT_UNIT_TAG_MATCHES', '1'),
('REQUIREMENT_UNIT_ISNT_ORDER',     'REQUIREMENT_UNIT_TAG_MATCHES', '1');

INSERT INTO RequirementArguments(RequirementId, Name, Value) VALUES
('REQUIREMENT_UNIT_CAN_ABANDON',    'Tag', 'CLASS_CAN_ABANDON'),
('REQUIREMENT_UNIT_ISNT_VEIL',      'Tag', 'CLASS_VEIL_UNIT'),
('REQUIREMENT_UNIT_ISNT_ESUS',      'Tag', 'CLASS_ESUS_UNIT'),
('REQUIREMENT_UNIT_ISNT_OCTOPUS',   'Tag', 'CLASS_OCTOPUS_UNIT'),
('REQUIREMENT_UNIT_ISNT_LEAVES',    'Tag', 'CLASS_LEAVES_UNIT'),
('REQUIREMENT_UNIT_ISNT_KILMORPH',  'Tag', 'CLASS_KILMORPH_UNIT'),
('REQUIREMENT_UNIT_ISNT_EMPYREAN',  'Tag', 'CLASS_EMPYREAN_UNIT'),
('REQUIREMENT_UNIT_ISNT_ORDER',     'Tag', 'CLASS_ORDER_UNIT');

INSERT INTO RequirementSets(RequirementSetId, RequirementSetType) VALUES
('NOT_VEIL_STATE_REL_UNIT',     'REQUIREMENTSET_TEST_ALL'),
('NOT_ESUS_STATE_REL_UNIT',     'REQUIREMENTSET_TEST_ALL'),
('NOT_OVERLORDS_STATE_REL_UNIT','REQUIREMENTSET_TEST_ALL'),
('NOT_LEAVES_STATE_REL_UNIT',   'REQUIREMENTSET_TEST_ALL'),
('NOT_KILMORPH_STATE_REL_UNIT', 'REQUIREMENTSET_TEST_ALL'),
('NOT_EMPYREAN_STATE_REL_UNIT', 'REQUIREMENTSET_TEST_ALL'),
('NOT_ORDER_STATE_REL_UNIT',    'REQUIREMENTSET_TEST_ALL'),
('ANY_STATE_REL_UNIT',          'REQUIREMENTSET_TEST_ALL');

INSERT INTO RequirementSetRequirements(RequirementSetId, RequirementId) VALUES
('NOT_VEIL_STATE_REL_UNIT',     'REQUIREMENT_UNIT_CAN_ABANDON'),
('NOT_VEIL_STATE_REL_UNIT',     'REQUIREMENT_UNIT_ISNT_VEIL'),
('NOT_ESUS_STATE_REL_UNIT',     'REQUIREMENT_UNIT_CAN_ABANDON'),
('NOT_ESUS_STATE_REL_UNIT',     'REQUIREMENT_UNIT_ISNT_ESUS'),
('NOT_OVERLORDS_STATE_REL_UNIT','REQUIREMENT_UNIT_CAN_ABANDON'),
('NOT_OVERLORDS_STATE_REL_UNIT','REQUIREMENT_UNIT_ISNT_OCTOPUS'),
('NOT_LEAVES_STATE_REL_UNIT',   'REQUIREMENT_UNIT_CAN_ABANDON'),
('NOT_LEAVES_STATE_REL_UNIT',   'REQUIREMENT_UNIT_ISNT_LEAVES'),
('NOT_KILMORPH_STATE_REL_UNIT', 'REQUIREMENT_UNIT_CAN_ABANDON'),
('NOT_KILMORPH_STATE_REL_UNIT', 'REQUIREMENT_UNIT_ISNT_KILMORPH'),
('NOT_EMPYREAN_STATE_REL_UNIT', 'REQUIREMENT_UNIT_CAN_ABANDON'),
('NOT_EMPYREAN_STATE_REL_UNIT', 'REQUIREMENT_UNIT_ISNT_EMPYREAN'),
('NOT_ORDER_STATE_REL_UNIT',    'REQUIREMENT_UNIT_CAN_ABANDON'),
('NOT_ORDER_STATE_REL_UNIT',    'REQUIREMENT_UNIT_ISNT_ORDER'),
('ANY_STATE_REL_UNIT',          'REQUIREMENT_UNIT_CAN_ABANDON');

-- also need to adjust valid buildings too
-- also let people do techs lol, like Infernal Pact

INSERT INTO TraitModifiers(TraitType, ModifierId) VALUES
('TRAIT_LEADER_MAJOR_CIV', 'BAN_VEIL_ATTACH_CAP_CITY'),
('TRAIT_LEADER_MAJOR_CIV', 'BAN_LEAVES_ATTACH_CAP_CITY'),
('TRAIT_LEADER_MAJOR_CIV', 'BAN_RUNES_ATTACH_CAP_CITY'),
('TRAIT_LEADER_MAJOR_CIV', 'BAN_ORDER_ATTACH_CAP_CITY'),
('TRAIT_LEADER_MAJOR_CIV', 'BAN_OCTOPUS_ATTACH_CAP_CITY'),
('TRAIT_LEADER_MAJOR_CIV', 'BAN_EMPYREAN_ATTACH_CAP_CITY'),
('TRAIT_LEADER_MAJOR_CIV', 'BAN_ESUS_ATTACH_CAP_CITY');

INSERT INTO Modifiers(ModifierId, ModifierType) VALUES
('BAN_VEIL_ATTACH_CAP_CITY', 'MODIFIER_ATTACH_MODIFIER_PLAYER_CAPITAL'),
('BAN_LEAVES_ATTACH_CAP_CITY', 'MODIFIER_ATTACH_MODIFIER_PLAYER_CAPITAL'),
('BAN_RUNES_ATTACH_CAP_CITY', 'MODIFIER_ATTACH_MODIFIER_PLAYER_CAPITAL'),
('BAN_ORDER_ATTACH_CAP_CITY', 'MODIFIER_ATTACH_MODIFIER_PLAYER_CAPITAL'),
('BAN_OCTOPUS_ATTACH_CAP_CITY', 'MODIFIER_ATTACH_MODIFIER_PLAYER_CAPITAL'),
('BAN_EMPYREAN_ATTACH_CAP_CITY', 'MODIFIER_ATTACH_MODIFIER_PLAYER_CAPITAL'),
('BAN_ESUS_ATTACH_CAP_CITY', 'MODIFIER_ATTACH_MODIFIER_PLAYER_CAPITAL'),
('BAN_VEIL', 'MODIFIER_BAN_POLICY_OWNER'),
('BAN_LEAVES', 'MODIFIER_BAN_POLICY_OWNER'),
('BAN_RUNES', 'MODIFIER_BAN_POLICY_OWNER'),
('BAN_ORDER', 'MODIFIER_BAN_POLICY_OWNER'),
('BAN_OCTOPUS', 'MODIFIER_BAN_POLICY_OWNER'),
('BAN_EMPYREAN', 'MODIFIER_BAN_POLICY_OWNER'),
('BAN_ESUS', 'MODIFIER_BAN_POLICY_OWNER');

INSERT INTO Modifiers(ModifierId, ModifierType, SubjectRequirementSetId) VALUES
('BAN_VEIL_ATTACH_PLAYER', 'MODIFIER_ATTACH_MODIFIER_TO_OWNER_PLAYER', 'CAN_VEIL_STATE_RELIGION_REQS'),
('BAN_LEAVES_ATTACH_PLAYER', 'MODIFIER_ATTACH_MODIFIER_TO_OWNER_PLAYER', 'CAN_LEAVES_STATE_RELIGION_REQS'),
('BAN_RUNES_ATTACH_PLAYER', 'MODIFIER_ATTACH_MODIFIER_TO_OWNER_PLAYER', 'CAN_RUNES_STATE_RELIGION_REQS'),
('BAN_ORDER_ATTACH_PLAYER', 'MODIFIER_ATTACH_MODIFIER_TO_OWNER_PLAYER', 'CAN_ORDER_STATE_RELIGION_REQS'),
('BAN_OCTOPUS_ATTACH_PLAYER', 'MODIFIER_ATTACH_MODIFIER_TO_OWNER_PLAYER', 'CAN_OCTOPUS_STATE_RELIGION_REQS'),
('BAN_EMPYREAN_ATTACH_PLAYER', 'MODIFIER_ATTACH_MODIFIER_TO_OWNER_PLAYER', 'CAN_EMPYREAN_STATE_RELIGION_REQS'),
('BAN_ESUS_ATTACH_PLAYER', 'MODIFIER_ATTACH_MODIFIER_TO_OWNER_PLAYER', 'CAN_ESUS_STATE_RELIGION_REQS');

INSERT INTO ModifierArguments(ModifierId, Name, Value) VALUES
('BAN_VEIL_ATTACH_CAP_CITY', 'ModifierId','BAN_VEIL_ATTACH_PLAYER'),
('BAN_LEAVES_ATTACH_CAP_CITY', 'ModifierId','BAN_LEAVES_ATTACH_PLAYER'),
('BAN_RUNES_ATTACH_CAP_CITY', 'ModifierId','BAN_RUNES_ATTACH_PLAYER'),
('BAN_ORDER_ATTACH_CAP_CITY', 'ModifierId','BAN_ORDER_ATTACH_PLAYER'),
('BAN_OCTOPUS_ATTACH_CAP_CITY', 'ModifierId','BAN_OCTOPUS_ATTACH_PLAYER'),
('BAN_EMPYREAN_ATTACH_CAP_CITY', 'ModifierId','BAN_EMPYREAN_ATTACH_PLAYER'),
('BAN_ESUS_ATTACH_CAP_CITY', 'ModifierId','BAN_ESUS_ATTACH_PLAYER'),
('BAN_VEIL_ATTACH_PLAYER', 'ModifierId', 'BAN_VEIL'),
('BAN_LEAVES_ATTACH_PLAYER', 'ModifierId', 'BAN_LEAVES'),
('BAN_RUNES_ATTACH_PLAYER', 'ModifierId', 'BAN_RUNES'),
('BAN_ORDER_ATTACH_PLAYER', 'ModifierId', 'BAN_ORDER'),
('BAN_OCTOPUS_ATTACH_PLAYER', 'ModifierId', 'BAN_OCTOPUS'),
('BAN_EMPYREAN_ATTACH_PLAYER', 'ModifierId', 'BAN_EMPYREAN'),
('BAN_ESUS_ATTACH_PLAYER', 'ModifierId', 'BAN_ESUS'),
('BAN_VEIL', 'PolicyType', 'SLTH_POLICY_STATE_VEIL'),
('BAN_LEAVES', 'PolicyType', 'SLTH_POLICY_STATE_LEAVES'),
('BAN_RUNES', 'PolicyType', 'SLTH_POLICY_STATE_RUNES'),
('BAN_ORDER', 'PolicyType', 'SLTH_POLICY_STATE_ORDER'),
('BAN_OCTOPUS', 'PolicyType', 'SLTH_POLICY_STATE_OCTOPUS'),
('BAN_EMPYREAN', 'PolicyType', 'SLTH_POLICY_STATE_EMPYREAN'),
('BAN_ESUS', 'PolicyType', 'SLTH_POLICY_STATE_ESUS');

-- use Lua to set how many cities we have of each religion, stored in capital.
INSERT INTO Requirements(RequirementId, RequirementType) VALUES
('PLAYER_IS_GRIGORI', 'REQUIREMENT_PLAYER_TYPE_MATCHES'),
('PLAYER_IS_ILLIAN', 'REQUIREMENT_PLAYER_TYPE_MATCHES');
INSERT INTO RequirementArguments(RequirementId, Name, Value) VALUES
('PLAYER_IS_GRIGORI', 'CivilizationType', 'SLTH_CIVILIZATION_GRIGORI'),
('PLAYER_IS_ILLIAN', 'CivilizationType', 'SLTH_CIVILIZATION_ILLIANS');

INSERT INTO RequirementSets(RequirementSetId, RequirementSetType) VALUES
('CAN_VEIL_STATE_RELIGION_REQS', 'REQUIREMENTSET_TEST_ANY');
INSERT INTO RequirementSetRequirements(RequirementSetId, RequirementId) VALUES
('CAN_VEIL_STATE_RELIGION_REQS', 'HAS_NO_CITIES_WITH_VEIL'),
('CAN_VEIL_STATE_RELIGION_REQS', 'PLAYER_IS_GRIGORI'),
('CAN_VEIL_STATE_RELIGION_REQS', 'PLAYER_IS_ILLIAN');
INSERT INTO Requirements(RequirementId, RequirementType, Inverse) VALUES
('HAS_NO_CITIES_WITH_VEIL', 'REQUIREMENT_PLOT_PROPERTY_MATCHES', '1');
INSERT INTO RequirementArguments(RequirementId, Name, Value) VALUES
('HAS_NO_CITIES_WITH_VEIL', 'PropertyName', 'VEIL_CITIES');                       -- this property not yet implemented
INSERT INTO RequirementArguments(RequirementId, Name, Value) VALUES
('HAS_NO_CITIES_WITH_VEIL', 'PropertyMinimum', '1');

INSERT INTO RequirementSets(RequirementSetId, RequirementSetType) VALUES ('CAN_LEAVES_STATE_RELIGION_REQS', 'REQUIREMENTSET_TEST_ANY');
INSERT INTO RequirementSetRequirements(RequirementSetId, RequirementId) VALUES
('CAN_LEAVES_STATE_RELIGION_REQS', 'HAS_NO_CITIES_WITH_LEAVES'),
('CAN_LEAVES_STATE_RELIGION_REQS', 'PLAYER_IS_GRIGORI'),
('CAN_LEAVES_STATE_RELIGION_REQS', 'PLAYER_IS_ILLIAN');
INSERT INTO Requirements(RequirementId, RequirementType, Inverse) VALUES ('HAS_NO_CITIES_WITH_LEAVES', 'REQUIREMENT_PLOT_PROPERTY_MATCHES', '1');
INSERT INTO RequirementArguments(RequirementId, Name, Value) VALUES ('HAS_NO_CITIES_WITH_LEAVES', 'PropertyName', 'LEAVES_CITIES');
INSERT INTO RequirementArguments(RequirementId, Name, Value) VALUES ('HAS_NO_CITIES_WITH_LEAVES', 'PropertyMinimum', '1');

INSERT INTO RequirementSets(RequirementSetId, RequirementSetType) VALUES ('CAN_RUNES_STATE_RELIGION_REQS', 'REQUIREMENTSET_TEST_ANY');
INSERT INTO RequirementSetRequirements(RequirementSetId, RequirementId) VALUES
('CAN_RUNES_STATE_RELIGION_REQS', 'HAS_NO_CITIES_WITH_RUNES'),
('CAN_RUNES_STATE_RELIGION_REQS', 'PLAYER_IS_GRIGORI'),
('CAN_RUNES_STATE_RELIGION_REQS', 'PLAYER_IS_ILLIAN');
INSERT INTO Requirements(RequirementId, RequirementType, Inverse) VALUES ('HAS_NO_CITIES_WITH_RUNES', 'REQUIREMENT_PLOT_PROPERTY_MATCHES', '1');
INSERT INTO RequirementArguments(RequirementId, Name, Value) VALUES ('HAS_NO_CITIES_WITH_RUNES', 'PropertyName', 'RUNES_CITIES');
INSERT INTO RequirementArguments(RequirementId, Name, Value) VALUES ('HAS_NO_CITIES_WITH_RUNES', 'PropertyMinimum', '1');

INSERT INTO RequirementSets(RequirementSetId, RequirementSetType) VALUES ('CAN_ORDER_STATE_RELIGION_REQS', 'REQUIREMENTSET_TEST_ANY');
INSERT INTO RequirementSetRequirements(RequirementSetId, RequirementId) VALUES
('CAN_ORDER_STATE_RELIGION_REQS', 'HAS_NO_CITIES_WITH_ORDER'),
('CAN_ORDER_STATE_RELIGION_REQS', 'PLAYER_IS_GRIGORI'),
('CAN_ORDER_STATE_RELIGION_REQS', 'PLAYER_IS_ILLIAN');
INSERT INTO Requirements(RequirementId, RequirementType, Inverse) VALUES ('HAS_NO_CITIES_WITH_ORDER', 'REQUIREMENT_PLOT_PROPERTY_MATCHES', '1');
INSERT INTO RequirementArguments(RequirementId, Name, Value) VALUES ('HAS_NO_CITIES_WITH_ORDER', 'PropertyName', 'ORDER_CITIES');
INSERT INTO RequirementArguments(RequirementId, Name, Value) VALUES ('HAS_NO_CITIES_WITH_ORDER', 'PropertyMinimum', '1');

INSERT INTO RequirementSets(RequirementSetId, RequirementSetType) VALUES ('CAN_OCTOPUS_STATE_RELIGION_REQS', 'REQUIREMENTSET_TEST_ANY');
INSERT INTO RequirementSetRequirements(RequirementSetId, RequirementId) VALUES
('CAN_OCTOPUS_STATE_RELIGION_REQS', 'HAS_NO_CITIES_WITH_OCTOPUS'),
('CAN_OCTOPUS_STATE_RELIGION_REQS', 'PLAYER_IS_GRIGORI'),
('CAN_OCTOPUS_STATE_RELIGION_REQS', 'PLAYER_IS_ILLIAN');
INSERT INTO Requirements(RequirementId, RequirementType, Inverse) VALUES ('HAS_NO_CITIES_WITH_OCTOPUS', 'REQUIREMENT_PLOT_PROPERTY_MATCHES', '1');
INSERT INTO RequirementArguments(RequirementId, Name, Value) VALUES ('HAS_NO_CITIES_WITH_OCTOPUS', 'PropertyName', 'OCTOPUS_CITIES');
INSERT INTO RequirementArguments(RequirementId, Name, Value) VALUES ('HAS_NO_CITIES_WITH_OCTOPUS', 'PropertyMinimum', '1');

INSERT INTO RequirementSets(RequirementSetId, RequirementSetType) VALUES ('CAN_EMPYREAN_STATE_RELIGION_REQS', 'REQUIREMENTSET_TEST_ANY');
INSERT INTO RequirementSetRequirements(RequirementSetId, RequirementId) VALUES
('CAN_EMPYREAN_STATE_RELIGION_REQS', 'HAS_NO_CITIES_WITH_EMPYREAN'),
('CAN_EMPYREAN_STATE_RELIGION_REQS', 'PLAYER_IS_GRIGORI'),
('CAN_EMPYREAN_STATE_RELIGION_REQS', 'PLAYER_IS_ILLIAN');
INSERT INTO Requirements(RequirementId, RequirementType, Inverse) VALUES ('HAS_NO_CITIES_WITH_EMPYREAN', 'REQUIREMENT_PLOT_PROPERTY_MATCHES', '1');
INSERT INTO RequirementArguments(RequirementId, Name, Value) VALUES ('HAS_NO_CITIES_WITH_EMPYREAN', 'PropertyName', 'EMPYREAN_CITIES');
INSERT INTO RequirementArguments(RequirementId, Name, Value) VALUES ('HAS_NO_CITIES_WITH_EMPYREAN', 'PropertyMinimum', '1');

INSERT INTO RequirementSets(RequirementSetId, RequirementSetType) VALUES ('CAN_ESUS_STATE_RELIGION_REQS', 'REQUIREMENTSET_TEST_ANY');
INSERT INTO RequirementSetRequirements(RequirementSetId, RequirementId) VALUES
('CAN_ESUS_STATE_RELIGION_REQS', 'HAS_NO_CITIES_WITH_ESUS'),
('CAN_ESUS_STATE_RELIGION_REQS', 'PLAYER_IS_GRIGORI'),
('CAN_ESUS_STATE_RELIGION_REQS', 'PLAYER_IS_ILLIAN');
INSERT INTO Requirements(RequirementId, RequirementType, Inverse) VALUES ('HAS_NO_CITIES_WITH_ESUS', 'REQUIREMENT_PLOT_PROPERTY_MATCHES', '1');
INSERT INTO RequirementArguments(RequirementId, Name, Value) VALUES ('HAS_NO_CITIES_WITH_ESUS', 'PropertyName', 'ESUS_CITIES');
INSERT INTO RequirementArguments(RequirementId, Name, Value) VALUES ('HAS_NO_CITIES_WITH_ESUS', 'PropertyMinimum', '1');

-- civ level bans: Bannor only one allowed

INSERT INTO Modifiers(ModifierId, ModifierType, SubjectRequirementSetId) VALUES
('BAN_CRUSADE', 'MODIFIER_BAN_POLICY_OWNER', 'NOT_BANNOR_REQUIREMENTS');

INSERT INTO ModifierArguments(ModifierId, Name, Value) VALUES
('BAN_CRUSADE', 'PolicyType', 'SLTH_POLICY_CRUSADE');

INSERT INTO TraitModifiers(TraitType, ModifierId) VALUES
('TRAIT_LEADER_MAJOR_CIV', 'BAN_CRUSADE');

INSERT INTO RequirementSets(RequirementSetId, RequirementSetType) VALUES ('NOT_BANNOR_REQUIREMENTS', 'REQUIREMENTSET_TEST_ALL');
INSERT INTO RequirementSetRequirements(RequirementSetId, RequirementId) VALUES ('NOT_BANNOR_REQUIREMENTS', 'PLAYER_IS_NOT_BANNOR');
INSERT INTO Requirements(RequirementId, RequirementType, Inverse) VALUES ('PLAYER_IS_NOT_BANNOR', 'REQUIREMENT_PLAYER_TYPE_MATCHES', '1');
INSERT INTO RequirementArguments(RequirementId, Name, Value) VALUES ('PLAYER_IS_NOT_BANNOR', 'CivilizationType', 'SLTH_CIVILIZATION_BANNOR');


INSERT INTO Types(Type, Kind) VALUES
('GRANT_EXPERIENCE_SMALL_ABILITY_APPRENTICESHIP', 'KIND_ABILITY'),
('GRANT_EXPERIENCE_SMALL_ABILITY_CONQUEST', 'KIND_ABILITY'),
('GRANT_EXPERIENCE_SMALL_ABILITY_THEOCRACY', 'KIND_ABILITY');

INSERT INTO Types(Type, Kind) VALUES
('SLTH_POLICY_DESPOTISM', 'KIND_POLICY'),
('SLTH_POLICY_CITY_STATES', 'KIND_POLICY'),
('SLTH_POLICY_GOD_KING', 'KIND_POLICY'),
('SLTH_POLICY_ARISTOCRACY', 'KIND_POLICY'),
('SLTH_POLICY_THEOCRACY', 'KIND_POLICY'),
('SLTH_POLICY_REPUBLIC', 'KIND_POLICY'),
('SLTH_POLICY_RELIGION', 'KIND_POLICY'),
('SLTH_POLICY_PACIFISM', 'KIND_POLICY'),
('SLTH_POLICY_NATIONHOOD', 'KIND_POLICY'),
('SLTH_POLICY_SACRIFICE_THE_WEAK', 'KIND_POLICY'),
('SLTH_POLICY_SOCIAL_ORDER', 'KIND_POLICY'),
('SLTH_POLICY_CONSUMPTION', 'KIND_POLICY'),
('SLTH_POLICY_SCHOLARSHIP', 'KIND_POLICY'),
('SLTH_POLICY_LIBERTY', 'KIND_POLICY'),
('SLTH_POLICY_CRUSADE', 'KIND_POLICY'),
('SLTH_POLICY_TRIBALISM', 'KIND_POLICY'),
('SLTH_POLICY_APPRENTICESHIP', 'KIND_POLICY'),
('SLTH_POLICY_SLAVERY', 'KIND_POLICY'),
('SLTH_POLICY_ARETE', 'KIND_POLICY'),
('SLTH_POLICY_MILITARY_STATE', 'KIND_POLICY'),
('SLTH_POLICY_CASTE_SYSTEM', 'KIND_POLICY'),
('SLTH_POLICY_GUILDS', 'KIND_POLICY'),
('SLTH_POLICY_DECENTRALIZATION', 'KIND_POLICY'),
('SLTH_POLICY_AGRARIANISM', 'KIND_POLICY'),
('SLTH_POLICY_CONQUEST', 'KIND_POLICY'),
('SLTH_POLICY_MERCANTILISM', 'KIND_POLICY'),
('SLTH_POLICY_FOREIGN_TRADE', 'KIND_POLICY'),
('SLTH_POLICY_GUARDIAN_OF_NATURE', 'KIND_POLICY'),
('SLTH_POLICY_STATE_VEIL', 'KIND_POLICY'),
('SLTH_POLICY_STATE_LEAVES', 'KIND_POLICY'),
('SLTH_POLICY_STATE_RUNES', 'KIND_POLICY'),
('SLTH_POLICY_STATE_ORDER', 'KIND_POLICY'),
('SLTH_POLICY_STATE_OCTOPUS', 'KIND_POLICY'),
('SLTH_POLICY_STATE_EMPYREAN', 'KIND_POLICY'),
('SLTH_POLICY_STATE_ESUS', 'KIND_POLICY'),
('SLTH_POLICY_NO_STATE_RELIGION', 'KIND_POLICY');

-- UPDATE Policies SET PrereqCivic = 'CIVIC_CODE_OF_LAWS' WHERE PolicyType in ('SLTH_POLICY_DESPOTISM', 'SLTH_POLICY_RELIGION', 'SLTH_POLICY_PACIFISM', 'SLTH_POLICY_NATIONHOOD', 'SLTH_POLICY_TRIBALISM', 'SLTH_POLICY_DECENTRALIZATION',  'SLTH_POLICY_NO_STATE_RELIGION');
-- just for fast debugging
