INSERT INTO UnitAbilities(UnitAbilityType, Name, Description, Inactive) VALUES
('BAN_ABILITY_SLTH_UNIT_ABASHI', 'LOC_ABILITY_HERO_NAME', 'LOC_ABILITY_HERO_NO_EXP_DESCRIPTION', '0'),
('BAN_ABILITY_SLTH_UNIT_ALAZKAN', 'LOC_ABILITY_HERO_NAME', 'LOC_ABILITY_HERO_DESCRIPTION', '0'),
('BAN_ABILITY_SLTH_UNIT_ARTHENDAIN', 'LOC_ABILITY_HERO_NAME', 'LOC_ABILITY_HERO_DESCRIPTION', '0'),
('BAN_ABILITY_SLTH_UNIT_AURIC_ASCENDED', 'LOC_ABILITY_HERO_NAME', 'LOC_BAN_ABILITY_SLTH_UNIT_AURIC_ASCENDED_DESCRIPTION', '0'),
('BAN_ABILITY_SLTH_UNIT_BAMBUR', 'LOC_ABILITY_HERO_NAME', 'LOC_ABILITY_HERO_DESCRIPTION', '0'),
('BAN_ABILITY_SLTH_UNIT_BARNAXUS', 'LOC_ABILITY_HERO_NAME', 'LOC_ABILITY_HERO_DESCRIPTION', '0'),
('BAN_ABILITY_SLTH_UNIT_BASIUM', 'LOC_ABILITY_HERO_NAME', 'LOC_ABILITY_HERO_DESCRIPTION', '0'),
('BAN_ABILITY_SLTH_UNIT_CHALID', 'LOC_ABILITY_HERO_NAME', 'LOC_ABILITY_HERO_DESCRIPTION', '0'),
('BAN_ABILITY_SLTH_UNIT_CORLINDALE', 'LOC_ABILITY_HERO_NAME', 'LOC_ABILITY_HERO_DESCRIPTION', '0'),
('BAN_ABILITY_SLTH_UNIT_DONAL', 'LOC_ABILITY_HERO_NAME', 'LOC_ABILITY_HERO_DESCRIPTION', '0'),
('BAN_ABILITY_SLTH_UNIT_DRIFA', 'LOC_ABILITY_HERO_NAME', 'LOC_ABILITY_HERO_NO_EXP_DESCRIPTION', '0'),
('BAN_ABILITY_SLTH_UNIT_DUIN', 'LOC_ABILITY_HERO_NAME', 'LOC_ABILITY_HERO_NO_EXP_DESCRIPTION', '0'),
('BAN_ABILITY_SLTH_UNIT_EURABATRES', 'LOC_ABILITY_HERO_NAME', 'LOC_ABILITY_HERO_NO_EXP_DESCRIPTION', '0'),
('BAN_ABILITY_SLTH_UNIT_GIBBON', 'LOC_ABILITY_HERO_NAME', 'LOC_ABILITY_HERO_DESCRIPTION', '0'),
('BAN_ABILITY_SLTH_UNIT_GILDEN', 'LOC_ABILITY_HERO_NAME', 'LOC_ABILITY_HERO_DESCRIPTION', '0'),
('BAN_ABILITY_SLTH_UNIT_GOVANNON', 'LOC_ABILITY_HERO_NAME', 'LOC_ABILITY_HERO_DESCRIPTION', '0'),
('BAN_ABILITY_SLTH_UNIT_GUYBRUSH', 'LOC_ABILITY_HERO_NAME', 'LOC_ABILITY_HERO_DESCRIPTION', '0'),
('BAN_ABILITY_SLTH_UNIT_HEMAH', 'LOC_ABILITY_HERO_NAME', 'LOC_ABILITY_HERO_DESCRIPTION', '0'),
('BAN_ABILITY_SLTH_UNIT_HERNE', 'LOC_ABILITY_HERO_NAME', 'LOC_ABILITY_HERO_DESCRIPTION', '0'),
('BAN_ABILITY_SLTH_UNIT_HYBOREM', 'LOC_ABILITY_HERO_NAME', 'LOC_ABILITY_HERO_DESCRIPTION', '0'),
('BAN_ABILITY_SLTH_UNIT_KITHRA', 'LOC_ABILITY_HERO_NAME', 'LOC_ABILITY_HERO_DESCRIPTION', '0'),
('BAN_ABILITY_SLTH_UNIT_LOKI', 'LOC_ABILITY_HERO_NAME', 'LOC_ABILITY_HERO_DESCRIPTION', '0'),
('BAN_ABILITY_SLTH_UNIT_LOSHA', 'LOC_ABILITY_HERO_NAME', 'LOC_ABILITY_HERO_DESCRIPTION', '0'),
('BAN_ABILITY_SLTH_UNIT_LUCIAN', 'LOC_ABILITY_HERO_NAME', 'LOC_ABILITY_HERO_NO_EXP_DESCRIPTION', '0'),
('BAN_ABILITY_SLTH_UNIT_MAGNADINE', 'LOC_ABILITY_HERO_NAME', 'LOC_ABILITY_HERO_DESCRIPTION', '0'),
('BAN_ABILITY_SLTH_UNIT_MARDERO', 'LOC_ABILITY_HERO_NAME', 'LOC_ABILITY_HERO_DESCRIPTION', '0'),
('BAN_ABILITY_SLTH_UNIT_MAROS', 'LOC_ABILITY_HERO_NAME', 'LOC_ABILITY_HERO_DESCRIPTION', '0'),
('BAN_ABILITY_SLTH_UNIT_MESHABBER', 'LOC_ABILITY_HERO_NAME', 'LOC_ABILITY_HERO_NO_EXP_DESCRIPTION', '0'),
('BAN_ABILITY_SLTH_UNIT_MITHRIL_GOLEM', 'LOC_ABILITY_HERO_NAME', 'LOC_ABILITY_HERO_NO_EXP_DESCRIPTION', '0'),
('BAN_ABILITY_SLTH_UNIT_RANTINE', 'LOC_ABILITY_HERO_NAME', 'LOC_ABILITY_HERO_DESCRIPTION', '0'),
('BAN_ABILITY_SLTH_UNIT_RATHUS', 'LOC_ABILITY_HERO_NAME', 'LOC_ABILITY_HERO_DESCRIPTION', '0'),
('BAN_ABILITY_SLTH_UNIT_ROSIER', 'LOC_ABILITY_HERO_NAME', 'LOC_ABILITY_HERO_DESCRIPTION', '0'),
('BAN_ABILITY_SLTH_UNIT_SAVEROUS', 'LOC_ABILITY_HERO_NAME', 'LOC_ABILITY_HERO_DESCRIPTION', '0'),
('BAN_ABILITY_SLTH_UNIT_SPHENER', 'LOC_ABILITY_HERO_NAME', 'LOC_ABILITY_HERO_DESCRIPTION', '0'),
('BAN_ABILITY_SLTH_UNIT_TEUTORIX', 'LOC_ABILITY_HERO_NAME', 'LOC_ABILITY_HERO_DESCRIPTION', '0'),
('BAN_ABILITY_SLTH_UNIT_VALIN', 'LOC_ABILITY_HERO_NAME', 'LOC_ABILITY_HERO_DESCRIPTION', '0'),
('BAN_ABILITY_SLTH_UNIT_YVAIN', 'LOC_ABILITY_HERO_NAME', 'LOC_ABILITY_HERO_DESCRIPTION', '0');

INSERT INTO UnitAbilityModifiers(UnitAbilityType, ModifierId) VALUES
('BAN_ABILITY_SLTH_UNIT_ABASHI', 'MODIFIER_BAN_ABILITY_SLTH_UNIT_ABASHI'),
('BAN_ABILITY_SLTH_UNIT_ALAZKAN', 'MODIFIER_BAN_ABILITY_SLTH_UNIT_ALAZKAN'),
('BAN_ABILITY_SLTH_UNIT_ARTHENDAIN', 'MODIFIER_BAN_ABILITY_SLTH_UNIT_ARTHENDAIN'),
('BAN_ABILITY_SLTH_UNIT_AURIC_ASCENDED', 'MODIFIER_BAN_ABILITY_SLTH_UNIT_AURIC_ASCENDED'),
('BAN_ABILITY_SLTH_UNIT_BAMBUR', 'MODIFIER_BAN_ABILITY_SLTH_UNIT_BAMBUR'),
('BAN_ABILITY_SLTH_UNIT_BARNAXUS', 'MODIFIER_BAN_ABILITY_SLTH_UNIT_BARNAXUS'),
('BAN_ABILITY_SLTH_UNIT_BASIUM', 'MODIFIER_BAN_ABILITY_SLTH_UNIT_BASIUM'),
('BAN_ABILITY_SLTH_UNIT_CHALID', 'MODIFIER_BAN_ABILITY_SLTH_UNIT_CHALID'),
('BAN_ABILITY_SLTH_UNIT_CORLINDALE', 'MODIFIER_BAN_ABILITY_SLTH_UNIT_CORLINDALE'),
('BAN_ABILITY_SLTH_UNIT_DONAL', 'MODIFIER_BAN_ABILITY_SLTH_UNIT_DONAL'),
('BAN_ABILITY_SLTH_UNIT_DRIFA', 'MODIFIER_BAN_ABILITY_SLTH_UNIT_DRIFA'),
('BAN_ABILITY_SLTH_UNIT_DUIN', 'MODIFIER_BAN_ABILITY_SLTH_UNIT_DUIN'),
('BAN_ABILITY_SLTH_UNIT_EURABATRES', 'MODIFIER_BAN_ABILITY_SLTH_UNIT_EURABATRES'),
('BAN_ABILITY_SLTH_UNIT_GIBBON', 'MODIFIER_BAN_ABILITY_SLTH_UNIT_GIBBON'),
('BAN_ABILITY_SLTH_UNIT_GILDEN', 'MODIFIER_BAN_ABILITY_SLTH_UNIT_GILDEN'),
('BAN_ABILITY_SLTH_UNIT_GOVANNON', 'MODIFIER_BAN_ABILITY_SLTH_UNIT_GOVANNON'),
('BAN_ABILITY_SLTH_UNIT_GUYBRUSH', 'MODIFIER_BAN_ABILITY_SLTH_UNIT_GUYBRUSH'),
('BAN_ABILITY_SLTH_UNIT_HEMAH', 'MODIFIER_BAN_ABILITY_SLTH_UNIT_HEMAH'),
('BAN_ABILITY_SLTH_UNIT_HERNE', 'MODIFIER_BAN_ABILITY_SLTH_UNIT_HERNE'),
('BAN_ABILITY_SLTH_UNIT_HYBOREM', 'MODIFIER_BAN_ABILITY_SLTH_UNIT_HYBOREM'),
('BAN_ABILITY_SLTH_UNIT_KITHRA', 'MODIFIER_BAN_ABILITY_SLTH_UNIT_KITHRA'),
('BAN_ABILITY_SLTH_UNIT_LOKI', 'MODIFIER_BAN_ABILITY_SLTH_UNIT_LOKI'),
('BAN_ABILITY_SLTH_UNIT_LOSHA', 'MODIFIER_BAN_ABILITY_SLTH_UNIT_LOSHA'),
('BAN_ABILITY_SLTH_UNIT_LUCIAN', 'MODIFIER_BAN_ABILITY_SLTH_UNIT_LUCIAN'),
('BAN_ABILITY_SLTH_UNIT_MAGNADINE', 'MODIFIER_BAN_ABILITY_SLTH_UNIT_MAGNADINE'),
('BAN_ABILITY_SLTH_UNIT_MARDERO', 'MODIFIER_BAN_ABILITY_SLTH_UNIT_MARDERO'),
('BAN_ABILITY_SLTH_UNIT_MAROS', 'MODIFIER_BAN_ABILITY_SLTH_UNIT_MAROS'),
('BAN_ABILITY_SLTH_UNIT_MESHABBER', 'MODIFIER_BAN_ABILITY_SLTH_UNIT_MESHABBER'),
('BAN_ABILITY_SLTH_UNIT_MITHRIL_GOLEM', 'MODIFIER_BAN_ABILITY_SLTH_UNIT_MITHRIL_GOLEM'),
('BAN_ABILITY_SLTH_UNIT_RANTINE', 'MODIFIER_BAN_ABILITY_SLTH_UNIT_RANTINE'),
('BAN_ABILITY_SLTH_UNIT_RATHUS', 'MODIFIER_BAN_ABILITY_SLTH_UNIT_RATHUS'),
('BAN_ABILITY_SLTH_UNIT_ROSIER', 'MODIFIER_BAN_ABILITY_SLTH_UNIT_ROSIER'),
('BAN_ABILITY_SLTH_UNIT_SAVEROUS', 'MODIFIER_BAN_ABILITY_SLTH_UNIT_SAVEROUS'),
('BAN_ABILITY_SLTH_UNIT_SPHENER', 'MODIFIER_BAN_ABILITY_SLTH_UNIT_SPHENER'),
('BAN_ABILITY_SLTH_UNIT_TEUTORIX', 'MODIFIER_BAN_ABILITY_SLTH_UNIT_TEUTORIX'),
('BAN_ABILITY_SLTH_UNIT_VALIN', 'MODIFIER_BAN_ABILITY_SLTH_UNIT_VALIN'),
('BAN_ABILITY_SLTH_UNIT_YVAIN', 'MODIFIER_BAN_ABILITY_SLTH_UNIT_YVAIN');

INSERT INTO Modifiers(ModifierId, ModifierType, RunOnce, Permanent, SubjectRequirementSetId) VALUES
('MODIFIER_BAN_ABILITY_SLTH_UNIT_ABASHI', 'MODIFIER_ALL_PLAYERS_ATTACH_MODIFIER', '1', '1', NULL),
('TRAIT_CANT_BUILD_HERO_SLTH_UNIT_ABASHI', 'MODIFIER_PLAYER_UNIT_BUILD_DISABLED', '0', '0', NULL),
('MODIFIER_BAN_ABILITY_SLTH_UNIT_ALAZKAN', 'MODIFIER_ALL_PLAYERS_ATTACH_MODIFIER', '1', '1', NULL),
('TRAIT_CANT_BUILD_HERO_SLTH_UNIT_ALAZKAN', 'MODIFIER_PLAYER_UNIT_BUILD_DISABLED', '0', '0', NULL),
('MODIFIER_BAN_ABILITY_SLTH_UNIT_ARTHENDAIN', 'MODIFIER_ALL_PLAYERS_ATTACH_MODIFIER', '1', '1', NULL),
('TRAIT_CANT_BUILD_HERO_SLTH_UNIT_ARTHENDAIN', 'MODIFIER_PLAYER_UNIT_BUILD_DISABLED', '0', '0', NULL),
('MODIFIER_BAN_ABILITY_SLTH_UNIT_AURIC_ASCENDED', 'MODIFIER_ALL_PLAYERS_ATTACH_MODIFIER', '1', '1', NULL),
('TRAIT_CANT_BUILD_HERO_SLTH_UNIT_AURIC_ASCENDED', 'MODIFIER_PLAYER_UNIT_BUILD_DISABLED', '0', '0', NULL),
('MODIFIER_BAN_ABILITY_SLTH_UNIT_BAMBUR', 'MODIFIER_ALL_PLAYERS_ATTACH_MODIFIER', '1', '1', NULL),
('TRAIT_CANT_BUILD_HERO_SLTH_UNIT_BAMBUR', 'MODIFIER_PLAYER_UNIT_BUILD_DISABLED', '0', '0', NULL),
('MODIFIER_BAN_ABILITY_SLTH_UNIT_BARNAXUS', 'MODIFIER_ALL_PLAYERS_ATTACH_MODIFIER', '1', '1', NULL),
('TRAIT_CANT_BUILD_HERO_SLTH_UNIT_BARNAXUS', 'MODIFIER_PLAYER_UNIT_BUILD_DISABLED', '0', '0', NULL),
('MODIFIER_BAN_ABILITY_SLTH_UNIT_BASIUM', 'MODIFIER_ALL_PLAYERS_ATTACH_MODIFIER', '1', '1', NULL),
('TRAIT_CANT_BUILD_HERO_SLTH_UNIT_BASIUM', 'MODIFIER_PLAYER_UNIT_BUILD_DISABLED', '0', '0', NULL),
('MODIFIER_BAN_ABILITY_SLTH_UNIT_CHALID', 'MODIFIER_ALL_PLAYERS_ATTACH_MODIFIER', '1', '1', NULL),
('TRAIT_CANT_BUILD_HERO_SLTH_UNIT_CHALID', 'MODIFIER_PLAYER_UNIT_BUILD_DISABLED', '0', '0', NULL),
('MODIFIER_BAN_ABILITY_SLTH_UNIT_CORLINDALE', 'MODIFIER_ALL_PLAYERS_ATTACH_MODIFIER', '1', '1', NULL),
('TRAIT_CANT_BUILD_HERO_SLTH_UNIT_CORLINDALE', 'MODIFIER_PLAYER_UNIT_BUILD_DISABLED', '0', '0', NULL),
('MODIFIER_BAN_ABILITY_SLTH_UNIT_DONAL', 'MODIFIER_ALL_PLAYERS_ATTACH_MODIFIER', '1', '1', NULL),
('TRAIT_CANT_BUILD_HERO_SLTH_UNIT_DONAL', 'MODIFIER_PLAYER_UNIT_BUILD_DISABLED', '0', '0', NULL),
('MODIFIER_BAN_ABILITY_SLTH_UNIT_DRIFA', 'MODIFIER_ALL_PLAYERS_ATTACH_MODIFIER', '1', '1', NULL),
('TRAIT_CANT_BUILD_HERO_SLTH_UNIT_DRIFA', 'MODIFIER_PLAYER_UNIT_BUILD_DISABLED', '0', '0', NULL),
('MODIFIER_BAN_ABILITY_SLTH_UNIT_DUIN', 'MODIFIER_ALL_PLAYERS_ATTACH_MODIFIER', '1', '1', NULL),
('TRAIT_CANT_BUILD_HERO_SLTH_UNIT_DUIN', 'MODIFIER_PLAYER_UNIT_BUILD_DISABLED', '0', '0', NULL),
('MODIFIER_BAN_ABILITY_SLTH_UNIT_EURABATRES', 'MODIFIER_ALL_PLAYERS_ATTACH_MODIFIER', '1', '1', NULL),
('TRAIT_CANT_BUILD_HERO_SLTH_UNIT_EURABATRES', 'MODIFIER_PLAYER_UNIT_BUILD_DISABLED', '0', '0', NULL),
('MODIFIER_BAN_ABILITY_SLTH_UNIT_GIBBON', 'MODIFIER_ALL_PLAYERS_ATTACH_MODIFIER', '1', '1', NULL),
('TRAIT_CANT_BUILD_HERO_SLTH_UNIT_GIBBON', 'MODIFIER_PLAYER_UNIT_BUILD_DISABLED', '0', '0', NULL),
('MODIFIER_BAN_ABILITY_SLTH_UNIT_GILDEN', 'MODIFIER_ALL_PLAYERS_ATTACH_MODIFIER', '1', '1', NULL),
('TRAIT_CANT_BUILD_HERO_SLTH_UNIT_GILDEN', 'MODIFIER_PLAYER_UNIT_BUILD_DISABLED', '0', '0', NULL),
('MODIFIER_BAN_ABILITY_SLTH_UNIT_GOVANNON', 'MODIFIER_ALL_PLAYERS_ATTACH_MODIFIER', '1', '1', NULL),
('TRAIT_CANT_BUILD_HERO_SLTH_UNIT_GOVANNON', 'MODIFIER_PLAYER_UNIT_BUILD_DISABLED', '0', '0', NULL),
('MODIFIER_BAN_ABILITY_SLTH_UNIT_GUYBRUSH', 'MODIFIER_ALL_PLAYERS_ATTACH_MODIFIER', '1', '1', NULL),
('TRAIT_CANT_BUILD_HERO_SLTH_UNIT_GUYBRUSH', 'MODIFIER_PLAYER_UNIT_BUILD_DISABLED', '0', '0', NULL),
('MODIFIER_BAN_ABILITY_SLTH_UNIT_HEMAH', 'MODIFIER_ALL_PLAYERS_ATTACH_MODIFIER', '1', '1', NULL),
('TRAIT_CANT_BUILD_HERO_SLTH_UNIT_HEMAH', 'MODIFIER_PLAYER_UNIT_BUILD_DISABLED', '0', '0', NULL),
('MODIFIER_BAN_ABILITY_SLTH_UNIT_HERNE', 'MODIFIER_ALL_PLAYERS_ATTACH_MODIFIER', '1', '1', NULL),
('TRAIT_CANT_BUILD_HERO_SLTH_UNIT_HERNE', 'MODIFIER_PLAYER_UNIT_BUILD_DISABLED', '0', '0', NULL),
('MODIFIER_BAN_ABILITY_SLTH_UNIT_HYBOREM', 'MODIFIER_ALL_PLAYERS_ATTACH_MODIFIER', '1', '1', NULL),
('TRAIT_CANT_BUILD_HERO_SLTH_UNIT_HYBOREM', 'MODIFIER_PLAYER_UNIT_BUILD_DISABLED', '0', '0', NULL),
('MODIFIER_BAN_ABILITY_SLTH_UNIT_KITHRA', 'MODIFIER_ALL_PLAYERS_ATTACH_MODIFIER', '1', '1', NULL),
('TRAIT_CANT_BUILD_HERO_SLTH_UNIT_KITHRA', 'MODIFIER_PLAYER_UNIT_BUILD_DISABLED', '0', '0', NULL),
('MODIFIER_BAN_ABILITY_SLTH_UNIT_LOKI', 'MODIFIER_ALL_PLAYERS_ATTACH_MODIFIER', '1', '1', NULL),
('TRAIT_CANT_BUILD_HERO_SLTH_UNIT_LOKI', 'MODIFIER_PLAYER_UNIT_BUILD_DISABLED', '0', '0', NULL),
('MODIFIER_BAN_ABILITY_SLTH_UNIT_LOSHA', 'MODIFIER_ALL_PLAYERS_ATTACH_MODIFIER', '1', '1', NULL),
('TRAIT_CANT_BUILD_HERO_SLTH_UNIT_LOSHA', 'MODIFIER_PLAYER_UNIT_BUILD_DISABLED', '0', '0', NULL),
('MODIFIER_BAN_ABILITY_SLTH_UNIT_LUCIAN', 'MODIFIER_ALL_PLAYERS_ATTACH_MODIFIER', '1', '1', NULL),
('TRAIT_CANT_BUILD_HERO_SLTH_UNIT_LUCIAN', 'MODIFIER_PLAYER_UNIT_BUILD_DISABLED', '0', '0', NULL),
('MODIFIER_BAN_ABILITY_SLTH_UNIT_MAGNADINE', 'MODIFIER_ALL_PLAYERS_ATTACH_MODIFIER', '1', '1', NULL),
('TRAIT_CANT_BUILD_HERO_SLTH_UNIT_MAGNADINE', 'MODIFIER_PLAYER_UNIT_BUILD_DISABLED', '0', '0', NULL),
('MODIFIER_BAN_ABILITY_SLTH_UNIT_MARDERO', 'MODIFIER_ALL_PLAYERS_ATTACH_MODIFIER', '1', '1', NULL),
('TRAIT_CANT_BUILD_HERO_SLTH_UNIT_MARDERO', 'MODIFIER_PLAYER_UNIT_BUILD_DISABLED', '0', '0', NULL),
('MODIFIER_BAN_ABILITY_SLTH_UNIT_MAROS', 'MODIFIER_ALL_PLAYERS_ATTACH_MODIFIER', '1', '1', NULL),
('TRAIT_CANT_BUILD_HERO_SLTH_UNIT_MAROS', 'MODIFIER_PLAYER_UNIT_BUILD_DISABLED', '0', '0', NULL),
('MODIFIER_BAN_ABILITY_SLTH_UNIT_MESHABBER', 'MODIFIER_ALL_PLAYERS_ATTACH_MODIFIER', '1', '1', NULL),
('TRAIT_CANT_BUILD_HERO_SLTH_UNIT_MESHABBER', 'MODIFIER_PLAYER_UNIT_BUILD_DISABLED', '0', '0', NULL),
('MODIFIER_BAN_ABILITY_SLTH_UNIT_MITHRIL_GOLEM', 'MODIFIER_ALL_PLAYERS_ATTACH_MODIFIER', '1', '1', NULL),
('TRAIT_CANT_BUILD_HERO_SLTH_UNIT_MITHRIL_GOLEM', 'MODIFIER_PLAYER_UNIT_BUILD_DISABLED', '0', '0', NULL),
('MODIFIER_BAN_ABILITY_SLTH_UNIT_RANTINE', 'MODIFIER_ALL_PLAYERS_ATTACH_MODIFIER', '1', '1', NULL),
('TRAIT_CANT_BUILD_HERO_SLTH_UNIT_RANTINE', 'MODIFIER_PLAYER_UNIT_BUILD_DISABLED', '0', '0', NULL),
('MODIFIER_BAN_ABILITY_SLTH_UNIT_RATHUS', 'MODIFIER_ALL_PLAYERS_ATTACH_MODIFIER', '1', '1', NULL),
('TRAIT_CANT_BUILD_HERO_SLTH_UNIT_RATHUS', 'MODIFIER_PLAYER_UNIT_BUILD_DISABLED', '0', '0', NULL),
('MODIFIER_BAN_ABILITY_SLTH_UNIT_ROSIER', 'MODIFIER_ALL_PLAYERS_ATTACH_MODIFIER', '1', '1', NULL),
('TRAIT_CANT_BUILD_HERO_SLTH_UNIT_ROSIER', 'MODIFIER_PLAYER_UNIT_BUILD_DISABLED', '0', '0', NULL),
('MODIFIER_BAN_ABILITY_SLTH_UNIT_SAVEROUS', 'MODIFIER_ALL_PLAYERS_ATTACH_MODIFIER', '1', '1', NULL),
('TRAIT_CANT_BUILD_HERO_SLTH_UNIT_SAVEROUS', 'MODIFIER_PLAYER_UNIT_BUILD_DISABLED', '0', '0', NULL),
('MODIFIER_BAN_ABILITY_SLTH_UNIT_SPHENER', 'MODIFIER_ALL_PLAYERS_ATTACH_MODIFIER', '1', '1', NULL),
('TRAIT_CANT_BUILD_HERO_SLTH_UNIT_SPHENER', 'MODIFIER_PLAYER_UNIT_BUILD_DISABLED', '0', '0', NULL),
('MODIFIER_BAN_ABILITY_SLTH_UNIT_TEUTORIX', 'MODIFIER_ALL_PLAYERS_ATTACH_MODIFIER', '1', '1', NULL),
('TRAIT_CANT_BUILD_HERO_SLTH_UNIT_TEUTORIX', 'MODIFIER_PLAYER_UNIT_BUILD_DISABLED', '0', '0', NULL),
('MODIFIER_BAN_ABILITY_SLTH_UNIT_VALIN', 'MODIFIER_ALL_PLAYERS_ATTACH_MODIFIER', '1', '1', NULL),
('TRAIT_CANT_BUILD_HERO_SLTH_UNIT_VALIN', 'MODIFIER_PLAYER_UNIT_BUILD_DISABLED', '0', '0', NULL),
('MODIFIER_BAN_ABILITY_SLTH_UNIT_YVAIN', 'MODIFIER_ALL_PLAYERS_ATTACH_MODIFIER', '1', '1', NULL),
('TRAIT_CANT_BUILD_HERO_SLTH_UNIT_YVAIN', 'MODIFIER_PLAYER_UNIT_BUILD_DISABLED', '0', '0', NULL);

INSERT INTO ModifierArguments(ModifierId, Name, Type, Value) VALUES
('MODIFIER_BAN_ABILITY_SLTH_UNIT_ABASHI', 'ModifierId', 'ARGTYPE_IDENTITY', 'TRAIT_CANT_BUILD_HERO_SLTH_UNIT_ABASHI'),
('TRAIT_CANT_BUILD_HERO_SLTH_UNIT_ABASHI', 'UnitType', 'ARGTYPE_IDENTITY', 'SLTH_UNIT_ABASHI'),
('MODIFIER_BAN_ABILITY_SLTH_UNIT_ALAZKAN', 'ModifierId', 'ARGTYPE_IDENTITY', 'TRAIT_CANT_BUILD_HERO_SLTH_UNIT_ALAZKAN'),
('TRAIT_CANT_BUILD_HERO_SLTH_UNIT_ALAZKAN', 'UnitType', 'ARGTYPE_IDENTITY', 'SLTH_UNIT_ALAZKAN'),
('MODIFIER_BAN_ABILITY_SLTH_UNIT_ARTHENDAIN', 'ModifierId', 'ARGTYPE_IDENTITY', 'TRAIT_CANT_BUILD_HERO_SLTH_UNIT_ARTHENDAIN'),
('TRAIT_CANT_BUILD_HERO_SLTH_UNIT_ARTHENDAIN', 'UnitType', 'ARGTYPE_IDENTITY', 'SLTH_UNIT_ARTHENDAIN'),
('MODIFIER_BAN_ABILITY_SLTH_UNIT_AURIC_ASCENDED', 'ModifierId', 'ARGTYPE_IDENTITY', 'TRAIT_CANT_BUILD_HERO_SLTH_UNIT_AURIC_ASCENDED'),
('TRAIT_CANT_BUILD_HERO_SLTH_UNIT_AURIC_ASCENDED', 'UnitType', 'ARGTYPE_IDENTITY', 'SLTH_UNIT_AURIC_ASCENDED'),
('MODIFIER_BAN_ABILITY_SLTH_UNIT_BAMBUR', 'ModifierId', 'ARGTYPE_IDENTITY', 'TRAIT_CANT_BUILD_HERO_SLTH_UNIT_BAMBUR'),
('TRAIT_CANT_BUILD_HERO_SLTH_UNIT_BAMBUR', 'UnitType', 'ARGTYPE_IDENTITY', 'SLTH_UNIT_BAMBUR'),
('MODIFIER_BAN_ABILITY_SLTH_UNIT_BARNAXUS', 'ModifierId', 'ARGTYPE_IDENTITY', 'TRAIT_CANT_BUILD_HERO_SLTH_UNIT_BARNAXUS'),
('TRAIT_CANT_BUILD_HERO_SLTH_UNIT_BARNAXUS', 'UnitType', 'ARGTYPE_IDENTITY', 'SLTH_UNIT_BARNAXUS'),
('MODIFIER_BAN_ABILITY_SLTH_UNIT_BASIUM', 'ModifierId', 'ARGTYPE_IDENTITY', 'TRAIT_CANT_BUILD_HERO_SLTH_UNIT_BASIUM'),
('TRAIT_CANT_BUILD_HERO_SLTH_UNIT_BASIUM', 'UnitType', 'ARGTYPE_IDENTITY', 'SLTH_UNIT_BASIUM'),
('MODIFIER_BAN_ABILITY_SLTH_UNIT_CHALID', 'ModifierId', 'ARGTYPE_IDENTITY', 'TRAIT_CANT_BUILD_HERO_SLTH_UNIT_CHALID'),
('TRAIT_CANT_BUILD_HERO_SLTH_UNIT_CHALID', 'UnitType', 'ARGTYPE_IDENTITY', 'SLTH_UNIT_CHALID'),
('MODIFIER_BAN_ABILITY_SLTH_UNIT_CORLINDALE', 'ModifierId', 'ARGTYPE_IDENTITY', 'TRAIT_CANT_BUILD_HERO_SLTH_UNIT_CORLINDALE'),
('TRAIT_CANT_BUILD_HERO_SLTH_UNIT_CORLINDALE', 'UnitType', 'ARGTYPE_IDENTITY', 'SLTH_UNIT_CORLINDALE'),
('MODIFIER_BAN_ABILITY_SLTH_UNIT_DONAL', 'ModifierId', 'ARGTYPE_IDENTITY', 'TRAIT_CANT_BUILD_HERO_SLTH_UNIT_DONAL'),
('TRAIT_CANT_BUILD_HERO_SLTH_UNIT_DONAL', 'UnitType', 'ARGTYPE_IDENTITY', 'SLTH_UNIT_DONAL'),
('MODIFIER_BAN_ABILITY_SLTH_UNIT_DRIFA', 'ModifierId', 'ARGTYPE_IDENTITY', 'TRAIT_CANT_BUILD_HERO_SLTH_UNIT_DRIFA'),
('TRAIT_CANT_BUILD_HERO_SLTH_UNIT_DRIFA', 'UnitType', 'ARGTYPE_IDENTITY', 'SLTH_UNIT_DRIFA'),
('MODIFIER_BAN_ABILITY_SLTH_UNIT_DUIN', 'ModifierId', 'ARGTYPE_IDENTITY', 'TRAIT_CANT_BUILD_HERO_SLTH_UNIT_DUIN'),
('TRAIT_CANT_BUILD_HERO_SLTH_UNIT_DUIN', 'UnitType', 'ARGTYPE_IDENTITY', 'SLTH_UNIT_DUIN'),
('MODIFIER_BAN_ABILITY_SLTH_UNIT_EURABATRES', 'ModifierId', 'ARGTYPE_IDENTITY', 'TRAIT_CANT_BUILD_HERO_SLTH_UNIT_EURABATRES'),
('TRAIT_CANT_BUILD_HERO_SLTH_UNIT_EURABATRES', 'UnitType', 'ARGTYPE_IDENTITY', 'SLTH_UNIT_EURABATRES'),
('MODIFIER_BAN_ABILITY_SLTH_UNIT_GIBBON', 'ModifierId', 'ARGTYPE_IDENTITY', 'TRAIT_CANT_BUILD_HERO_SLTH_UNIT_GIBBON'),
('TRAIT_CANT_BUILD_HERO_SLTH_UNIT_GIBBON', 'UnitType', 'ARGTYPE_IDENTITY', 'SLTH_UNIT_GIBBON'),
('MODIFIER_BAN_ABILITY_SLTH_UNIT_GILDEN', 'ModifierId', 'ARGTYPE_IDENTITY', 'TRAIT_CANT_BUILD_HERO_SLTH_UNIT_GILDEN'),
('TRAIT_CANT_BUILD_HERO_SLTH_UNIT_GILDEN', 'UnitType', 'ARGTYPE_IDENTITY', 'SLTH_UNIT_GILDEN'),
('MODIFIER_BAN_ABILITY_SLTH_UNIT_GOVANNON', 'ModifierId', 'ARGTYPE_IDENTITY', 'TRAIT_CANT_BUILD_HERO_SLTH_UNIT_GOVANNON'),
('TRAIT_CANT_BUILD_HERO_SLTH_UNIT_GOVANNON', 'UnitType', 'ARGTYPE_IDENTITY', 'SLTH_UNIT_GOVANNON'),
('MODIFIER_BAN_ABILITY_SLTH_UNIT_GUYBRUSH', 'ModifierId', 'ARGTYPE_IDENTITY', 'TRAIT_CANT_BUILD_HERO_SLTH_UNIT_GUYBRUSH'),
('TRAIT_CANT_BUILD_HERO_SLTH_UNIT_GUYBRUSH', 'UnitType', 'ARGTYPE_IDENTITY', 'SLTH_UNIT_GUYBRUSH'),
('MODIFIER_BAN_ABILITY_SLTH_UNIT_HEMAH', 'ModifierId', 'ARGTYPE_IDENTITY', 'TRAIT_CANT_BUILD_HERO_SLTH_UNIT_HEMAH'),
('TRAIT_CANT_BUILD_HERO_SLTH_UNIT_HEMAH', 'UnitType', 'ARGTYPE_IDENTITY', 'SLTH_UNIT_HEMAH'),
('MODIFIER_BAN_ABILITY_SLTH_UNIT_HERNE', 'ModifierId', 'ARGTYPE_IDENTITY', 'TRAIT_CANT_BUILD_HERO_SLTH_UNIT_HERNE'),
('TRAIT_CANT_BUILD_HERO_SLTH_UNIT_HERNE', 'UnitType', 'ARGTYPE_IDENTITY', 'SLTH_UNIT_HERNE'),
('MODIFIER_BAN_ABILITY_SLTH_UNIT_HYBOREM', 'ModifierId', 'ARGTYPE_IDENTITY', 'TRAIT_CANT_BUILD_HERO_SLTH_UNIT_HYBOREM'),
('TRAIT_CANT_BUILD_HERO_SLTH_UNIT_HYBOREM', 'UnitType', 'ARGTYPE_IDENTITY', 'SLTH_UNIT_HYBOREM'),
('MODIFIER_BAN_ABILITY_SLTH_UNIT_KITHRA', 'ModifierId', 'ARGTYPE_IDENTITY', 'TRAIT_CANT_BUILD_HERO_SLTH_UNIT_KITHRA'),
('TRAIT_CANT_BUILD_HERO_SLTH_UNIT_KITHRA', 'UnitType', 'ARGTYPE_IDENTITY', 'SLTH_UNIT_KITHRA'),
('MODIFIER_BAN_ABILITY_SLTH_UNIT_LOKI', 'ModifierId', 'ARGTYPE_IDENTITY', 'TRAIT_CANT_BUILD_HERO_SLTH_UNIT_LOKI'),
('TRAIT_CANT_BUILD_HERO_SLTH_UNIT_LOKI', 'UnitType', 'ARGTYPE_IDENTITY', 'SLTH_UNIT_LOKI'),
('MODIFIER_BAN_ABILITY_SLTH_UNIT_LOSHA', 'ModifierId', 'ARGTYPE_IDENTITY', 'TRAIT_CANT_BUILD_HERO_SLTH_UNIT_LOSHA'),
('TRAIT_CANT_BUILD_HERO_SLTH_UNIT_LOSHA', 'UnitType', 'ARGTYPE_IDENTITY', 'SLTH_UNIT_LOSHA'),
('MODIFIER_BAN_ABILITY_SLTH_UNIT_LUCIAN', 'ModifierId', 'ARGTYPE_IDENTITY', 'TRAIT_CANT_BUILD_HERO_SLTH_UNIT_LUCIAN'),
('TRAIT_CANT_BUILD_HERO_SLTH_UNIT_LUCIAN', 'UnitType', 'ARGTYPE_IDENTITY', 'SLTH_UNIT_LUCIAN'),
('MODIFIER_BAN_ABILITY_SLTH_UNIT_MAGNADINE', 'ModifierId', 'ARGTYPE_IDENTITY', 'TRAIT_CANT_BUILD_HERO_SLTH_UNIT_MAGNADINE'),
('TRAIT_CANT_BUILD_HERO_SLTH_UNIT_MAGNADINE', 'UnitType', 'ARGTYPE_IDENTITY', 'SLTH_UNIT_MAGNADINE'),
('MODIFIER_BAN_ABILITY_SLTH_UNIT_MARDERO', 'ModifierId', 'ARGTYPE_IDENTITY', 'TRAIT_CANT_BUILD_HERO_SLTH_UNIT_MARDERO'),
('TRAIT_CANT_BUILD_HERO_SLTH_UNIT_MARDERO', 'UnitType', 'ARGTYPE_IDENTITY', 'SLTH_UNIT_MARDERO'),
('MODIFIER_BAN_ABILITY_SLTH_UNIT_MAROS', 'ModifierId', 'ARGTYPE_IDENTITY', 'TRAIT_CANT_BUILD_HERO_SLTH_UNIT_MAROS'),
('TRAIT_CANT_BUILD_HERO_SLTH_UNIT_MAROS', 'UnitType', 'ARGTYPE_IDENTITY', 'SLTH_UNIT_MAROS'),
('MODIFIER_BAN_ABILITY_SLTH_UNIT_MESHABBER', 'ModifierId', 'ARGTYPE_IDENTITY', 'TRAIT_CANT_BUILD_HERO_SLTH_UNIT_MESHABBER'),
('TRAIT_CANT_BUILD_HERO_SLTH_UNIT_MESHABBER', 'UnitType', 'ARGTYPE_IDENTITY', 'SLTH_UNIT_MESHABBER'),
('MODIFIER_BAN_ABILITY_SLTH_UNIT_MITHRIL_GOLEM', 'ModifierId', 'ARGTYPE_IDENTITY', 'TRAIT_CANT_BUILD_HERO_SLTH_UNIT_MITHRIL_GOLEM'),
('TRAIT_CANT_BUILD_HERO_SLTH_UNIT_MITHRIL_GOLEM', 'UnitType', 'ARGTYPE_IDENTITY', 'SLTH_UNIT_MITHRIL_GOLEM'),
('MODIFIER_BAN_ABILITY_SLTH_UNIT_RANTINE', 'ModifierId', 'ARGTYPE_IDENTITY', 'TRAIT_CANT_BUILD_HERO_SLTH_UNIT_RANTINE'),
('TRAIT_CANT_BUILD_HERO_SLTH_UNIT_RANTINE', 'UnitType', 'ARGTYPE_IDENTITY', 'SLTH_UNIT_RANTINE'),
('MODIFIER_BAN_ABILITY_SLTH_UNIT_RATHUS', 'ModifierId', 'ARGTYPE_IDENTITY', 'TRAIT_CANT_BUILD_HERO_SLTH_UNIT_RATHUS'),
('TRAIT_CANT_BUILD_HERO_SLTH_UNIT_RATHUS', 'UnitType', 'ARGTYPE_IDENTITY', 'SLTH_UNIT_RATHUS'),
('MODIFIER_BAN_ABILITY_SLTH_UNIT_ROSIER', 'ModifierId', 'ARGTYPE_IDENTITY', 'TRAIT_CANT_BUILD_HERO_SLTH_UNIT_ROSIER'),
('TRAIT_CANT_BUILD_HERO_SLTH_UNIT_ROSIER', 'UnitType', 'ARGTYPE_IDENTITY', 'SLTH_UNIT_ROSIER'),
('MODIFIER_BAN_ABILITY_SLTH_UNIT_SAVEROUS', 'ModifierId', 'ARGTYPE_IDENTITY', 'TRAIT_CANT_BUILD_HERO_SLTH_UNIT_SAVEROUS'),
('TRAIT_CANT_BUILD_HERO_SLTH_UNIT_SAVEROUS', 'UnitType', 'ARGTYPE_IDENTITY', 'SLTH_UNIT_SAVEROUS'),
('MODIFIER_BAN_ABILITY_SLTH_UNIT_SPHENER', 'ModifierId', 'ARGTYPE_IDENTITY', 'TRAIT_CANT_BUILD_HERO_SLTH_UNIT_SPHENER'),
('TRAIT_CANT_BUILD_HERO_SLTH_UNIT_SPHENER', 'UnitType', 'ARGTYPE_IDENTITY', 'SLTH_UNIT_SPHENER'),
('MODIFIER_BAN_ABILITY_SLTH_UNIT_TEUTORIX', 'ModifierId', 'ARGTYPE_IDENTITY', 'TRAIT_CANT_BUILD_HERO_SLTH_UNIT_TEUTORIX'),
('TRAIT_CANT_BUILD_HERO_SLTH_UNIT_TEUTORIX', 'UnitType', 'ARGTYPE_IDENTITY', 'SLTH_UNIT_TEUTORIX'),
('MODIFIER_BAN_ABILITY_SLTH_UNIT_VALIN', 'ModifierId', 'ARGTYPE_IDENTITY', 'TRAIT_CANT_BUILD_HERO_SLTH_UNIT_VALIN'),
('TRAIT_CANT_BUILD_HERO_SLTH_UNIT_VALIN', 'UnitType', 'ARGTYPE_IDENTITY', 'SLTH_UNIT_VALIN'),
('MODIFIER_BAN_ABILITY_SLTH_UNIT_YVAIN', 'ModifierId', 'ARGTYPE_IDENTITY', 'TRAIT_CANT_BUILD_HERO_SLTH_UNIT_YVAIN'),
('TRAIT_CANT_BUILD_HERO_SLTH_UNIT_YVAIN', 'UnitType', 'ARGTYPE_IDENTITY', 'SLTH_UNIT_YVAIN');

INSERT INTO Tags(Tag, Vocabulary) VALUES
('SLTH_CLASS_SLTH_UNIT_ABASHI', 'ABILITY_CLASS'),
('SLTH_CLASS_SLTH_UNIT_ALAZKAN', 'ABILITY_CLASS'),
('SLTH_CLASS_SLTH_UNIT_ARTHENDAIN', 'ABILITY_CLASS'),
('SLTH_CLASS_SLTH_UNIT_AURIC_ASCENDED', 'ABILITY_CLASS'),
('SLTH_CLASS_SLTH_UNIT_BAMBUR', 'ABILITY_CLASS'),
('SLTH_CLASS_SLTH_UNIT_BARNAXUS', 'ABILITY_CLASS'),
('SLTH_CLASS_SLTH_UNIT_BASIUM', 'ABILITY_CLASS'),
('SLTH_CLASS_SLTH_UNIT_CHALID', 'ABILITY_CLASS'),
('SLTH_CLASS_SLTH_UNIT_CORLINDALE', 'ABILITY_CLASS'),
('SLTH_CLASS_SLTH_UNIT_DONAL', 'ABILITY_CLASS'),
('SLTH_CLASS_SLTH_UNIT_DRIFA', 'ABILITY_CLASS'),
('SLTH_CLASS_SLTH_UNIT_DUIN', 'ABILITY_CLASS'),
('SLTH_CLASS_SLTH_UNIT_EURABATRES', 'ABILITY_CLASS'),
('SLTH_CLASS_SLTH_UNIT_GIBBON', 'ABILITY_CLASS'),
('SLTH_CLASS_SLTH_UNIT_GILDEN', 'ABILITY_CLASS'),
('SLTH_CLASS_SLTH_UNIT_GOVANNON', 'ABILITY_CLASS'),
('SLTH_CLASS_SLTH_UNIT_GUYBRUSH', 'ABILITY_CLASS'),
('SLTH_CLASS_SLTH_UNIT_HEMAH', 'ABILITY_CLASS'),
('SLTH_CLASS_SLTH_UNIT_HERNE', 'ABILITY_CLASS'),
('SLTH_CLASS_SLTH_UNIT_HYBOREM', 'ABILITY_CLASS'),
('SLTH_CLASS_SLTH_UNIT_KITHRA', 'ABILITY_CLASS'),
('SLTH_CLASS_SLTH_UNIT_LOKI', 'ABILITY_CLASS'),
('SLTH_CLASS_SLTH_UNIT_LOSHA', 'ABILITY_CLASS'),
('SLTH_CLASS_SLTH_UNIT_LUCIAN', 'ABILITY_CLASS'),
('SLTH_CLASS_SLTH_UNIT_MAGNADINE', 'ABILITY_CLASS'),
('SLTH_CLASS_SLTH_UNIT_MARDERO', 'ABILITY_CLASS'),
('SLTH_CLASS_SLTH_UNIT_MAROS', 'ABILITY_CLASS'),
('SLTH_CLASS_SLTH_UNIT_MESHABBER', 'ABILITY_CLASS'),
('SLTH_CLASS_SLTH_UNIT_MITHRIL_GOLEM', 'ABILITY_CLASS'),
('SLTH_CLASS_SLTH_UNIT_RANTINE', 'ABILITY_CLASS'),
('SLTH_CLASS_SLTH_UNIT_RATHUS', 'ABILITY_CLASS'),
('SLTH_CLASS_SLTH_UNIT_ROSIER', 'ABILITY_CLASS'),
('SLTH_CLASS_SLTH_UNIT_SAVEROUS', 'ABILITY_CLASS'),
('SLTH_CLASS_SLTH_UNIT_SPHENER', 'ABILITY_CLASS'),
('SLTH_CLASS_SLTH_UNIT_TEUTORIX', 'ABILITY_CLASS'),
('SLTH_CLASS_SLTH_UNIT_VALIN', 'ABILITY_CLASS'),
('SLTH_CLASS_SLTH_UNIT_YVAIN', 'ABILITY_CLASS');

INSERT INTO TypeTags(Type, Tag) VALUES
('BAN_ABILITY_SLTH_UNIT_ABASHI', 'SLTH_CLASS_SLTH_UNIT_ABASHI'),
('SLTH_UNIT_ABASHI', 'SLTH_CLASS_SLTH_UNIT_ABASHI'),
('BAN_ABILITY_SLTH_UNIT_ALAZKAN', 'SLTH_CLASS_SLTH_UNIT_ALAZKAN'),
('SLTH_UNIT_ALAZKAN', 'SLTH_CLASS_SLTH_UNIT_ALAZKAN'),
('BAN_ABILITY_SLTH_UNIT_ARTHENDAIN', 'SLTH_CLASS_SLTH_UNIT_ARTHENDAIN'),
('SLTH_UNIT_ARTHENDAIN', 'SLTH_CLASS_SLTH_UNIT_ARTHENDAIN'),
('BAN_ABILITY_SLTH_UNIT_AURIC_ASCENDED', 'SLTH_CLASS_SLTH_UNIT_AURIC_ASCENDED'),
('SLTH_UNIT_AURIC_ASCENDED', 'SLTH_CLASS_SLTH_UNIT_AURIC_ASCENDED'),
('BAN_ABILITY_SLTH_UNIT_BAMBUR', 'SLTH_CLASS_SLTH_UNIT_BAMBUR'),
('SLTH_UNIT_BAMBUR', 'SLTH_CLASS_SLTH_UNIT_BAMBUR'),
('BAN_ABILITY_SLTH_UNIT_BARNAXUS', 'SLTH_CLASS_SLTH_UNIT_BARNAXUS'),
('SLTH_UNIT_BARNAXUS', 'SLTH_CLASS_SLTH_UNIT_BARNAXUS'),
('BAN_ABILITY_SLTH_UNIT_BASIUM', 'SLTH_CLASS_SLTH_UNIT_BASIUM'),
('SLTH_UNIT_BASIUM', 'SLTH_CLASS_SLTH_UNIT_BASIUM'),
('BAN_ABILITY_SLTH_UNIT_CHALID', 'SLTH_CLASS_SLTH_UNIT_CHALID'),
('SLTH_UNIT_CHALID', 'SLTH_CLASS_SLTH_UNIT_CHALID'),
('BAN_ABILITY_SLTH_UNIT_CORLINDALE', 'SLTH_CLASS_SLTH_UNIT_CORLINDALE'),
('SLTH_UNIT_CORLINDALE', 'SLTH_CLASS_SLTH_UNIT_CORLINDALE'),
('BAN_ABILITY_SLTH_UNIT_DONAL', 'SLTH_CLASS_SLTH_UNIT_DONAL'),
('SLTH_UNIT_DONAL', 'SLTH_CLASS_SLTH_UNIT_DONAL'),
('BAN_ABILITY_SLTH_UNIT_DRIFA', 'SLTH_CLASS_SLTH_UNIT_DRIFA'),
('SLTH_UNIT_DRIFA', 'SLTH_CLASS_SLTH_UNIT_DRIFA'),
('BAN_ABILITY_SLTH_UNIT_DUIN', 'SLTH_CLASS_SLTH_UNIT_DUIN'),
('SLTH_UNIT_DUIN', 'SLTH_CLASS_SLTH_UNIT_DUIN'),
('BAN_ABILITY_SLTH_UNIT_EURABATRES', 'SLTH_CLASS_SLTH_UNIT_EURABATRES'),
('SLTH_UNIT_EURABATRES', 'SLTH_CLASS_SLTH_UNIT_EURABATRES'),
('BAN_ABILITY_SLTH_UNIT_GIBBON', 'SLTH_CLASS_SLTH_UNIT_GIBBON'),
('SLTH_UNIT_GIBBON', 'SLTH_CLASS_SLTH_UNIT_GIBBON'),
('BAN_ABILITY_SLTH_UNIT_GILDEN', 'SLTH_CLASS_SLTH_UNIT_GILDEN'),
('SLTH_UNIT_GILDEN', 'SLTH_CLASS_SLTH_UNIT_GILDEN'),
('BAN_ABILITY_SLTH_UNIT_GOVANNON', 'SLTH_CLASS_SLTH_UNIT_GOVANNON'),
('SLTH_UNIT_GOVANNON', 'SLTH_CLASS_SLTH_UNIT_GOVANNON'),
('BAN_ABILITY_SLTH_UNIT_GUYBRUSH', 'SLTH_CLASS_SLTH_UNIT_GUYBRUSH'),
('SLTH_UNIT_GUYBRUSH', 'SLTH_CLASS_SLTH_UNIT_GUYBRUSH'),
('BAN_ABILITY_SLTH_UNIT_HEMAH', 'SLTH_CLASS_SLTH_UNIT_HEMAH'),
('SLTH_UNIT_HEMAH', 'SLTH_CLASS_SLTH_UNIT_HEMAH'),
('BAN_ABILITY_SLTH_UNIT_HERNE', 'SLTH_CLASS_SLTH_UNIT_HERNE'),
('SLTH_UNIT_HERNE', 'SLTH_CLASS_SLTH_UNIT_HERNE'),
('BAN_ABILITY_SLTH_UNIT_HYBOREM', 'SLTH_CLASS_SLTH_UNIT_HYBOREM'),
('SLTH_UNIT_HYBOREM', 'SLTH_CLASS_SLTH_UNIT_HYBOREM'),
('BAN_ABILITY_SLTH_UNIT_KITHRA', 'SLTH_CLASS_SLTH_UNIT_KITHRA'),
('SLTH_UNIT_KITHRA', 'SLTH_CLASS_SLTH_UNIT_KITHRA'),
('BAN_ABILITY_SLTH_UNIT_LOKI', 'SLTH_CLASS_SLTH_UNIT_LOKI'),
('SLTH_UNIT_LOKI', 'SLTH_CLASS_SLTH_UNIT_LOKI'),
('BAN_ABILITY_SLTH_UNIT_LOSHA', 'SLTH_CLASS_SLTH_UNIT_LOSHA'),
('SLTH_UNIT_LOSHA', 'SLTH_CLASS_SLTH_UNIT_LOSHA'),
('BAN_ABILITY_SLTH_UNIT_LUCIAN', 'SLTH_CLASS_SLTH_UNIT_LUCIAN'),
('SLTH_UNIT_LUCIAN', 'SLTH_CLASS_SLTH_UNIT_LUCIAN'),
('BAN_ABILITY_SLTH_UNIT_MAGNADINE', 'SLTH_CLASS_SLTH_UNIT_MAGNADINE'),
('SLTH_UNIT_MAGNADINE', 'SLTH_CLASS_SLTH_UNIT_MAGNADINE'),
('BAN_ABILITY_SLTH_UNIT_MARDERO', 'SLTH_CLASS_SLTH_UNIT_MARDERO'),
('SLTH_UNIT_MARDERO', 'SLTH_CLASS_SLTH_UNIT_MARDERO'),
('BAN_ABILITY_SLTH_UNIT_MAROS', 'SLTH_CLASS_SLTH_UNIT_MAROS'),
('SLTH_UNIT_MAROS', 'SLTH_CLASS_SLTH_UNIT_MAROS'),
('BAN_ABILITY_SLTH_UNIT_MESHABBER', 'SLTH_CLASS_SLTH_UNIT_MESHABBER'),
('SLTH_UNIT_MESHABBER', 'SLTH_CLASS_SLTH_UNIT_MESHABBER'),
('BAN_ABILITY_SLTH_UNIT_MITHRIL_GOLEM', 'SLTH_CLASS_SLTH_UNIT_MITHRIL_GOLEM'),
('SLTH_UNIT_MITHRIL_GOLEM', 'SLTH_CLASS_SLTH_UNIT_MITHRIL_GOLEM'),
('BAN_ABILITY_SLTH_UNIT_RANTINE', 'SLTH_CLASS_SLTH_UNIT_RANTINE'),
('SLTH_UNIT_RANTINE', 'SLTH_CLASS_SLTH_UNIT_RANTINE'),
('BAN_ABILITY_SLTH_UNIT_RATHUS', 'SLTH_CLASS_SLTH_UNIT_RATHUS'),
('SLTH_UNIT_RATHUS', 'SLTH_CLASS_SLTH_UNIT_RATHUS'),
('BAN_ABILITY_SLTH_UNIT_ROSIER', 'SLTH_CLASS_SLTH_UNIT_ROSIER'),
('SLTH_UNIT_ROSIER', 'SLTH_CLASS_SLTH_UNIT_ROSIER'),
('BAN_ABILITY_SLTH_UNIT_SAVEROUS', 'SLTH_CLASS_SLTH_UNIT_SAVEROUS'),
('SLTH_UNIT_SAVEROUS', 'SLTH_CLASS_SLTH_UNIT_SAVEROUS'),
('BAN_ABILITY_SLTH_UNIT_SPHENER', 'SLTH_CLASS_SLTH_UNIT_SPHENER'),
('SLTH_UNIT_SPHENER', 'SLTH_CLASS_SLTH_UNIT_SPHENER'),
('BAN_ABILITY_SLTH_UNIT_TEUTORIX', 'SLTH_CLASS_SLTH_UNIT_TEUTORIX'),
('SLTH_UNIT_TEUTORIX', 'SLTH_CLASS_SLTH_UNIT_TEUTORIX'),
('BAN_ABILITY_SLTH_UNIT_VALIN', 'SLTH_CLASS_SLTH_UNIT_VALIN'),
('SLTH_UNIT_VALIN', 'SLTH_CLASS_SLTH_UNIT_VALIN'),
('BAN_ABILITY_SLTH_UNIT_YVAIN', 'SLTH_CLASS_SLTH_UNIT_YVAIN'),
('SLTH_UNIT_YVAIN', 'SLTH_CLASS_SLTH_UNIT_YVAIN');

INSERT INTO Types(Type, Kind) VALUES
('BAN_ABILITY_SLTH_UNIT_ABASHI', 'KIND_ABILITY'),
('BAN_ABILITY_SLTH_UNIT_ALAZKAN', 'KIND_ABILITY'),
('BAN_ABILITY_SLTH_UNIT_ARTHENDAIN', 'KIND_ABILITY'),
('BAN_ABILITY_SLTH_UNIT_AURIC_ASCENDED', 'KIND_ABILITY'),
('BAN_ABILITY_SLTH_UNIT_BAMBUR', 'KIND_ABILITY'),
('BAN_ABILITY_SLTH_UNIT_BARNAXUS', 'KIND_ABILITY'),
('BAN_ABILITY_SLTH_UNIT_BASIUM', 'KIND_ABILITY'),
('BAN_ABILITY_SLTH_UNIT_CHALID', 'KIND_ABILITY'),
('BAN_ABILITY_SLTH_UNIT_CORLINDALE', 'KIND_ABILITY'),
('BAN_ABILITY_SLTH_UNIT_DONAL', 'KIND_ABILITY'),
('BAN_ABILITY_SLTH_UNIT_DRIFA', 'KIND_ABILITY'),
('BAN_ABILITY_SLTH_UNIT_DUIN', 'KIND_ABILITY'),
('BAN_ABILITY_SLTH_UNIT_EURABATRES', 'KIND_ABILITY'),
('BAN_ABILITY_SLTH_UNIT_GIBBON', 'KIND_ABILITY'),
('BAN_ABILITY_SLTH_UNIT_GILDEN', 'KIND_ABILITY'),
('BAN_ABILITY_SLTH_UNIT_GOVANNON', 'KIND_ABILITY'),
('BAN_ABILITY_SLTH_UNIT_GUYBRUSH', 'KIND_ABILITY'),
('BAN_ABILITY_SLTH_UNIT_HEMAH', 'KIND_ABILITY'),
('BAN_ABILITY_SLTH_UNIT_HERNE', 'KIND_ABILITY'),
('BAN_ABILITY_SLTH_UNIT_HYBOREM', 'KIND_ABILITY'),
('BAN_ABILITY_SLTH_UNIT_KITHRA', 'KIND_ABILITY'),
('BAN_ABILITY_SLTH_UNIT_LOKI', 'KIND_ABILITY'),
('BAN_ABILITY_SLTH_UNIT_LOSHA', 'KIND_ABILITY'),
('BAN_ABILITY_SLTH_UNIT_LUCIAN', 'KIND_ABILITY'),
('BAN_ABILITY_SLTH_UNIT_MAGNADINE', 'KIND_ABILITY'),
('BAN_ABILITY_SLTH_UNIT_MARDERO', 'KIND_ABILITY'),
('BAN_ABILITY_SLTH_UNIT_MAROS', 'KIND_ABILITY'),
('BAN_ABILITY_SLTH_UNIT_MESHABBER', 'KIND_ABILITY'),
('BAN_ABILITY_SLTH_UNIT_MITHRIL_GOLEM', 'KIND_ABILITY'),
('BAN_ABILITY_SLTH_UNIT_RANTINE', 'KIND_ABILITY'),
('BAN_ABILITY_SLTH_UNIT_RATHUS', 'KIND_ABILITY'),
('BAN_ABILITY_SLTH_UNIT_ROSIER', 'KIND_ABILITY'),
('BAN_ABILITY_SLTH_UNIT_SAVEROUS', 'KIND_ABILITY'),
('BAN_ABILITY_SLTH_UNIT_SPHENER', 'KIND_ABILITY'),
('BAN_ABILITY_SLTH_UNIT_TEUTORIX', 'KIND_ABILITY'),
('BAN_ABILITY_SLTH_UNIT_VALIN', 'KIND_ABILITY'),
('BAN_ABILITY_SLTH_UNIT_YVAIN', 'KIND_ABILITY');