INSERT INTO Improvements(ImprovementType, Name, Buildable, Description, PlunderType, PlunderAmount, Icon, CanBuildOutsideTerritory, DefenseModifier, GrantFortification, Coast, Domain) VALUES
('IMPROVEMENT_CASTLE', 'LOC_IMPROVEMENT_CASTLE_NAME', '1', 'LOC_IMPROVEMENT_CASTLE_DESCRIPTION', 'PLUNDER_GOLD', '10', 'ICON_IMPROVEMENT_CASTLE', '1', '25', '2', '0', 'DOMAIN_LAND'),
('IMPROVEMENT_CITADEL', 'LOC_IMPROVEMENT_CITADEL_NAME', '1', 'LOC_IMPROVEMENT_CITADEL_DESCRIPTION', 'PLUNDER_GOLD', '15', 'ICON_IMPROVEMENT_CITADEL', '1', '40', '2', '0', 'DOMAIN_LAND'),
('IMPROVEMENT_COTTAGE', 'LOC_IMPROVEMENT_COTTAGE_NAME', '1', 'LOC_IMPROVEMENT_COTTAGE_DESCRIPTION', 'PLUNDER_GOLD', '10', 'ICON_IMPROVEMENT_COTTAGE', '0', '0', '0', '0', 'DOMAIN_LAND'),
('IMPROVEMENT_HAMLET', 'LOC_IMPROVEMENT_HAMLET_NAME', '1', 'LOC_IMPROVEMENT_HAMLET_DESCRIPTION', 'PLUNDER_GOLD', '15', 'ICON_IMPROVEMENT_HAMLET', '0', '0', '0', '0', 'DOMAIN_LAND'),
('IMPROVEMENT_VILLAGE', 'LOC_IMPROVEMENT_VILLAGE_NAME', '1', 'LOC_IMPROVEMENT_VILLAGE_DESCRIPTION', 'PLUNDER_GOLD', '20', 'ICON_IMPROVEMENT_VILLAGE', '0', '0', '0', '0', 'DOMAIN_LAND'),
('IMPROVEMENT_TOWN', 'LOC_IMPROVEMENT_TOWN_NAME', '1', 'LOC_IMPROVEMENT_TOWN_DESCRIPTION', 'PLUNDER_GOLD', '25', 'ICON_IMPROVEMENT_TOWN', '0', '0', '0', '0', 'DOMAIN_LAND'),
('IMPROVEMENT_ENCLAVE', 'LOC_IMPROVEMENT_ENCLAVE_NAME', '1', 'LOC_IMPROVEMENT_ENCLAVE_DESCRIPTION', 'PLUNDER_GOLD', '30', 'ICON_IMPROVEMENT_ENCLAVE', '0', '0', '0', '0', 'DOMAIN_LAND'),
('IMPROVEMENT_PIRATE_COVE', 'LOC_IMPROVEMENT_PIRATE_COVE_NAME', '1', 'LOC_IMPROVEMENT_PIRATE_COVE_DESCRIPTION', 'PLUNDER_GOLD', '5', 'ICON_IMPROVEMENT_PIRATE_COVE', '1', '10', '2', '1', 'DOMAIN_WATER'),
('IMPROVEMENT_PIRATE_HARBOR', 'LOC_IMPROVEMENT_PIRATE_HARBOR_NAME', '1', 'LOC_IMPROVEMENT_PIRATE_HARBOR_DESCRIPTION', 'PLUNDER_GOLD', '5', 'ICON_IMPROVEMENT_PIRATE_HARBOR', '1', '20', '2', '1', 'DOMAIN_WATER'),
('IMPROVEMENT_PIRATE_PORT', 'LOC_IMPROVEMENT_PIRATE_PORT_NAME', '1', 'LOC_IMPROVEMENT_PIRATE_PORT_DESCRIPTION', 'PLUNDER_GOLD', '5', 'ICON_IMPROVEMENT_PIRATE_PORT', '1', '30', '2', '1', 'DOMAIN_WATER'),
('IMPROVEMENT_WINDMILL', 'LOC_IMPROVEMENT_WINDMILL_NAME', '1', 'LOC_IMPROVEMENT_WINDMILL_DESCRIPTION', 'PLUNDER_GOLD', '5', 'ICON_IMPROVEMENT_WINDMILL', '0', '0', '0', '0', 'DOMAIN_LAND'),
('IMPROVEMENT_WINERY', 'LOC_IMPROVEMENT_WINERY_NAME', '1', 'LOC_IMPROVEMENT_WINERY_DESCRIPTION', 'PLUNDER_GOLD', '10', 'ICON_IMPROVEMENT_WINERY', '0', '0', '0', '0', 'DOMAIN_LAND'),
('IMPROVEMENT_WORKSHOP', 'LOC_IMPROVEMENT_WORKSHOP_NAME', '1', 'LOC_IMPROVEMENT_WORKSHOP_DESCRIPTION', 'PLUNDER_GOLD', '5', 'ICON_IMPROVEMENT_WORKSHOP', '0', '0', '0', '0', 'DOMAIN_LAND'),
('IMPROVEMENT_MANA_AIR', 'LOC_IMPROVEMENT_MANA_AIR_NAME', '1', 'LOC_IMPROVEMENT_MANA_AIR_DESCRIPTION', 'PLUNDER_GOLD', '0', 'ICON_IMPROVEMENT_MANA_AIR', '0', '0', '0', '0', 'DOMAIN_LAND'),
('IMPROVEMENT_MANA_BODY', 'LOC_IMPROVEMENT_MANA_BODY_NAME', '1', 'LOC_IMPROVEMENT_MANA_BODY_DESCRIPTION', 'PLUNDER_GOLD', '0', 'ICON_IMPROVEMENT_MANA_BODY', '0', '0', '0', '0', 'DOMAIN_LAND'),
('IMPROVEMENT_MANA_CHAOS', 'LOC_IMPROVEMENT_MANA_CHAOS_NAME', '1', 'LOC_IMPROVEMENT_MANA_CHAOS_DESCRIPTION', 'PLUNDER_GOLD', '0', 'ICON_IMPROVEMENT_MANA_CHAOS', '0', '0', '0', '0', 'DOMAIN_LAND'),
('IMPROVEMENT_MANA_DEATH', 'LOC_IMPROVEMENT_MANA_DEATH_NAME', '1', 'LOC_IMPROVEMENT_MANA_DEATH_DESCRIPTION', 'PLUNDER_GOLD', '0', 'ICON_IMPROVEMENT_MANA_DEATH', '0', '0', '0', '0', 'DOMAIN_LAND'),
('IMPROVEMENT_MANA_EARTH', 'LOC_IMPROVEMENT_MANA_EARTH_NAME', '1', 'LOC_IMPROVEMENT_MANA_EARTH_DESCRIPTION', 'PLUNDER_GOLD', '0', 'ICON_IMPROVEMENT_MANA_EARTH', '0', '0', '0', '0', 'DOMAIN_LAND'),
('IMPROVEMENT_MANA_ENCHANTMENT', 'LOC_IMPROVEMENT_MANA_ENCHANTMENT_NAME', '1', 'LOC_IMPROVEMENT_MANA_ENCHANTMENT_DESCRIPTION', 'PLUNDER_GOLD', '0', 'ICON_IMPROVEMENT_MANA_ENCHANTMENT', '0', '0', '0', '0', 'DOMAIN_LAND'),
('IMPROVEMENT_MANA_ENTROPY', 'LOC_IMPROVEMENT_MANA_ENTROPY_NAME', '1', 'LOC_IMPROVEMENT_MANA_ENTROPY_DESCRIPTION', 'PLUNDER_GOLD', '0', 'ICON_IMPROVEMENT_MANA_ENTROPY', '0', '0', '0', '0', 'DOMAIN_LAND'),
('IMPROVEMENT_MANA_FIRE', 'LOC_IMPROVEMENT_MANA_FIRE_NAME', '1', 'LOC_IMPROVEMENT_MANA_FIRE_DESCRIPTION', 'PLUNDER_GOLD', '0', 'ICON_IMPROVEMENT_MANA_FIRE', '0', '0', '0', '0', 'DOMAIN_LAND'),
('IMPROVEMENT_MANA_LAW', 'LOC_IMPROVEMENT_MANA_LAW_NAME', '1', 'LOC_IMPROVEMENT_MANA_LAW_DESCRIPTION', 'PLUNDER_GOLD', '0', 'ICON_IMPROVEMENT_MANA_LAW', '0', '0', '0', '0', 'DOMAIN_LAND'),
('IMPROVEMENT_MANA_LIFE', 'LOC_IMPROVEMENT_MANA_LIFE_NAME', '1', 'LOC_IMPROVEMENT_MANA_LIFE_DESCRIPTION', 'PLUNDER_GOLD', '0', 'ICON_IMPROVEMENT_MANA_LIFE', '0', '0', '0', '0', 'DOMAIN_LAND'),
('IMPROVEMENT_MANA_METAMAGIC', 'LOC_IMPROVEMENT_MANA_METAMAGIC_NAME', '1', 'LOC_IMPROVEMENT_MANA_METAMAGIC_DESCRIPTION', 'PLUNDER_GOLD', '0', 'ICON_IMPROVEMENT_MANA_METAMAGIC', '0', '0', '0', '0', 'DOMAIN_LAND'),
('IMPROVEMENT_MANA_MIND', 'LOC_IMPROVEMENT_MANA_MIND_NAME', '1', 'LOC_IMPROVEMENT_MANA_MIND_DESCRIPTION', 'PLUNDER_GOLD', '0', 'ICON_IMPROVEMENT_MANA_MIND', '0', '0', '0', '0', 'DOMAIN_LAND'),
('IMPROVEMENT_MANA_NATURE', 'LOC_IMPROVEMENT_MANA_NATURE_NAME', '1', 'LOC_IMPROVEMENT_MANA_NATURE_DESCRIPTION', 'PLUNDER_GOLD', '0', 'ICON_IMPROVEMENT_MANA_NATURE', '0', '0', '0', '0', 'DOMAIN_LAND'),
('IMPROVEMENT_MANA_SHADOW', 'LOC_IMPROVEMENT_MANA_SHADOW_NAME', '1', 'LOC_IMPROVEMENT_MANA_SHADOW_DESCRIPTION', 'PLUNDER_GOLD', '0', 'ICON_IMPROVEMENT_MANA_SHADOW', '0', '0', '0', '0', 'DOMAIN_LAND'),
('IMPROVEMENT_MANA_SPIRIT', 'LOC_IMPROVEMENT_MANA_SPIRIT_NAME', '1', 'LOC_IMPROVEMENT_MANA_SPIRIT_DESCRIPTION', 'PLUNDER_GOLD', '0', 'ICON_IMPROVEMENT_MANA_SPIRIT', '0', '0', '0', '0', 'DOMAIN_LAND'),
('IMPROVEMENT_MANA_SUN', 'LOC_IMPROVEMENT_MANA_SUN_NAME', '1', 'LOC_IMPROVEMENT_MANA_SUN_DESCRIPTION', 'PLUNDER_GOLD', '0', 'ICON_IMPROVEMENT_MANA_SUN', '0', '0', '0', '0', 'DOMAIN_LAND'),
('IMPROVEMENT_MANA_WATER', 'LOC_IMPROVEMENT_MANA_WATER_NAME', '1', 'LOC_IMPROVEMENT_MANA_WATER_DESCRIPTION', 'PLUNDER_GOLD', '0', 'ICON_IMPROVEMENT_MANA_WATER', '0', '0', '0', '0', 'DOMAIN_LAND');
INSERT INTO Improvement_ValidBuildUnits(ImprovementType, UnitType, ConsumesCharge) VALUES
('IMPROVEMENT_MANA_AIR', 'SLTH_UNIT_ADEPT', '0'),
('IMPROVEMENT_MANA_BODY', 'SLTH_UNIT_ADEPT', '0'),
('IMPROVEMENT_MANA_CHAOS', 'SLTH_UNIT_ADEPT', '0'),
('IMPROVEMENT_MANA_DEATH', 'SLTH_UNIT_ADEPT', '0'),
('IMPROVEMENT_MANA_EARTH', 'SLTH_UNIT_ADEPT', '0'),
('IMPROVEMENT_MANA_ENCHANTMENT', 'SLTH_UNIT_ADEPT', '0'),
('IMPROVEMENT_MANA_ENTROPY', 'SLTH_UNIT_ADEPT', '0'),
('IMPROVEMENT_MANA_FIRE', 'SLTH_UNIT_ADEPT', '0'),
('IMPROVEMENT_MANA_LAW', 'SLTH_UNIT_ADEPT', '0'),
('IMPROVEMENT_MANA_LIFE', 'SLTH_UNIT_ADEPT', '0'),
('IMPROVEMENT_MANA_METAMAGIC', 'SLTH_UNIT_ADEPT', '0'),
('IMPROVEMENT_MANA_MIND', 'SLTH_UNIT_ADEPT', '0'),
('IMPROVEMENT_MANA_NATURE', 'SLTH_UNIT_ADEPT', '0'),
('IMPROVEMENT_MANA_SPIRIT', 'SLTH_UNIT_ADEPT', '0'),
('IMPROVEMENT_MANA_WATER', 'SLTH_UNIT_ADEPT', '0'),
('IMPROVEMENT_MANA_SHADOW', 'SLTH_UNIT_ADEPT', '0'),
('IMPROVEMENT_MANA_SUN', 'SLTH_UNIT_ADEPT', '0'),
('IMPROVEMENT_MANA_AIR', 'SLTH_UNIT_IMP', '0'),
('IMPROVEMENT_MANA_BODY', 'SLTH_UNIT_IMP', '0'),
('IMPROVEMENT_MANA_CHAOS', 'SLTH_UNIT_IMP', '0'),
('IMPROVEMENT_MANA_DEATH', 'SLTH_UNIT_IMP', '0'),
('IMPROVEMENT_MANA_EARTH', 'SLTH_UNIT_IMP', '0'),
('IMPROVEMENT_MANA_ENCHANTMENT', 'SLTH_UNIT_IMP', '0'),
('IMPROVEMENT_MANA_ENTROPY', 'SLTH_UNIT_IMP', '0'),
('IMPROVEMENT_MANA_FIRE', 'SLTH_UNIT_IMP', '0'),
('IMPROVEMENT_MANA_LAW', 'SLTH_UNIT_IMP', '0'),
('IMPROVEMENT_MANA_LIFE', 'SLTH_UNIT_IMP', '0'),
('IMPROVEMENT_MANA_METAMAGIC', 'SLTH_UNIT_IMP', '0'),
('IMPROVEMENT_MANA_MIND', 'SLTH_UNIT_IMP', '0'),
('IMPROVEMENT_MANA_NATURE', 'SLTH_UNIT_IMP', '0'),
('IMPROVEMENT_MANA_SPIRIT', 'SLTH_UNIT_IMP', '0'),
('IMPROVEMENT_MANA_WATER', 'SLTH_UNIT_IMP', '0'),
('IMPROVEMENT_MANA_SHADOW', 'SLTH_UNIT_IMP', '0'),
('IMPROVEMENT_MANA_SUN', 'SLTH_UNIT_IMP', '0'),
('IMPROVEMENT_MANA_AIR', 'SLTH_UNIT_SHAMAN', '0'),
('IMPROVEMENT_MANA_BODY', 'SLTH_UNIT_SHAMAN', '0'),
('IMPROVEMENT_MANA_CHAOS', 'SLTH_UNIT_SHAMAN', '0'),
('IMPROVEMENT_MANA_DEATH', 'SLTH_UNIT_SHAMAN', '0'),
('IMPROVEMENT_MANA_EARTH', 'SLTH_UNIT_SHAMAN', '0'),
('IMPROVEMENT_MANA_ENCHANTMENT', 'SLTH_UNIT_SHAMAN', '0'),
('IMPROVEMENT_MANA_ENTROPY', 'SLTH_UNIT_SHAMAN', '0'),
('IMPROVEMENT_MANA_FIRE', 'SLTH_UNIT_SHAMAN', '0'),
('IMPROVEMENT_MANA_LAW', 'SLTH_UNIT_SHAMAN', '0'),
('IMPROVEMENT_MANA_LIFE', 'SLTH_UNIT_SHAMAN', '0'),
('IMPROVEMENT_MANA_METAMAGIC', 'SLTH_UNIT_SHAMAN', '0'),
('IMPROVEMENT_MANA_MIND', 'SLTH_UNIT_SHAMAN', '0'),
('IMPROVEMENT_MANA_NATURE', 'SLTH_UNIT_SHAMAN', '0'),
('IMPROVEMENT_MANA_SPIRIT', 'SLTH_UNIT_SHAMAN', '0'),
('IMPROVEMENT_MANA_WATER', 'SLTH_UNIT_SHAMAN', '0'),
('IMPROVEMENT_MANA_SHADOW', 'SLTH_UNIT_SHAMAN', '0'),
('IMPROVEMENT_MANA_SUN', 'SLTH_UNIT_SHAMAN', '0'),
('IMPROVEMENT_MANA_AIR', 'SLTH_UNIT_ARCHMAGE', '0'),
('IMPROVEMENT_MANA_BODY', 'SLTH_UNIT_ARCHMAGE', '0'),
('IMPROVEMENT_MANA_CHAOS', 'SLTH_UNIT_ARCHMAGE', '0'),
('IMPROVEMENT_MANA_DEATH', 'SLTH_UNIT_ARCHMAGE', '0'),
('IMPROVEMENT_MANA_EARTH', 'SLTH_UNIT_ARCHMAGE', '0'),
('IMPROVEMENT_MANA_ENCHANTMENT', 'SLTH_UNIT_ARCHMAGE', '0'),
('IMPROVEMENT_MANA_ENTROPY', 'SLTH_UNIT_ARCHMAGE', '0'),
('IMPROVEMENT_MANA_FIRE', 'SLTH_UNIT_ARCHMAGE', '0'),
('IMPROVEMENT_MANA_LAW', 'SLTH_UNIT_ARCHMAGE', '0'),
('IMPROVEMENT_MANA_LIFE', 'SLTH_UNIT_ARCHMAGE', '0'),
('IMPROVEMENT_MANA_METAMAGIC', 'SLTH_UNIT_ARCHMAGE', '0'),
('IMPROVEMENT_MANA_MIND', 'SLTH_UNIT_ARCHMAGE', '0'),
('IMPROVEMENT_MANA_NATURE', 'SLTH_UNIT_ARCHMAGE', '0'),
('IMPROVEMENT_MANA_SPIRIT', 'SLTH_UNIT_ARCHMAGE', '0'),
('IMPROVEMENT_MANA_WATER', 'SLTH_UNIT_ARCHMAGE', '0'),
('IMPROVEMENT_MANA_SHADOW', 'SLTH_UNIT_ARCHMAGE', '0'),
('IMPROVEMENT_MANA_SUN', 'SLTH_UNIT_ARCHMAGE', '0'),
('IMPROVEMENT_MANA_AIR', 'SLTH_UNIT_HEMAH', '0'),
('IMPROVEMENT_MANA_BODY', 'SLTH_UNIT_HEMAH', '0'),
('IMPROVEMENT_MANA_CHAOS', 'SLTH_UNIT_HEMAH', '0'),
('IMPROVEMENT_MANA_DEATH', 'SLTH_UNIT_HEMAH', '0'),
('IMPROVEMENT_MANA_EARTH', 'SLTH_UNIT_HEMAH', '0'),
('IMPROVEMENT_MANA_ENCHANTMENT', 'SLTH_UNIT_HEMAH', '0'),
('IMPROVEMENT_MANA_ENTROPY', 'SLTH_UNIT_HEMAH', '0'),
('IMPROVEMENT_MANA_FIRE', 'SLTH_UNIT_HEMAH', '0'),
('IMPROVEMENT_MANA_LAW', 'SLTH_UNIT_HEMAH', '0'),
('IMPROVEMENT_MANA_LIFE', 'SLTH_UNIT_HEMAH', '0'),
('IMPROVEMENT_MANA_METAMAGIC', 'SLTH_UNIT_HEMAH', '0'),
('IMPROVEMENT_MANA_MIND', 'SLTH_UNIT_HEMAH', '0'),
('IMPROVEMENT_MANA_NATURE', 'SLTH_UNIT_HEMAH', '0'),
('IMPROVEMENT_MANA_SPIRIT', 'SLTH_UNIT_HEMAH', '0'),
('IMPROVEMENT_MANA_WATER', 'SLTH_UNIT_HEMAH', '0'),
('IMPROVEMENT_MANA_SHADOW', 'SLTH_UNIT_HEMAH', '0'),
('IMPROVEMENT_MANA_SUN', 'SLTH_UNIT_HEMAH', '0'),
('IMPROVEMENT_MANA_AIR', 'SLTH_UNIT_LICH', '0'),
('IMPROVEMENT_MANA_BODY', 'SLTH_UNIT_LICH', '0'),
('IMPROVEMENT_MANA_CHAOS', 'SLTH_UNIT_LICH', '0'),
('IMPROVEMENT_MANA_DEATH', 'SLTH_UNIT_LICH', '0'),
('IMPROVEMENT_MANA_EARTH', 'SLTH_UNIT_LICH', '0'),
('IMPROVEMENT_MANA_ENCHANTMENT', 'SLTH_UNIT_LICH', '0'),
('IMPROVEMENT_MANA_ENTROPY', 'SLTH_UNIT_LICH', '0'),
('IMPROVEMENT_MANA_FIRE', 'SLTH_UNIT_LICH', '0'),
('IMPROVEMENT_MANA_LAW', 'SLTH_UNIT_LICH', '0'),
('IMPROVEMENT_MANA_LIFE', 'SLTH_UNIT_LICH', '0'),
('IMPROVEMENT_MANA_METAMAGIC', 'SLTH_UNIT_LICH', '0'),
('IMPROVEMENT_MANA_MIND', 'SLTH_UNIT_LICH', '0'),
('IMPROVEMENT_MANA_NATURE', 'SLTH_UNIT_LICH', '0'),
('IMPROVEMENT_MANA_SPIRIT', 'SLTH_UNIT_LICH', '0'),
('IMPROVEMENT_MANA_WATER', 'SLTH_UNIT_LICH', '0'),
('IMPROVEMENT_MANA_SHADOW', 'SLTH_UNIT_LICH', '0'),
('IMPROVEMENT_MANA_SUN', 'SLTH_UNIT_LICH', '0'),
('IMPROVEMENT_MANA_AIR', 'SLTH_UNIT_MAGE', '0'),
('IMPROVEMENT_MANA_BODY', 'SLTH_UNIT_MAGE', '0'),
('IMPROVEMENT_MANA_CHAOS', 'SLTH_UNIT_MAGE', '0'),
('IMPROVEMENT_MANA_DEATH', 'SLTH_UNIT_MAGE', '0'),
('IMPROVEMENT_MANA_EARTH', 'SLTH_UNIT_MAGE', '0'),
('IMPROVEMENT_MANA_ENCHANTMENT', 'SLTH_UNIT_MAGE', '0'),
('IMPROVEMENT_MANA_ENTROPY', 'SLTH_UNIT_MAGE', '0'),
('IMPROVEMENT_MANA_FIRE', 'SLTH_UNIT_MAGE', '0'),
('IMPROVEMENT_MANA_LAW', 'SLTH_UNIT_MAGE', '0'),
('IMPROVEMENT_MANA_LIFE', 'SLTH_UNIT_MAGE', '0'),
('IMPROVEMENT_MANA_METAMAGIC', 'SLTH_UNIT_MAGE', '0'),
('IMPROVEMENT_MANA_MIND', 'SLTH_UNIT_MAGE', '0'),
('IMPROVEMENT_MANA_NATURE', 'SLTH_UNIT_MAGE', '0'),
('IMPROVEMENT_MANA_SPIRIT', 'SLTH_UNIT_MAGE', '0'),
('IMPROVEMENT_MANA_WATER', 'SLTH_UNIT_MAGE', '0'),
('IMPROVEMENT_MANA_SHADOW', 'SLTH_UNIT_MAGE', '0'),
('IMPROVEMENT_MANA_SUN', 'SLTH_UNIT_MAGE', '0'),
('IMPROVEMENT_MANA_AIR', 'SLTH_UNIT_MOBIUS_WITCH', '0'),
('IMPROVEMENT_MANA_BODY', 'SLTH_UNIT_MOBIUS_WITCH', '0'),
('IMPROVEMENT_MANA_CHAOS', 'SLTH_UNIT_MOBIUS_WITCH', '0'),
('IMPROVEMENT_MANA_DEATH', 'SLTH_UNIT_MOBIUS_WITCH', '0'),
('IMPROVEMENT_MANA_EARTH', 'SLTH_UNIT_MOBIUS_WITCH', '0'),
('IMPROVEMENT_MANA_ENCHANTMENT', 'SLTH_UNIT_MOBIUS_WITCH', '0'),
('IMPROVEMENT_MANA_ENTROPY', 'SLTH_UNIT_MOBIUS_WITCH', '0'),
('IMPROVEMENT_MANA_FIRE', 'SLTH_UNIT_MOBIUS_WITCH', '0'),
('IMPROVEMENT_MANA_LAW', 'SLTH_UNIT_MOBIUS_WITCH', '0'),
('IMPROVEMENT_MANA_LIFE', 'SLTH_UNIT_MOBIUS_WITCH', '0'),
('IMPROVEMENT_MANA_METAMAGIC', 'SLTH_UNIT_MOBIUS_WITCH', '0'),
('IMPROVEMENT_MANA_MIND', 'SLTH_UNIT_MOBIUS_WITCH', '0'),
('IMPROVEMENT_MANA_NATURE', 'SLTH_UNIT_MOBIUS_WITCH', '0'),
('IMPROVEMENT_MANA_SPIRIT', 'SLTH_UNIT_MOBIUS_WITCH', '0'),
('IMPROVEMENT_MANA_WATER', 'SLTH_UNIT_MOBIUS_WITCH', '0'),
('IMPROVEMENT_MANA_SHADOW', 'SLTH_UNIT_MOBIUS_WITCH', '0'),
('IMPROVEMENT_MANA_SUN', 'SLTH_UNIT_MOBIUS_WITCH', '0'),
('IMPROVEMENT_FARM', 'SLTH_UNIT_SLAVE', '1'),
('IMPROVEMENT_MINE', 'SLTH_UNIT_SLAVE', '1'),
('IMPROVEMENT_WORKSHOP', 'SLTH_UNIT_SLAVE', '1'),
('IMPROVEMENT_LUMBER_MILL', 'SLTH_UNIT_SLAVE', '1'),
('IMPROVEMENT_WINDMILL', 'SLTH_UNIT_SLAVE', '1'),
('IMPROVEMENT_PLANTATION', 'SLTH_UNIT_SLAVE', '1'),
('IMPROVEMENT_QUARRY', 'SLTH_UNIT_SLAVE', '1'),
('IMPROVEMENT_PASTURE', 'SLTH_UNIT_SLAVE', '1'),
('IMPROVEMENT_CAMP', 'SLTH_UNIT_SLAVE', '1'),
('IMPROVEMENT_WINERY', 'SLTH_UNIT_SLAVE', '1'),
('IMPROVEMENT_COTTAGE', 'SLTH_UNIT_SLAVE', '1'),
('IMPROVEMENT_FORT', 'SLTH_UNIT_SLAVE', '1'),
('IMPROVEMENT_FISHING_BOATS', 'SLTH_UNIT_SLAVE', '1'),
('IMPROVEMENT_FARM', 'SLTH_UNIT_MUD_GOLEM', '1'),
('IMPROVEMENT_MINE', 'SLTH_UNIT_MUD_GOLEM', '1'),
('IMPROVEMENT_WORKSHOP', 'SLTH_UNIT_MUD_GOLEM', '1'),
('IMPROVEMENT_LUMBER_MILL', 'SLTH_UNIT_MUD_GOLEM', '1'),
('IMPROVEMENT_WINDMILL', 'SLTH_UNIT_MUD_GOLEM', '1'),
('IMPROVEMENT_PLANTATION', 'SLTH_UNIT_MUD_GOLEM', '1'),
('IMPROVEMENT_QUARRY', 'SLTH_UNIT_MUD_GOLEM', '1'),
('IMPROVEMENT_PASTURE', 'SLTH_UNIT_MUD_GOLEM', '1'),
('IMPROVEMENT_CAMP', 'SLTH_UNIT_MUD_GOLEM', '1'),
('IMPROVEMENT_WINERY', 'SLTH_UNIT_MUD_GOLEM', '1'),
('IMPROVEMENT_COTTAGE', 'SLTH_UNIT_MUD_GOLEM', '1'),
('IMPROVEMENT_FORT', 'SLTH_UNIT_MUD_GOLEM', '1'),
('IMPROVEMENT_FISHING_BOATS', 'SLTH_UNIT_MUD_GOLEM', '1'),
('IMPROVEMENT_WORKSHOP', 'UNIT_BUILDER', '1'),
('IMPROVEMENT_WINDMILL', 'UNIT_BUILDER', '1'),
('IMPROVEMENT_WINERY', 'UNIT_BUILDER', '1'),
('IMPROVEMENT_COTTAGE', 'UNIT_BUILDER', '1'),
('IMPROVEMENT_FORT', 'UNIT_BUILDER', '1');
INSERT INTO Improvement_BonusYieldChanges(Id, ImprovementType, YieldType, BonusYieldChange, PrereqTech, PrereqCivic) VALUES
('28', 'IMPROVEMENT_ENCLAVE', 'YIELD_GOLD', '1', NULL, 'SLTH_CIVIC_TAXATION'),
('29', 'IMPROVEMENT_FARM', 'YIELD_FOOD', '1', 'SLTH_TECH_SANITATION', NULL),
('30', 'IMPROVEMENT_MINE', 'YIELD_PRODUCTION', '1', 'SLTH_TECH_BLASTING_POWDER', NULL),
('31', 'IMPROVEMENT_TOWN', 'YIELD_GOLD', '1', NULL, 'SLTH_CIVIC_TAXATION'),
('32', 'IMPROVEMENT_VILLAGE', 'YIELD_GOLD', '1', NULL, 'SLTH_CIVIC_TAXATION'),
('33', 'IMPROVEMENT_WINDMILL', 'YIELD_PRODUCTION', '1', 'SLTH_TECH_MACHINERY', NULL),
('34', 'IMPROVEMENT_WINDMILL', 'YIELD_GOLD', '1', 'SLTH_TECH_MACHINERY', NULL),
('35', 'IMPROVEMENT_WORKSHOP', 'YIELD_PRODUCTION', '2', NULL, 'SLTH_CIVIC_GUILDS'),
('36', 'IMPROVEMENT_WORKSHOP', 'YIELD_PRODUCTION', '1', 'SLTH_TECH_SMELTING', NULL);
INSERT INTO Improvement_YieldChanges(ImprovementType, YieldType, YieldChange) VALUES
('IMPROVEMENT_COTTAGE', 'YIELD_GOLD', '1'),
('IMPROVEMENT_ENCLAVE', 'YIELD_FOOD', '1'),
('IMPROVEMENT_ENCLAVE', 'YIELD_GOLD', '5'),
('IMPROVEMENT_HAMLET', 'YIELD_GOLD', '2'),
('IMPROVEMENT_PIRATE_COVE', 'YIELD_GOLD', '2'),
('IMPROVEMENT_PIRATE_HARBOR', 'YIELD_FOOD', '1'),
('IMPROVEMENT_PIRATE_HARBOR', 'YIELD_PRODUCTION', '1'),
('IMPROVEMENT_PIRATE_HARBOR', 'YIELD_GOLD', '3'),
('IMPROVEMENT_PIRATE_PORT', 'YIELD_FOOD', '2'),
('IMPROVEMENT_PIRATE_PORT', 'YIELD_PRODUCTION', '2'),
('IMPROVEMENT_PIRATE_PORT', 'YIELD_GOLD', '4'),
('IMPROVEMENT_TOWN', 'YIELD_GOLD', '4'),
('IMPROVEMENT_VILLAGE', 'YIELD_GOLD', '3'),
('IMPROVEMENT_WINDMILL', 'YIELD_FOOD', '1'),
('IMPROVEMENT_WINDMILL', 'YIELD_PRODUCTION', '1'),
('IMPROVEMENT_WINDMILL', 'YIELD_GOLD', '1'),
('IMPROVEMENT_WORKSHOP', 'YIELD_PRODUCTION', '1'),
('IMPROVEMENT_WORKSHOP', 'YIELD_GOLD', '1');

UPDATE Improvement_YieldChanges SET YieldChange = 1 WHERE ImprovementType='IMPROVEMENT_LUMBER_MILL' AND YieldType='YIELD_PRODUCTION';

INSERT INTO Improvement_ValidTerrains(ImprovementType, TerrainType) VALUES
('IMPROVEMENT_FARM', 'TERRAIN_BROKEN_LANDS'),
('IMPROVEMENT_FARM', 'TERRAIN_FIELDS_OF_PERDITION'),
('IMPROVEMENT_MINE', 'TERRAIN_BURNING_SANDS_HILLS'),
('IMPROVEMENT_MINE', 'TERRAIN_BROKEN_LANDS_HILLS'),
('IMPROVEMENT_MINE', 'TERRAIN_FIELDS_OF_PERDITION_HILLS'),
('IMPROVEMENT_WINDMILL', 'TERRAIN_BURNING_SANDS_HILLS'),
('IMPROVEMENT_WINDMILL', 'TERRAIN_BROKEN_LANDS_HILLS'),
('IMPROVEMENT_WINDMILL', 'TERRAIN_FIELDS_OF_PERDITION_HILLS'),
('IMPROVEMENT_WINDMILL', 'TERRAIN_GRASS_HILLS'),
('IMPROVEMENT_WINDMILL', 'TERRAIN_PLAINS_HILLS'),
('IMPROVEMENT_WINDMILL', 'TERRAIN_DESERT_HILLS'),
('IMPROVEMENT_WINDMILL', 'TERRAIN_TUNDRA_HILLS'),
('IMPROVEMENT_WINDMILL', 'TERRAIN_SNOW_HILLS'),
('IMPROVEMENT_WORKSHOP', 'TERRAIN_BROKEN_LANDS'),
('IMPROVEMENT_WORKSHOP', 'TERRAIN_FIELDS_OF_PERDITION'),
('IMPROVEMENT_WORKSHOP', 'TERRAIN_GRASS'),
('IMPROVEMENT_WORKSHOP', 'TERRAIN_PLAINS'),
('IMPROVEMENT_WORKSHOP', 'TERRAIN_DESERT'),
('IMPROVEMENT_WORKSHOP', 'TERRAIN_TUNDRA');
INSERT INTO Improvement_ValidFeatures(ImprovementType, FeatureType, PrereqTech) VALUES
('IMPROVEMENT_CASTLE', 'FEATURE_SHALLOWS', NULL),
('IMPROVEMENT_CASTLE', 'FEATURE_MARSH', NULL),
('IMPROVEMENT_CITADEL', 'FEATURE_SHALLOWS', NULL),
('IMPROVEMENT_CITADEL', 'FEATURE_MARSH', NULL),
('IMPROVEMENT_FORT', 'FEATURE_SHALLOWS', NULL),
('IMPROVEMENT_FORT', 'FEATURE_MARSH', NULL),
('IMPROVEMENT_WORKSHOP', 'FEATURE_SHALLOWS', NULL),
('IMPROVEMENT_WORKSHOP', 'FEATURE_MARSH', NULL);
INSERT INTO Improvement_ValidResources(ImprovementType, ResourceType, MustRemoveFeature) VALUES
('IMPROVEMENT_CAMP', 'RESOURCE_FUR', '0'),
('IMPROVEMENT_FARM', 'RESOURCE_CORN', '0'),
('IMPROVEMENT_FISHING_BOATS', 'RESOURCE_CLAM', '0'),
('IMPROVEMENT_FISHING_BOATS', 'RESOURCE_CRAB', '0'),
('IMPROVEMENT_FISHING_BOATS', 'RESOURCE_PEARL', '0'),
('IMPROVEMENT_MINE', 'RESOURCE_GEMS', '0'),
('IMPROVEMENT_MINE', 'RESOURCE_GOLD', '0'),
('IMPROVEMENT_MINE', 'RESOURCE_MITHRIL', '0'),
('IMPROVEMENT_MINE', 'RESOURCE_GUNPOWDER', '0'),
('IMPROVEMENT_PASTURE', 'RESOURCE_COW', '0'),
('IMPROVEMENT_PASTURE', 'RESOURCE_HORSE', '0'),
('IMPROVEMENT_PASTURE', 'RESOURCE_PIG', '0'),
('IMPROVEMENT_PASTURE', 'RESOURCE_NIGHTMARE', '0'),
('IMPROVEMENT_PASTURE', 'RESOURCE_TOAD', '0'),
('IMPROVEMENT_PLANTATION', 'RESOURCE_BANANA', '0'),
('IMPROVEMENT_PLANTATION', 'RESOURCE_DYE', '0'),
('IMPROVEMENT_PLANTATION', 'RESOURCE_REAGENTS', '0'),
('IMPROVEMENT_PLANTATION', 'RESOURCE_GULAGARM', '0'),
('IMPROVEMENT_PLANTATION', 'RESOURCE_RAZORWEED', '0'),
('IMPROVEMENT_QUARRY', 'RESOURCE_SHEUT_STONE', '0'),
('IMPROVEMENT_FISHING_BOATS', 'RESOURCE_WHALE', '0'),
('IMPROVEMENT_WINERY', 'RESOURCE_WINE', '0'),
('IMPROVEMENT_MANA_AIR', 'RESOURCE_MANA', '0'),
('IMPROVEMENT_MANA_AIR', 'RESOURCE_MANA_AIR', '0'),
('IMPROVEMENT_MANA_BODY', 'RESOURCE_MANA', '0'),
('IMPROVEMENT_MANA_BODY', 'RESOURCE_MANA_BODY', '0'),
('IMPROVEMENT_MANA_CHAOS', 'RESOURCE_MANA', '0'),
('IMPROVEMENT_MANA_CHAOS', 'RESOURCE_MANA_CHAOS', '0'),
('IMPROVEMENT_MANA_DEATH', 'RESOURCE_MANA', '0'),
('IMPROVEMENT_MANA_DEATH', 'RESOURCE_MANA_DEATH', '0'),
('IMPROVEMENT_MANA_EARTH', 'RESOURCE_MANA', '0'),
('IMPROVEMENT_MANA_EARTH', 'RESOURCE_MANA_EARTH', '0'),
('IMPROVEMENT_MANA_ENCHANTMENT', 'RESOURCE_MANA', '0'),
('IMPROVEMENT_MANA_ENCHANTMENT', 'RESOURCE_MANA_ENCHANTMENT', '0'),
('IMPROVEMENT_MANA_ENTROPY', 'RESOURCE_MANA', '0'),
('IMPROVEMENT_MANA_ENTROPY', 'RESOURCE_MANA_ENTROPY', '0'),
('IMPROVEMENT_MANA_FIRE', 'RESOURCE_MANA', '0'),
('IMPROVEMENT_MANA_FIRE', 'RESOURCE_MANA_FIRE', '0'),
('IMPROVEMENT_MANA_LAW', 'RESOURCE_MANA', '0'),
('IMPROVEMENT_MANA_LAW', 'RESOURCE_MANA_LAW', '0'),
('IMPROVEMENT_MANA_LIFE', 'RESOURCE_MANA', '0'),
('IMPROVEMENT_MANA_LIFE', 'RESOURCE_MANA_LIFE', '0'),
('IMPROVEMENT_MANA_METAMAGIC', 'RESOURCE_MANA', '0'),
('IMPROVEMENT_MANA_METAMAGIC', 'RESOURCE_MANA_METAMAGIC', '0'),
('IMPROVEMENT_MANA_MIND', 'RESOURCE_MANA', '0'),
('IMPROVEMENT_MANA_MIND', 'RESOURCE_MANA_MIND', '0'),
('IMPROVEMENT_MANA_NATURE', 'RESOURCE_MANA', '0'),
('IMPROVEMENT_MANA_NATURE', 'RESOURCE_MANA_NATURE', '0'),
('IMPROVEMENT_MANA_SHADOW', 'RESOURCE_MANA', '0'),
('IMPROVEMENT_MANA_SHADOW', 'RESOURCE_MANA_SHADOW', '0'),
('IMPROVEMENT_MANA_SPIRIT', 'RESOURCE_MANA', '0'),
('IMPROVEMENT_MANA_SPIRIT', 'RESOURCE_MANA_SPIRIT', '0'),
('IMPROVEMENT_MANA_SUN', 'RESOURCE_MANA', '0'),
('IMPROVEMENT_MANA_SUN', 'RESOURCE_MANA_SUN', '0'),
('IMPROVEMENT_MANA_WATER', 'RESOURCE_MANA', '0'),
('IMPROVEMENT_MANA_WATER', 'RESOURCE_MANA_WATER', '0');
