INSERT INTO Traits(TraitType, Name, Description) VALUES
('SLTH_TRAIT_AGGRESSIVE', 'LOC_SLTH_TRAIT_AGGRESSIVE_NAME', 'LOC_SLTH_TRAIT_AGGRESSIVE_DESCRIPTION'),
('SLTH_TRAIT_ARCANE', 'LOC_SLTH_TRAIT_ARCANE_NAME', 'LOC_SLTH_TRAIT_ARCANE_DESCRIPTION'),
('SLTH_TRAIT_CHARISMATIC', 'LOC_SLTH_TRAIT_CHARISMATIC_NAME', 'LOC_SLTH_TRAIT_CHARISMATIC_DESCRIPTION'),
('SLTH_TRAIT_CREATIVE', 'LOC_SLTH_TRAIT_CREATIVE_NAME', 'LOC_SLTH_TRAIT_CREATIVE_DESCRIPTION'),
('SLTH_TRAIT_DEFENDER', 'LOC_SLTH_TRAIT_DEFENDER_NAME', 'LOC_SLTH_TRAIT_DEFENDER_DESCRIPTION'),
('SLTH_TRAIT_EXPANSIVE', 'LOC_SLTH_TRAIT_EXPANSIVE_NAME', 'LOC_SLTH_TRAIT_EXPANSIVE_DESCRIPTION'),
('SLTH_TRAIT_FINANCIAL', 'LOC_SLTH_TRAIT_FINANCIAL_NAME', 'LOC_SLTH_TRAIT_FINANCIAL_DESCRIPTION'),
('SLTH_TRAIT_INDUSTRIOUS', 'LOC_SLTH_TRAIT_INDUSTRIOUS_NAME', 'LOC_SLTH_TRAIT_INDUSTRIOUS_DESCRIPTION'),
('SLTH_TRAIT_INGENUITY', 'LOC_SLTH_TRAIT_INGENUITY_NAME', 'LOC_SLTH_TRAIT_INGENUITY_DESCRIPTION'),
('SLTH_TRAIT_ORGANIZED', 'LOC_SLTH_TRAIT_ORGANIZED_NAME', 'LOC_SLTH_TRAIT_ORGANIZED_DESCRIPTION'),
('SLTH_TRAIT_PHILOSOPHICAL', 'LOC_SLTH_TRAIT_PHILOSOPHICAL_NAME', 'LOC_SLTH_TRAIT_PHILOSOPHICAL_DESCRIPTION'),
('SLTH_TRAIT_SPIRITUAL', 'LOC_SLTH_TRAIT_SPIRITUAL_NAME', 'LOC_SLTH_TRAIT_SPIRITUAL_DESCRIPTION'),
('SLTH_TRAIT_SUMMONER', 'LOC_SLTH_TRAIT_SUMMONER_NAME', 'LOC_SLTH_TRAIT_SUMMONER_DESCRIPTION'),
('SLTH_TRAIT_RAIDERS', 'LOC_SLTH_TRAIT_RAIDERS_NAME', 'LOC_SLTH_TRAIT_RAIDERS_DESCRIPTION'),
('SLTH_TRAIT_BARBARIAN', 'LOC_SLTH_TRAIT_BARBARIAN_NAME', 'LOC_SLTH_TRAIT_BARBARIAN_DESCRIPTION');

-- implement perpetach separately
INSERT INTO LeaderTraits(LeaderType, TraitType) VALUES
('LEADER_VALLEDIA', 'SLTH_TRAIT_ARCANE'),
('LEADER_VALLEDIA', 'SLTH_TRAIT_ORGANIZED'),
('LEADER_DAIN', 'SLTH_TRAIT_ARCANE'),
('LEADER_DAIN', 'SLTH_TRAIT_PHILOSOPHICAL'),
('LEADER_KEELYN', 'SLTH_TRAIT_CREATIVE'),
('LEADER_KEELYN', 'SLTH_TRAIT_SUMMONER'),
('LEADER_SABATHIEL', 'SLTH_TRAIT_CHARISMATIC'),
('LEADER_SABATHIEL', 'SLTH_TRAIT_ORGANIZED'),
('LEADER_CAPRIA', 'SLTH_TRAIT_INDUSTRIOUS'),
('LEADER_CAPRIA', 'SLTH_TRAIT_SPIRITUAL'),
('LEADER_DECIUS_BANNOR', 'SLTH_TRAIT_ORGANIZED'),
('LEADER_DECIUS_BANNOR', 'SLTH_TRAIT_RAIDERS'),
('LEADER_DECIUS_MALAKIM', 'SLTH_TRAIT_ORGANIZED'),
('LEADER_DECIUS_MALAKIM', 'SLTH_TRAIT_RAIDERS'),
('LEADER_DECIUS_CALABIM', 'SLTH_TRAIT_ORGANIZED'),
('LEADER_DECIUS_CALABIM', 'SLTH_TRAIT_RAIDERS'),
('LEADER_ALEXIS', 'SLTH_TRAIT_AGGRESSIVE'),
('LEADER_ALEXIS', 'SLTH_TRAIT_PHILOSOPHICAL'),
('LEADER_FLAUROS', 'SLTH_TRAIT_FINANCIAL'),
('LEADER_FLAUROS', 'SLTH_TRAIT_ORGANIZED'),
('LEADER_ETHNE', 'SLTH_TRAIT_CREATIVE'),
('LEADER_ETHNE', 'SLTH_TRAIT_DEFENDER'),
('LEADER_EINION', 'SLTH_TRAIT_PHILOSOPHICAL'),
('LEADER_EINION', 'SLTH_TRAIT_DEFENDER'),
('LEADER_CASSIEL', 'SLTH_TRAIT_PHILOSOPHICAL'),
('LEADER_CASSIEL', 'SLTH_TRAIT_INDUSTRIOUS'),
('LEADER_TASUNKE', 'SLTH_TRAIT_AGGRESSIVE'),
('LEADER_TASUNKE', 'SLTH_TRAIT_RAIDERS'),
('LEADER_RHOANNA', 'SLTH_TRAIT_FINANCIAL'),
('LEADER_RHOANNA', 'SLTH_TRAIT_EXPANSIVE'),
('LEADER_HYBOREM', 'SLTH_TRAIT_EXPANSIVE'),
('LEADER_HYBOREM', 'SLTH_TRAIT_SUMMONER'),
('LEADER_HYBOREM', 'SLTH_TRAIT_BARBARIAN'),
('LEADER_CARDITH', 'SLTH_TRAIT_EXPANSIVE'),
('LEADER_CARDITH', 'SLTH_TRAIT_PHILOSOPHICAL'),
('LEADER_FALAMAR', 'SLTH_TRAIT_CHARISMATIC'),
('LEADER_FALAMAR', 'SLTH_TRAIT_EXPANSIVE'),
('LEADER_HANNAH', 'SLTH_TRAIT_FINANCIAL'),
('LEADER_HANNAH', 'SLTH_TRAIT_RAIDERS'),
('LEADER_VARN', 'SLTH_TRAIT_CREATIVE'),
('LEADER_VARN', 'SLTH_TRAIT_SPIRITUAL'),
('LEADER_BASIUM', 'SLTH_TRAIT_AGGRESSIVE'),
('LEADER_BASIUM', 'SLTH_TRAIT_RAIDERS'),
('LEADER_BASIUM', 'SLTH_TRAIT_INGENUITY'),
('LEADER_TEBRYN', 'SLTH_TRAIT_ARCANE'),
('LEADER_TEBRYN', 'SLTH_TRAIT_SUMMONER'),
('LEADER_OSGABELLA', 'SLTH_TRAIT_INDUSTRIOUS'),
('LEADER_OSGABELLA', 'SLTH_TRAIT_SPIRITUAL'),
('LEADER_JONAS', 'SLTH_TRAIT_EXPANSIVE'),
('LEADER_JONAS', 'SLTH_TRAIT_SPIRITUAL'),
('LEADER_JONAS', 'SLTH_TRAIT_BARBARIAN'),
('LEADER_SHEELBA', 'SLTH_TRAIT_ORGANIZED'),
('LEADER_SHEELBA', 'SLTH_TRAIT_AGGRESSIVE'),
('LEADER_SHEELBA', 'SLTH_TRAIT_BARBARIAN'),
('LEADER_AMELANCHIER', 'SLTH_TRAIT_DEFENDER'),
('LEADER_AMELANCHIER', 'SLTH_TRAIT_RAIDERS'),
('LEADER_ARENDEL', 'SLTH_TRAIT_CREATIVE'),
('LEADER_ARENDEL', 'SLTH_TRAIT_SPIRITUAL'),
('LEADER_THESSA', 'SLTH_TRAIT_ARCANE'),
('LEADER_THESSA', 'SLTH_TRAIT_EXPANSIVE'),
('LEADER_FAERYL', 'SLTH_TRAIT_ARCANE'),
('LEADER_FAERYL', 'SLTH_TRAIT_RAIDERS'),
('LEADER_ARTURUS', 'SLTH_TRAIT_INDUSTRIOUS'),
('LEADER_ARTURUS', 'SLTH_TRAIT_ORGANIZED'),
('LEADER_ARTURUS', 'SLTH_TRAIT_INGENUITY'),
('LEADER_KANDROS', 'SLTH_TRAIT_AGGRESSIVE'),
('LEADER_KANDROS', 'SLTH_TRAIT_FINANCIAL'),
('LEADER_KANDROS', 'SLTH_TRAIT_INGENUITY'),
('LEADER_GARRIM', 'SLTH_TRAIT_DEFENDER'),
('LEADER_GARRIM', 'SLTH_TRAIT_FINANCIAL'),
('LEADER_BEERI', 'SLTH_TRAIT_INDUSTRIOUS'),
('LEADER_BEERI', 'SLTH_TRAIT_ORGANIZED'),
('LEADER_SANDALPHON', 'SLTH_TRAIT_INDUSTRIOUS'),
('LEADER_SANDALPHON', 'SLTH_TRAIT_DEFENDER'),
('LEADER_CHARADON', 'SLTH_TRAIT_AGGRESSIVE'),
('LEADER_CHARADON', 'SLTH_TRAIT_BARBARIAN'),
('LEADER_MAHALA', 'SLTH_TRAIT_RAIDERS'),
('LEADER_MAHALA', 'SLTH_TRAIT_INGENUITY'),
('LEADER_AURIC', 'SLTH_TRAIT_CHARISMATIC'),
('LEADER_AURIC', 'SLTH_TRAIT_DEFENDER');

-- would be nice to do agenda behaviours here too
INSERT INTO TraitModifiers(TraitType, ModifierId) VALUES
('SLTH_TRAIT_AGGRESSIVE', 'SLTH_SHIPYARD_DOUBLE'),
('SLTH_TRAIT_AGGRESSIVE', 'SLTH_SIEGE_WORKSHOP_DOUBLE'),
('SLTH_TRAIT_AGGRESSIVE', 'SLTH_AGGRESSIVE_GRANT_COMBAT_ONE_MELEE'),
('SLTH_TRAIT_AGGRESSIVE', 'SLTH_AGGRESSIVE_GRANT_COMBAT_ONE_CAV'),
('SLTH_TRAIT_ARCANE', 'SLTH_MAGE_GUILD_DOUBLE'),
('SLTH_TRAIT_ARCANE', 'SLTH_ARCANE_POTENCY_ATTACH'),
('SLTH_TRAIT_BARBARIAN', 'SLTH_BARBARIAN_SCIENCE_LOSS'),
('SLTH_TRAIT_CHARISMATIC', 'SLTH_CHARISMATIC_ONE_AMENITY'),
('SLTH_TRAIT_CHARISMATIC', 'SLTH_CHARISMATIC_MORE_XP_ATTACH'),              --('SLTH_TRAIT_CHARISMATIC', 'SLTH_CHARISMATIC_DIPLO_BONUS'),     -- this is hard, 4 args
('SLTH_TRAIT_CREATIVE', 'SLTH_CREATIVE_FREE_CULTURE'),
('SLTH_TRAIT_CREATIVE', 'SLTH_CREATIVE_MONUMENT_DOUBLE'),
('SLTH_TRAIT_CREATIVE', 'SLTH_CREATIVE_CARNIVAL_DOUBLE'),
('SLTH_TRAIT_DEFENDER', 'SLTH_ABILITY_DEFENDER_GRANT_HOMELAND_ATTACH'),
('SLTH_TRAIT_DEFENDER', 'LIMES_WALLSPRODUCTION'),
('SLTH_TRAIT_DEFENDER', 'LIMES_CASTLEPRODUCTION'),
('SLTH_TRAIT_DEFENDER', 'SLTH_ARCHERY_RANGE_DOUBLE'),
('SLTH_TRAIT_EXPANSIVE', 'SLTH_EXPANSIVE_HOUSING'),
('SLTH_TRAIT_EXPANSIVE', 'SLTH_EXPANSIVE_SETTLER_DOUBLE_PRODUCTION'),
('SLTH_TRAIT_EXPANSIVE', 'SLTH_EXPANSIVE_HARBOR_DOUBLE_PROD'),
('SLTH_TRAIT_EXPANSIVE', 'SLTH_EXPANSIVE_GRANARY_DOUBLE_PROD'),
('SLTH_TRAIT_FINANCIAL', 'SLTH_FINANCIAL_MARKET_DOUBLE_PROD'),                  -- ('SLTH_TRAIT_FINANCIAL', ''),  Need implement +1 on gold tiles reqs same as golden age
('SLTH_TRAIT_FINANCIAL', 'SLTH_FINANCIAL_MONEYCHANGER_DOUBLE_PROD'),
('SLTH_TRAIT_INDUSTRIOUS', 'SLTH_INDUSTRIOUS_WONDER_PROD'),
('SLTH_TRAIT_INDUSTRIOUS', 'SLTH_INDUSTRIOUS_FORGE_DOUBLE_PROD'),
('SLTH_TRAIT_INGENUITY', 'GOODY_GOLD_LARGE_MODIFIER'),                  -- borrowed from goodyHut
('SLTH_TRAIT_INGENUITY', 'PROFESSIONAL_ARMY_UNITUPGRADEDISCOUNT'),      -- Guild Of Hammers on wiki says change extra 25%
('SLTH_TRAIT_ORGANIZED', 'SLTH_ORGANIZED_LIGHTHOUSE_DOUBLE_PROD'),      -- can do lua for civic maintenance? as have to recalc it based on civ size
('SLTH_TRAIT_ORGANIZED', 'SLTH_ORGANIZED_COURTHOUSE_DOUBLE_PROD'),      -- also need to given any leader with organised the Trait to build command posts. and give back the tech requirement
('SLTH_TRAIT_PHILOSOPHICAL', 'SLTH_PHILOSOPHICAL_DOUBLE_GPP_ATTACH'),
('SLTH_TRAIT_PHILOSOPHICAL', 'SLTH_PHILOSOPHICAL_DOUBLE_ELDER_COUNCIL'),
('SLTH_TRAIT_PHILOSOPHICAL', 'SLTH_PHILOSOPHICAL_DOUBLE_LIBRARY'),
('SLTH_TRAIT_RAIDERS', 'SLTH_RAIDERS_DOUBLEPILLAGEIMPROVE'),            -- implement the Commando promotion for enemy roads after removing from everyone else
('SLTH_TRAIT_RAIDERS', 'SLTH_RAIDERS_DOUBLEPILLAGEDISTRICT'),           -- and associated combat bonus
('SLTH_TRAIT_SUMMONER', 'SLTH_SUMMONER_ATTACH'),                        -- dummy ability for lua to catch, not yet done combat I for units
('SLTH_TRAIT_SPIRITUAL', 'SLTH_SPIRITUAL_PAGAN_TEMPLE_DOUBLE_PROD'),
('SLTH_TRAIT_SPIRITUAL', 'SLTH_SPIRITUAL_LEAVES_TEMPLE_DOUBLE_PROD'),
('SLTH_TRAIT_SPIRITUAL', 'SLTH_SPIRITUAL_KILMORPH_TEMPLE_DOUBLE_PROD'),
('SLTH_TRAIT_SPIRITUAL', 'SLTH_SPIRITUAL_OVERLORDS_TEMPLE_DOUBLE_PROD'),
('SLTH_TRAIT_SPIRITUAL', 'SLTH_SPIRITUAL_VEIL_TEMPLE_DOUBLE_PROD'),
('SLTH_TRAIT_SPIRITUAL', 'SLTH_SPIRITUAL_ORDER_TEMPLE_DOUBLE_PROD'),
('SLTH_TRAIT_SPIRITUAL', 'SLTH_SPIRITUAL_EMPYREAN_TEMPLE_DOUBLE_PROD'),
('SLTH_TRAIT_SPIRITUAL', 'SLTH_SPIRITUAL_POTENCY_ATTACH');              -- todo, anarchy free

-- modifiers with reqs
INSERT INTO RequirementSets(RequirementSetId, RequirementSetType) VALUES
('SLTH_DISTRICT_IS_CITY_CENTRE_REQS', 'REQUIREMENTSET_TEST_ALL');
INSERT INTO RequirementSetRequirements(RequirementSetId, RequirementId) VALUES
('SLTH_DISTRICT_IS_CITY_CENTRE_REQS', 'REQUIRES_DISTRICT_IS_CITY_CENTER');
INSERT INTO Modifiers(ModifierId, ModifierType, SubjectRequirementSetId) VALUES
('SLTH_CREATIVE_FREE_CULTURE', 'MODIFIER_PLAYER_DISTRICTS_ADJUST_YIELD_CHANGE', 'SLTH_DISTRICT_IS_CITY_CENTRE_REQS'),
('SLTH_HOMELAND_BONUS_IN_FRIENDLY_TERRITORY', 'MODIFIER_UNIT_ADJUST_COMBAT_STRENGTH', 'FRIENDLY_TERRITORY_REQUIREMENTS');           -- borrowed from global coaltion
INSERT INTO ModifierArguments(ModifierId, Name, "Value") VALUES
('SLTH_CREATIVE_FREE_CULTURE', 'YieldType', 'YIELD_CULTURE'),
('SLTH_CREATIVE_FREE_CULTURE', 'Amount', '2'),
('SLTH_HOMELAND_BONUS_IN_FRIENDLY_TERRITORY', 'Amount', 2);

-- abilitiy attachers
INSERT INTO UnitAbilities(UnitAbilityType, Name, Description, Inactive, ShowFloatTextWhenEarned, Permanent) VALUES
('SLTH_ABILITY_CHARISMATIC_MORE_XP', 'LOC_SLTH_ABILITY_CHARISMATIC_MORE_XP_NAME', 'LOC_SLTH_ABILITY_CHARISMATIC_MORE_XP_DESCRIPTION', '1', '0', '1'),
('SLTH_ABILITY_HOMELAND', 'LOC_SLTH_ABILITY_CHARISMATIC_MORE_XP_NAME', 'LOC_SLTH_ABILITY_CHARISMATIC_MORE_XP_DESCRIPTION', '1', '0', '1'),
('SLTH_ABILITY_SUMMONER', 'LOC_SLTH_ABILITY_SUMMONER_NAME', 'LOC_SLTH_ABILITY_SUMMONER_DESCRIPTION', '1', '0', '1'),
('SLTH_ABILITY_POTENCY', 'LOC_SLTH_ABILITY_POTENCY_NAME', 'LOC_SLTH_ABILITY_POTENCY_DESCRIPTION', '1', '0', '1');

INSERT INTO UnitAbilityModifiers(UnitAbilityType, ModifierId) VALUES
('SLTH_ABILITY_CHARISMATIC_MORE_XP', 'SLTH_CHARISMATIC_MORE_XP'),
('SLTH_ABILITY_HOMELAND', 'SLTH_HOMELAND_BONUS_IN_FRIENDLY_TERRITORY');        -- withdrawal chance not implemented as not relevant

INSERT INTO Modifiers(ModifierId, ModifierType) VALUES
('SLTH_CHARISMATIC_MORE_XP_ATTACH', 'MODIFIER_PLAYER_UNITS_GRANT_ABILITY'),
('SLTH_ABILITY_DEFENDER_GRANT_HOMELAND_ATTACH', 'MODIFIER_PLAYER_UNITS_GRANT_ABILITY'),
('SLTH_SUMMONER_ATTACH', 'MODIFIER_PLAYER_UNITS_GRANT_ABILITY');

INSERT INTO Modifiers(ModifierId, ModifierType, SubjectRequirementSetId) VALUES
('SLTH_SPIRITUAL_POTENCY_ATTACH', 'MODIFIER_PLAYER_UNITS_GRANT_ABILITY', 'UNIT_IS_DISCIPLE_REQS'),
('SLTH_ARCANE_POTENCY_ATTACH', 'MODIFIER_PLAYER_UNITS_GRANT_ABILITY', 'UNIT_IS_ADEPT_REQS'),
('SLTH_AGGRESSIVE_GRANT_COMBAT_ONE_MELEE', 'MODIFIER_PLAYER_UNITS_GRANT_PROMOTION', 'UNIT_IS_PROMO_CLASS_MELEE_REQS'),
('SLTH_AGGRESSIVE_GRANT_COMBAT_ONE_CAV', 'MODIFIER_PLAYER_UNITS_GRANT_PROMOTION', 'UNIT_IS_PROMO_CLASS_CAV_REQS');

INSERT INTO ModifierArguments(ModifierId, Name, Type, Value) VALUES
('SLTH_CHARISMATIC_MORE_XP_ATTACH', 'AbilityType', 'ARGTYPE_IDENTITY', 'SLTH_CHARISMATIC_MORE_XP'),
('SLTH_ABILITY_DEFENDER_GRANT_HOMELAND_ATTACH', 'AbilityType', 'ARGTYPE_IDENTITY', 'SLTH_ABILITY_HOMELAND'),
('SLTH_SUMMONER_ATTACH', 'AbilityType', 'ARGTYPE_IDENTITY', 'SLTH_ABILITY_SUMMONER'),
('SLTH_SPIRITUAL_POTENCY_ATTACH', 'AbilityType', 'ARGTYPE_IDENTITY', 'SLTH_ABILITY_POTENCY'),
('SLTH_ARCANE_POTENCY_ATTACH', 'AbilityType', 'ARGTYPE_IDENTITY', 'SLTH_ABILITY_POTENCY'),
('SLTH_AGGRESSIVE_GRANT_COMBAT_ONE_MELEE', 'PromotionType', 'ARGTYPE_IDENTITY','PROMOTION_COMBAT1_MELEE'),
('SLTH_AGGRESSIVE_GRANT_COMBAT_ONE_CAV', 'PromotionType', 'ARGTYPE_IDENTITY', 'PROMOTION_COMBAT1_LIGHT_CAVALRY');

INSERT INTO Requirements(RequirementId, RequirementType) VALUES
('SLTH_UNIT_IS_DISCIPLE', 'REQUIREMENT_UNIT_PROMOTION_CLASS_MATCHES'),
('SLTH_UNIT_IS_ADEPT_CLASS', 'REQUIREMENT_UNIT_PROMOTION_CLASS_MATCHES');

INSERT INTO RequirementArguments(RequirementId, Name, "Value") VALUES
('SLTH_UNIT_IS_DISCIPLE', 'UnitPromotionClass', 'PROMOTION_CLASS_DISCIPLE'),
('SLTH_UNIT_IS_ADEPT_CLASS', 'UnitPromotionClass', 'PROMOTION_CLASS_ADEPT');

INSERT INTO TypeTags(Type, Tag) VALUES
('SLTH_ABILITY_CHARISMATIC_MORE_XP', 'CLASS_ALL_UNITS'),
('SLTH_ABILITY_HOMELAND', 'CLASS_ALL_UNITS'),    -- its technically more restrictive but oh well
('SLTH_ABILITY_SUMMONER', 'CLASS_ALL_UNITS'),
('SLTH_ABILITY_POTENCY', 'CLASS_DISCIPLE');

INSERT INTO Modifiers(ModifierId, ModifierType) VALUES
('SLTH_SHIPYARD_DOUBLE', 'MODIFIER_PLAYER_CITIES_ADJUST_BUILDING_PRODUCTION'),
('SLTH_SIEGE_WORKSHOP_DOUBLE', 'MODIFIER_PLAYER_CITIES_ADJUST_BUILDING_PRODUCTION'),
('SPIRITUAL_GRANT_MOBILITY', 'MODIFIER_PLAYER_UNITS_GRANT_PROMOTION'),
('SLTH_MAGE_GUILD_DOUBLE', 'MODIFIER_PLAYER_CITIES_ADJUST_BUILDING_PRODUCTION'),
('SLTH_CREATIVE_MONUMENT_DOUBLE', 'MODIFIER_PLAYER_CITIES_ADJUST_BUILDING_PRODUCTION'),
('SLTH_CREATIVE_CARNIVAL_DOUBLE', 'MODIFIER_PLAYER_CITIES_ADJUST_BUILDING_PRODUCTION'),
('SLTH_ARCHERY_RANGE_DOUBLE', 'MODIFIER_PLAYER_CITIES_ADJUST_BUILDING_PRODUCTION'),
('SLTH_EXPANSIVE_HARBOR_DOUBLE_PROD', 'MODIFIER_PLAYER_CITIES_ADJUST_BUILDING_PRODUCTION'),
('SLTH_EXPANSIVE_GRANARY_DOUBLE_PROD', 'MODIFIER_PLAYER_CITIES_ADJUST_BUILDING_PRODUCTION'),
('SLTH_FINANCIAL_MARKET_DOUBLE_PROD', 'MODIFIER_PLAYER_CITIES_ADJUST_BUILDING_PRODUCTION'),
('SLTH_FINANCIAL_MONEYCHANGER_DOUBLE_PROD', 'MODIFIER_PLAYER_CITIES_ADJUST_BUILDING_PRODUCTION'),
('SLTH_INDUSTRIOUS_FORGE_DOUBLE_PROD', 'MODIFIER_PLAYER_CITIES_ADJUST_BUILDING_PRODUCTION'),
('SLTH_INDUSTRIOUS_WONDER_PROD', 'MODIFIER_PLAYER_CITIES_ADJUST_WONDER_PRODUCTION'),
('SLTH_CHARISMATIC_MORE_XP', 'MODIFIER_PLAYER_UNIT_ADJUST_UNIT_EXPERIENCE_MODIFIER'),
('SLTH_ORGANIZED_LIGHTHOUSE_DOUBLE_PROD', 'MODIFIER_PLAYER_CITIES_ADJUST_BUILDING_PRODUCTION'),
('SLTH_ORGANIZED_COURTHOUSE_DOUBLE_PROD', 'MODIFIER_PLAYER_CITIES_ADJUST_BUILDING_PRODUCTION'),
('SLTH_PHILOSOPHICAL_DOUBLE_ELDER_COUNCIL', 'MODIFIER_PLAYER_CITIES_ADJUST_BUILDING_PRODUCTION'),
('SLTH_PHILOSOPHICAL_DOUBLE_LIBRARY', 'MODIFIER_PLAYER_CITIES_ADJUST_BUILDING_PRODUCTION'),
('SLTH_SPIRITUAL_PAGAN_TEMPLE_DOUBLE_PROD', 'MODIFIER_PLAYER_CITIES_ADJUST_BUILDING_PRODUCTION'),
('SLTH_SPIRITUAL_LEAVES_TEMPLE_DOUBLE_PROD', 'MODIFIER_PLAYER_CITIES_ADJUST_BUILDING_PRODUCTION'),
('SLTH_SPIRITUAL_KILMORPH_TEMPLE_DOUBLE_PROD', 'MODIFIER_PLAYER_CITIES_ADJUST_BUILDING_PRODUCTION'),
('SLTH_SPIRITUAL_OVERLORDS_TEMPLE_DOUBLE_PROD', 'MODIFIER_PLAYER_CITIES_ADJUST_BUILDING_PRODUCTION'),
('SLTH_SPIRITUAL_VEIL_TEMPLE_DOUBLE_PROD', 'MODIFIER_PLAYER_CITIES_ADJUST_BUILDING_PRODUCTION'),
('SLTH_SPIRITUAL_ORDER_TEMPLE_DOUBLE_PROD', 'MODIFIER_PLAYER_CITIES_ADJUST_BUILDING_PRODUCTION'),
('SLTH_SPIRITUAL_EMPYREAN_TEMPLE_DOUBLE_PROD', 'MODIFIER_PLAYER_CITIES_ADJUST_BUILDING_PRODUCTION'),
('SLTH_CHARISMATIC_ONE_AMENITY', 'MODIFIER_PLAYER_CITIES_ADJUST_POLICY_AMENITY'),
('SLTH_EXPANSIVE_SETTLER_DOUBLE_PRODUCTION', 'MODIFIER_PLAYER_UNITS_ADJUST_UNIT_PRODUCTION'),
('SLTH_EXPANSIVE_HOUSING', 'MODIFIER_PLAYER_CITIES_ADJUST_POLICY_HOUSING'),
('SLTH_PHILOSOPHICAL_DOUBLE_GPP_ATTACH', 'MODIFIER_PLAYER_CITIES_ATTACH_MODIFIER'),
('SLTH_RAIDERS_DOUBLEPILLAGEIMPROVE', 'MODIFIER_PLAYER_ADJUST_IMPROVEMENT_PILLAGE'),
('SLTH_RAIDERS_DOUBLEPILLAGEDISTRICT', 'MODIFIER_PLAYER_ADJUST_DISTRICT_PILLAGE'),
('SLTH_BARBARIAN_SCIENCE_LOSS', 'MODIFIER_PLAYER_CITIES_ADJUST_CITY_YIELD_MODIFIER');

INSERT INTO ModifierArguments(ModifierId, Name, Value) VALUES
('SLTH_SHIPYARD_DOUBLE', 'BuildingType', 'BUILDING_SHIPYARD'),
('SLTH_SHIPYARD_DOUBLE', 'Amount', '100'),
('SLTH_SIEGE_WORKSHOP_DOUBLE', 'BuildingType', 'SLTH_BUILDING_SIEGE_WORKSHOP'),
('SLTH_SIEGE_WORKSHOP_DOUBLE', 'Amount', '100'),
('SLTH_MAGE_GUILD_DOUBLE', 'BuildingType', 'BUILDING_MAGE_GUILD'),
('SLTH_MAGE_GUILD_DOUBLE', 'Amount', '100'),
('SLTH_CREATIVE_MONUMENT_DOUBLE', 'BuildingType', 'BUILDING_MONUMENT'),
('SLTH_CREATIVE_MONUMENT_DOUBLE', 'Amount', '100'),
('SLTH_CREATIVE_CARNIVAL_DOUBLE', 'BuildingType', 'SLTH_BUILDING_CARNIVAL'),
('SLTH_CREATIVE_CARNIVAL_DOUBLE', 'Amount', '100'),
('SLTH_ARCHERY_RANGE_DOUBLE', 'BuildingType', 'SLTH_BUILDING_ARCHERY_RANGE'),
('SLTH_ARCHERY_RANGE_DOUBLE', 'Amount', '100'),
('SLTH_EXPANSIVE_HARBOR_DOUBLE_PROD', 'BuildingType', 'SLTH_BUILDING_HARBOR'),
('SLTH_EXPANSIVE_HARBOR_DOUBLE_PROD', 'Amount', '100'),
('SLTH_EXPANSIVE_GRANARY_DOUBLE_PROD', 'BuildingType', 'BUILDING_GRANARY'),
('SLTH_EXPANSIVE_GRANARY_DOUBLE_PROD', 'Amount', '100'),
('SLTH_FINANCIAL_MARKET_DOUBLE_PROD', 'BuildingType', 'BUILDING_MARKET'),
('SLTH_FINANCIAL_MARKET_DOUBLE_PROD', 'Amount', '100'),
('SLTH_FINANCIAL_MONEYCHANGER_DOUBLE_PROD', 'BuildingType', 'BUILDING_BANK'),
('SLTH_FINANCIAL_MONEYCHANGER_DOUBLE_PROD', 'Amount', '100'),
('SLTH_INDUSTRIOUS_FORGE_DOUBLE_PROD', 'BuildingType', 'BUILDING_WORKSHOP'),
('SLTH_INDUSTRIOUS_FORGE_DOUBLE_PROD', 'Amount', '100'),
('SLTH_ORGANIZED_LIGHTHOUSE_DOUBLE_PROD', 'BuildingType', 'BUILDING_LIGHTHOUSE'),
('SLTH_ORGANIZED_LIGHTHOUSE_DOUBLE_PROD', 'Amount', '100'),
('SLTH_ORGANIZED_COURTHOUSE_DOUBLE_PROD', 'BuildingType', 'BUILDING_QUEENS_BIBLIOTHEQUE'),
('SLTH_ORGANIZED_COURTHOUSE_DOUBLE_PROD', 'Amount', '100'),
('SLTH_PHILOSOPHICAL_DOUBLE_ELDER_COUNCIL', 'BuildingType', 'SLTH_BUILDING_ELDER_COUNCIL'),
('SLTH_PHILOSOPHICAL_DOUBLE_ELDER_COUNCIL', 'Amount', '100'),
('SLTH_PHILOSOPHICAL_DOUBLE_LIBRARY', 'BuildingType', 'BUILDING_LIBRARY'),
('SLTH_PHILOSOPHICAL_DOUBLE_LIBRARY', 'Amount', '100'),
('SLTH_SPIRITUAL_PAGAN_TEMPLE_DOUBLE_PROD', 'BuildingType', 'BUILDING_SHRINE'),
('SLTH_SPIRITUAL_PAGAN_TEMPLE_DOUBLE_PROD', 'Amount', '100'),
('SLTH_SPIRITUAL_LEAVES_TEMPLE_DOUBLE_PROD', 'BuildingType', 'BUILDING_SANCTUARY'),
('SLTH_SPIRITUAL_LEAVES_TEMPLE_DOUBLE_PROD', 'Amount', '100'),
('SLTH_SPIRITUAL_KILMORPH_TEMPLE_DOUBLE_PROD', 'BuildingType', 'BUILDING_WAT'),
('SLTH_SPIRITUAL_KILMORPH_TEMPLE_DOUBLE_PROD', 'Amount', '100'),
('SLTH_SPIRITUAL_OVERLORDS_TEMPLE_DOUBLE_PROD', 'BuildingType', 'BUILDING_MOSQUE'),
('SLTH_SPIRITUAL_OVERLORDS_TEMPLE_DOUBLE_PROD', 'Amount', '100'),
('SLTH_SPIRITUAL_VEIL_TEMPLE_DOUBLE_PROD', 'BuildingType', 'BUILDING_STUPA'),
('SLTH_SPIRITUAL_VEIL_TEMPLE_DOUBLE_PROD', 'Amount', '100'),
('SLTH_SPIRITUAL_ORDER_TEMPLE_DOUBLE_PROD', 'BuildingType', 'BUILDING_CATHEDRAL'),
('SLTH_SPIRITUAL_ORDER_TEMPLE_DOUBLE_PROD', 'Amount', '100'),
('SLTH_SPIRITUAL_EMPYREAN_TEMPLE_DOUBLE_PROD', 'BuildingType', 'BUILDING_GURDWARA'),
('SLTH_SPIRITUAL_EMPYREAN_TEMPLE_DOUBLE_PROD', 'Amount', '100'),
('SLTH_INDUSTRIOUS_WONDER_PROD', 'Amount', '50'),
('SLTH_EXPANSIVE_SETTLER_DOUBLE_PRODUCTION', 'UnitType', 'UNIT_SETTLER'),
('SLTH_EXPANSIVE_SETTLER_DOUBLE_PRODUCTION', 'Amount', '100'),
('SLTH_EXPANSIVE_HOUSING', 'Amount', '3'),
('SLTH_PHILOSOPHICAL_DOUBLE_GPP_ATTACH', 'ModifierId', 'MODIFIER_NATIONAL_EPIC_INCREASE_GPP_MULT'),
('SLTH_RAIDERS_DOUBLEPILLAGEIMPROVE', 'Amount', '100'),
('SLTH_RAIDERS_DOUBLEPILLAGEDISTRICT', 'Amount', '100'),
('SLTH_CHARISMATIC_ONE_AMENITY', 'Amount', '1'),
('SLTH_CHARISMATIC_MORE_XP', 'Amount', '33'),
('SLTH_BARBARIAN_SCIENCE_LOSS', 'YieldType', 'YIELD_SCIENCE'),
('SLTH_BARBARIAN_SCIENCE_LOSS', 'Amount', '-10');

-- diplo modifiers
INSERT INTO TraitModifiers(TraitType, ModifierId) VALUES
('TRAIT_LEADER_MAJOR_CIV', 'STANDARD_DIPLOMATIC_CHARISMATIC_INTERACTION');

INSERT INTO ModifierArguments(ModifierId, Name, Value) VALUES
('STANDARD_DIPLOMATIC_CHARISMATIC_INTERACTION', 'SimpleModifierDescription', 'LOC_TOOLTIP_SAMPLE_DIPLOMACY_CHARISMATIC'),
('STANDARD_DIPLOMATIC_CHARISMATIC_INTERACTION', 'InitialValue', '20');

INSERT INTO Modifiers(ModifierId, ModifierType, SubjectRequirementSetId) VALUES
('STANDARD_DIPLOMATIC_CHARISMATIC_INTERACTION', 'MODIFIER_PLAYER_DIPLOMACY_SIMPLE_MODIFIER', 'OPPOSING_PLAYER_IS_CHARISMATIC');

INSERT INTO ModifierStrings(ModifierId, Context, Text) VALUES
('STANDARD_DIPLOMATIC_CHARISMATIC_INTERACTION', 'Sample', 'LOC_TOOLTIP_SAMPLE_DIPLOMACY_ALL');

INSERT INTO RequirementSets(RequirementSetId, RequirementSetType) VALUES
('OPPOSING_PLAYER_IS_CHARISMATIC', 'REQUIREMENTSET_TEST_ALL'),
('UNIT_IS_PROMO_CLASS_MELEE_REQS', 'REQUIREMENTSET_TEST_ALL'),
('UNIT_IS_PROMO_CLASS_CAV_REQS', 'REQUIREMENTSET_TEST_ALL');

INSERT INTO RequirementSetRequirements(RequirementSetId, RequirementId) VALUES
('OPPOSING_PLAYER_IS_CHARISMATIC', 'REQUIRE_PLAYER_IS_CHARISMATIC'),
('OPPOSING_PLAYER_IS_CHARISMATIC', 'REQUIRES_PLAYERS_HAVE_MET'),
('UNIT_IS_PROMO_CLASS_MELEE_REQS', 'REQUIREMENT_UNIT_IS_MELEE'),
('UNIT_IS_PROMO_CLASS_CAV_REQS', 'UNIT_IS_LIGHT_CAVALRY');

INSERT INTO Requirements(RequirementId, RequirementType) VALUES
('REQUIRE_PLAYER_IS_CHARISMATIC', 'REQUIREMENT_REQUIREMENTSET_IS_MET');

INSERT INTO RequirementArguments(RequirementId, Name, Type, Value) VALUES
('REQUIRE_PLAYER_IS_CHARISMATIC', 'RequirementSetId', 'ARGTYPE_IDENTITY', 'IS_ANY_CHARISMATIC_TRAIT_LEADER');

INSERT INTO RequirementSets(RequirementSetId, RequirementSetType) VALUES
('IS_ANY_CHARISMATIC_TRAIT_LEADER', 'REQUIREMENTSET_TEST_ANY'),
('UNIT_IS_DISCIPLE_REQS', 'REQUIREMENTSET_TEST_ANY'),
('UNIT_IS_ADEPT_REQS', 'REQUIREMENTSET_TEST_ANY');


INSERT INTO RequirementSetRequirements(RequirementSetId, RequirementId) VALUES
('IS_ANY_CHARISMATIC_TRAIT_LEADER', 'FALAMAR_REQUIREMENTS'),
('IS_ANY_CHARISMATIC_TRAIT_LEADER', 'SABATHIEL_REQUIREMENTS'),
('IS_ANY_CHARISMATIC_TRAIT_LEADER', 'AURIC_REQUIREMENTS'),
('UNIT_IS_DISCIPLE_REQS', 'SLTH_UNIT_IS_DISCIPLE'),
('UNIT_IS_ADEPT_REQS', 'SLTH_UNIT_IS_ADEPT_CLASS');

INSERT INTO Requirements(RequirementId, RequirementType) VALUES
('FALAMAR_REQUIREMENTS', 'REQUIREMENT_PLAYER_LEADER_TYPE_MATCHES'),
('SABATHIEL_REQUIREMENTS', 'REQUIREMENT_PLAYER_LEADER_TYPE_MATCHES'),
('AURIC_REQUIREMENTS', 'REQUIREMENT_PLAYER_LEADER_TYPE_MATCHES');

INSERT INTO RequirementArguments(RequirementId, Name, Value) VALUES
('FALAMAR_REQUIREMENTS', 'LeaderType', 'LEADER_FALAMAR'),
('SABATHIEL_REQUIREMENTS', 'LeaderType', 'LEADER_SABATHIEL'),
('AURIC_REQUIREMENTS', 'LeaderType', 'LEADER_AURIC');


INSERT INTO Types(Type, Kind) VALUES
('SLTH_TRAIT_AGGRESSIVE', 'KIND_TRAIT'),
('SLTH_TRAIT_ARCANE', 'KIND_TRAIT'),
('SLTH_TRAIT_CHARISMATIC', 'KIND_TRAIT'),
('SLTH_TRAIT_CREATIVE', 'KIND_TRAIT'),
('SLTH_TRAIT_DEFENDER', 'KIND_TRAIT'),
('SLTH_TRAIT_EXPANSIVE', 'KIND_TRAIT'),
('SLTH_TRAIT_FINANCIAL', 'KIND_TRAIT'),
('SLTH_TRAIT_INDUSTRIOUS', 'KIND_TRAIT'),
('SLTH_TRAIT_INGENUITY', 'KIND_TRAIT'),
('SLTH_TRAIT_ORGANIZED', 'KIND_TRAIT'),
('SLTH_TRAIT_PHILOSOPHICAL', 'KIND_TRAIT'),
('SLTH_TRAIT_SPIRITUAL', 'KIND_TRAIT'),
('SLTH_TRAIT_SUMMONER', 'KIND_TRAIT'),
('SLTH_TRAIT_RAIDERS', 'KIND_TRAIT'),
('SLTH_TRAIT_BARBARIAN', 'KIND_TRAIT'),
('SLTH_ABILITY_CHARISMATIC_MORE_XP', 'KIND_ABILITY'),
('SLTH_ABILITY_SUMMONER', 'KIND_ABILITY'),
('SLTH_ABILITY_POTENCY', 'KIND_ABILITY'),
('SLTH_ABILITY_HOMELAND', 'KIND_ABILITY');
-- arcane, charasmatic, creative, defender, expansive, financial, INDUSTRIOUS, ingenuity, organized,
-- Philosophical, Spiritual, Summoner

-- ACTUALLY ON civ level:  agnostic, barbarian, fallow, horselord, Sprawling,

-- hard: adaptive, insane, cant do property as we only have plot property. Do plot property on capital,
-- Raiders is hard because road movement is free.
