UPDATE GlobalParameters SET Value=30.0 WHERE Name= 'EXPERIENCE_MAX_LEVEL';
UPDATE GlobalParameters SET Value=0.0 WHERE Name= 'EXPERIENCE_REVEAL_NATURAL_WONDER';
UPDATE GlobalParameters SET Value=5.0 WHERE Name= 'EXPERIENCE_MAXIMUM_ONE_COMBAT';
-- UPDATE GlobalParameters SET Value=3.0 WHERE Name= 'EXPERIENCE_BARB_SOFT_CAP';
INSERT INTO UnitPromotions(UnitPromotionType, Name, Description, Level, PromotionClass, "Column") VALUES
('PROMOTION_ACCURACY_SIEGE', 'LOC_PROMOTION_ACCURACY_NAME', 'LOC_PROMOTION_ACCURACY_DESCRIPTION', '2', 'PROMOTION_CLASS_SIEGE', '1'),
('PROMOTION_BARRAGE1_SIEGE', 'LOC_PROMOTION_BARRAGE1_NAME', 'LOC_PROMOTION_BARRAGE1_DESCRIPTION', '1', 'PROMOTION_CLASS_SIEGE', '3'),
('PROMOTION_BARRAGE2_SIEGE', 'LOC_PROMOTION_BARRAGE2_NAME', 'LOC_PROMOTION_BARRAGE2_DESCRIPTION', '2', 'PROMOTION_CLASS_SIEGE', '3'),
('PROMOTION_BARRAGE3_SIEGE', 'LOC_PROMOTION_BARRAGE3_NAME', 'LOC_PROMOTION_BARRAGE3_DESCRIPTION', '3', 'PROMOTION_CLASS_SIEGE', '3'),
('PROMOTION_COMBAT1_SIEGE', 'LOC_PROMOTION_COMBAT1_NAME', 'LOC_PROMOTION_COMBAT1_DESCRIPTION', '1', 'PROMOTION_CLASS_SIEGE', '5'),
('PROMOTION_COMBAT2_SIEGE', 'LOC_PROMOTION_COMBAT2_NAME', 'LOC_PROMOTION_COMBAT2_DESCRIPTION', '2', 'PROMOTION_CLASS_SIEGE', '5'),
('PROMOTION_COMBAT3_SIEGE', 'LOC_PROMOTION_COMBAT3_NAME', 'LOC_PROMOTION_COMBAT3_DESCRIPTION', '3', 'PROMOTION_CLASS_SIEGE', '5'),
('PROMOTION_COMBAT4_SIEGE', 'LOC_PROMOTION_COMBAT4_NAME', 'LOC_PROMOTION_COMBAT4_DESCRIPTION', '4', 'PROMOTION_CLASS_SIEGE', '5'),
('PROMOTION_COMBAT5_SIEGE', 'LOC_PROMOTION_COMBAT5_NAME', 'LOC_PROMOTION_COMBAT5_DESCRIPTION', '5', 'PROMOTION_CLASS_SIEGE', '5'),
('PROMOTION_DRILL1_SIEGE', 'LOC_PROMOTION_DRILL1_NAME', 'LOC_PROMOTION_DRILL1_DESCRIPTION', '1', 'PROMOTION_CLASS_SIEGE', '7'),
('PROMOTION_DRILL2_SIEGE', 'LOC_PROMOTION_DRILL2_NAME', 'LOC_PROMOTION_DRILL2_DESCRIPTION', '2', 'PROMOTION_CLASS_SIEGE', '7'),
('PROMOTION_HEROIC_DEFENSE_SIEGE', 'LOC_PROMOTION_HEROIC_DEFENSE_NAME', 'LOC_PROMOTION_HEROIC_DEFENSE_DESCRIPTION', '6', 'PROMOTION_CLASS_SIEGE', '5'),
('PROMOTION_HEROIC_DEFENSE2_SIEGE', 'LOC_PROMOTION_HEROIC_DEFENSE2_NAME', 'LOC_PROMOTION_HEROIC_DEFENSE2_DESCRIPTION', '7', 'PROMOTION_CLASS_SIEGE', '5'),
('PROMOTION_HEROIC_STRENGTH_SIEGE', 'LOC_PROMOTION_HEROIC_STRENGTH_NAME', 'LOC_PROMOTION_HEROIC_STRENGTH_DESCRIPTION', '6', 'PROMOTION_CLASS_SIEGE', '3'),
('PROMOTION_HEROIC_STRENGTH2_SIEGE', 'LOC_PROMOTION_HEROIC_STRENGTH2_NAME', 'LOC_PROMOTION_HEROIC_STRENGTH2_DESCRIPTION', '7', 'PROMOTION_CLASS_SIEGE', '3'),
('PROMOTION_SENTRY_SIEGE', 'LOC_PROMOTION_SENTRY_NAME', 'LOC_PROMOTION_SENTRY_DESCRIPTION', '4', 'PROMOTION_CLASS_SIEGE', '7');
INSERT INTO UnitPromotions(UnitPromotionType, Name, Description, Level, PromotionClass, "Column") VALUES
('PROMOTION_BARRAGE1_NAVAL_MELEE', 'LOC_PROMOTION_BARRAGE1_NAME', 'LOC_PROMOTION_BARRAGE1_DESCRIPTION', '1', 'PROMOTION_CLASS_NAVAL_MELEE', '1'),
('PROMOTION_BARRAGE2_NAVAL_MELEE', 'LOC_PROMOTION_BARRAGE2_NAME', 'LOC_PROMOTION_BARRAGE2_DESCRIPTION', '2', 'PROMOTION_CLASS_NAVAL_MELEE', '1'),
('PROMOTION_BARRAGE3_NAVAL_MELEE', 'LOC_PROMOTION_BARRAGE3_NAME', 'LOC_PROMOTION_BARRAGE3_DESCRIPTION', '3', 'PROMOTION_CLASS_NAVAL_MELEE', '1'),
('PROMOTION_COMBAT1_NAVAL_MELEE', 'LOC_PROMOTION_COMBAT1_NAME', 'LOC_PROMOTION_COMBAT1_DESCRIPTION', '1', 'PROMOTION_CLASS_NAVAL_MELEE', '5'),
('PROMOTION_COMBAT2_NAVAL_MELEE', 'LOC_PROMOTION_COMBAT2_NAME', 'LOC_PROMOTION_COMBAT2_DESCRIPTION', '2', 'PROMOTION_CLASS_NAVAL_MELEE', '5'),
('PROMOTION_COMBAT3_NAVAL_MELEE', 'LOC_PROMOTION_COMBAT3_NAME', 'LOC_PROMOTION_COMBAT3_DESCRIPTION', '3', 'PROMOTION_CLASS_NAVAL_MELEE', '5'),
('PROMOTION_COMBAT4_NAVAL_MELEE', 'LOC_PROMOTION_COMBAT4_NAME', 'LOC_PROMOTION_COMBAT4_DESCRIPTION', '4', 'PROMOTION_CLASS_NAVAL_MELEE', '5'),
('PROMOTION_COMBAT5_NAVAL_MELEE', 'LOC_PROMOTION_COMBAT5_NAME', 'LOC_PROMOTION_COMBAT5_DESCRIPTION', '5', 'PROMOTION_CLASS_NAVAL_MELEE', '5'),
('PROMOTION_DRILL1_NAVAL_MELEE', 'LOC_PROMOTION_DRILL1_NAME', 'LOC_PROMOTION_DRILL1_DESCRIPTION', '1', 'PROMOTION_CLASS_NAVAL_MELEE', '3'),
('PROMOTION_DRILL2_NAVAL_MELEE', 'LOC_PROMOTION_DRILL2_NAME', 'LOC_PROMOTION_DRILL2_DESCRIPTION', '2', 'PROMOTION_CLASS_NAVAL_MELEE', '3'),
('PROMOTION_BOUNTY_HUNTER_NAVAL_MELEE', 'LOC_PROMOTION_BOUNTY_HUNTER_NAME', 'LOC_PROMOTION_BOUNTY_HUNTER_DESCRIPTION', '4', 'PROMOTION_CLASS_NAVAL_MELEE', '1'),
('PROMOTION_COLD_RESISTANCE_NAVAL_MELEE', 'LOC_PROMOTION_COLD_RESISTANCE_NAME', 'LOC_PROMOTION_COLD_RESISTANCE_DESCRIPTION', '5', 'PROMOTION_CLASS_NAVAL_MELEE', '7'),
('PROMOTION_EXPANDED_HULL_NAVAL_MELEE', 'LOC_PROMOTION_EXPANDED_HULL_NAME', 'LOC_PROMOTION_EXPANDED_HULL_DESCRIPTION', '1', 'PROMOTION_CLASS_NAVAL_MELEE', '9'),
('PROMOTION_FIRE_RESISTANCE_NAVAL_MELEE', 'LOC_PROMOTION_FIRE_RESISTANCE_NAME', 'LOC_PROMOTION_FIRE_RESISTANCE_DESCRIPTION', '5', 'PROMOTION_CLASS_NAVAL_MELEE', '9'),
('PROMOTION_LIGHTNING_RESISTANCE_NAVAL_MELEE', 'LOC_PROMOTION_LIGHTNING_RESISTANCE_NAME', 'LOC_PROMOTION_LIGHTNING_RESISTANCE_DESCRIPTION', '5', 'PROMOTION_CLASS_NAVAL_MELEE', '11'),
('PROMOTION_POISON_RESISTANCE_NAVAL_MELEE', 'LOC_PROMOTION_POISON_RESISTANCE_NAME', 'LOC_PROMOTION_POISON_RESISTANCE_DESCRIPTION', '5', 'PROMOTION_CLASS_NAVAL_MELEE', '13'),
('PROMOTION_MAGIC_RESISTANCE_NAVAL_MELEE', 'LOC_PROMOTION_MAGIC_RESISTANCE_NAME', 'LOC_PROMOTION_MAGIC_RESISTANCE_DESCRIPTION', '4', 'PROMOTION_CLASS_NAVAL_MELEE', '9'),
('PROMOTION_FLANKING1_NAVAL_MELEE', 'LOC_PROMOTION_FLANKING1_NAME', 'LOC_PROMOTION_FLANKING1_DESCRIPTION', '1', 'PROMOTION_CLASS_NAVAL_MELEE', '7'),
('PROMOTION_FLANKING2_NAVAL_MELEE', 'LOC_PROMOTION_FLANKING2_NAME', 'LOC_PROMOTION_FLANKING2_DESCRIPTION', '2', 'PROMOTION_CLASS_NAVAL_MELEE', '7'),
('PROMOTION_FLANKING3_NAVAL_MELEE', 'LOC_PROMOTION_FLANKING3_NAME', 'LOC_PROMOTION_FLANKING3_DESCRIPTION', '3', 'PROMOTION_CLASS_NAVAL_MELEE', '7'),
('PROMOTION_HEROIC_DEFENSE_NAVAL_MELEE', 'LOC_PROMOTION_HEROIC_DEFENSE_NAME', 'LOC_PROMOTION_HEROIC_DEFENSE_DESCRIPTION', '6', 'PROMOTION_CLASS_NAVAL_MELEE', '5'),
('PROMOTION_HEROIC_DEFENSE2_NAVAL_MELEE', 'LOC_PROMOTION_HEROIC_DEFENSE2_NAME', 'LOC_PROMOTION_HEROIC_DEFENSE2_DESCRIPTION', '7', 'PROMOTION_CLASS_NAVAL_MELEE', '5'),
('PROMOTION_HEROIC_STRENGTH_NAVAL_MELEE', 'LOC_PROMOTION_HEROIC_STRENGTH_NAME', 'LOC_PROMOTION_HEROIC_STRENGTH_DESCRIPTION', '6', 'PROMOTION_CLASS_NAVAL_MELEE', '3'),
('PROMOTION_HEROIC_STRENGTH2_NAVAL_MELEE', 'LOC_PROMOTION_HEROIC_STRENGTH2_NAME', 'LOC_PROMOTION_HEROIC_STRENGTH2_DESCRIPTION', '7', 'PROMOTION_CLASS_NAVAL_MELEE', '3'),
('PROMOTION_NAVIGATION1_NAVAL_MELEE', 'LOC_PROMOTION_NAVIGATION1_NAME', 'LOC_PROMOTION_NAVIGATION1_DESCRIPTION', '2', 'PROMOTION_CLASS_NAVAL_MELEE', '9'),
('PROMOTION_NAVIGATION2_NAVAL_MELEE', 'LOC_PROMOTION_NAVIGATION2_NAME', 'LOC_PROMOTION_NAVIGATION2_DESCRIPTION', '3', 'PROMOTION_CLASS_NAVAL_MELEE', '9'),
('PROMOTION_SENTRY_NAVAL_MELEE', 'LOC_PROMOTION_SENTRY_NAME', 'LOC_PROMOTION_SENTRY_DESCRIPTION', '4', 'PROMOTION_CLASS_NAVAL_MELEE', '3');
INSERT INTO UnitPromotions(UnitPromotionType, Name, Description, Level, PromotionClass, "Column") VALUES
('PROMOTION_COMBAT1_ADEPT', 'LOC_PROMOTION_COMBAT1_NAME', 'LOC_PROMOTION_COMBAT1_DESCRIPTION', '1', 'PROMOTION_CLASS_ADEPT', '3'),
('PROMOTION_COMBAT2_ADEPT', 'LOC_PROMOTION_COMBAT2_NAME', 'LOC_PROMOTION_COMBAT2_DESCRIPTION', '2', 'PROMOTION_CLASS_ADEPT', '3'),
('PROMOTION_COMBAT3_ADEPT', 'LOC_PROMOTION_COMBAT3_NAME', 'LOC_PROMOTION_COMBAT3_DESCRIPTION', '3', 'PROMOTION_CLASS_ADEPT', '3'),
('PROMOTION_COMBAT4_ADEPT', 'LOC_PROMOTION_COMBAT4_NAME', 'LOC_PROMOTION_COMBAT4_DESCRIPTION', '4', 'PROMOTION_CLASS_ADEPT', '3'),
('PROMOTION_COMBAT5_ADEPT', 'LOC_PROMOTION_COMBAT5_NAME', 'LOC_PROMOTION_COMBAT5_DESCRIPTION', '5', 'PROMOTION_CLASS_ADEPT', '3'),
('PROMOTION_HEROIC_DEFENSE_ADEPT', 'LOC_PROMOTION_HEROIC_DEFENSE_NAME', 'LOC_PROMOTION_HEROIC_DEFENSE_DESCRIPTION', '6', 'PROMOTION_CLASS_ADEPT', '1'),
('PROMOTION_HEROIC_DEFENSE2_ADEPT', 'LOC_PROMOTION_HEROIC_DEFENSE2_NAME', 'LOC_PROMOTION_HEROIC_DEFENSE2_DESCRIPTION', '7', 'PROMOTION_CLASS_ADEPT', '1'),
('PROMOTION_HEROIC_STRENGTH_ADEPT', 'LOC_PROMOTION_HEROIC_STRENGTH_NAME', 'LOC_PROMOTION_HEROIC_STRENGTH_DESCRIPTION', '6', 'PROMOTION_CLASS_ADEPT', '3'),
('PROMOTION_HEROIC_STRENGTH2_ADEPT', 'LOC_PROMOTION_HEROIC_STRENGTH2_NAME', 'LOC_PROMOTION_HEROIC_STRENGTH2_DESCRIPTION', '7', 'PROMOTION_CLASS_ADEPT', '3'),
('PROMOTION_MOBILITY1_ADEPT', 'LOC_PROMOTION_MOBILITY1_NAME', 'LOC_PROMOTION_MOBILITY1_DESCRIPTION', '4', 'PROMOTION_CLASS_ADEPT', '1'),
('PROMOTION_EXTENSION1_ADEPT', 'LOC_PROMOTION_EXTENSION1_NAME', 'LOC_PROMOTION_EXTENSION1_DESCRIPTION', '1', 'PROMOTION_CLASS_ADEPT', '1'),
('PROMOTION_EXTENSION2_ADEPT', 'LOC_PROMOTION_EXTENSION2_NAME', 'LOC_PROMOTION_EXTENSION2_DESCRIPTION', '2', 'PROMOTION_CLASS_ADEPT', '1'),
('PROMOTION_SUMMONER_ADEPT', 'LOC_PROMOTION_SUMMONER_NAME', 'LOC_PROMOTION_SUMMONER_DESCRIPTION', '6', 'PROMOTION_CLASS_ADEPT', '7'),
('PROMOTION_FEAR_ADEPT', 'LOC_PROMOTION_FEAR_NAME', 'LOC_PROMOTION_FEAR_DESCRIPTION', '6', 'PROMOTION_CLASS_ADEPT', '5'),
('PROMOTION_TWINCAST_ADEPT', 'LOC_PROMOTION_TWINCAST_NAME', 'LOC_PROMOTION_TWINCAST_DESCRIPTION', '6', 'PROMOTION_CLASS_ADEPT', '9'),
('PROMOTION_COLD_RESISTANCE_ADEPT', 'LOC_PROMOTION_COLD_RESISTANCE_NAME', 'LOC_PROMOTION_COLD_RESISTANCE_DESCRIPTION', '5', 'PROMOTION_CLASS_ADEPT', '5'),
('PROMOTION_FIRE_RESISTANCE_ADEPT', 'LOC_PROMOTION_FIRE_RESISTANCE_NAME', 'LOC_PROMOTION_FIRE_RESISTANCE_DESCRIPTION', '5', 'PROMOTION_CLASS_ADEPT', '7'),
('PROMOTION_LIGHTNING_RESISTANCE_ADEPT', 'LOC_PROMOTION_LIGHTNING_RESISTANCE_NAME', 'LOC_PROMOTION_LIGHTNING_RESISTANCE_DESCRIPTION', '5', 'PROMOTION_CLASS_ADEPT', '9'),
('PROMOTION_POISON_RESISTANCE_ADEPT', 'LOC_PROMOTION_POISON_RESISTANCE_NAME', 'LOC_PROMOTION_POISON_RESISTANCE_DESCRIPTION', '5', 'PROMOTION_CLASS_ADEPT', '11'),
('PROMOTION_MAGIC_RESISTANCE_ADEPT', 'LOC_PROMOTION_MAGIC_RESISTANCE_NAME', 'LOC_PROMOTION_MAGIC_RESISTANCE_DESCRIPTION', '4', 'PROMOTION_CLASS_ADEPT', '7'),
('AIR_ONE', 'LOC_AIR_ONE_NAME', 'LOC_AIR_ONE_DESCRIPTION', '1', 'PROMOTION_CLASS_ADEPT',  '5'),
('BODY_ONE', 'LOC_BODY_ONE_NAME', 'LOC_BODY_ONE_DESCRIPTION', '1', 'PROMOTION_CLASS_ADEPT',  '7'),
('CHAOS_ONE', 'LOC_CHAOS_ONE_NAME', 'LOC_CHAOS_ONE_DESCRIPTION', '1', 'PROMOTION_CLASS_ADEPT',  '9'),
('DEATH_ONE', 'LOC_DEATH_ONE_NAME', 'LOC_DEATH_ONE_DESCRIPTION', '1', 'PROMOTION_CLASS_ADEPT',  '11'),
('EARTH_ONE', 'LOC_EARTH_ONE_NAME', 'LOC_EARTH_ONE_DESCRIPTION', '1', 'PROMOTION_CLASS_ADEPT',  '13'),
('ENCHANTMENT_ONE', 'LOC_ENCHANTMENT_ONE_NAME', 'LOC_ENCHANTMENT_ONE_DESCRIPTION', '1', 'PROMOTION_CLASS_ADEPT',  '15'),
('ENTROPY_ONE', 'LOC_ENTROPY_ONE_NAME', 'LOC_ENTROPY_ONE_DESCRIPTION', '1', 'PROMOTION_CLASS_ADEPT',  '17'),
('FIRE_ONE', 'LOC_FIRE_ONE_NAME', 'LOC_FIRE_ONE_DESCRIPTION', '1', 'PROMOTION_CLASS_ADEPT',  '19'),
('ICE_ONE', 'LOC_ICE_ONE_NAME', 'LOC_ICE_ONE_DESCRIPTION', '1', 'PROMOTION_CLASS_ADEPT',  '21'),
('LAW_ONE', 'LOC_LAW_ONE_NAME', 'LOC_LAW_ONE_DESCRIPTION', '1', 'PROMOTION_CLASS_ADEPT',  '23'),
('LIFE_ONE', 'LOC_LIFE_ONE_NAME', 'LOC_LIFE_ONE_DESCRIPTION', '1', 'PROMOTION_CLASS_ADEPT',  '25'),
('METAMAGIC_ONE', 'LOC_METAMAGIC_ONE_NAME', 'LOC_METAMAGIC_ONE_DESCRIPTION', '1', 'PROMOTION_CLASS_ADEPT',  '27'),
('MIND_ONE', 'LOC_MIND_ONE_NAME', 'LOC_MIND_ONE_DESCRIPTION', '1', 'PROMOTION_CLASS_ADEPT',  '29'),
('NATURE_ONE', 'LOC_NATURE_ONE_NAME', 'LOC_NATURE_ONE_DESCRIPTION', '1', 'PROMOTION_CLASS_ADEPT',  '31'),
('SPIRIT_ONE', 'LOC_SPIRIT_ONE_NAME', 'LOC_SPIRIT_ONE_DESCRIPTION', '1', 'PROMOTION_CLASS_ADEPT',  '33'),
('SHADOW_ONE', 'LOC_SHADOW_ONE_NAME', 'LOC_SHADOW_ONE_DESCRIPTION', '1', 'PROMOTION_CLASS_ADEPT',  '35'),
('SUN_ONE', 'LOC_SUN_ONE_NAME', 'LOC_SUN_ONE_DESCRIPTION', '1', 'PROMOTION_CLASS_ADEPT',  '37'),
('WATER_ONE', 'LOC_WATER_ONE_NAME', 'LOC_WATER_ONE_DESCRIPTION', '1', 'PROMOTION_CLASS_ADEPT',  '39'),
('AIR_TWO', 'LOC_AIR_TWO_NAME', 'LOC_AIR_TWO_DESCRIPTION', '2', 'PROMOTION_CLASS_ADEPT',  '5'),
('BODY_TWO', 'LOC_BODY_TWO_NAME', 'LOC_BODY_TWO_DESCRIPTION', '2', 'PROMOTION_CLASS_ADEPT',  '7'),
('CHAOS_TWO', 'LOC_CHAOS_TWO_NAME', 'LOC_CHAOS_TWO_DESCRIPTION', '2', 'PROMOTION_CLASS_ADEPT',  '9'),
('DEATH_TWO', 'LOC_DEATH_TWO_NAME', 'LOC_DEATH_TWO_DESCRIPTION', '2', 'PROMOTION_CLASS_ADEPT',  '11'),
('EARTH_TWO', 'LOC_EARTH_TWO_NAME', 'LOC_EARTH_TWO_DESCRIPTION', '2', 'PROMOTION_CLASS_ADEPT',  '13'),
('ENCHANTMENT_TWO', 'LOC_ENCHANTMENT_TWO_NAME', 'LOC_ENCHANTMENT_TWO_DESCRIPTION', '2', 'PROMOTION_CLASS_ADEPT',  '15'),
('ENTROPY_TWO', 'LOC_ENTROPY_TWO_NAME', 'LOC_ENTROPY_TWO_DESCRIPTION', '2', 'PROMOTION_CLASS_ADEPT',  '17'),
('FIRE_TWO', 'LOC_FIRE_TWO_NAME', 'LOC_FIRE_TWO_DESCRIPTION', '2', 'PROMOTION_CLASS_ADEPT',  '19'),
('ICE_TWO', 'LOC_ICE_TWO_NAME', 'LOC_ICE_TWO_DESCRIPTION', '2', 'PROMOTION_CLASS_ADEPT',  '21'),
('LAW_TWO', 'LOC_LAW_TWO_NAME', 'LOC_LAW_TWO_DESCRIPTION', '2', 'PROMOTION_CLASS_ADEPT',  '23'),
('LIFE_TWO', 'LOC_LIFE_TWO_NAME', 'LOC_LIFE_TWO_DESCRIPTION', '2', 'PROMOTION_CLASS_ADEPT',  '25'),
('METAMAGIC_TWO', 'LOC_METAMAGIC_TWO_NAME', 'LOC_METAMAGIC_TWO_DESCRIPTION', '2', 'PROMOTION_CLASS_ADEPT',  '27'),
('MIND_TWO', 'LOC_MIND_TWO_NAME', 'LOC_MIND_TWO_DESCRIPTION', '2', 'PROMOTION_CLASS_ADEPT',  '29'),
('NATURE_TWO', 'LOC_NATURE_TWO_NAME', 'LOC_NATURE_TWO_DESCRIPTION', '2', 'PROMOTION_CLASS_ADEPT',  '31'),
('SPIRIT_TWO', 'LOC_SPIRIT_TWO_NAME', 'LOC_SPIRIT_TWO_DESCRIPTION', '2', 'PROMOTION_CLASS_ADEPT',  '33'),
('SHADOW_TWO', 'LOC_SHADOW_TWO_NAME', 'LOC_SHADOW_TWO_DESCRIPTION', '2', 'PROMOTION_CLASS_ADEPT',  '35'),
('SUN_TWO', 'LOC_SUN_TWO_NAME', 'LOC_SUN_TWO_DESCRIPTION', '2', 'PROMOTION_CLASS_ADEPT',  '37'),
('WATER_TWO', 'LOC_WATER_TWO_NAME', 'LOC_WATER_TWO_DESCRIPTION', '2', 'PROMOTION_CLASS_ADEPT',  '39'),
('AIR_THREE', 'LOC_AIR_THREE_NAME', 'LOC_AIR_THREE_DESCRIPTION', '3', 'PROMOTION_CLASS_ADEPT',  '5'),
('BODY_THREE', 'LOC_BODY_THREE_NAME', 'LOC_BODY_THREE_DESCRIPTION', '3', 'PROMOTION_CLASS_ADEPT',  '7'),
('CHAOS_THREE', 'LOC_CHAOS_THREE_NAME', 'LOC_CHAOS_THREE_DESCRIPTION', '3', 'PROMOTION_CLASS_ADEPT',  '9'),
('DEATH_THREE', 'LOC_DEATH_THREE_NAME', 'LOC_DEATH_THREE_DESCRIPTION', '3', 'PROMOTION_CLASS_ADEPT',  '11'),
('EARTH_THREE', 'LOC_EARTH_THREE_NAME', 'LOC_EARTH_THREE_DESCRIPTION', '3', 'PROMOTION_CLASS_ADEPT',  '13'),
('ENCHANTMENT_THREE', 'LOC_ENCHANTMENT_THREE_NAME', 'LOC_ENCHANTMENT_THREE_DESCRIPTION', '3', 'PROMOTION_CLASS_ADEPT',  '15'),
('ENTROPY_THREE', 'LOC_ENTROPY_THREE_NAME', 'LOC_ENTROPY_THREE_DESCRIPTION', '3', 'PROMOTION_CLASS_ADEPT',  '17'),
('FIRE_THREE', 'LOC_FIRE_THREE_NAME', 'LOC_FIRE_THREE_DESCRIPTION', '3', 'PROMOTION_CLASS_ADEPT',  '19'),
('ICE_THREE', 'LOC_ICE_THREE_NAME', 'LOC_ICE_THREE_DESCRIPTION', '3', 'PROMOTION_CLASS_ADEPT',  '21'),
('LAW_THREE', 'LOC_LAW_THREE_NAME', 'LOC_LAW_THREE_DESCRIPTION', '3', 'PROMOTION_CLASS_ADEPT',  '23'),
('LIFE_THREE', 'LOC_LIFE_THREE_NAME', 'LOC_LIFE_THREE_DESCRIPTION', '3', 'PROMOTION_CLASS_ADEPT',  '25'),
('METAMAGIC_THREE', 'LOC_METAMAGIC_THREE_NAME', 'LOC_METAMAGIC_THREE_DESCRIPTION', '3', 'PROMOTION_CLASS_ADEPT',  '27'),
('MIND_THREE', 'LOC_MIND_THREE_NAME', 'LOC_MIND_THREE_DESCRIPTION', '3', 'PROMOTION_CLASS_ADEPT',  '29'),
('NATURE_THREE', 'LOC_NATURE_THREE_NAME', 'LOC_NATURE_THREE_DESCRIPTION', '3', 'PROMOTION_CLASS_ADEPT',  '31'),
('SPIRIT_THREE', 'LOC_SPIRIT_THREE_NAME', 'LOC_SPIRIT_THREE_DESCRIPTION', '3', 'PROMOTION_CLASS_ADEPT',  '33'),
('SHADOW_THREE', 'LOC_SHADOW_THREE_NAME', 'LOC_SHADOW_THREE_DESCRIPTION', '3', 'PROMOTION_CLASS_ADEPT',  '35'),
('SUN_THREE', 'LOC_SUN_THREE_NAME', 'LOC_SUN_THREE_DESCRIPTION', '3', 'PROMOTION_CLASS_ADEPT',  '37'),
('WATER_THREE', 'LOC_WATER_THREE_NAME', 'LOC_WATER_THREE_DESCRIPTION', '3', 'PROMOTION_CLASS_ADEPT',  '39');
INSERT INTO UnitPromotions(UnitPromotionType, Name, Description, Level, PromotionClass, "Column") VALUES
('PROMOTION_AMPHIBIOUS_DISCIPLE', 'LOC_PROMOTION_AMPHIBIOUS_NAME', 'LOC_PROMOTION_AMPHIBIOUS_DESCRIPTION', '3', 'PROMOTION_CLASS_DISCIPLE', '3'),
('PROMOTION_COMBAT1_DISCIPLE', 'LOC_PROMOTION_COMBAT1_NAME', 'LOC_PROMOTION_COMBAT1_DESCRIPTION', '1', 'PROMOTION_CLASS_DISCIPLE', '5'),
('PROMOTION_COMBAT2_DISCIPLE', 'LOC_PROMOTION_COMBAT2_NAME', 'LOC_PROMOTION_COMBAT2_DESCRIPTION', '2', 'PROMOTION_CLASS_DISCIPLE', '5'),
('PROMOTION_COMBAT3_DISCIPLE', 'LOC_PROMOTION_COMBAT3_NAME', 'LOC_PROMOTION_COMBAT3_DESCRIPTION', '3', 'PROMOTION_CLASS_DISCIPLE', '5'),
('PROMOTION_COMBAT4_DISCIPLE', 'LOC_PROMOTION_COMBAT4_NAME', 'LOC_PROMOTION_COMBAT4_DESCRIPTION', '4', 'PROMOTION_CLASS_DISCIPLE', '5'),
('PROMOTION_COMBAT5_DISCIPLE', 'LOC_PROMOTION_COMBAT5_NAME', 'LOC_PROMOTION_COMBAT5_DESCRIPTION', '5', 'PROMOTION_CLASS_DISCIPLE', '5'),
('PROMOTION_DRILL1_DISCIPLE', 'LOC_PROMOTION_DRILL1_NAME', 'LOC_PROMOTION_DRILL1_DESCRIPTION', '1', 'PROMOTION_CLASS_DISCIPLE', '5'),
('PROMOTION_DRILL2_DISCIPLE', 'LOC_PROMOTION_DRILL2_NAME', 'LOC_PROMOTION_DRILL2_DESCRIPTION', '2', 'PROMOTION_CLASS_DISCIPLE', '5'),
('PROMOTION_DRILL3_DISCIPLE', 'LOC_PROMOTION_DRILL3_NAME', 'LOC_PROMOTION_DRILL3_DESCRIPTION', '3', 'PROMOTION_CLASS_DISCIPLE', '5'),
('PROMOTION_DRILL4_DISCIPLE', 'LOC_PROMOTION_DRILL4_NAME', 'LOC_PROMOTION_DRILL4_DESCRIPTION', '4', 'PROMOTION_CLASS_DISCIPLE', '5'),
('PROMOTION_COMMAND1_DISCIPLE', 'LOC_PROMOTION_COMMAND1_NAME', 'LOC_PROMOTION_COMMAND1_DESCRIPTION', '6', 'PROMOTION_CLASS_DISCIPLE', '7'),
('PROMOTION_COMMAND2_DISCIPLE', 'LOC_PROMOTION_COMMAND2_NAME', 'LOC_PROMOTION_COMMAND2_DESCRIPTION', '6', 'PROMOTION_CLASS_DISCIPLE', '9'),
('PROMOTION_COMMAND3_DISCIPLE', 'LOC_PROMOTION_COMMAND3_NAME', 'LOC_PROMOTION_COMMAND3_DESCRIPTION', '6', 'PROMOTION_CLASS_DISCIPLE', '11'),
('PROMOTION_COMMANDO_DISCIPLE', 'LOC_PROMOTION_COMMANDO_NAME', 'LOC_PROMOTION_COMMANDO_DESCRIPTION', '6', 'PROMOTION_CLASS_DISCIPLE', '3'),
('PROMOTION_GUERILLA1_DISCIPLE', 'LOC_PROMOTION_GUERILLA1_NAME', 'LOC_PROMOTION_GUERILLA1_DESCRIPTION', '1', 'PROMOTION_CLASS_DISCIPLE', '1'),
('PROMOTION_COVER_DISCIPLE', 'LOC_PROMOTION_COVER_NAME', 'LOC_PROMOTION_COVER_DESCRIPTION', '2', 'PROMOTION_CLASS_DISCIPLE', '3'),
('PROMOTION_SHOCK_DISCIPLE', 'LOC_PROMOTION_SHOCK_NAME', 'LOC_PROMOTION_SHOCK_DESCRIPTION', '2', 'PROMOTION_CLASS_DISCIPLE', '5'),
('PROMOTION_FORMATION_DISCIPLE', 'LOC_PROMOTION_FORMATION_NAME', 'LOC_PROMOTION_FORMATION_DESCRIPTION', '3', 'PROMOTION_CLASS_DISCIPLE', '1'),
('PROMOTION_SENTRY_DISCIPLE', 'LOC_PROMOTION_SENTRY_NAME', 'LOC_PROMOTION_SENTRY_DESCRIPTION', '4', 'PROMOTION_CLASS_DISCIPLE', '3'),
('PROMOTION_FEAR_DISCIPLE', 'LOC_PROMOTION_FEAR_NAME', 'LOC_PROMOTION_FEAR_DESCRIPTION', '6', 'PROMOTION_CLASS_DISCIPLE', '5'),
('PROMOTION_COLD_RESISTANCE_DISCIPLE', 'LOC_PROMOTION_COLD_RESISTANCE_NAME', 'LOC_PROMOTION_COLD_RESISTANCE_DESCRIPTION', '5', 'PROMOTION_CLASS_DISCIPLE', '7'),
('PROMOTION_FIRE_RESISTANCE_DISCIPLE', 'LOC_PROMOTION_FIRE_RESISTANCE_NAME', 'LOC_PROMOTION_FIRE_RESISTANCE_DESCRIPTION', '5', 'PROMOTION_CLASS_DISCIPLE', '9'),
('PROMOTION_LIGHTNING_RESISTANCE_DISCIPLE', 'LOC_PROMOTION_LIGHTNING_RESISTANCE_NAME', 'LOC_PROMOTION_LIGHTNING_RESISTANCE_DESCRIPTION', '5', 'PROMOTION_CLASS_DISCIPLE', '11'),
('PROMOTION_POISON_RESISTANCE_DISCIPLE', 'LOC_PROMOTION_POISON_RESISTANCE_NAME', 'LOC_PROMOTION_POISON_RESISTANCE_DESCRIPTION', '5', 'PROMOTION_CLASS_DISCIPLE', '13'),
('PROMOTION_MAGIC_RESISTANCE_DISCIPLE', 'LOC_PROMOTION_MAGIC_RESISTANCE_NAME', 'LOC_PROMOTION_MAGIC_RESISTANCE_DESCRIPTION', '4', 'PROMOTION_CLASS_DISCIPLE', '9'),
('PROMOTION_MARCH_DISCIPLE', 'LOC_PROMOTION_MARCH_NAME', 'LOC_PROMOTION_MARCH_DESCRIPTION', '4', 'PROMOTION_CLASS_DISCIPLE', '1'),
('PROMOTION_INQUISITOR_DISCIPLE', 'LOC_PROMOTION_INQUISITOR_NAME', 'LOC_PROMOTION_INQUISITOR_DESCRIPTION', '1', 'PROMOTION_CLASS_DISCIPLE', '11');
INSERT INTO UnitPromotions(UnitPromotionType, Name, Description, Level, PromotionClass, "Column") VALUES
('PROMOTION_COMBAT1_RECON', 'LOC_PROMOTION_COMBAT1_NAME', 'LOC_PROMOTION_COMBAT1_DESCRIPTION', '1', 'PROMOTION_CLASS_RECON', '5'),
('PROMOTION_COMBAT2_RECON', 'LOC_PROMOTION_COMBAT2_NAME', 'LOC_PROMOTION_COMBAT2_DESCRIPTION', '2', 'PROMOTION_CLASS_RECON', '5'),
('PROMOTION_COMBAT3_RECON', 'LOC_PROMOTION_COMBAT3_NAME', 'LOC_PROMOTION_COMBAT3_DESCRIPTION', '3', 'PROMOTION_CLASS_RECON', '5'),
('PROMOTION_COMBAT4_RECON', 'LOC_PROMOTION_COMBAT4_NAME', 'LOC_PROMOTION_COMBAT4_DESCRIPTION', '4', 'PROMOTION_CLASS_RECON', '5'),
('PROMOTION_COMBAT5_RECON', 'LOC_PROMOTION_COMBAT5_NAME', 'LOC_PROMOTION_COMBAT5_DESCRIPTION', '5', 'PROMOTION_CLASS_RECON', '5'),
('PROMOTION_DRILL1_RECON', 'LOC_PROMOTION_DRILL1_NAME', 'LOC_PROMOTION_DRILL1_DESCRIPTION', '7', 'PROMOTION_CLASS_RECON', '7'),
('PROMOTION_DRILL2_RECON', 'LOC_PROMOTION_DRILL2_NAME', 'LOC_PROMOTION_DRILL2_DESCRIPTION', '7', 'PROMOTION_CLASS_RECON', '9'),
('PROMOTION_DRILL3_RECON', 'LOC_PROMOTION_DRILL3_NAME', 'LOC_PROMOTION_DRILL3_DESCRIPTION', '7', 'PROMOTION_CLASS_RECON', '11'),
('PROMOTION_DRILL4_RECON', 'LOC_PROMOTION_DRILL4_NAME', 'LOC_PROMOTION_DRILL4_DESCRIPTION', '7', 'PROMOTION_CLASS_RECON', '13'),
('PROMOTION_MARKSMAN_RECON', 'LOC_PROMOTION_MARKSMAN_NAME', 'LOC_PROMOTION_MARKSMAN_DESCRIPTION', '4', 'PROMOTION_CLASS_RECON', '7'),
('PROMOTION_COVER_RECON', 'LOC_PROMOTION_COVER_NAME', 'LOC_PROMOTION_COVER_DESCRIPTION', '2', 'PROMOTION_CLASS_RECON', '3'),
('PROMOTION_FORMATION_RECON', 'LOC_PROMOTION_FORMATION_NAME', 'LOC_PROMOTION_FORMATION_DESCRIPTION', '3', 'PROMOTION_CLASS_RECON', '3'),
('PROMOTION_SHOCK_RECON', 'LOC_PROMOTION_SHOCK_NAME', 'LOC_PROMOTION_SHOCK_DESCRIPTION', '2', 'PROMOTION_CLASS_RECON', '9'),
('PROMOTION_GUERILLA1_RECON', 'LOC_PROMOTION_GUERILLA1_NAME', 'LOC_PROMOTION_GUERILLA1_DESCRIPTION', '1', 'PROMOTION_CLASS_RECON', '1'),
('PROMOTION_WOODSMAN1_RECON', 'LOC_PROMOTION_WOODSMAN1_NAME', 'LOC_PROMOTION_WOODSMAN1_DESCRIPTION', '1', 'PROMOTION_CLASS_RECON', '9'),
('PROMOTION_FLANKING1_RECON', 'LOC_PROMOTION_FLANKING1_NAME', 'LOC_PROMOTION_FLANKING1_DESCRIPTION', '1', 'PROMOTION_CLASS_RECON', '3'),
('PROMOTION_MOBILITY2_RECON', 'LOC_PROMOTION_MOBILITY2_NAME', 'LOC_PROMOTION_MOBILITY2_DESCRIPTION', '2', 'PROMOTION_CLASS_RECON', '13'),
('PROMOTION_SENTRY_RECON', 'LOC_PROMOTION_SENTRY_NAME', 'LOC_PROMOTION_SENTRY_DESCRIPTION', '4', 'PROMOTION_CLASS_RECON', '1'),
('PROMOTION_SENTRY2_RECON', 'LOC_PROMOTION_SENTRY2_NAME', 'LOC_PROMOTION_SENTRY2_DESCRIPTION', '5', 'PROMOTION_CLASS_RECON', '1'),
('PROMOTION_PERFECT_SIGHT_RECON', 'LOC_PROMOTION_PERFECT_SIGHT_NAME', 'LOC_PROMOTION_PERFECT_SIGHT_DESCRIPTION', '6', 'PROMOTION_CLASS_RECON', '1'),
('PROMOTION_AMPHIBIOUS_RECON', 'LOC_PROMOTION_AMPHIBIOUS_NAME', 'LOC_PROMOTION_AMPHIBIOUS_DESCRIPTION', '3', 'PROMOTION_CLASS_RECON', '1'),
('PROMOTION_BOUNTY_HUNTER_RECON', 'LOC_PROMOTION_BOUNTY_HUNTER_NAME', 'LOC_PROMOTION_BOUNTY_HUNTER_DESCRIPTION', '4', 'PROMOTION_CLASS_RECON', '3'),
('PROMOTION_COLD_RESISTANCE_RECON', 'LOC_PROMOTION_COLD_RESISTANCE_NAME', 'LOC_PROMOTION_COLD_RESISTANCE_DESCRIPTION', '5', 'PROMOTION_CLASS_RECON', '7'),
('PROMOTION_FIRE_RESISTANCE_RECON', 'LOC_PROMOTION_FIRE_RESISTANCE_NAME', 'LOC_PROMOTION_FIRE_RESISTANCE_DESCRIPTION', '5', 'PROMOTION_CLASS_RECON', '9'),
('PROMOTION_LIGHTNING_RESISTANCE_RECON', 'LOC_PROMOTION_LIGHTNING_RESISTANCE_NAME', 'LOC_PROMOTION_LIGHTNING_RESISTANCE_DESCRIPTION', '5', 'PROMOTION_CLASS_RECON', '11'),
('PROMOTION_POISON_RESISTANCE_RECON', 'LOC_PROMOTION_POISON_RESISTANCE_NAME', 'LOC_PROMOTION_POISON_RESISTANCE_DESCRIPTION', '5', 'PROMOTION_CLASS_RECON', '13'),
('PROMOTION_MAGIC_RESISTANCE_RECON', 'LOC_PROMOTION_MAGIC_RESISTANCE_NAME', 'LOC_PROMOTION_MAGIC_RESISTANCE_DESCRIPTION', '4', 'PROMOTION_CLASS_RECON', '9'),
('PROMOTION_COMMANDO_RECON', 'LOC_PROMOTION_COMMANDO_NAME', 'LOC_PROMOTION_COMMANDO_DESCRIPTION', '5', 'PROMOTION_CLASS_RECON', '3');
INSERT INTO UnitPromotions(UnitPromotionType, Name, Description, Level, PromotionClass, "Column") VALUES
('PROMOTION_AMPHIBIOUS_RANGED', 'LOC_PROMOTION_AMPHIBIOUS_NAME', 'LOC_PROMOTION_AMPHIBIOUS_DESCRIPTION', '3', 'PROMOTION_CLASS_RANGED', '1'),
('PROMOTION_BOUNTY_HUNTER_RANGED', 'LOC_PROMOTION_BOUNTY_HUNTER_NAME', 'LOC_PROMOTION_BOUNTY_HUNTER_DESCRIPTION', '4', 'PROMOTION_CLASS_RANGED', '7'),
('PROMOTION_COMBAT1_RANGED', 'LOC_PROMOTION_COMBAT1_NAME', 'LOC_PROMOTION_COMBAT1_DESCRIPTION', '1', 'PROMOTION_CLASS_RANGED', '5'),
('PROMOTION_COMBAT2_RANGED', 'LOC_PROMOTION_COMBAT2_NAME', 'LOC_PROMOTION_COMBAT2_DESCRIPTION', '2', 'PROMOTION_CLASS_RANGED', '5'),
('PROMOTION_COMBAT3_RANGED', 'LOC_PROMOTION_COMBAT3_NAME', 'LOC_PROMOTION_COMBAT3_DESCRIPTION', '3', 'PROMOTION_CLASS_RANGED', '5'),
('PROMOTION_COMBAT4_RANGED', 'LOC_PROMOTION_COMBAT4_NAME', 'LOC_PROMOTION_COMBAT4_DESCRIPTION', '4', 'PROMOTION_CLASS_RANGED', '5'),
('PROMOTION_COMBAT5_RANGED', 'LOC_PROMOTION_COMBAT5_NAME', 'LOC_PROMOTION_COMBAT5_DESCRIPTION', '5', 'PROMOTION_CLASS_RANGED', '5'),
('PROMOTION_MARKSMAN_RANGED', 'LOC_PROMOTION_MARKSMAN_NAME', 'LOC_PROMOTION_MARKSMAN_DESCRIPTION', '5', 'PROMOTION_CLASS_RANGED', '9'),
('PROMOTION_COMMANDO_RANGED', 'LOC_PROMOTION_COMMANDO_NAME', 'LOC_PROMOTION_COMMANDO_DESCRIPTION', '5', 'PROMOTION_CLASS_RANGED', '3'),
('PROMOTION_COVER_RANGED', 'LOC_PROMOTION_COVER_NAME', 'LOC_PROMOTION_COVER_DESCRIPTION', '2', 'PROMOTION_CLASS_RANGED', '3'),
('PROMOTION_DEFENSIVE_RANGED', 'LOC_PROMOTION_DEFENSIVE_NAME', 'LOC_PROMOTION_DEFENSIVE_DESCRIPTION', '3', 'PROMOTION_CLASS_RANGED', '11'),
('PROMOTION_DRILL1_RANGED', 'LOC_PROMOTION_DRILL1_NAME', 'LOC_PROMOTION_DRILL1_DESCRIPTION', '1', 'PROMOTION_CLASS_RANGED', '13'),
('PROMOTION_DRILL2_RANGED', 'LOC_PROMOTION_DRILL2_NAME', 'LOC_PROMOTION_DRILL2_DESCRIPTION', '2', 'PROMOTION_CLASS_RANGED', '13'),
('PROMOTION_DRILL3_RANGED', 'LOC_PROMOTION_DRILL3_NAME', 'LOC_PROMOTION_DRILL3_DESCRIPTION', '3', 'PROMOTION_CLASS_RANGED', '13'),
('PROMOTION_DRILL4_RANGED', 'LOC_PROMOTION_DRILL4_NAME', 'LOC_PROMOTION_DRILL4_DESCRIPTION', '4', 'PROMOTION_CLASS_RANGED', '13'),
('PROMOTION_KEEN_SIGHT_RANGED', 'LOC_PROMOTION_KEEN_SIGHT_NAME', 'LOC_PROMOTION_KEEN_SIGHT_DESCRIPTION', '4', 'PROMOTION_CLASS_RANGED', '15'),
('PROMOTION_PRECISION_RANGED', 'LOC_PROMOTION_PRECISION_NAME', 'LOC_PROMOTION_PRECISION_DESCRIPTION', '4', 'PROMOTION_CLASS_RANGED', '13'),
('PROMOTION_FORMATION_RANGED', 'LOC_PROMOTION_FORMATION_NAME', 'LOC_PROMOTION_FORMATION_DESCRIPTION', '3', 'PROMOTION_CLASS_RANGED', '3'),
('PROMOTION_FORMATION2_RANGED', 'LOC_PROMOTION_FORMATION2_NAME', 'LOC_PROMOTION_FORMATION2_DESCRIPTION', '4', 'PROMOTION_CLASS_RANGED', '3'),
('PROMOTION_SHOCK_RANGED', 'LOC_PROMOTION_SHOCK_NAME', 'LOC_PROMOTION_SHOCK_DESCRIPTION', '2', 'PROMOTION_CLASS_RANGED', '7'),
('PROMOTION_SHOCK2_RANGED', 'LOC_PROMOTION_SHOCK2_NAME', 'LOC_PROMOTION_SHOCK2_DESCRIPTION', '3', 'PROMOTION_CLASS_RANGED', '7'),
('PROMOTION_GUERILLA1_RANGED', 'LOC_PROMOTION_GUERILLA1_NAME', 'LOC_PROMOTION_GUERILLA1_DESCRIPTION', '1', 'PROMOTION_CLASS_RANGED', '1'),
('PROMOTION_SENTRY_RANGED', 'LOC_PROMOTION_SENTRY_NAME', 'LOC_PROMOTION_SENTRY_DESCRIPTION', '4', 'PROMOTION_CLASS_RANGED', '1'),
('PROMOTION_SENTRY2_RANGED', 'LOC_PROMOTION_SENTRY2_NAME', 'LOC_PROMOTION_SENTRY2_DESCRIPTION', '5', 'PROMOTION_CLASS_RANGED', '1'),
('PROMOTION_PERFECT_SIGHT_RANGED', 'LOC_PROMOTION_PERFECT_SIGHT_NAME', 'LOC_PROMOTION_PERFECT_SIGHT_DESCRIPTION', '6', 'PROMOTION_CLASS_RANGED', '1'),
('PROMOTION_COLD_RESISTANCE_RANGED', 'LOC_PROMOTION_COLD_RESISTANCE_NAME', 'LOC_PROMOTION_COLD_RESISTANCE_DESCRIPTION', '4', 'PROMOTION_CLASS_RANGED', '9'),
('PROMOTION_FIRE_RESISTANCE_RANGED', 'LOC_PROMOTION_FIRE_RESISTANCE_NAME', 'LOC_PROMOTION_FIRE_RESISTANCE_DESCRIPTION', '5', 'PROMOTION_CLASS_RANGED', '7'),
('PROMOTION_LIGHTNING_RESISTANCE_RANGED', 'LOC_PROMOTION_LIGHTNING_RESISTANCE_NAME', 'LOC_PROMOTION_LIGHTNING_RESISTANCE_DESCRIPTION', '5', 'PROMOTION_CLASS_RANGED', '11'),
('PROMOTION_POISON_RESISTANCE_RANGED', 'LOC_PROMOTION_POISON_RESISTANCE_NAME', 'LOC_PROMOTION_POISON_RESISTANCE_DESCRIPTION', '6', 'PROMOTION_CLASS_RANGED', '9'),
('PROMOTION_MAGIC_RESISTANCE_RANGED', 'LOC_PROMOTION_MAGIC_RESISTANCE_NAME', 'LOC_PROMOTION_MAGIC_RESISTANCE_DESCRIPTION', '5', 'PROMOTION_CLASS_RANGED', '9'),
('PROMOTION_CITY_GARRISON2_RANGED', 'LOC_PROMOTION_CITY_GARRISON2_NAME', 'LOC_PROMOTION_CITY_GARRISON2_DESCRIPTION', '2', 'PROMOTION_CLASS_RANGED', '9'),
('PROMOTION_CITY_GARRISON3_RANGED', 'LOC_PROMOTION_CITY_GARRISON3_NAME', 'LOC_PROMOTION_CITY_GARRISON3_DESCRIPTION', '3', 'PROMOTION_CLASS_RANGED', '11');
INSERT INTO UnitPromotions(UnitPromotionType, Name, Description, Level, PromotionClass, "Column") VALUES
('PROMOTION_COMBAT1_BEAST', 'LOC_PROMOTION_COMBAT1_NAME', 'LOC_PROMOTION_COMBAT1_DESCRIPTION', '1', 'PROMOTION_CLASS_BEAST', '5'),
('PROMOTION_COMBAT2_BEAST', 'LOC_PROMOTION_COMBAT2_NAME', 'LOC_PROMOTION_COMBAT2_DESCRIPTION', '2', 'PROMOTION_CLASS_BEAST', '5'),
('PROMOTION_COMBAT3_BEAST', 'LOC_PROMOTION_COMBAT3_NAME', 'LOC_PROMOTION_COMBAT3_DESCRIPTION', '3', 'PROMOTION_CLASS_BEAST', '5'),
('PROMOTION_COMBAT4_BEAST', 'LOC_PROMOTION_COMBAT4_NAME', 'LOC_PROMOTION_COMBAT4_DESCRIPTION', '4', 'PROMOTION_CLASS_BEAST', '5'),
('PROMOTION_COMBAT5_BEAST', 'LOC_PROMOTION_COMBAT5_NAME', 'LOC_PROMOTION_COMBAT5_DESCRIPTION', '5', 'PROMOTION_CLASS_BEAST', '5'),
('PROMOTION_AMPHIBIOUS_BEAST', 'LOC_PROMOTION_AMPHIBIOUS_NAME', 'LOC_PROMOTION_AMPHIBIOUS_DESCRIPTION', '3', 'PROMOTION_CLASS_BEAST', '9'),
('PROMOTION_CITY_RAIDER2_BEAST', 'LOC_PROMOTION_CITY_RAIDER2_NAME', 'LOC_PROMOTION_CITY_RAIDER2_DESCRIPTION', '6', 'PROMOTION_CLASS_BEAST', '9'),
('PROMOTION_CITY_RAIDER3_BEAST', 'LOC_PROMOTION_CITY_RAIDER3_NAME', 'LOC_PROMOTION_CITY_RAIDER3_DESCRIPTION', '6', 'PROMOTION_CLASS_BEAST', '11'),
('PROMOTION_SHOCK_BEAST', 'LOC_PROMOTION_SHOCK_NAME', 'LOC_PROMOTION_SHOCK_DESCRIPTION', '2', 'PROMOTION_CLASS_BEAST', '7'),
('PROMOTION_SHOCK2_BEAST', 'LOC_PROMOTION_SHOCK2_NAME', 'LOC_PROMOTION_SHOCK2_DESCRIPTION', '3', 'PROMOTION_CLASS_BEAST', '7'),
('PROMOTION_WOODSMAN1_BEAST', 'LOC_PROMOTION_WOODSMAN1_NAME', 'LOC_PROMOTION_WOODSMAN1_DESCRIPTION', '1', 'PROMOTION_CLASS_BEAST', '9'),
('PROMOTION_COVER_BEAST', 'LOC_PROMOTION_COVER_NAME', 'LOC_PROMOTION_COVER_DESCRIPTION', '2', 'PROMOTION_CLASS_BEAST', '3'),
('PROMOTION_COVER2_BEAST', 'LOC_PROMOTION_COVER2_NAME', 'LOC_PROMOTION_COVER2_DESCRIPTION', '3', 'PROMOTION_CLASS_BEAST', '3'),
('PROMOTION_FORMATION_BEAST', 'LOC_PROMOTION_FORMATION_NAME', 'LOC_PROMOTION_FORMATION_DESCRIPTION', '3', 'PROMOTION_CLASS_BEAST', '1'),
('PROMOTION_FORMATION2_BEAST', 'LOC_PROMOTION_FORMATION2_NAME', 'LOC_PROMOTION_FORMATION2_DESCRIPTION', '4', 'PROMOTION_CLASS_BEAST', '1'),
('PROMOTION_GUERILLA1_BEAST', 'LOC_PROMOTION_GUERILLA1_NAME', 'LOC_PROMOTION_GUERILLA1_DESCRIPTION', '1', 'PROMOTION_CLASS_BEAST', '1'),
('PROMOTION_MARCH_BEAST', 'LOC_PROMOTION_MARCH_NAME', 'LOC_PROMOTION_MARCH_DESCRIPTION', '4', 'PROMOTION_CLASS_BEAST', '7'),
('PROMOTION_DRILL1_BEAST', 'LOC_PROMOTION_DRILL1_NAME', 'LOC_PROMOTION_DRILL1_DESCRIPTION', '7', 'PROMOTION_CLASS_BEAST', '5'),
('PROMOTION_DRILL2_BEAST', 'LOC_PROMOTION_DRILL2_NAME', 'LOC_PROMOTION_DRILL2_DESCRIPTION', '7', 'PROMOTION_CLASS_BEAST', '7'),
('PROMOTION_DRILL3_BEAST', 'LOC_PROMOTION_DRILL3_NAME', 'LOC_PROMOTION_DRILL3_DESCRIPTION', '7', 'PROMOTION_CLASS_BEAST', '9'),
('PROMOTION_DRILL4_BEAST', 'LOC_PROMOTION_DRILL4_NAME', 'LOC_PROMOTION_DRILL4_DESCRIPTION', '7', 'PROMOTION_CLASS_BEAST', '11'),
('PROMOTION_FEAR_BEAST', 'LOC_PROMOTION_FEAR_NAME', 'LOC_PROMOTION_FEAR_DESCRIPTION', '6', 'PROMOTION_CLASS_BEAST', '5'),
('PROMOTION_COLD_RESISTANCE_BEAST', 'LOC_PROMOTION_COLD_RESISTANCE_NAME', 'LOC_PROMOTION_COLD_RESISTANCE_DESCRIPTION', '5', 'PROMOTION_CLASS_BEAST', '7'),
('PROMOTION_FIRE_RESISTANCE_BEAST', 'LOC_PROMOTION_FIRE_RESISTANCE_NAME', 'LOC_PROMOTION_FIRE_RESISTANCE_DESCRIPTION', '5', 'PROMOTION_CLASS_BEAST', '9'),
('PROMOTION_LIGHTNING_RESISTANCE_BEAST', 'LOC_PROMOTION_LIGHTNING_RESISTANCE_NAME', 'LOC_PROMOTION_LIGHTNING_RESISTANCE_DESCRIPTION', '5', 'PROMOTION_CLASS_BEAST', '11'),
('PROMOTION_POISON_RESISTANCE_BEAST', 'LOC_PROMOTION_POISON_RESISTANCE_NAME', 'LOC_PROMOTION_POISON_RESISTANCE_DESCRIPTION', '5', 'PROMOTION_CLASS_BEAST', '13'),
('PROMOTION_MAGIC_RESISTANCE_BEAST', 'LOC_PROMOTION_MAGIC_RESISTANCE_NAME', 'LOC_PROMOTION_MAGIC_RESISTANCE_DESCRIPTION', '4', 'PROMOTION_CLASS_BEAST', '9'),
('PROMOTION_COMMANDO_BEAST', 'LOC_PROMOTION_COMMANDO_NAME', 'LOC_PROMOTION_COMMANDO_DESCRIPTION', '5', 'PROMOTION_CLASS_BEAST', '3'),
('PROMOTION_SENTRY_BEAST', 'LOC_PROMOTION_SENTRY_NAME', 'LOC_PROMOTION_SENTRY_DESCRIPTION', '4', 'PROMOTION_CLASS_BEAST', '11');

INSERT INTO UnitPromotions(UnitPromotionType, Name, Description, Level, PromotionClass, "Column") VALUES
('PROMOTION_COMBAT1_ANIMAL', 'LOC_PROMOTION_COMBAT1_NAME', 'LOC_PROMOTION_COMBAT1_DESCRIPTION', '1', 'PROMOTION_CLASS_ANIMAL', '5'),
('PROMOTION_COMBAT2_ANIMAL', 'LOC_PROMOTION_COMBAT2_NAME', 'LOC_PROMOTION_COMBAT2_DESCRIPTION', '2', 'PROMOTION_CLASS_ANIMAL', '5'),
('PROMOTION_COMBAT3_ANIMAL', 'LOC_PROMOTION_COMBAT3_NAME', 'LOC_PROMOTION_COMBAT3_DESCRIPTION', '3', 'PROMOTION_CLASS_ANIMAL', '5'),
('PROMOTION_COMBAT4_ANIMAL', 'LOC_PROMOTION_COMBAT4_NAME', 'LOC_PROMOTION_COMBAT4_DESCRIPTION', '4', 'PROMOTION_CLASS_ANIMAL', '5'),
('PROMOTION_COMBAT5_ANIMAL', 'LOC_PROMOTION_COMBAT5_NAME', 'LOC_PROMOTION_COMBAT5_DESCRIPTION', '5', 'PROMOTION_CLASS_ANIMAL', '5'),
('PROMOTION_CITY_RAIDER2_ANIMAL', 'LOC_PROMOTION_CITY_RAIDER2_NAME', 'LOC_PROMOTION_CITY_RAIDER2_DESCRIPTION', '2', 'PROMOTION_CLASS_ANIMAL', '1'),
('PROMOTION_CITY_RAIDER3_ANIMAL', 'LOC_PROMOTION_CITY_RAIDER3_NAME', 'LOC_PROMOTION_CITY_RAIDER3_DESCRIPTION', '3', 'PROMOTION_CLASS_ANIMAL', '1'),
('PROMOTION_GUERILLA1_ANIMAL', 'LOC_PROMOTION_GUERILLA1_NAME', 'LOC_PROMOTION_GUERILLA1_DESCRIPTION', '1', 'PROMOTION_CLASS_ANIMAL', '3'),
('PROMOTION_WOODSMAN1_ANIMAL', 'LOC_PROMOTION_WOODSMAN1_NAME', 'LOC_PROMOTION_WOODSMAN1_DESCRIPTION', '1', 'PROMOTION_CLASS_ANIMAL', '7'),
('PROMOTION_MOBILITY2_ANIMAL', 'LOC_PROMOTION_MOBILITY2_NAME', 'LOC_PROMOTION_MOBILITY2_DESCRIPTION', '2', 'PROMOTION_CLASS_ANIMAL', '9');
INSERT INTO UnitPromotions(UnitPromotionType, Name, Description, Level, PromotionClass, "Column") VALUES
('PROMOTION_COMBAT1_MELEE', 'LOC_PROMOTION_COMBAT1_NAME', 'LOC_PROMOTION_COMBAT1_DESCRIPTION', '1', 'PROMOTION_CLASS_MELEE', '5'),
('PROMOTION_COMBAT2_MELEE', 'LOC_PROMOTION_COMBAT2_NAME', 'LOC_PROMOTION_COMBAT2_DESCRIPTION', '2', 'PROMOTION_CLASS_MELEE', '5'),
('PROMOTION_COMBAT3_MELEE', 'LOC_PROMOTION_COMBAT3_NAME', 'LOC_PROMOTION_COMBAT3_DESCRIPTION', '3', 'PROMOTION_CLASS_MELEE', '5'),
('PROMOTION_COMBAT4_MELEE', 'LOC_PROMOTION_COMBAT4_NAME', 'LOC_PROMOTION_COMBAT4_DESCRIPTION', '4', 'PROMOTION_CLASS_MELEE', '5'),
('PROMOTION_COMBAT5_MELEE', 'LOC_PROMOTION_COMBAT5_NAME', 'LOC_PROMOTION_COMBAT5_DESCRIPTION', '5', 'PROMOTION_CLASS_MELEE', '5'),
('PROMOTION_AMPHIBIOUS_MELEE', 'LOC_PROMOTION_AMPHIBIOUS_NAME', 'LOC_PROMOTION_AMPHIBIOUS_DESCRIPTION', '3', 'PROMOTION_CLASS_MELEE', '9'),
('PROMOTION_BOUNTY_HUNTER_MELEE', 'LOC_PROMOTION_BOUNTY_HUNTER_NAME', 'LOC_PROMOTION_BOUNTY_HUNTER_DESCRIPTION', '4', 'PROMOTION_CLASS_MELEE', '3'),
('PROMOTION_CITY_RAIDER2_MELEE', 'LOC_PROMOTION_CITY_RAIDER2_NAME', 'LOC_PROMOTION_CITY_RAIDER2_DESCRIPTION', '6', 'PROMOTION_CLASS_MELEE', '9'),
('PROMOTION_CITY_RAIDER3_MELEE', 'LOC_PROMOTION_CITY_RAIDER3_NAME', 'LOC_PROMOTION_CITY_RAIDER3_DESCRIPTION', '6', 'PROMOTION_CLASS_MELEE', '11'),
('PROMOTION_SHOCK_MELEE', 'LOC_PROMOTION_SHOCK_NAME', 'LOC_PROMOTION_SHOCK_DESCRIPTION', '2', 'PROMOTION_CLASS_MELEE', '7'),
('PROMOTION_SHOCK2_MELEE', 'LOC_PROMOTION_SHOCK2_NAME', 'LOC_PROMOTION_SHOCK2_DESCRIPTION', '3', 'PROMOTION_CLASS_MELEE', '7'),
('PROMOTION_WOODSMAN1_MELEE', 'LOC_PROMOTION_WOODSMAN1_NAME', 'LOC_PROMOTION_WOODSMAN1_DESCRIPTION', '1', 'PROMOTION_CLASS_MELEE', '3'),
('PROMOTION_COVER_MELEE', 'LOC_PROMOTION_COVER_NAME', 'LOC_PROMOTION_COVER_DESCRIPTION', '2', 'PROMOTION_CLASS_MELEE', '3'),
('PROMOTION_COVER2_MELEE', 'LOC_PROMOTION_COVER2_NAME', 'LOC_PROMOTION_COVER2_DESCRIPTION', '3', 'PROMOTION_CLASS_MELEE', '3'),
('PROMOTION_FORMATION_MELEE', 'LOC_PROMOTION_FORMATION_NAME', 'LOC_PROMOTION_FORMATION_DESCRIPTION', '3', 'PROMOTION_CLASS_MELEE', '1'),
('PROMOTION_FORMATION2_MELEE', 'LOC_PROMOTION_FORMATION2_NAME', 'LOC_PROMOTION_FORMATION2_DESCRIPTION', '4', 'PROMOTION_CLASS_MELEE', '1'),
('PROMOTION_GUERILLA1_MELEE', 'LOC_PROMOTION_GUERILLA1_NAME', 'LOC_PROMOTION_GUERILLA1_DESCRIPTION', '1', 'PROMOTION_CLASS_MELEE', '1'),
('PROMOTION_MARCH_MELEE', 'LOC_PROMOTION_MARCH_NAME', 'LOC_PROMOTION_MARCH_DESCRIPTION', '4', 'PROMOTION_CLASS_MELEE', '7'),
('PROMOTION_DRILL1_MELEE', 'LOC_PROMOTION_DRILL1_NAME', 'LOC_PROMOTION_DRILL1_DESCRIPTION', '7', 'PROMOTION_CLASS_MELEE', '5'),
('PROMOTION_DRILL2_MELEE', 'LOC_PROMOTION_DRILL2_NAME', 'LOC_PROMOTION_DRILL2_DESCRIPTION', '7', 'PROMOTION_CLASS_MELEE', '7'),
('PROMOTION_DRILL3_MELEE', 'LOC_PROMOTION_DRILL3_NAME', 'LOC_PROMOTION_DRILL3_DESCRIPTION', '7', 'PROMOTION_CLASS_MELEE', '9'),
('PROMOTION_DRILL4_MELEE', 'LOC_PROMOTION_DRILL4_NAME', 'LOC_PROMOTION_DRILL4_DESCRIPTION', '7', 'PROMOTION_CLASS_MELEE', '11'),
('PROMOTION_DEFENSIVE_MELEE', 'LOC_PROMOTION_DEFENSIVE_NAME', 'LOC_PROMOTION_DEFENSIVE_DESCRIPTION', '3', 'PROMOTION_CLASS_MELEE', '11'),
('PROMOTION_GUARDSMAN_MELEE', 'LOC_PROMOTION_GUARDSMAN_NAME', 'LOC_PROMOTION_GUARDSMAN_DESCRIPTION', '5', 'PROMOTION_CLASS_MELEE', '1'),
('PROMOTION_COLD_RESISTANCE_MELEE', 'LOC_PROMOTION_COLD_RESISTANCE_NAME', 'LOC_PROMOTION_COLD_RESISTANCE_DESCRIPTION', '5', 'PROMOTION_CLASS_MELEE', '7'),
('PROMOTION_FIRE_RESISTANCE_MELEE', 'LOC_PROMOTION_FIRE_RESISTANCE_NAME', 'LOC_PROMOTION_FIRE_RESISTANCE_DESCRIPTION', '5', 'PROMOTION_CLASS_MELEE', '9'),
('PROMOTION_LIGHTNING_RESISTANCE_MELEE', 'LOC_PROMOTION_LIGHTNING_RESISTANCE_NAME', 'LOC_PROMOTION_LIGHTNING_RESISTANCE_DESCRIPTION', '5', 'PROMOTION_CLASS_MELEE', '11'),
('PROMOTION_POISON_RESISTANCE_MELEE', 'LOC_PROMOTION_POISON_RESISTANCE_NAME', 'LOC_PROMOTION_POISON_RESISTANCE_DESCRIPTION', '5', 'PROMOTION_CLASS_MELEE', '13'),
('PROMOTION_MAGIC_RESISTANCE_MELEE', 'LOC_PROMOTION_MAGIC_RESISTANCE_NAME', 'LOC_PROMOTION_MAGIC_RESISTANCE_DESCRIPTION', '4', 'PROMOTION_CLASS_MELEE', '9'),
('PROMOTION_COMMANDO_MELEE', 'LOC_PROMOTION_COMMANDO_NAME', 'LOC_PROMOTION_COMMANDO_DESCRIPTION', '5', 'PROMOTION_CLASS_MELEE', '3'),
('PROMOTION_SENTRY_MELEE', 'LOC_PROMOTION_SENTRY_NAME', 'LOC_PROMOTION_SENTRY_DESCRIPTION', '4', 'PROMOTION_CLASS_MELEE', '11');
INSERT INTO UnitPromotions(UnitPromotionType, Name, Description, Level, PromotionClass, "Column") VALUES
('PROMOTION_AMPHIBIOUS_LIGHT_CAVALRY', 'LOC_PROMOTION_AMPHIBIOUS_NAME', 'LOC_PROMOTION_AMPHIBIOUS_DESCRIPTION', '3', 'PROMOTION_CLASS_LIGHT_CAVALRY', '9'),
('PROMOTION_BOUNTY_HUNTER_LIGHT_CAVALRY', 'LOC_PROMOTION_BOUNTY_HUNTER_NAME', 'LOC_PROMOTION_BOUNTY_HUNTER_DESCRIPTION', '4', 'PROMOTION_CLASS_LIGHT_CAVALRY', '11'),
('PROMOTION_COMBAT1_LIGHT_CAVALRY', 'LOC_PROMOTION_COMBAT1_NAME', 'LOC_PROMOTION_COMBAT1_DESCRIPTION', '1', 'PROMOTION_CLASS_LIGHT_CAVALRY', '5'),
('PROMOTION_COMBAT2_LIGHT_CAVALRY', 'LOC_PROMOTION_COMBAT2_NAME', 'LOC_PROMOTION_COMBAT2_DESCRIPTION', '2', 'PROMOTION_CLASS_LIGHT_CAVALRY', '5'),
('PROMOTION_COMBAT3_LIGHT_CAVALRY', 'LOC_PROMOTION_COMBAT3_NAME', 'LOC_PROMOTION_COMBAT3_DESCRIPTION', '3', 'PROMOTION_CLASS_LIGHT_CAVALRY', '5'),
('PROMOTION_COMBAT4_LIGHT_CAVALRY', 'LOC_PROMOTION_COMBAT4_NAME', 'LOC_PROMOTION_COMBAT4_DESCRIPTION', '4', 'PROMOTION_CLASS_LIGHT_CAVALRY', '5'),
('PROMOTION_COMBAT5_LIGHT_CAVALRY', 'LOC_PROMOTION_COMBAT5_NAME', 'LOC_PROMOTION_COMBAT5_DESCRIPTION', '5', 'PROMOTION_CLASS_LIGHT_CAVALRY', '5'),
('PROMOTION_COMMANDO_LIGHT_CAVALRY', 'LOC_PROMOTION_COMMANDO_NAME', 'LOC_PROMOTION_COMMANDO_DESCRIPTION', '5', 'PROMOTION_CLASS_LIGHT_CAVALRY', '3'),
('PROMOTION_COVER_LIGHT_CAVALRY', 'LOC_PROMOTION_COVER_NAME', 'LOC_PROMOTION_COVER_DESCRIPTION', '2', 'PROMOTION_CLASS_LIGHT_CAVALRY', '3'),
('PROMOTION_COVER2_LIGHT_CAVALRY', 'LOC_PROMOTION_COVER2_NAME', 'LOC_PROMOTION_COVER2_DESCRIPTION', '3', 'PROMOTION_CLASS_LIGHT_CAVALRY', '3'),
('PROMOTION_DRILL1_LIGHT_CAVALRY', 'LOC_PROMOTION_DRILL1_NAME', 'LOC_PROMOTION_DRILL1_DESCRIPTION', '1', 'PROMOTION_CLASS_LIGHT_CAVALRY', '1'),
('PROMOTION_DRILL2_LIGHT_CAVALRY', 'LOC_PROMOTION_DRILL2_NAME', 'LOC_PROMOTION_DRILL2_DESCRIPTION', '2', 'PROMOTION_CLASS_LIGHT_CAVALRY', '1'),
('PROMOTION_DRILL3_LIGHT_CAVALRY', 'LOC_PROMOTION_DRILL3_NAME', 'LOC_PROMOTION_DRILL3_DESCRIPTION', '3', 'PROMOTION_CLASS_LIGHT_CAVALRY', '1'),
('PROMOTION_DRILL4_LIGHT_CAVALRY', 'LOC_PROMOTION_DRILL4_NAME', 'LOC_PROMOTION_DRILL4_DESCRIPTION', '4', 'PROMOTION_CLASS_LIGHT_CAVALRY', '1'),
('PROMOTION_FLANKING1_LIGHT_CAVALRY', 'LOC_PROMOTION_FLANKING1_NAME', 'LOC_PROMOTION_FLANKING1_DESCRIPTION', '1', 'PROMOTION_CLASS_LIGHT_CAVALRY', '3'),
('PROMOTION_FLANKING2_LIGHT_CAVALRY', 'LOC_PROMOTION_FLANKING2_NAME', 'LOC_PROMOTION_FLANKING2_DESCRIPTION', '2', 'PROMOTION_CLASS_LIGHT_CAVALRY', '3'),
('PROMOTION_FLANKING3_LIGHT_CAVALRY', 'LOC_PROMOTION_FLANKING3_NAME', 'LOC_PROMOTION_FLANKING3_DESCRIPTION', '3', 'PROMOTION_CLASS_LIGHT_CAVALRY', '3'),
('PROMOTION_FORMATION_LIGHT_CAVALRY', 'LOC_PROMOTION_FORMATION_NAME', 'LOC_PROMOTION_FORMATION_DESCRIPTION', '3', 'PROMOTION_CLASS_LIGHT_CAVALRY', '7'),
('PROMOTION_MAGIC_RESISTANCE_LIGHT_CAVALRY', 'LOC_PROMOTION_MAGIC_RESISTANCE_NAME', 'LOC_PROMOTION_MAGIC_RESISTANCE_DESCRIPTION', '4', 'PROMOTION_CLASS_LIGHT_CAVALRY', '9'),
('PROMOTION_COLD_RESISTANCE_LIGHT_CAVALRY', 'LOC_PROMOTION_COLD_RESISTANCE_NAME', 'LOC_PROMOTION_COLD_RESISTANCE_DESCRIPTION', '5', 'PROMOTION_CLASS_LIGHT_CAVALRY', '7'),
('PROMOTION_FIRE_RESISTANCE_LIGHT_CAVALRY', 'LOC_PROMOTION_FIRE_RESISTANCE_NAME', 'LOC_PROMOTION_FIRE_RESISTANCE_DESCRIPTION', '5', 'PROMOTION_CLASS_LIGHT_CAVALRY', '9'),
('PROMOTION_LIGHTNING_RESISTANCE_LIGHT_CAVALRY', 'LOC_PROMOTION_LIGHTNING_RESISTANCE_NAME', 'LOC_PROMOTION_LIGHTNING_RESISTANCE_DESCRIPTION', '5', 'PROMOTION_CLASS_LIGHT_CAVALRY', '11'),
('PROMOTION_POISON_RESISTANCE_LIGHT_CAVALRY', 'LOC_PROMOTION_POISON_RESISTANCE_NAME', 'LOC_PROMOTION_POISON_RESISTANCE_DESCRIPTION', '5', 'PROMOTION_CLASS_LIGHT_CAVALRY', '13'),
('PROMOTION_MOBILITY2_LIGHT_CAVALRY', 'LOC_PROMOTION_MOBILITY2_NAME', 'LOC_PROMOTION_MOBILITY2_DESCRIPTION', '2', 'PROMOTION_CLASS_LIGHT_CAVALRY', '9'),
('PROMOTION_SENTRY_LIGHT_CAVALRY', 'LOC_PROMOTION_SENTRY_NAME', 'LOC_PROMOTION_SENTRY_DESCRIPTION', '4', 'PROMOTION_CLASS_LIGHT_CAVALRY', '3'),
('PROMOTION_SHOCK_LIGHT_CAVALRY', 'LOC_PROMOTION_SHOCK_NAME', 'LOC_PROMOTION_SHOCK_DESCRIPTION', '2', 'PROMOTION_CLASS_LIGHT_CAVALRY', '7');

INSERT INTO UnitPromotionPrereqs(UnitPromotion, PrereqUnitPromotion) VALUES
('PROMOTION_ACCURACY_SIEGE', 'PROMOTION_BARRAGE1_SIEGE'),
('PROMOTION_AMPHIBIOUS_RANGED', 'PROMOTION_COMBAT2_RANGED'),
('PROMOTION_AMPHIBIOUS_BEAST', 'PROMOTION_COMBAT2_BEAST'),
('PROMOTION_AMPHIBIOUS_DISCIPLE', 'PROMOTION_COMBAT2_DISCIPLE'),
('PROMOTION_AMPHIBIOUS_MELEE', 'PROMOTION_COMBAT2_MELEE'),
('PROMOTION_AMPHIBIOUS_LIGHT_CAVALRY', 'PROMOTION_COMBAT2_LIGHT_CAVALRY'),
('PROMOTION_AMPHIBIOUS_RECON', 'PROMOTION_COMBAT2_RECON'),
('PROMOTION_BARRAGE2_NAVAL_MELEE', 'PROMOTION_BARRAGE1_NAVAL_MELEE'),
('PROMOTION_BARRAGE2_SIEGE', 'PROMOTION_BARRAGE1_SIEGE'),
('PROMOTION_BARRAGE3_NAVAL_MELEE', 'PROMOTION_BARRAGE2_NAVAL_MELEE'),
('PROMOTION_BARRAGE3_SIEGE', 'PROMOTION_BARRAGE2_SIEGE'),
('PROMOTION_BOUNTY_HUNTER_RANGED', 'PROMOTION_COMBAT3_RANGED'),
('PROMOTION_BOUNTY_HUNTER_MELEE', 'PROMOTION_COMBAT3_MELEE'),
('PROMOTION_BOUNTY_HUNTER_LIGHT_CAVALRY', 'PROMOTION_COMBAT3_LIGHT_CAVALRY'),
('PROMOTION_BOUNTY_HUNTER_NAVAL_MELEE', 'PROMOTION_COMBAT3_NAVAL_MELEE'),
('PROMOTION_BOUNTY_HUNTER_RECON', 'PROMOTION_COMBAT3_RECON'),
('PROMOTION_CITY_GARRISON2_RANGED', 'PROMOTION_CITY_GARRISON1_RANGED'),
('PROMOTION_CITY_GARRISON3_RANGED', 'PROMOTION_CITY_GARRISON2_RANGED'),
('PROMOTION_CITY_RAIDER2_ANIMAL', 'PROMOTION_CITY_RAIDER1_ANIMAL'),
('PROMOTION_CITY_RAIDER2_BEAST', 'PROMOTION_CITY_RAIDER1_BEAST'),
('PROMOTION_CITY_RAIDER2_MELEE', 'PROMOTION_CITY_RAIDER1_MELEE'),
('PROMOTION_CITY_RAIDER3_ANIMAL', 'PROMOTION_CITY_RAIDER2_ANIMAL'),
('PROMOTION_CITY_RAIDER3_BEAST', 'PROMOTION_CITY_RAIDER2_BEAST'),               -- does this also need combat promos?
('PROMOTION_CITY_RAIDER3_MELEE', 'PROMOTION_CITY_RAIDER2_MELEE'),
('PROMOTION_COLD_RESISTANCE_ADEPT', 'PROMOTION_MAGIC_RESISTANCE_ADEPT'),
('PROMOTION_COLD_RESISTANCE_RANGED', 'PROMOTION_MAGIC_RESISTANCE_RANGED'),
('PROMOTION_COLD_RESISTANCE_BEAST', 'PROMOTION_MAGIC_RESISTANCE_BEAST'),
('PROMOTION_COLD_RESISTANCE_DISCIPLE', 'PROMOTION_MAGIC_RESISTANCE_DISCIPLE'),
('PROMOTION_COLD_RESISTANCE_MELEE', 'PROMOTION_MAGIC_RESISTANCE_MELEE'),
('PROMOTION_COLD_RESISTANCE_LIGHT_CAVALRY', 'PROMOTION_MAGIC_RESISTANCE_LIGHT_CAVALRY'),
('PROMOTION_COLD_RESISTANCE_NAVAL_MELEE', 'PROMOTION_MAGIC_RESISTANCE_NAVAL_MELEE'),
('PROMOTION_COLD_RESISTANCE_RECON', 'PROMOTION_MAGIC_RESISTANCE_RECON'),
('PROMOTION_COMBAT2_ADEPT', 'PROMOTION_COMBAT1_ADEPT'),
('PROMOTION_COMBAT2_ANIMAL', 'PROMOTION_COMBAT1_ANIMAL'),
('PROMOTION_COMBAT2_RANGED', 'PROMOTION_COMBAT1_RANGED'),
('PROMOTION_COMBAT2_BEAST', 'PROMOTION_COMBAT1_BEAST'),
('PROMOTION_COMBAT2_DISCIPLE', 'PROMOTION_COMBAT1_DISCIPLE'),
('PROMOTION_COMBAT2_MELEE', 'PROMOTION_COMBAT1_MELEE'),
('PROMOTION_COMBAT2_LIGHT_CAVALRY', 'PROMOTION_COMBAT1_LIGHT_CAVALRY'),
('PROMOTION_COMBAT2_NAVAL_MELEE', 'PROMOTION_COMBAT1_NAVAL_MELEE'),
('PROMOTION_COMBAT2_RECON', 'PROMOTION_COMBAT1_RECON'),
('PROMOTION_COMBAT2_SIEGE', 'PROMOTION_COMBAT1_SIEGE'),
('PROMOTION_COMBAT3_ADEPT', 'PROMOTION_COMBAT2_ADEPT'),
('PROMOTION_COMBAT3_ANIMAL', 'PROMOTION_COMBAT2_ANIMAL'),
('PROMOTION_COMBAT3_RANGED', 'PROMOTION_COMBAT2_RANGED'),
('PROMOTION_COMBAT3_BEAST', 'PROMOTION_COMBAT2_BEAST'),
('PROMOTION_COMBAT3_DISCIPLE', 'PROMOTION_COMBAT2_DISCIPLE'),
('PROMOTION_COMBAT3_MELEE', 'PROMOTION_COMBAT2_MELEE'),
('PROMOTION_COMBAT3_LIGHT_CAVALRY', 'PROMOTION_COMBAT2_LIGHT_CAVALRY'),
('PROMOTION_COMBAT3_NAVAL_MELEE', 'PROMOTION_COMBAT2_NAVAL_MELEE'),
('PROMOTION_COMBAT3_RECON', 'PROMOTION_COMBAT2_RECON'),
('PROMOTION_COMBAT3_SIEGE', 'PROMOTION_COMBAT2_SIEGE'),
('PROMOTION_COMBAT4_ADEPT', 'PROMOTION_COMBAT3_ADEPT'),
('PROMOTION_COMBAT4_ANIMAL', 'PROMOTION_COMBAT3_ANIMAL'),
('PROMOTION_COMBAT4_RANGED', 'PROMOTION_COMBAT3_RANGED'),
('PROMOTION_COMBAT4_BEAST', 'PROMOTION_COMBAT3_BEAST'),
('PROMOTION_COMBAT4_DISCIPLE', 'PROMOTION_COMBAT3_DISCIPLE'),
('PROMOTION_COMBAT4_MELEE', 'PROMOTION_COMBAT3_MELEE'),
('PROMOTION_COMBAT4_LIGHT_CAVALRY', 'PROMOTION_COMBAT3_LIGHT_CAVALRY'),
('PROMOTION_COMBAT4_NAVAL_MELEE', 'PROMOTION_COMBAT3_NAVAL_MELEE'),
('PROMOTION_COMBAT4_RECON', 'PROMOTION_COMBAT3_RECON'),
('PROMOTION_COMBAT4_SIEGE', 'PROMOTION_COMBAT3_SIEGE'),
('PROMOTION_COMBAT5_ADEPT', 'PROMOTION_COMBAT4_ADEPT'),
('PROMOTION_COMBAT5_ANIMAL', 'PROMOTION_COMBAT4_ANIMAL'),
('PROMOTION_COMBAT5_RANGED', 'PROMOTION_COMBAT4_RANGED'),
('PROMOTION_COMBAT5_BEAST', 'PROMOTION_COMBAT4_BEAST'),
('PROMOTION_COMBAT5_DISCIPLE', 'PROMOTION_COMBAT4_DISCIPLE'),
('PROMOTION_COMBAT5_MELEE', 'PROMOTION_COMBAT4_MELEE'),
('PROMOTION_COMBAT5_LIGHT_CAVALRY', 'PROMOTION_COMBAT4_LIGHT_CAVALRY'),
('PROMOTION_COMBAT5_NAVAL_MELEE', 'PROMOTION_COMBAT4_NAVAL_MELEE'),
('PROMOTION_COMBAT5_RECON', 'PROMOTION_COMBAT4_RECON'),
('PROMOTION_COMBAT5_SIEGE', 'PROMOTION_COMBAT4_SIEGE'),
('PROMOTION_COMMAND2_DISCIPLE', 'PROMOTION_COMMAND1_DISCIPLE'),
('PROMOTION_COMMAND3_DISCIPLE', 'PROMOTION_COMMAND2_DISCIPLE'),
('PROMOTION_COMMANDO_RANGED', 'PROMOTION_COMBAT4_RANGED'),
('PROMOTION_COMMANDO_BEAST', 'PROMOTION_COMBAT4_BEAST'),
('PROMOTION_COMMANDO_DISCIPLE', 'PROMOTION_COMBAT4_DISCIPLE'),
('PROMOTION_COMMANDO_MELEE', 'PROMOTION_COMBAT4_MELEE'),
('PROMOTION_COMMANDO_LIGHT_CAVALRY', 'PROMOTION_COMBAT4_LIGHT_CAVALRY'),
('PROMOTION_COMMANDO_RECON', 'PROMOTION_COMBAT4_RECON'),
('PROMOTION_COVER_RANGED', 'PROMOTION_COMBAT1_RANGED'),
('PROMOTION_COVER_BEAST', 'PROMOTION_COMBAT1_BEAST'),
('PROMOTION_COVER_DISCIPLE', 'PROMOTION_COMBAT1_DISCIPLE'),
('PROMOTION_COVER_MELEE', 'PROMOTION_COMBAT1_MELEE'),
('PROMOTION_COVER_LIGHT_CAVALRY', 'PROMOTION_COMBAT1_LIGHT_CAVALRY'),
('PROMOTION_COVER_RECON', 'PROMOTION_COMBAT1_RECON'),                       -- also combat 3
('PROMOTION_COVER2_BEAST', 'PROMOTION_COVER_BEAST'),
('PROMOTION_COVER2_MELEE', 'PROMOTION_COVER_MELEE'),
('PROMOTION_COVER2_LIGHT_CAVALRY', 'PROMOTION_COVER_LIGHT_CAVALRY'),
('PROMOTION_DEFENSIVE_RANGED', 'PROMOTION_COMBAT2_RANGED'),
('PROMOTION_DEFENSIVE_MELEE', 'PROMOTION_COMBAT2_MELEE'),
('PROMOTION_DRILL2_RANGED', 'PROMOTION_DRILL1_RANGED'),
('PROMOTION_DRILL2_BEAST', 'PROMOTION_DRILL1_BEAST'),
('PROMOTION_DRILL2_DISCIPLE', 'PROMOTION_DRILL1_DISCIPLE'),
('PROMOTION_DRILL2_MELEE', 'PROMOTION_DRILL1_MELEE'),
('PROMOTION_DRILL2_LIGHT_CAVALRY', 'PROMOTION_DRILL1_LIGHT_CAVALRY'),
('PROMOTION_DRILL2_NAVAL_MELEE', 'PROMOTION_DRILL1_NAVAL_MELEE'),
('PROMOTION_DRILL2_RECON', 'PROMOTION_DRILL1_RECON'),
('PROMOTION_DRILL2_SIEGE', 'PROMOTION_DRILL1_SIEGE'),
('PROMOTION_DRILL3_RANGED', 'PROMOTION_DRILL2_RANGED'),
('PROMOTION_DRILL3_BEAST', 'PROMOTION_DRILL2_BEAST'),
('PROMOTION_DRILL3_DISCIPLE', 'PROMOTION_DRILL2_DISCIPLE'),
('PROMOTION_DRILL3_MELEE', 'PROMOTION_DRILL2_MELEE'),
('PROMOTION_DRILL3_LIGHT_CAVALRY', 'PROMOTION_DRILL2_LIGHT_CAVALRY'),
('PROMOTION_DRILL3_RECON', 'PROMOTION_DRILL2_RECON'),
('PROMOTION_DRILL4_RANGED', 'PROMOTION_DRILL3_RANGED'),
('PROMOTION_DRILL4_BEAST', 'PROMOTION_DRILL3_BEAST'),
('PROMOTION_DRILL4_DISCIPLE', 'PROMOTION_DRILL3_DISCIPLE'),
('PROMOTION_DRILL4_MELEE', 'PROMOTION_DRILL3_MELEE'),
('PROMOTION_DRILL4_LIGHT_CAVALRY', 'PROMOTION_DRILL3_LIGHT_CAVALRY'),
('PROMOTION_DRILL4_RECON', 'PROMOTION_DRILL3_RECON'),
('PROMOTION_FIRE_RESISTANCE_ADEPT', 'PROMOTION_MAGIC_RESISTANCE_ADEPT'),
('PROMOTION_FIRE_RESISTANCE_RANGED', 'PROMOTION_MAGIC_RESISTANCE_RANGED'),
('PROMOTION_FIRE_RESISTANCE_BEAST', 'PROMOTION_MAGIC_RESISTANCE_BEAST'),
('PROMOTION_FIRE_RESISTANCE_DISCIPLE', 'PROMOTION_MAGIC_RESISTANCE_DISCIPLE'),
('PROMOTION_FIRE_RESISTANCE_MELEE', 'PROMOTION_MAGIC_RESISTANCE_MELEE'),
('PROMOTION_FIRE_RESISTANCE_LIGHT_CAVALRY', 'PROMOTION_MAGIC_RESISTANCE_LIGHT_CAVALRY'),
('PROMOTION_FIRE_RESISTANCE_NAVAL_MELEE', 'PROMOTION_MAGIC_RESISTANCE_NAVAL_MELEE'),
('PROMOTION_FIRE_RESISTANCE_RECON', 'PROMOTION_MAGIC_RESISTANCE_RECON'),
('PROMOTION_FLANKING2_LIGHT_CAVALRY', 'PROMOTION_FLANKING1_LIGHT_CAVALRY'),
('PROMOTION_FLANKING2_NAVAL_MELEE', 'PROMOTION_FLANKING1_NAVAL_MELEE'),
('PROMOTION_FLANKING3_LIGHT_CAVALRY', 'PROMOTION_FLANKING2_LIGHT_CAVALRY'),
('PROMOTION_FLANKING3_NAVAL_MELEE', 'PROMOTION_FLANKING2_NAVAL_MELEE'),
('PROMOTION_FORMATION_RANGED', 'PROMOTION_COMBAT2_RANGED'),
('PROMOTION_FORMATION_BEAST', 'PROMOTION_COMBAT2_BEAST'),
('PROMOTION_FORMATION_DISCIPLE', 'PROMOTION_COMBAT2_DISCIPLE'),
('PROMOTION_FORMATION_MELEE', 'PROMOTION_COMBAT2_MELEE'),
('PROMOTION_FORMATION_LIGHT_CAVALRY', 'PROMOTION_COMBAT2_LIGHT_CAVALRY'),
('PROMOTION_FORMATION_RECON', 'PROMOTION_COMBAT2_RECON'),
('PROMOTION_FORMATION2_RANGED', 'PROMOTION_FORMATION_RANGED'),              -- also combat 3
('PROMOTION_FORMATION2_BEAST', 'PROMOTION_FORMATION_BEAST'),
('PROMOTION_FORMATION2_MELEE', 'PROMOTION_FORMATION_MELEE'),
('PROMOTION_GUARDSMAN_MELEE', 'PROMOTION_COMBAT4_MELEE'),
('PROMOTION_HEROIC_DEFENSE2_ADEPT', 'PROMOTION_HEROIC_DEFENSE_ADEPT'),
('PROMOTION_HEROIC_DEFENSE2_ANIMAL', 'PROMOTION_HEROIC_DEFENSE_ANIMAL'),
('PROMOTION_HEROIC_DEFENSE2_RANGED', 'PROMOTION_HEROIC_DEFENSE_RANGED'),
('PROMOTION_HEROIC_DEFENSE2_BEAST', 'PROMOTION_HEROIC_DEFENSE_BEAST'),
('PROMOTION_HEROIC_DEFENSE2_DISCIPLE', 'PROMOTION_HEROIC_DEFENSE_DISCIPLE'),
('PROMOTION_HEROIC_DEFENSE2_MELEE', 'PROMOTION_HEROIC_DEFENSE_MELEE'),
('PROMOTION_HEROIC_DEFENSE2_LIGHT_CAVALRY', 'PROMOTION_HEROIC_DEFENSE_LIGHT_CAVALRY'),
('PROMOTION_HEROIC_DEFENSE2_NAVAL_MELEE', 'PROMOTION_HEROIC_DEFENSE_NAVAL_MELEE'),
('PROMOTION_HEROIC_DEFENSE2_RECON', 'PROMOTION_HEROIC_DEFENSE_RECON'),
('PROMOTION_HEROIC_DEFENSE2_SIEGE', 'PROMOTION_HEROIC_DEFENSE_SIEGE'),
('PROMOTION_HEROIC_STRENGTH2_ADEPT', 'PROMOTION_HEROIC_STRENGTH_ADEPT'),
('PROMOTION_HEROIC_STRENGTH2_ANIMAL', 'PROMOTION_HEROIC_STRENGTH_ANIMAL'),
('PROMOTION_HEROIC_STRENGTH2_RANGED', 'PROMOTION_HEROIC_STRENGTH_RANGED'),
('PROMOTION_HEROIC_STRENGTH2_BEAST', 'PROMOTION_HEROIC_STRENGTH_BEAST'),
('PROMOTION_HEROIC_STRENGTH2_DISCIPLE', 'PROMOTION_HEROIC_STRENGTH_DISCIPLE'),
('PROMOTION_HEROIC_STRENGTH2_MELEE', 'PROMOTION_HEROIC_STRENGTH_MELEE'),
('PROMOTION_HEROIC_STRENGTH2_LIGHT_CAVALRY', 'PROMOTION_HEROIC_STRENGTH_LIGHT_CAVALRY'),
('PROMOTION_HEROIC_STRENGTH2_NAVAL_MELEE', 'PROMOTION_HEROIC_STRENGTH_NAVAL_MELEE'),
('PROMOTION_HEROIC_STRENGTH2_RECON', 'PROMOTION_HEROIC_STRENGTH_RECON'),
('PROMOTION_HEROIC_STRENGTH2_SIEGE', 'PROMOTION_HEROIC_STRENGTH_SIEGE'),
('PROMOTION_KEEN_SIGHT_RANGED', 'PROMOTION_DRILL4_RANGED'),
('PROMOTION_LIGHTNING_RESISTANCE_ADEPT', 'PROMOTION_MAGIC_RESISTANCE_ADEPT'),
('PROMOTION_LIGHTNING_RESISTANCE_RANGED', 'PROMOTION_MAGIC_RESISTANCE_RANGED'),
('PROMOTION_LIGHTNING_RESISTANCE_BEAST', 'PROMOTION_MAGIC_RESISTANCE_BEAST'),
('PROMOTION_LIGHTNING_RESISTANCE_DISCIPLE', 'PROMOTION_MAGIC_RESISTANCE_DISCIPLE'),
('PROMOTION_LIGHTNING_RESISTANCE_MELEE', 'PROMOTION_MAGIC_RESISTANCE_MELEE'),
('PROMOTION_LIGHTNING_RESISTANCE_LIGHT_CAVALRY', 'PROMOTION_MAGIC_RESISTANCE_LIGHT_CAVALRY'),
('PROMOTION_LIGHTNING_RESISTANCE_NAVAL_MELEE', 'PROMOTION_MAGIC_RESISTANCE_NAVAL_MELEE'),
('PROMOTION_LIGHTNING_RESISTANCE_RECON', 'PROMOTION_MAGIC_RESISTANCE_RECON'),
('PROMOTION_MAGIC_RESISTANCE_ADEPT', 'PROMOTION_COMBAT3_ADEPT'),
('PROMOTION_MAGIC_RESISTANCE_RANGED', 'PROMOTION_COMBAT3_RANGED'),
('PROMOTION_MAGIC_RESISTANCE_BEAST', 'PROMOTION_COMBAT3_BEAST'),
('PROMOTION_MAGIC_RESISTANCE_DISCIPLE', 'PROMOTION_COMBAT3_DISCIPLE'),
('PROMOTION_MAGIC_RESISTANCE_MELEE', 'PROMOTION_COMBAT3_MELEE'),
('PROMOTION_MAGIC_RESISTANCE_LIGHT_CAVALRY', 'PROMOTION_COMBAT3_LIGHT_CAVALRY'),
('PROMOTION_MAGIC_RESISTANCE_NAVAL_MELEE', 'PROMOTION_COMBAT3_NAVAL_MELEE'),
('PROMOTION_MAGIC_RESISTANCE_RECON', 'PROMOTION_COMBAT3_RECON'),
('PROMOTION_MARCH_BEAST', 'PROMOTION_COMBAT3_BEAST'),
('PROMOTION_MARCH_DISCIPLE', 'PROMOTION_COMBAT3_DISCIPLE'),
('PROMOTION_MARCH_MELEE', 'PROMOTION_COMBAT3_MELEE'),
('PROMOTION_MARKSMAN_RANGED', 'PROMOTION_COMBAT4_RANGED'),
('PROMOTION_MARKSMAN_RECON', 'PROMOTION_COMBAT4_RECON'),
('PROMOTION_MOBILITY2_ANIMAL', 'PROMOTION_MOBILITY1_ANIMAL'),
('PROMOTION_MOBILITY2_LIGHT_CAVALRY', 'PROMOTION_MOBILITY1_LIGHT_CAVALRY'),
('PROMOTION_MOBILITY2_RECON', 'PROMOTION_MOBILITY1_RECON'),
('PROMOTION_NAVIGATION1_NAVAL_MELEE', 'PROMOTION_FLANKING1_NAVAL_MELEE'),
('PROMOTION_NAVIGATION2_NAVAL_MELEE', 'PROMOTION_NAVIGATION1_NAVAL_MELEE'),
('PROMOTION_PERFECT_SIGHT_RANGED', 'PROMOTION_SENTRY2_RANGED'),
('PROMOTION_PERFECT_SIGHT_RECON', 'PROMOTION_SENTRY2_RECON'),
('PROMOTION_POISON_RESISTANCE_ADEPT', 'PROMOTION_MAGIC_RESISTANCE_ADEPT'),
('PROMOTION_POISON_RESISTANCE_RANGED', 'PROMOTION_MAGIC_RESISTANCE_RANGED'),
('PROMOTION_POISON_RESISTANCE_BEAST', 'PROMOTION_MAGIC_RESISTANCE_BEAST'),
('PROMOTION_POISON_RESISTANCE_DISCIPLE', 'PROMOTION_MAGIC_RESISTANCE_DISCIPLE'),
('PROMOTION_POISON_RESISTANCE_MELEE', 'PROMOTION_MAGIC_RESISTANCE_MELEE'),
('PROMOTION_POISON_RESISTANCE_LIGHT_CAVALRY', 'PROMOTION_MAGIC_RESISTANCE_LIGHT_CAVALRY'),
('PROMOTION_POISON_RESISTANCE_NAVAL_MELEE', 'PROMOTION_MAGIC_RESISTANCE_NAVAL_MELEE'),
('PROMOTION_POISON_RESISTANCE_RECON', 'PROMOTION_MAGIC_RESISTANCE_RECON'),
('PROMOTION_PRECISION_RANGED', 'PROMOTION_DRILL4_RANGED'),
('PROMOTION_SENTRY_RANGED', 'PROMOTION_COMBAT3_RANGED'),
('PROMOTION_SENTRY_BEAST', 'PROMOTION_COMBAT3_BEAST'),
('PROMOTION_SENTRY_DISCIPLE', 'PROMOTION_COMBAT3_DISCIPLE'),
('PROMOTION_SENTRY_MELEE', 'PROMOTION_COMBAT3_MELEE'),
('PROMOTION_SENTRY_LIGHT_CAVALRY', 'PROMOTION_COMBAT3_LIGHT_CAVALRY'),
('PROMOTION_SENTRY_NAVAL_MELEE', 'PROMOTION_COMBAT3_NAVAL_MELEE'),
('PROMOTION_SENTRY_RECON', 'PROMOTION_COMBAT3_RECON'),
('PROMOTION_SENTRY_SIEGE', 'PROMOTION_COMBAT3_SIEGE'),
('PROMOTION_SENTRY2_RANGED', 'PROMOTION_SENTRY_RANGED'),
('PROMOTION_SENTRY2_RECON', 'PROMOTION_SENTRY_RECON'),
('PROMOTION_SHOCK_RANGED', 'PROMOTION_COMBAT1_RANGED'),
('PROMOTION_SHOCK_BEAST', 'PROMOTION_COMBAT1_BEAST'),
('PROMOTION_SHOCK_DISCIPLE', 'PROMOTION_COMBAT1_DISCIPLE'),
('PROMOTION_SHOCK_MELEE', 'PROMOTION_COMBAT1_MELEE'),
('PROMOTION_SHOCK_LIGHT_CAVALRY', 'PROMOTION_COMBAT1_LIGHT_CAVALRY'),
('PROMOTION_SHOCK_RECON', 'PROMOTION_COMBAT1_RECON'),
('PROMOTION_SHOCK2_RANGED', 'PROMOTION_SHOCK_RANGED'),              -- also combat 3
('PROMOTION_SHOCK2_BEAST', 'PROMOTION_SHOCK_BEAST'),
('PROMOTION_SHOCK2_MELEE', 'PROMOTION_SHOCK_MELEE');
INSERT INTO UnitPromotionModifiers(UnitPromotionType, ModifierId) VALUES
('PROMOTION_ACCURACY_SIEGE', 'MODIFIER_PROMOTION_ACCURACY'),
('PROMOTION_AMPHIBIOUS_RANGED', 'AMPHIBIOUS_BONUS_IGNORE_SHORES'),
('PROMOTION_AMPHIBIOUS_BEAST', 'AMPHIBIOUS_BONUS_IGNORE_SHORES'),
('PROMOTION_AMPHIBIOUS_DISCIPLE', 'AMPHIBIOUS_BONUS_IGNORE_SHORES'),
('PROMOTION_AMPHIBIOUS_MELEE', 'AMPHIBIOUS_BONUS_IGNORE_SHORES'),
('PROMOTION_AMPHIBIOUS_LIGHT_CAVALRY', 'AMPHIBIOUS_BONUS_IGNORE_SHORES'),
('PROMOTION_AMPHIBIOUS_RECON', 'AMPHIBIOUS_BONUS_IGNORE_SHORES'),
('PROMOTION_AMPHIBIOUS_RANGED', 'AMPHIBIOUS_BONUS_IGNORE_RIVERS'),
('PROMOTION_AMPHIBIOUS_BEAST', 'AMPHIBIOUS_BONUS_IGNORE_RIVERS'),
('PROMOTION_AMPHIBIOUS_DISCIPLE', 'AMPHIBIOUS_BONUS_IGNORE_RIVERS'),
('PROMOTION_AMPHIBIOUS_MELEE', 'AMPHIBIOUS_BONUS_IGNORE_RIVERS'),
('PROMOTION_AMPHIBIOUS_LIGHT_CAVALRY', 'AMPHIBIOUS_BONUS_IGNORE_RIVERS'),
('PROMOTION_AMPHIBIOUS_RECON', 'AMPHIBIOUS_BONUS_IGNORE_RIVERS'),
('PROMOTION_BARRAGE2_NAVAL_MELEE', 'MODIFIER_PROMOTION_BARRAGE2'),
('PROMOTION_BARRAGE2_SIEGE', 'MODIFIER_PROMOTION_BARRAGE2'),
('PROMOTION_BLITZ_RANGED', 'ELITE_GUARD_ADDITIONAL_ATTACK'),
('PROMOTION_BLITZ_BEAST', 'ELITE_GUARD_ADDITIONAL_ATTACK'),
('PROMOTION_BLITZ_DISCIPLE', 'ELITE_GUARD_ADDITIONAL_ATTACK'),
('PROMOTION_BLITZ_MELEE', 'ELITE_GUARD_ADDITIONAL_ATTACK'),
('PROMOTION_BLITZ_LIGHT_CAVALRY', 'ELITE_GUARD_ADDITIONAL_ATTACK'),
('PROMOTION_BLITZ_RECON', 'ELITE_GUARD_ADDITIONAL_ATTACK'),
('PROMOTION_BOUNTY_HUNTER_RANGED', 'BOARDING_GOLD_FROM_NAVAL_VICTORY'),
('PROMOTION_BOUNTY_HUNTER_MELEE', 'BOARDING_GOLD_FROM_NAVAL_VICTORY'),
('PROMOTION_BOUNTY_HUNTER_LIGHT_CAVALRY', 'BOARDING_GOLD_FROM_NAVAL_VICTORY'),
('PROMOTION_BOUNTY_HUNTER_NAVAL_MELEE', 'BOARDING_GOLD_FROM_NAVAL_VICTORY'),
('PROMOTION_BOUNTY_HUNTER_RECON', 'BOARDING_GOLD_FROM_NAVAL_VICTORY'),
('PROMOTION_CANNIBALIZE_ADEPT', 'MODIFIER_PROMOTION_CANNIBALIZE'),
('PROMOTION_CANNIBALIZE_ANIMAL', 'MODIFIER_PROMOTION_CANNIBALIZE'),
('PROMOTION_CANNIBALIZE_RANGED', 'MODIFIER_PROMOTION_CANNIBALIZE'),
('PROMOTION_CANNIBALIZE_BEAST', 'MODIFIER_PROMOTION_CANNIBALIZE'),
('PROMOTION_CANNIBALIZE_DISCIPLE', 'MODIFIER_PROMOTION_CANNIBALIZE'),
('PROMOTION_CANNIBALIZE_MELEE', 'MODIFIER_PROMOTION_CANNIBALIZE'),
('PROMOTION_CANNIBALIZE_LIGHT_CAVALRY', 'MODIFIER_PROMOTION_CANNIBALIZE'),
('PROMOTION_CANNIBALIZE_RECON', 'MODIFIER_PROMOTION_CANNIBALIZE'),
('PROMOTION_CITY_GARRISON1_RANGED', 'MODIFIER_PROMOTION_CITY_GARRISON1'),
('PROMOTION_CITY_GARRISON1_DISCIPLE', 'MODIFIER_PROMOTION_CITY_GARRISON1'),
('PROMOTION_CITY_GARRISON2_RANGED', 'MODIFIER_PROMOTION_CITY_GARRISON2'),
('PROMOTION_CITY_GARRISON3_RANGED', 'MODIFIER_PROMOTION_CITY_GARRISON3'),
('PROMOTION_CITY_RAIDER1_ANIMAL', 'MODIFIER_PROMOTION_CITY_RAIDER1'),
('PROMOTION_CITY_RAIDER1_BEAST', 'MODIFIER_PROMOTION_CITY_RAIDER1'),
('PROMOTION_CITY_RAIDER1_DISCIPLE', 'MODIFIER_PROMOTION_CITY_RAIDER1'),
('PROMOTION_CITY_RAIDER1_MELEE', 'MODIFIER_PROMOTION_CITY_RAIDER1'),
('PROMOTION_CITY_RAIDER2_ANIMAL', 'MODIFIER_PROMOTION_CITY_RAIDER2'),
('PROMOTION_CITY_RAIDER2_BEAST', 'MODIFIER_PROMOTION_CITY_RAIDER2'),
('PROMOTION_CITY_RAIDER2_MELEE', 'MODIFIER_PROMOTION_CITY_RAIDER2'),
('PROMOTION_CITY_RAIDER3_ANIMAL', 'MODIFIER_PROMOTION_CITY_RAIDER3'),
('PROMOTION_CITY_RAIDER3_BEAST', 'MODIFIER_PROMOTION_CITY_RAIDER3'),
('PROMOTION_CITY_RAIDER3_MELEE', 'MODIFIER_PROMOTION_CITY_RAIDER3'),
('PROMOTION_COMBAT1_ADEPT', 'MODIFIER_PROMOTION_COMBAT1'),
('PROMOTION_COMBAT1_ANIMAL', 'MODIFIER_PROMOTION_COMBAT1'),
('PROMOTION_COMBAT1_RANGED', 'MODIFIER_PROMOTION_COMBAT1'),
('PROMOTION_COMBAT1_BEAST', 'MODIFIER_PROMOTION_COMBAT1'),
('PROMOTION_COMBAT1_DISCIPLE', 'MODIFIER_PROMOTION_COMBAT1'),
('PROMOTION_COMBAT1_MELEE', 'MODIFIER_PROMOTION_COMBAT1'),
('PROMOTION_COMBAT1_LIGHT_CAVALRY', 'MODIFIER_PROMOTION_COMBAT1'),
('PROMOTION_COMBAT1_NAVAL_MELEE', 'MODIFIER_PROMOTION_COMBAT1'),
('PROMOTION_COMBAT1_RECON', 'MODIFIER_PROMOTION_COMBAT1'),
('PROMOTION_COMBAT1_SIEGE', 'MODIFIER_PROMOTION_COMBAT1'),
('PROMOTION_COMBAT2_ADEPT', 'MODIFIER_PROMOTION_COMBAT2'),
('PROMOTION_COMBAT2_ANIMAL', 'MODIFIER_PROMOTION_COMBAT2'),
('PROMOTION_COMBAT2_RANGED', 'MODIFIER_PROMOTION_COMBAT2'),
('PROMOTION_COMBAT2_BEAST', 'MODIFIER_PROMOTION_COMBAT2'),
('PROMOTION_COMBAT2_DISCIPLE', 'MODIFIER_PROMOTION_COMBAT2'),
('PROMOTION_COMBAT2_MELEE', 'MODIFIER_PROMOTION_COMBAT2'),
('PROMOTION_COMBAT2_LIGHT_CAVALRY', 'MODIFIER_PROMOTION_COMBAT2'),
('PROMOTION_COMBAT2_NAVAL_MELEE', 'MODIFIER_PROMOTION_COMBAT2'),
('PROMOTION_COMBAT2_RECON', 'MODIFIER_PROMOTION_COMBAT2'),
('PROMOTION_COMBAT2_SIEGE', 'MODIFIER_PROMOTION_COMBAT2'),
('PROMOTION_COMBAT3_ADEPT', 'MODIFIER_PROMOTION_COMBAT3'),
('PROMOTION_COMBAT3_ANIMAL', 'MODIFIER_PROMOTION_COMBAT3'),
('PROMOTION_COMBAT3_RANGED', 'MODIFIER_PROMOTION_COMBAT3'),
('PROMOTION_COMBAT3_BEAST', 'MODIFIER_PROMOTION_COMBAT3'),
('PROMOTION_COMBAT3_DISCIPLE', 'MODIFIER_PROMOTION_COMBAT3'),
('PROMOTION_COMBAT3_MELEE', 'MODIFIER_PROMOTION_COMBAT3'),
('PROMOTION_COMBAT3_LIGHT_CAVALRY', 'MODIFIER_PROMOTION_COMBAT3'),
('PROMOTION_COMBAT3_NAVAL_MELEE', 'MODIFIER_PROMOTION_COMBAT3'),
('PROMOTION_COMBAT3_RECON', 'MODIFIER_PROMOTION_COMBAT3'),
('PROMOTION_COMBAT3_SIEGE', 'MODIFIER_PROMOTION_COMBAT3'),
('PROMOTION_COMBAT4_ADEPT', 'MODIFIER_PROMOTION_COMBAT4'),
('PROMOTION_COMBAT4_ANIMAL', 'MODIFIER_PROMOTION_COMBAT4'),
('PROMOTION_COMBAT4_RANGED', 'MODIFIER_PROMOTION_COMBAT4'),
('PROMOTION_COMBAT4_BEAST', 'MODIFIER_PROMOTION_COMBAT4'),
('PROMOTION_COMBAT4_DISCIPLE', 'MODIFIER_PROMOTION_COMBAT4'),
('PROMOTION_COMBAT4_MELEE', 'MODIFIER_PROMOTION_COMBAT4'),
('PROMOTION_COMBAT4_LIGHT_CAVALRY', 'MODIFIER_PROMOTION_COMBAT4'),
('PROMOTION_COMBAT4_NAVAL_MELEE', 'MODIFIER_PROMOTION_COMBAT4'),
('PROMOTION_COMBAT4_RECON', 'MODIFIER_PROMOTION_COMBAT4'),
('PROMOTION_COMBAT4_SIEGE', 'MODIFIER_PROMOTION_COMBAT4'),
('PROMOTION_COMBAT5_ADEPT', 'MODIFIER_PROMOTION_COMBAT5'),
('PROMOTION_COMBAT5_ANIMAL', 'MODIFIER_PROMOTION_COMBAT5'),
('PROMOTION_COMBAT5_RANGED', 'MODIFIER_PROMOTION_COMBAT5'),
('PROMOTION_COMBAT5_BEAST', 'MODIFIER_PROMOTION_COMBAT5'),
('PROMOTION_COMBAT5_DISCIPLE', 'MODIFIER_PROMOTION_COMBAT5'),
('PROMOTION_COMBAT5_MELEE', 'MODIFIER_PROMOTION_COMBAT5'),
('PROMOTION_COMBAT5_LIGHT_CAVALRY', 'MODIFIER_PROMOTION_COMBAT5'),
('PROMOTION_COMBAT5_NAVAL_MELEE', 'MODIFIER_PROMOTION_COMBAT5'),
('PROMOTION_COMBAT5_RECON', 'MODIFIER_PROMOTION_COMBAT5'),
('PROMOTION_COMBAT5_SIEGE', 'MODIFIER_PROMOTION_COMBAT5'),
('PROMOTION_COVER_RANGED', 'MODIFIER_PROMOTION_COVER'),
('PROMOTION_COVER_BEAST', 'MODIFIER_PROMOTION_COVER'),
('PROMOTION_COVER_DISCIPLE', 'MODIFIER_PROMOTION_COVER'),
('PROMOTION_COVER_MELEE', 'MODIFIER_PROMOTION_COVER'),
('PROMOTION_COVER_LIGHT_CAVALRY', 'MODIFIER_PROMOTION_COVER'),
('PROMOTION_COVER_RECON', 'MODIFIER_PROMOTION_COVER'),
('PROMOTION_COVER2_BEAST', 'MODIFIER_PROMOTION_COVER'),
('PROMOTION_COVER2_MELEE', 'MODIFIER_PROMOTION_COVER'),
('PROMOTION_COVER2_LIGHT_CAVALRY', 'MODIFIER_PROMOTION_COVER'),
('PROMOTION_COVER2_BEAST', 'MODIFIER_PROMOTION_COVER2'),
('PROMOTION_COVER2_MELEE', 'MODIFIER_PROMOTION_COVER2'),
('PROMOTION_COVER2_LIGHT_CAVALRY', 'MODIFIER_PROMOTION_COVER2'),
('PROMOTION_DRILL4_RANGED', 'MODIFIER_PROMOTION_DRILL4'),
('PROMOTION_DRILL4_BEAST', 'MODIFIER_PROMOTION_DRILL4'),
('PROMOTION_DRILL4_DISCIPLE', 'MODIFIER_PROMOTION_DRILL4'),
('PROMOTION_DRILL4_MELEE', 'MODIFIER_PROMOTION_DRILL4'),
('PROMOTION_DRILL4_LIGHT_CAVALRY', 'MODIFIER_PROMOTION_DRILL4'),
('PROMOTION_DRILL4_RECON', 'MODIFIER_PROMOTION_DRILL4'),
('PROMOTION_FEAR_ADEPT', 'HUSSAR_FORCE_RETREAT'),
('PROMOTION_FEAR_RANGED', 'HUSSAR_FORCE_RETREAT'),
('PROMOTION_FEAR_BEAST', 'HUSSAR_FORCE_RETREAT'),
('PROMOTION_FEAR_DISCIPLE', 'HUSSAR_FORCE_RETREAT'),
('PROMOTION_FEAR_MELEE', 'HUSSAR_FORCE_RETREAT'),
('PROMOTION_FEAR_LIGHT_CAVALRY', 'HUSSAR_FORCE_RETREAT'),
('PROMOTION_FEAR_RECON', 'HUSSAR_FORCE_RETREAT'),
('PROMOTION_FORMATION_RANGED', 'MODIFIER_PROMOTION_FORMATION'),
('PROMOTION_FORMATION_BEAST', 'MODIFIER_PROMOTION_FORMATION'),
('PROMOTION_FORMATION_DISCIPLE', 'MODIFIER_PROMOTION_FORMATION'),
('PROMOTION_FORMATION_MELEE', 'MODIFIER_PROMOTION_FORMATION'),
('PROMOTION_FORMATION_LIGHT_CAVALRY', 'MODIFIER_PROMOTION_FORMATION'),
('PROMOTION_FORMATION_RECON', 'MODIFIER_PROMOTION_FORMATION'),
('PROMOTION_FORMATION2_RANGED', 'MODIFIER_PROMOTION_FORMATION'),
('PROMOTION_FORMATION2_BEAST', 'MODIFIER_PROMOTION_FORMATION'),
('PROMOTION_FORMATION2_MELEE', 'MODIFIER_PROMOTION_FORMATION'),
('PROMOTION_FORMATION2_RANGED', 'MODIFIER_PROMOTION_FORMATION2'),
('PROMOTION_FORMATION2_BEAST', 'MODIFIER_PROMOTION_FORMATION2'),
('PROMOTION_FORMATION2_MELEE', 'MODIFIER_PROMOTION_FORMATION2'),
('PROMOTION_GUERILLA1_ANIMAL', 'MODIFIER_PROMOTION_GUERILLA1'),
('PROMOTION_GUERILLA1_RANGED', 'MODIFIER_PROMOTION_GUERILLA1'),
('PROMOTION_GUERILLA1_BEAST', 'MODIFIER_PROMOTION_GUERILLA1'),
('PROMOTION_GUERILLA1_DISCIPLE', 'MODIFIER_PROMOTION_GUERILLA1'),
('PROMOTION_GUERILLA1_MELEE', 'MODIFIER_PROMOTION_GUERILLA1'),
('PROMOTION_GUERILLA1_RECON', 'MODIFIER_PROMOTION_GUERILLA1'),
('PROMOTION_GUERILLA2_RANGED', 'MODIFIER_PROMOTION_GUERILLA2'),
('PROMOTION_GUERILLA2_BEAST', 'MODIFIER_PROMOTION_GUERILLA2'),
('PROMOTION_GUERILLA2_DISCIPLE', 'MODIFIER_PROMOTION_GUERILLA2'),
('PROMOTION_GUERILLA2_MELEE', 'MODIFIER_PROMOTION_GUERILLA2'),
('PROMOTION_GUERILLA2_RECON', 'MODIFIER_PROMOTION_GUERILLA2'),
('PROMOTION_HEROIC_DEFENSE_ADEPT', 'MODIFIER_PROMOTION_HEROIC_DEFENSE'),
('PROMOTION_HEROIC_DEFENSE_ANIMAL', 'MODIFIER_PROMOTION_HEROIC_DEFENSE'),
('PROMOTION_HEROIC_DEFENSE_RANGED', 'MODIFIER_PROMOTION_HEROIC_DEFENSE'),
('PROMOTION_HEROIC_DEFENSE_BEAST', 'MODIFIER_PROMOTION_HEROIC_DEFENSE'),
('PROMOTION_HEROIC_DEFENSE_DISCIPLE', 'MODIFIER_PROMOTION_HEROIC_DEFENSE'),
('PROMOTION_HEROIC_DEFENSE_MELEE', 'MODIFIER_PROMOTION_HEROIC_DEFENSE'),
('PROMOTION_HEROIC_DEFENSE_LIGHT_CAVALRY', 'MODIFIER_PROMOTION_HEROIC_DEFENSE'),
('PROMOTION_HEROIC_DEFENSE_NAVAL_MELEE', 'MODIFIER_PROMOTION_HEROIC_DEFENSE'),
('PROMOTION_HEROIC_DEFENSE_RECON', 'MODIFIER_PROMOTION_HEROIC_DEFENSE'),
('PROMOTION_HEROIC_DEFENSE_SIEGE', 'MODIFIER_PROMOTION_HEROIC_DEFENSE'),
('PROMOTION_HEROIC_DEFENSE2_ADEPT', 'MODIFIER_PROMOTION_HEROIC_DEFENSE'),
('PROMOTION_HEROIC_DEFENSE2_ANIMAL', 'MODIFIER_PROMOTION_HEROIC_DEFENSE'),
('PROMOTION_HEROIC_DEFENSE2_RANGED', 'MODIFIER_PROMOTION_HEROIC_DEFENSE'),
('PROMOTION_HEROIC_DEFENSE2_BEAST', 'MODIFIER_PROMOTION_HEROIC_DEFENSE'),
('PROMOTION_HEROIC_DEFENSE2_DISCIPLE', 'MODIFIER_PROMOTION_HEROIC_DEFENSE'),
('PROMOTION_HEROIC_DEFENSE2_MELEE', 'MODIFIER_PROMOTION_HEROIC_DEFENSE'),
('PROMOTION_HEROIC_DEFENSE2_LIGHT_CAVALRY', 'MODIFIER_PROMOTION_HEROIC_DEFENSE'),
('PROMOTION_HEROIC_DEFENSE2_NAVAL_MELEE', 'MODIFIER_PROMOTION_HEROIC_DEFENSE'),
('PROMOTION_HEROIC_DEFENSE2_RECON', 'MODIFIER_PROMOTION_HEROIC_DEFENSE'),
('PROMOTION_HEROIC_DEFENSE2_SIEGE', 'MODIFIER_PROMOTION_HEROIC_DEFENSE'),
('PROMOTION_HEROIC_DEFENSE2_ADEPT', 'MODIFIER_PROMOTION_HEROIC_DEFENSE2'),
('PROMOTION_HEROIC_DEFENSE2_ANIMAL', 'MODIFIER_PROMOTION_HEROIC_DEFENSE2'),
('PROMOTION_HEROIC_DEFENSE2_RANGED', 'MODIFIER_PROMOTION_HEROIC_DEFENSE2'),
('PROMOTION_HEROIC_DEFENSE2_BEAST', 'MODIFIER_PROMOTION_HEROIC_DEFENSE2'),
('PROMOTION_HEROIC_DEFENSE2_DISCIPLE', 'MODIFIER_PROMOTION_HEROIC_DEFENSE2'),
('PROMOTION_HEROIC_DEFENSE2_MELEE', 'MODIFIER_PROMOTION_HEROIC_DEFENSE2'),
('PROMOTION_HEROIC_DEFENSE2_LIGHT_CAVALRY', 'MODIFIER_PROMOTION_HEROIC_DEFENSE2'),
('PROMOTION_HEROIC_DEFENSE2_NAVAL_MELEE', 'MODIFIER_PROMOTION_HEROIC_DEFENSE2'),
('PROMOTION_HEROIC_DEFENSE2_RECON', 'MODIFIER_PROMOTION_HEROIC_DEFENSE2'),
('PROMOTION_HEROIC_DEFENSE2_SIEGE', 'MODIFIER_PROMOTION_HEROIC_DEFENSE2'),
('PROMOTION_HEROIC_STRENGTH_ADEPT', 'MODIFIER_PROMOTION_HEROIC_STRENGTH'),
('PROMOTION_HEROIC_STRENGTH_ANIMAL', 'MODIFIER_PROMOTION_HEROIC_STRENGTH'),
('PROMOTION_HEROIC_STRENGTH_RANGED', 'MODIFIER_PROMOTION_HEROIC_STRENGTH'),
('PROMOTION_HEROIC_STRENGTH_BEAST', 'MODIFIER_PROMOTION_HEROIC_STRENGTH'),
('PROMOTION_HEROIC_STRENGTH_DISCIPLE', 'MODIFIER_PROMOTION_HEROIC_STRENGTH'),
('PROMOTION_HEROIC_STRENGTH_MELEE', 'MODIFIER_PROMOTION_HEROIC_STRENGTH'),
('PROMOTION_HEROIC_STRENGTH_LIGHT_CAVALRY', 'MODIFIER_PROMOTION_HEROIC_STRENGTH'),
('PROMOTION_HEROIC_STRENGTH_NAVAL_MELEE', 'MODIFIER_PROMOTION_HEROIC_STRENGTH'),
('PROMOTION_HEROIC_STRENGTH_RECON', 'MODIFIER_PROMOTION_HEROIC_STRENGTH'),
('PROMOTION_HEROIC_STRENGTH_SIEGE', 'MODIFIER_PROMOTION_HEROIC_STRENGTH'),
('PROMOTION_HEROIC_STRENGTH2_ADEPT', 'MODIFIER_PROMOTION_HEROIC_STRENGTH'),
('PROMOTION_HEROIC_STRENGTH2_ANIMAL', 'MODIFIER_PROMOTION_HEROIC_STRENGTH'),
('PROMOTION_HEROIC_STRENGTH2_RANGED', 'MODIFIER_PROMOTION_HEROIC_STRENGTH'),
('PROMOTION_HEROIC_STRENGTH2_BEAST', 'MODIFIER_PROMOTION_HEROIC_STRENGTH'),
('PROMOTION_HEROIC_STRENGTH2_DISCIPLE', 'MODIFIER_PROMOTION_HEROIC_STRENGTH'),
('PROMOTION_HEROIC_STRENGTH2_MELEE', 'MODIFIER_PROMOTION_HEROIC_STRENGTH'),
('PROMOTION_HEROIC_STRENGTH2_LIGHT_CAVALRY', 'MODIFIER_PROMOTION_HEROIC_STRENGTH'),
('PROMOTION_HEROIC_STRENGTH2_NAVAL_MELEE', 'MODIFIER_PROMOTION_HEROIC_STRENGTH'),
('PROMOTION_HEROIC_STRENGTH2_RECON', 'MODIFIER_PROMOTION_HEROIC_STRENGTH'),
('PROMOTION_HEROIC_STRENGTH2_SIEGE', 'MODIFIER_PROMOTION_HEROIC_STRENGTH'),
('PROMOTION_HEROIC_STRENGTH2_ADEPT', 'MODIFIER_PROMOTION_HEROIC_STRENGTH2'),
('PROMOTION_HEROIC_STRENGTH2_ANIMAL', 'MODIFIER_PROMOTION_HEROIC_STRENGTH2'),
('PROMOTION_HEROIC_STRENGTH2_RANGED', 'MODIFIER_PROMOTION_HEROIC_STRENGTH2'),
('PROMOTION_HEROIC_STRENGTH2_BEAST', 'MODIFIER_PROMOTION_HEROIC_STRENGTH2'),
('PROMOTION_HEROIC_STRENGTH2_DISCIPLE', 'MODIFIER_PROMOTION_HEROIC_STRENGTH2'),
('PROMOTION_HEROIC_STRENGTH2_MELEE', 'MODIFIER_PROMOTION_HEROIC_STRENGTH2'),
('PROMOTION_HEROIC_STRENGTH2_LIGHT_CAVALRY', 'MODIFIER_PROMOTION_HEROIC_STRENGTH2'),
('PROMOTION_HEROIC_STRENGTH2_NAVAL_MELEE', 'MODIFIER_PROMOTION_HEROIC_STRENGTH2'),
('PROMOTION_HEROIC_STRENGTH2_RECON', 'MODIFIER_PROMOTION_HEROIC_STRENGTH2'),
('PROMOTION_HEROIC_STRENGTH2_SIEGE', 'MODIFIER_PROMOTION_HEROIC_STRENGTH2'),
('PROMOTION_LIGHTNING_RESISTANCE_ADEPT', 'MODIFIER_PROMOTION_LIGHT_MOVEMENT'),
('PROMOTION_LIGHTNING_RESISTANCE_RANGED', 'MODIFIER_PROMOTION_LIGHT_MOVEMENT'),
('PROMOTION_LIGHTNING_RESISTANCE_BEAST', 'MODIFIER_PROMOTION_LIGHT_MOVEMENT'),
('PROMOTION_LIGHTNING_RESISTANCE_DISCIPLE', 'MODIFIER_PROMOTION_LIGHT_MOVEMENT'),
('PROMOTION_LIGHTNING_RESISTANCE_MELEE', 'MODIFIER_PROMOTION_LIGHT_MOVEMENT'),
('PROMOTION_LIGHTNING_RESISTANCE_LIGHT_CAVALRY', 'MODIFIER_PROMOTION_LIGHT_MOVEMENT'),
('PROMOTION_LIGHTNING_RESISTANCE_NAVAL_MELEE', 'MODIFIER_PROMOTION_LIGHT_MOVEMENT'),
('PROMOTION_LIGHTNING_RESISTANCE_RECON', 'MODIFIER_PROMOTION_LIGHT_MOVEMENT'),
('PROMOTION_LIGHTNING_RESISTANCE_ADEPT', 'MODIFIER_PROMOTION_LIGHT'),
('PROMOTION_LIGHTNING_RESISTANCE_RANGED', 'MODIFIER_PROMOTION_LIGHT'),
('PROMOTION_LIGHTNING_RESISTANCE_BEAST', 'MODIFIER_PROMOTION_LIGHT'),
('PROMOTION_LIGHTNING_RESISTANCE_DISCIPLE', 'MODIFIER_PROMOTION_LIGHT'),
('PROMOTION_LIGHTNING_RESISTANCE_MELEE', 'MODIFIER_PROMOTION_LIGHT'),
('PROMOTION_LIGHTNING_RESISTANCE_LIGHT_CAVALRY', 'MODIFIER_PROMOTION_LIGHT'),
('PROMOTION_LIGHTNING_RESISTANCE_NAVAL_MELEE', 'MODIFIER_PROMOTION_LIGHT'),
('PROMOTION_LIGHTNING_RESISTANCE_RECON', 'MODIFIER_PROMOTION_LIGHT'),
('PROMOTION_MARCH_BEAST', 'MODIFIER_PROMOTION_MARCH'),
('PROMOTION_MARCH_DISCIPLE', 'MODIFIER_PROMOTION_MARCH'),
('PROMOTION_MARCH_MELEE', 'MODIFIER_PROMOTION_MARCH'),
('PROMOTION_MOBILITY1_ADEPT', 'MODIFIER_PROMOTION_MOBILITY1_MOVEMENT'),
('PROMOTION_MOBILITY1_ANIMAL', 'MODIFIER_PROMOTION_MOBILITY1_MOVEMENT'),
('PROMOTION_MOBILITY1_RANGED', 'MODIFIER_PROMOTION_MOBILITY1_MOVEMENT'),
('PROMOTION_MOBILITY1_BEAST', 'MODIFIER_PROMOTION_MOBILITY1_MOVEMENT'),
('PROMOTION_MOBILITY1_DISCIPLE', 'MODIFIER_PROMOTION_MOBILITY1_MOVEMENT'),
('PROMOTION_MOBILITY1_MELEE', 'MODIFIER_PROMOTION_MOBILITY1_MOVEMENT'),
('PROMOTION_MOBILITY1_LIGHT_CAVALRY', 'MODIFIER_PROMOTION_MOBILITY1_MOVEMENT'),
('PROMOTION_MOBILITY1_RECON', 'MODIFIER_PROMOTION_MOBILITY1_MOVEMENT'),
('PROMOTION_MOBILITY2_ANIMAL', 'MODIFIER_PROMOTION_MOBILITY2_MOVEMENT'),
('PROMOTION_MOBILITY2_LIGHT_CAVALRY', 'MODIFIER_PROMOTION_MOBILITY2_MOVEMENT'),
('PROMOTION_MOBILITY2_RECON', 'MODIFIER_PROMOTION_MOBILITY2_MOVEMENT'),
('PROMOTION_NAVIGATION1_NAVAL_MELEE', 'MODIFIER_PROMOTION_NAVIGATION1_MOVEMENT'),
('PROMOTION_NAVIGATION2_NAVAL_MELEE', 'MODIFIER_PROMOTION_NAVIGATION2_MOVEMENT'),
('PROMOTION_SCOURGE_BEAST', 'MODIFIER_PROMOTION_SCOURGE'),
('PROMOTION_SCOURGE_MELEE', 'MODIFIER_PROMOTION_SCOURGE'),
('PROMOTION_SCOURGE_RECON', 'MODIFIER_PROMOTION_SCOURGE'),
('PROMOTION_SENTRY_RANGED', 'SPYGLASS_BONUS_SIGHT'),
('PROMOTION_SENTRY_BEAST', 'SPYGLASS_BONUS_SIGHT'),
('PROMOTION_SENTRY_DISCIPLE', 'SPYGLASS_BONUS_SIGHT'),
('PROMOTION_SENTRY_MELEE', 'SPYGLASS_BONUS_SIGHT'),
('PROMOTION_SENTRY_LIGHT_CAVALRY', 'SPYGLASS_BONUS_SIGHT'),
('PROMOTION_SENTRY_NAVAL_MELEE', 'SPYGLASS_BONUS_SIGHT'),
('PROMOTION_SENTRY_RECON', 'SPYGLASS_BONUS_SIGHT'),
('PROMOTION_SENTRY_SIEGE', 'SPYGLASS_BONUS_SIGHT'),
('PROMOTION_SENTRY2_RANGED', 'SPYGLASS_BONUS_SIGHT'),
('PROMOTION_SENTRY2_RECON', 'SPYGLASS_BONUS_SIGHT'),
('PROMOTION_SHOCK_RANGED', 'MODIFIER_PROMOTION_SHOCK'),
('PROMOTION_SHOCK_BEAST', 'MODIFIER_PROMOTION_SHOCK'),
('PROMOTION_SHOCK_DISCIPLE', 'MODIFIER_PROMOTION_SHOCK'),
('PROMOTION_SHOCK_MELEE', 'MODIFIER_PROMOTION_SHOCK'),
('PROMOTION_SHOCK_LIGHT_CAVALRY', 'MODIFIER_PROMOTION_SHOCK'),
('PROMOTION_SHOCK_RECON', 'MODIFIER_PROMOTION_SHOCK'),
('PROMOTION_SHOCK2_RANGED', 'MODIFIER_PROMOTION_SHOCK'),
('PROMOTION_SHOCK2_BEAST', 'MODIFIER_PROMOTION_SHOCK'),
('PROMOTION_SHOCK2_MELEE', 'MODIFIER_PROMOTION_SHOCK'),
('PROMOTION_SHOCK2_RANGED', 'MODIFIER_PROMOTION_SHOCK2'),
('PROMOTION_SHOCK2_BEAST', 'MODIFIER_PROMOTION_SHOCK2'),
('PROMOTION_SHOCK2_MELEE', 'MODIFIER_PROMOTION_SHOCK2'),
('PROMOTION_SUBDUE_ANIMAL_RECON', 'MODIFIER_PROMOTION_SUBDUE_ANIMAL'),
('PROMOTION_SUBDUE_ANIMAL_RECON', 'MODIFIER_PROMOTION_SUBDUE_ANIMAL_SLAVE_TAKING_MODIFIER'),
('PROMOTION_SUBDUE_BEASTS_RECON', 'MODIFIER_PROMOTION_SUBDUE_BEASTS'),
('PROMOTION_SUBDUE_BEASTS_RECON', 'MODIFIER_PROMOTION_SUBDUE_BEASTS_SLAVE_TAKING_MODIFIER');
INSERT INTO Modifiers(ModifierId, ModifierType, SubjectRequirementSetId) VALUES
('MODIFIER_PROMOTION_ACCURACY', 'MODIFIER_UNIT_ADJUST_COMBAT_STRENGTH', 'SHELLS_REQUIREMENTS'),
('MODIFIER_PROMOTION_AERONS_CHOSEN', 'MODIFIER_PLAYER_UNIT_ADJUST_HEAL_FROM_COMBAT', NULL),
('MODIFIER_PROMOTION_BARRAGE2', 'MODIFIER_UNIT_ADJUST_COMBAT_STRENGTH', 'OPPONENT_PROMOTION_CLASS_MELEE_REQUIREMENT_SET'),
('MODIFIER_PROMOTION_BOARDING_SLAVE_TAKING_MODIFIER', 'MODIFIER_UNIT_ADJUST_PROPERTY', 'OPPONENT_PROMOTION_CLASS_NAVAL_REQUIREMENT_SET'),
('MODIFIER_PROMOTION_BRONZE_WEAPONS', 'MODIFIER_UNIT_ADJUST_COMBAT_STRENGTH', 'REQUIREMENT_PROMOTION_BRONZE_WEAPONS_SET'),
('MODIFIER_PROMOTION_BUCCANEERS_MOVEMENT', 'MODIFIER_PLAYER_UNIT_ADJUST_MOVEMENT', NULL),
('MODIFIER_PROMOTION_BUCCANEERS', 'MODIFIER_UNIT_ADJUST_COMBAT_STRENGTH', 'REQUIREMENT_PROMOTION_BUCCANEERS_SET'),
('MODIFIER_PROMOTION_BURNING_BLOOD_MOVEMENT', 'MODIFIER_PLAYER_UNIT_ADJUST_MOVEMENT', NULL),
('MODIFIER_PROMOTION_BURNING_BLOOD', 'MODIFIER_UNIT_ADJUST_COMBAT_STRENGTH', NULL),
('MODIFIER_PROMOTION_CANNIBALIZE', 'MODIFIER_PLAYER_UNIT_ADJUST_HEAL_FROM_COMBAT', NULL),
('MODIFIER_PROMOTION_CITY_GARRISON1', 'MODIFIER_UNIT_ADJUST_COMBAT_STRENGTH', 'GARRISON_REQUIREMENTS'),
('MODIFIER_PROMOTION_CITY_GARRISON2', 'MODIFIER_UNIT_ADJUST_COMBAT_STRENGTH', 'GARRISON_REQUIREMENTS'),
('MODIFIER_PROMOTION_CITY_GARRISON3', 'MODIFIER_UNIT_ADJUST_COMBAT_STRENGTH', 'OPPONENT_PROMOTION_CLASS_MELEE_REQUIREMENT_SET'),
('MODIFIER_PROMOTION_CITY_RAIDER1', 'MODIFIER_UNIT_ADJUST_COMBAT_STRENGTH', 'URBAN_RAIDER_REQUIREMENTS'),
('MODIFIER_PROMOTION_CITY_RAIDER2', 'MODIFIER_UNIT_ADJUST_COMBAT_STRENGTH', 'URBAN_RAIDER_REQUIREMENTS'),
('MODIFIER_PROMOTION_CITY_RAIDER3', 'MODIFIER_UNIT_ADJUST_COMBAT_STRENGTH', 'OPPONENT_PROMOTION_CLASS_MELEE_REQUIREMENT_SET'),
('MODIFIER_PROMOTION_COMBAT1', 'MODIFIER_UNIT_ADJUST_COMBAT_STRENGTH', NULL),
('MODIFIER_PROMOTION_COMBAT2', 'MODIFIER_UNIT_ADJUST_COMBAT_STRENGTH', NULL),
('MODIFIER_PROMOTION_COMBAT3', 'MODIFIER_UNIT_ADJUST_COMBAT_STRENGTH', NULL),
('MODIFIER_PROMOTION_COMBAT4', 'MODIFIER_UNIT_ADJUST_COMBAT_STRENGTH', NULL),
('MODIFIER_PROMOTION_COMBAT5', 'MODIFIER_UNIT_ADJUST_COMBAT_STRENGTH', NULL),
('MODIFIER_PROMOTION_COVER', 'MODIFIER_UNIT_ADJUST_COMBAT_STRENGTH', 'OPPONENT_PROMOTION_CLASS_ARCHER_REQUIREMENT_SET'),
('MODIFIER_PROMOTION_COVER2', 'MODIFIER_UNIT_ADJUST_COMBAT_STRENGTH', 'OPPONENT_PROMOTION_CLASS_ARCHER_REQUIREMENT_SET'),
('MODIFIER_WOODSMAN1_ABILITY_FEATUREATTACKS_FEATURE_JUNGLE', 'MODIFIER_UNIT_ADJUST_COMBAT_STRENGTH', 'WOODSMAN1_ABILITY_FEATUREATTACKS_REQS_FEATURE_JUNGLE'),
('MODIFIER_WOODSMAN1_ABILITY_FEATUREATTACKS_FEATURE_FOREST', 'MODIFIER_UNIT_ADJUST_COMBAT_STRENGTH', 'WOODSMAN1_ABILITY_FEATUREATTACKS_REQS_FEATURE_FOREST'),
('MODIFIER_WOODSMAN1_ABILITY_FEATUREATTACKS_FEATURE_FOREST_ANCIENT', 'MODIFIER_UNIT_ADJUST_COMBAT_STRENGTH', 'WOODSMAN1_ABILITY_FEATUREATTACKS_REQS_FEATURE_FOREST_ANCIENT'),
('TRAIT_GRANT_WOODSMAN1_ABILITY_FEATUREATTACKS', 'MODIFIER_PLAYER_UNITS_GRANT_ABILITY_GRANCOLOMBIA_MAYA', NULL),
('MODIFIER_WOODSMAN1_ABILITY_FEATUREDEFENSES_FEATURE_JUNGLE', 'MODIFIER_UNIT_ADJUST_COMBAT_STRENGTH', 'WOODSMAN1_ABILITY_FEATUREDEFENSES_REQS_FEATURE_JUNGLE'),
('MODIFIER_WOODSMAN1_ABILITY_FEATUREDEFENSES_FEATURE_FOREST', 'MODIFIER_UNIT_ADJUST_COMBAT_STRENGTH', 'WOODSMAN1_ABILITY_FEATUREDEFENSES_REQS_FEATURE_FOREST'),
('MODIFIER_WOODSMAN1_ABILITY_FEATUREDEFENSES_FEATURE_FOREST_ANCIENT', 'MODIFIER_UNIT_ADJUST_COMBAT_STRENGTH', 'WOODSMAN1_ABILITY_FEATUREDEFENSES_REQS_FEATURE_FOREST_ANCIENT'),
('TRAIT_GRANT_WOODSMAN1_ABILITY_FEATUREDEFENSES', 'MODIFIER_PLAYER_UNITS_GRANT_ABILITY_GRANCOLOMBIA_MAYA', NULL),
('MODIFIER_WOODSMAN2_ABILITY_FEATUREATTACKS_FEATURE_JUNGLE', 'MODIFIER_UNIT_ADJUST_COMBAT_STRENGTH', 'WOODSMAN2_ABILITY_FEATUREATTACKS_REQS_FEATURE_JUNGLE'),
('MODIFIER_WOODSMAN2_ABILITY_FEATUREATTACKS_FEATURE_FOREST', 'MODIFIER_UNIT_ADJUST_COMBAT_STRENGTH', 'WOODSMAN2_ABILITY_FEATUREATTACKS_REQS_FEATURE_FOREST'),
('MODIFIER_WOODSMAN2_ABILITY_FEATUREATTACKS_FEATURE_FOREST_ANCIENT', 'MODIFIER_UNIT_ADJUST_COMBAT_STRENGTH', 'WOODSMAN2_ABILITY_FEATUREATTACKS_REQS_FEATURE_FOREST_ANCIENT'),
('TRAIT_GRANT_WOODSMAN2_ABILITY_FEATUREATTACKS', 'MODIFIER_PLAYER_UNITS_GRANT_ABILITY_GRANCOLOMBIA_MAYA', NULL),
('MODIFIER_WOODSMAN2_ABILITY_FEATUREDEFENSES_FEATURE_JUNGLE', 'MODIFIER_UNIT_ADJUST_COMBAT_STRENGTH', 'WOODSMAN2_ABILITY_FEATUREDEFENSES_REQS_FEATURE_JUNGLE'),
('MODIFIER_WOODSMAN2_ABILITY_FEATUREDEFENSES_FEATURE_FOREST', 'MODIFIER_UNIT_ADJUST_COMBAT_STRENGTH', 'WOODSMAN2_ABILITY_FEATUREDEFENSES_REQS_FEATURE_FOREST'),
('MODIFIER_WOODSMAN2_ABILITY_FEATUREDEFENSES_FEATURE_FOREST_ANCIENT', 'MODIFIER_UNIT_ADJUST_COMBAT_STRENGTH', 'WOODSMAN2_ABILITY_FEATUREDEFENSES_REQS_FEATURE_FOREST_ANCIENT'),
('TRAIT_GRANT_WOODSMAN2_ABILITY_FEATUREDEFENSES', 'MODIFIER_PLAYER_UNITS_GRANT_ABILITY_GRANCOLOMBIA_MAYA', NULL),
('MODIFIER_PROMOTION_WOODSMAN2_ABILITY_FEATUREDOUBLEMOVES_JUNGLE', 'MODIFIER_PLAYER_UNIT_ADJUST_MOVEMENT', 'PROMOTION_WOODSMAN2_ABILITY_FEATUREDOUBLEMOVES_JUNGLE_REQS'),
('MODIFIER_PROMOTION_WOODSMAN2_ABILITY_FEATUREDOUBLEMOVES_FOREST', 'MODIFIER_PLAYER_UNIT_ADJUST_MOVEMENT', 'PROMOTION_WOODSMAN2_ABILITY_FEATUREDOUBLEMOVES_FOREST_REQS'),
('MODIFIER_PROMOTION_WOODSMAN2_ABILITY_FEATUREDOUBLEMOVES_ANCIENT_FOREST', 'MODIFIER_PLAYER_UNIT_ADJUST_MOVEMENT', 'PROMOTION_WOODSMAN2_ABILITY_FEATUREDOUBLEMOVES_ANCIENT_FOREST_REQS'),
('TRAIT_GRANT_PROMOTION_WOODSMAN2_ABILITY_FEATUREDOUBLEMOVES', 'MODIFIER_PLAYER_UNITS_GRANT_ABILITY_GRANCOLOMBIA_MAYA', NULL);
INSERT INTO ModifierArguments(ModifierId, Name, Type, Value) VALUES
('MODIFIER_PROMOTION_ACCURACY', 'Amount', 'ARGTYPE_IDENTITY', '4'),
('MODIFIER_PROMOTION_AERONS_CHOSEN', 'Amount', 'ARGTYPE_IDENTITY', '4'),
('MODIFIER_PROMOTION_BARRAGE2', 'Amount', 'ARGTYPE_IDENTITY', '4'),
('MODIFIER_PROMOTION_BOARDING_SLAVE_TAKING_MODIFIER', 'Key', 'ARGTYPE_IDENTITY', 'HeroResurrectKill'),
('MODIFIER_PROMOTION_BOARDING_SLAVE_TAKING_MODIFIER', 'Amount', 'ARGTYPE_IDENTITY', '1'),
('MODIFIER_PROMOTION_BRONZE_WEAPONS', 'Amount', 'ARGTYPE_IDENTITY', '1'),
('MODIFIER_PROMOTION_BUCCANEERS_MOVEMENT', 'Amount', 'ARGTYPE_IDENTITY', '-1'),
('MODIFIER_PROMOTION_BUCCANEERS', 'Amount', 'ARGTYPE_IDENTITY', '1'),
('MODIFIER_PROMOTION_BURNING_BLOOD_MOVEMENT', 'Amount', 'ARGTYPE_IDENTITY', '1'),
('MODIFIER_PROMOTION_BURNING_BLOOD', 'Amount', 'ARGTYPE_IDENTITY', '4'),
('MODIFIER_PROMOTION_CANNIBALIZE', 'Amount', 'ARGTYPE_IDENTITY', '10'),
('MODIFIER_PROMOTION_CITY_GARRISON1', 'Amount', 'ARGTYPE_IDENTITY', '6'),
('MODIFIER_PROMOTION_CITY_GARRISON2', 'Amount', 'ARGTYPE_IDENTITY', '6'),
('MODIFIER_PROMOTION_CITY_GARRISON3', 'Amount', 'ARGTYPE_IDENTITY', '6'),
('MODIFIER_PROMOTION_CITY_RAIDER1', 'Amount', 'ARGTYPE_IDENTITY', '6'),
('MODIFIER_PROMOTION_CITY_RAIDER2', 'Amount', 'ARGTYPE_IDENTITY', '6'),
('MODIFIER_PROMOTION_CITY_RAIDER3', 'Amount', 'ARGTYPE_IDENTITY', '6'),
('MODIFIER_PROMOTION_COMBAT1', 'Amount', 'ARGTYPE_IDENTITY', '4'),
('MODIFIER_PROMOTION_COMBAT2', 'Amount', 'ARGTYPE_IDENTITY', '4'),
('MODIFIER_PROMOTION_COMBAT3', 'Amount', 'ARGTYPE_IDENTITY', '4'),
('MODIFIER_PROMOTION_COMBAT4', 'Amount', 'ARGTYPE_IDENTITY', '4'),
('MODIFIER_PROMOTION_COMBAT5', 'Amount', 'ARGTYPE_IDENTITY', '4'),
('MODIFIER_PROMOTION_COVER', 'Amount', 'ARGTYPE_IDENTITY', '7'),
('MODIFIER_PROMOTION_COVER2', 'Amount', 'ARGTYPE_IDENTITY', '7'),
('MODIFIER_WOODSMAN1_ABILITY_FEATUREATTACKS_FEATURE_JUNGLE', 'Amount', 'ARGTYPE_IDENTITY', '6'),
('MODIFIER_WOODSMAN1_ABILITY_FEATUREATTACKS_FEATURE_FOREST', 'Amount', 'ARGTYPE_IDENTITY', '6'),
('MODIFIER_WOODSMAN1_ABILITY_FEATUREATTACKS_FEATURE_FOREST_ANCIENT', 'Amount', 'ARGTYPE_IDENTITY', '6'),
('TRAIT_GRANT_WOODSMAN1_ABILITY_FEATUREATTACKS', 'AbilityType', 'ARGTYPE_IDENTITY', 'WOODSMAN1_ABILITY_FEATUREATTACKS'),
('MODIFIER_WOODSMAN1_ABILITY_FEATUREDEFENSES_FEATURE_JUNGLE', 'Amount', 'ARGTYPE_IDENTITY', '6'),
('MODIFIER_WOODSMAN1_ABILITY_FEATUREDEFENSES_FEATURE_FOREST', 'Amount', 'ARGTYPE_IDENTITY', '6'),
('MODIFIER_WOODSMAN1_ABILITY_FEATUREDEFENSES_FEATURE_FOREST_ANCIENT', 'Amount', 'ARGTYPE_IDENTITY', '6'),
('TRAIT_GRANT_WOODSMAN1_ABILITY_FEATUREDEFENSES', 'AbilityType', 'ARGTYPE_IDENTITY', 'WOODSMAN1_ABILITY_FEATUREDEFENSES'),
('MODIFIER_WOODSMAN2_ABILITY_FEATUREATTACKS_FEATURE_JUNGLE', 'Amount', 'ARGTYPE_IDENTITY', '6'),
('MODIFIER_WOODSMAN2_ABILITY_FEATUREATTACKS_FEATURE_FOREST', 'Amount', 'ARGTYPE_IDENTITY', '6'),
('MODIFIER_WOODSMAN2_ABILITY_FEATUREATTACKS_FEATURE_FOREST_ANCIENT', 'Amount', 'ARGTYPE_IDENTITY', '6'),
('TRAIT_GRANT_WOODSMAN2_ABILITY_FEATUREATTACKS', 'AbilityType', 'ARGTYPE_IDENTITY', 'WOODSMAN2_ABILITY_FEATUREATTACKS'),
('MODIFIER_WOODSMAN2_ABILITY_FEATUREDEFENSES_FEATURE_JUNGLE', 'Amount', 'ARGTYPE_IDENTITY', '6'),
('MODIFIER_WOODSMAN2_ABILITY_FEATUREDEFENSES_FEATURE_FOREST', 'Amount', 'ARGTYPE_IDENTITY', '6'),
('MODIFIER_WOODSMAN2_ABILITY_FEATUREDEFENSES_FEATURE_FOREST_ANCIENT', 'Amount', 'ARGTYPE_IDENTITY', '6'),
('TRAIT_GRANT_WOODSMAN2_ABILITY_FEATUREDEFENSES', 'AbilityType', 'ARGTYPE_IDENTITY', 'WOODSMAN2_ABILITY_FEATUREDEFENSES'),
('MODIFIER_PROMOTION_WOODSMAN2_ABILITY_FEATUREDOUBLEMOVES_JUNGLE', 'Amount', 'ARGTYPE_IDENTITY', '1'),
('MODIFIER_PROMOTION_WOODSMAN2_ABILITY_FEATUREDOUBLEMOVES_FOREST', 'Amount', 'ARGTYPE_IDENTITY', '1'),
('MODIFIER_PROMOTION_WOODSMAN2_ABILITY_FEATUREDOUBLEMOVES_ANCIENT_FOREST', 'Amount', 'ARGTYPE_IDENTITY', '1'),
('TRAIT_GRANT_PROMOTION_WOODSMAN2_ABILITY_FEATUREDOUBLEMOVES', 'AbilityType', 'ARGTYPE_IDENTITY', 'PROMOTION_WOODSMAN2_ABILITY_FEATUREDOUBLEMOVES');
INSERT INTO Requirements(RequirementId, RequirementType, ProgressWeight) VALUES
('OPPONENT_PROMOTION_CLASS_MELEE_REQUIREMENT', 'REQUIREMENT_OPPONENT_UNIT_PROMOTION_CLASS_MATCHES', '0'),
('OPPONENT_PROMOTION_CLASS_NAVAL_REQUIREMENT', 'REQUIREMENT_OPPONENT_UNIT_PROMOTION_CLASS_MATCHES', '0'),
('OPPONENT_PROMOTION_CLASS_ARCHER_REQUIREMENT', 'REQUIREMENT_OPPONENT_UNIT_PROMOTION_CLASS_MATCHES', '0'),
('PLOT_IS_FEATURE_TYPE_REQUIREMENT', 'REQUIREMENT_PLOT_FEATURE_TYPE_MATCHES', '0'),
('PLOT_IS_ANCIENT_FOREST_REQUIREMENT', 'REQUIREMENT_PLOT_FEATURE_TYPE_MATCHES', '0'),
('OPPONENT_PROMOTION_CLASS_MOUNTED_REQUIREMENT', 'REQUIREMENT_OPPONENT_UNIT_PROMOTION_CLASS_MATCHES', '0'),
('OPPONENT_PROMOTION_CLASS_DISCIPLE_REQUIREMENT', 'REQUIREMENT_OPPONENT_UNIT_PROMOTION_CLASS_MATCHES', '0'),
('OPPONENT_PROMOTION_CLASS_ANIMAL_REQUIREMENT', 'REQUIREMENT_OPPONENT_UNIT_PROMOTION_CLASS_MATCHES', '0'),
('OPPONENT_PROMOTION_CLASS_BEAST_REQUIREMENT', 'REQUIREMENT_OPPONENT_UNIT_PROMOTION_CLASS_MATCHES', '0');
INSERT INTO RequirementArguments(RequirementId, Name, Type, Value) VALUES
('OPPONENT_PROMOTION_CLASS_MELEE_REQUIREMENT', 'UnitPromotionClass', 'ARGTYPE_IDENTITY', 'PROMOTION_CLASS_MELEE'),
('OPPONENT_PROMOTION_CLASS_NAVAL_REQUIREMENT', 'UnitPromotionClass', 'ARGTYPE_IDENTITY', 'PROMOTION_CLASS_NAVAL'),
('OPPONENT_PROMOTION_CLASS_ARCHER_REQUIREMENT', 'UnitPromotionClass', 'ARGTYPE_IDENTITY', 'PROMOTION_CLASS_ARCHER'),
('PLOT_IS_FEATURE_TYPE_REQUIREMENT', 'FeatureType', 'ARGTYPE_IDENTITY', 'FEATURE_FOREST'),
('PLOT_IS_ANCIENT_FOREST_REQUIREMENT', 'FeatureType', 'ARGTYPE_IDENTITY', 'FEATURE_FOREST_ANCIENT'),
('OPPONENT_PROMOTION_CLASS_MOUNTED_REQUIREMENT', 'UnitPromotionClass', 'ARGTYPE_IDENTITY', 'PROMOTION_CLASS_PROMOTION_CLASS_MOUNTED'),
('OPPONENT_PROMOTION_CLASS_DISCIPLE_REQUIREMENT', 'UnitPromotionClass', 'ARGTYPE_IDENTITY', 'PROMOTION_CLASS_DISCIPLE'),
('OPPONENT_PROMOTION_CLASS_ANIMAL_REQUIREMENT', 'UnitPromotionClass', 'ARGTYPE_IDENTITY', 'PROMOTION_CLASS_ANIMAL'),
('OPPONENT_PROMOTION_CLASS_BEAST_REQUIREMENT', 'UnitPromotionClass', 'ARGTYPE_IDENTITY', 'PROMOTION_CLASS_BEAST');
INSERT INTO RequirementSetRequirements(RequirementSetId, RequirementId) VALUES
('PROMOTION_GUERILLA1_REQS', 'PLAYER_IS_DEFENDER_REQUIREMENTS'),
('PROMOTION_GUERILLA1_REQS', 'PLOT_IS_HILLS_REQUIREMENT'),
('PROMOTION_GUERILLA2_ABILITY_HILLS_DOUBLE_MOVE_REQS', 'PLOT_IS_GRASS_HILLS_TERRAIN_REQUIREMENT'),
('PROMOTION_GUERILLA2_ABILITY_HILLS_DOUBLE_MOVE_REQS', 'PLOT_IS_PLAINS_HILLS_TERRAIN_REQUIREMENT'),
('PROMOTION_GUERILLA2_ABILITY_HILLS_DOUBLE_MOVE_REQS', 'PLOT_IS_DESERT_HILLS_TERRAIN_REQUIREMENT'),
('PROMOTION_GUERILLA2_ABILITY_HILLS_DOUBLE_MOVE_REQS', 'PLOT_IS_TUNDRA_HILLS_TERRAIN_REQUIREMENT'),
('PROMOTION_GUERILLA2_ABILITY_HILLS_DOUBLE_MOVE_REQS', 'PLOT_IS_SNOW_HILLS_TERRAIN_REQUIREMENT'),
('PROMOTION_GUERILLA2_REQS', 'PLAYER_IS_DEFENDER_REQUIREMENTS'),
('PROMOTION_GUERILLA2_REQS', 'PLOT_IS_HILLS_REQUIREMENT'),
('REQUIREMENT_PROMOTION_HEROIC_DEFENSE_SET', 'PLAYER_IS_DEFENDER_REQUIREMENTS'),
('REQUIREMENT_PROMOTION_HEROIC_DEFENSE2_SET', 'PLAYER_IS_DEFENDER_REQUIREMENTS'),
('WOODSMAN1_ABILITY_FEATUREATTACKS_REQS_FEATURE_JUNGLE', 'PLAYER_IS_ATTACKER_REQUIREMENTS'),
('WOODSMAN1_ABILITY_FEATUREATTACKS_REQS_FEATURE_JUNGLE', 'PLOT_IS_FEATURE_TYPE_REQUIREMENT'),
('WOODSMAN1_ABILITY_FEATUREATTACKS_REQS_FEATURE_FOREST', 'PLAYER_IS_ATTACKER_REQUIREMENTS'),
('WOODSMAN1_ABILITY_FEATUREATTACKS_REQS_FEATURE_FOREST', 'PLOT_IS_FEATURE_TYPE_REQUIREMENT'),
('WOODSMAN1_ABILITY_FEATUREATTACKS_REQS_FEATURE_FOREST_ANCIENT', 'PLAYER_IS_ATTACKER_REQUIREMENTS'),
('WOODSMAN1_ABILITY_FEATUREATTACKS_REQS_FEATURE_FOREST_ANCIENT', 'PLOT_IS_FEATURE_TYPE_REQUIREMENT'),
('WOODSMAN1_ABILITY_FEATUREDEFENSES_REQS_FEATURE_JUNGLE', 'PLAYER_IS_DEFENDER_REQUIREMENTS'),
('WOODSMAN1_ABILITY_FEATUREDEFENSES_REQS_FEATURE_JUNGLE', 'PLOT_IS_FEATURE_TYPE_REQUIREMENT'),
('WOODSMAN1_ABILITY_FEATUREDEFENSES_REQS_FEATURE_FOREST', 'PLAYER_IS_DEFENDER_REQUIREMENTS'),
('WOODSMAN1_ABILITY_FEATUREDEFENSES_REQS_FEATURE_FOREST', 'PLOT_IS_FEATURE_TYPE_REQUIREMENT'),
('WOODSMAN1_ABILITY_FEATUREDEFENSES_REQS_FEATURE_FOREST_ANCIENT', 'PLAYER_IS_DEFENDER_REQUIREMENTS'),
('WOODSMAN1_ABILITY_FEATUREDEFENSES_REQS_FEATURE_FOREST_ANCIENT', 'PLOT_IS_FEATURE_TYPE_REQUIREMENT'),
('WOODSMAN2_ABILITY_FEATUREATTACKS_REQS_FEATURE_JUNGLE', 'PLAYER_IS_ATTACKER_REQUIREMENTS'),
('WOODSMAN2_ABILITY_FEATUREATTACKS_REQS_FEATURE_JUNGLE', 'PLOT_IS_FEATURE_TYPE_REQUIREMENT'),
('WOODSMAN2_ABILITY_FEATUREATTACKS_REQS_FEATURE_FOREST', 'PLAYER_IS_ATTACKER_REQUIREMENTS'),
('WOODSMAN2_ABILITY_FEATUREATTACKS_REQS_FEATURE_FOREST', 'PLOT_IS_FEATURE_TYPE_REQUIREMENT'),
('WOODSMAN2_ABILITY_FEATUREATTACKS_REQS_FEATURE_FOREST_ANCIENT', 'PLAYER_IS_ATTACKER_REQUIREMENTS'),
('WOODSMAN2_ABILITY_FEATUREATTACKS_REQS_FEATURE_FOREST_ANCIENT', 'PLOT_IS_FEATURE_TYPE_REQUIREMENT'),
('WOODSMAN2_ABILITY_FEATUREDEFENSES_REQS_FEATURE_JUNGLE', 'PLAYER_IS_DEFENDER_REQUIREMENTS'),
('WOODSMAN2_ABILITY_FEATUREDEFENSES_REQS_FEATURE_JUNGLE', 'PLOT_IS_FEATURE_TYPE_REQUIREMENT'),
('WOODSMAN2_ABILITY_FEATUREDEFENSES_REQS_FEATURE_FOREST', 'PLAYER_IS_DEFENDER_REQUIREMENTS'),
('WOODSMAN2_ABILITY_FEATUREDEFENSES_REQS_FEATURE_FOREST', 'PLOT_IS_FEATURE_TYPE_REQUIREMENT'),
('WOODSMAN2_ABILITY_FEATUREDEFENSES_REQS_FEATURE_FOREST_ANCIENT', 'PLAYER_IS_DEFENDER_REQUIREMENTS'),
('WOODSMAN2_ABILITY_FEATUREDEFENSES_REQS_FEATURE_FOREST_ANCIENT', 'PLOT_IS_FEATURE_TYPE_REQUIREMENT'),
('PROMOTION_WOODSMAN2_ABILITY_FEATUREDOUBLEMOVES_JUNGLE_REQS', 'PLOT_IS_JUNGLE_REQUIREMENT'),
('PROMOTION_WOODSMAN2_ABILITY_FEATUREDOUBLEMOVES_FOREST_REQS', 'PLOT_IS_JUNGLE_REQUIREMENT'),
('PROMOTION_WOODSMAN2_ABILITY_FEATUREDOUBLEMOVES_FOREST_REQS', 'PLOT_IS_FOREST_REQUIREMENT'),
('PROMOTION_WOODSMAN2_ABILITY_FEATUREDOUBLEMOVES_ANCIENT_FOREST_REQS', 'PLOT_IS_JUNGLE_REQUIREMENT'),
('PROMOTION_WOODSMAN2_ABILITY_FEATUREDOUBLEMOVES_ANCIENT_FOREST_REQS', 'PLOT_IS_FOREST_REQUIREMENT'),
('PROMOTION_WOODSMAN2_ABILITY_FEATUREDOUBLEMOVES_ANCIENT_FOREST_REQS', 'PLOT_IS_ANCIENT_FOREST_REQUIREMENT');
INSERT INTO RequirementSets(RequirementSetId, RequirementSetType) VALUES
('PROMOTION_GUERILLA1_REQS', 'REQUIREMENTSET_TEST_ALL'),
('PROMOTION_GUERILLA2_ABILITY_HILLS_DOUBLE_MOVE_REQS', 'REQUIREMENTSET_TEST_ANY'),
('PROMOTION_GUERILLA2_REQS', 'REQUIREMENTSET_TEST_ALL'),
('REQUIREMENT_PROMOTION_HEROIC_DEFENSE_SET', 'REQUIREMENTSET_TEST_ALL'),
('REQUIREMENT_PROMOTION_HEROIC_DEFENSE2_SET', 'REQUIREMENTSET_TEST_ALL'),
('REQUIREMENT_PROMOTION_IRON_WEAPONS_SET', 'REQUIREMENTSET_TEST_ALL'),
('WOODSMAN1_ABILITY_FEATUREATTACKS_REQS_FEATURE_JUNGLE', 'REQUIREMENTSET_TEST_ALL'),
('WOODSMAN1_ABILITY_FEATUREATTACKS_REQS_FEATURE_FOREST', 'REQUIREMENTSET_TEST_ALL'),
('WOODSMAN1_ABILITY_FEATUREATTACKS_REQS_FEATURE_FOREST_ANCIENT', 'REQUIREMENTSET_TEST_ALL'),
('WOODSMAN1_ABILITY_FEATUREDEFENSES_REQS_FEATURE_JUNGLE', 'REQUIREMENTSET_TEST_ALL'),
('WOODSMAN1_ABILITY_FEATUREDEFENSES_REQS_FEATURE_FOREST', 'REQUIREMENTSET_TEST_ALL'),
('WOODSMAN1_ABILITY_FEATUREDEFENSES_REQS_FEATURE_FOREST_ANCIENT', 'REQUIREMENTSET_TEST_ALL'),
('WOODSMAN2_ABILITY_FEATUREATTACKS_REQS_FEATURE_JUNGLE', 'REQUIREMENTSET_TEST_ALL'),
('WOODSMAN2_ABILITY_FEATUREATTACKS_REQS_FEATURE_FOREST', 'REQUIREMENTSET_TEST_ALL'),
('WOODSMAN2_ABILITY_FEATUREATTACKS_REQS_FEATURE_FOREST_ANCIENT', 'REQUIREMENTSET_TEST_ALL'),
('WOODSMAN2_ABILITY_FEATUREDEFENSES_REQS_FEATURE_JUNGLE', 'REQUIREMENTSET_TEST_ALL'),
('WOODSMAN2_ABILITY_FEATUREDEFENSES_REQS_FEATURE_FOREST', 'REQUIREMENTSET_TEST_ALL'),
('WOODSMAN2_ABILITY_FEATUREDEFENSES_REQS_FEATURE_FOREST_ANCIENT', 'REQUIREMENTSET_TEST_ALL'),
('PROMOTION_WOODSMAN2_ABILITY_FEATUREDOUBLEMOVES_JUNGLE_REQS', 'REQUIREMENTSET_TEST_ANY'),
('PROMOTION_WOODSMAN2_ABILITY_FEATUREDOUBLEMOVES_FOREST_REQS', 'REQUIREMENTSET_TEST_ANY'),
('PROMOTION_WOODSMAN2_ABILITY_FEATUREDOUBLEMOVES_ANCIENT_FOREST_REQS', 'REQUIREMENTSET_TEST_ANY');

-- now do as dummy promos
INSERT INTO UnitPromotionClasses(PromotionClassType, Name) VALUES
('PROMOTION_CLASS_DUMMY', 'LOC_PROMOTION_CLASS_DUMMY_NAME');

INSERT INTO UnitPromotions(UnitPromotionType, Name, Description, Level, PromotionClass, "Column", Specialization) VALUES
('PROMOTION_CANNIBALIZE_ANIMAL', 'LOC_PROMOTION_CANNIBALIZE_NAME', 'LOC_PROMOTION_CANNIBALIZE_DESCRIPTION', '3', 'PROMOTION_CLASS_ANIMAL', '3', 'PROMOTION_COMBAT2_ANIMAL'),
('PROMOTION_CANNIBALIZE_ADEPT', 'LOC_PROMOTION_CANNIBALIZE_NAME', 'LOC_PROMOTION_CANNIBALIZE_DESCRIPTION', '3', 'PROMOTION_CLASS_ADEPT', '1', 'PROMOTION_COMBAT2_ADEPT'),
('PROMOTION_CANNIBALIZE_DISCIPLE', 'LOC_PROMOTION_CANNIBALIZE_NAME', 'LOC_PROMOTION_CANNIBALIZE_DESCRIPTION', '3', 'PROMOTION_CLASS_DISCIPLE', '7', 'PROMOTION_COMBAT2_DISCIPLE'),
('PROMOTION_CANNIBALIZE_RECON', 'LOC_PROMOTION_CANNIBALIZE_NAME', 'LOC_PROMOTION_CANNIBALIZE_DESCRIPTION', '3', 'PROMOTION_CLASS_RECON', '9', 'PROMOTION_COMBAT2_RECON'),
('PROMOTION_CANNIBALIZE_RANGED', 'LOC_PROMOTION_CANNIBALIZE_NAME', 'LOC_PROMOTION_CANNIBALIZE_DESCRIPTION', '3', 'PROMOTION_CLASS_RANGED', '9', 'PROMOTION_COMBAT2_RANGED'),
('PROMOTION_CANNIBALIZE_BEAST', 'LOC_PROMOTION_CANNIBALIZE_NAME', 'LOC_PROMOTION_CANNIBALIZE_DESCRIPTION', '3', 'PROMOTION_CLASS_BEAST', '13', 'PROMOTION_COMBAT2_BEAST'),
('PROMOTION_CANNIBALIZE_MELEE', 'LOC_PROMOTION_CANNIBALIZE_NAME', 'LOC_PROMOTION_CANNIBALIZE_DESCRIPTION', '3', 'PROMOTION_CLASS_MELEE', '13', 'PROMOTION_COMBAT2_MELEE'),
('PROMOTION_CANNIBALIZE_LIGHT_CAVALRY', 'LOC_PROMOTION_CANNIBALIZE_NAME', 'LOC_PROMOTION_CANNIBALIZE_DESCRIPTION', '3', 'PROMOTION_CLASS_LIGHT_CAVALRY', '13', 'PROMOTION_IS_UNDEAD'),
('PROMOTION_CITY_RAIDER1_ANIMAL', 'LOC_PROMOTION_CITY_RAIDER1_NAME', 'LOC_PROMOTION_CITY_RAIDER1_DESCRIPTION', '1', 'PROMOTION_CLASS_ANIMAL', '1', NULL),
('PROMOTION_CITY_RAIDER1_MELEE', 'LOC_PROMOTION_CITY_RAIDER1_NAME', 'LOC_PROMOTION_CITY_RAIDER1_DESCRIPTION', '6', 'PROMOTION_CLASS_MELEE', '7', NULL),
('PROMOTION_CITY_RAIDER1_DISCIPLE', 'LOC_PROMOTION_CITY_RAIDER1_NAME', 'LOC_PROMOTION_CITY_RAIDER1_DESCRIPTION', '1', 'PROMOTION_CLASS_DISCIPLE', '7', NULL),
('PROMOTION_CITY_RAIDER1_BEAST', 'LOC_PROMOTION_CITY_RAIDER1_NAME', 'LOC_PROMOTION_CITY_RAIDER1_DESCRIPTION', '6', 'PROMOTION_CLASS_BEAST', '7', NULL),
('PROMOTION_CITY_GARRISON1_RANGED', 'LOC_PROMOTION_CITY_GARRISON1_NAME', 'LOC_PROMOTION_CITY_GARRISON1_DESCRIPTION', '1', 'PROMOTION_CLASS_RANGED', '7', NULL),
('PROMOTION_CITY_GARRISON1_DISCIPLE', 'LOC_PROMOTION_CITY_GARRISON1_NAME', 'LOC_PROMOTION_CITY_GARRISON1_DESCRIPTION', '1', 'PROMOTION_CLASS_DISCIPLE', '9', NULL),
('PROMOTION_SCOURGE_MELEE', 'LOC_PROMOTION_SCOURGE_NAME', 'LOC_PROMOTION_SCOURGE_DESCRIPTION', '2', 'PROMOTION_CLASS_MELEE', '13', 'PROMOTION_COMBAT1_MELEE'),
('PROMOTION_SCOURGE_BEAST', 'LOC_PROMOTION_SCOURGE_NAME', 'LOC_PROMOTION_SCOURGE_DESCRIPTION', '2', 'PROMOTION_CLASS_BEAST', '13', 'PROMOTION_COMBAT1_BEAST'),
('PROMOTION_SCOURGE_RECON', 'LOC_PROMOTION_SCOURGE_NAME', 'LOC_PROMOTION_SCOURGE_DESCRIPTION', '2', 'PROMOTION_CLASS_RECON', '11', 'PROMOTION_COMBAT1_RECON'),
('PROMOTION_DEMON_SLAYING_MELEE', 'LOC_PROMOTION_DEMON_SLAYING_NAME', 'LOC_PROMOTION_DEMON_SLAYING_DESCRIPTION', '2', 'PROMOTION_CLASS_MELEE', '11', 'PROMOTION_COMBAT1_MELEE'),
('PROMOTION_DEMON_SLAYING_DISCIPLE', 'LOC_PROMOTION_DEMON_SLAYING_NAME', 'LOC_PROMOTION_DEMON_SLAYING_DESCRIPTION', '2', 'PROMOTION_CLASS_DISCIPLE', '9', 'PROMOTION_COMBAT1_DISCIPLE'),
('PROMOTION_DEMON_SLAYING_BEAST', 'LOC_PROMOTION_DEMON_SLAYING_NAME', 'LOC_PROMOTION_DEMON_SLAYING_DESCRIPTION', '2', 'PROMOTION_CLASS_BEAST', '11', 'PROMOTION_COMBAT1_BEAST'),
('PROMOTION_UNDEAD_SLAYING_DISCIPLE', 'LOC_PROMOTION_UNDEAD_SLAYING_NAME', 'LOC_PROMOTION_UNDEAD_SLAYING_DESCRIPTION', '2', 'PROMOTION_CLASS_DISCIPLE', '7', 'PROMOTION_COMBAT1_DISCIPLE'),
('PROMOTION_UNDEAD_SLAYING_BEAST', 'LOC_PROMOTION_UNDEAD_SLAYING_NAME', 'LOC_PROMOTION_UNDEAD_SLAYING_DESCRIPTION', '2', 'PROMOTION_CLASS_BEAST', '9', 'PROMOTION_COMBAT1_BEAST'),
('PROMOTION_UNDEAD_SLAYING_MELEE', 'LOC_PROMOTION_UNDEAD_SLAYING_NAME', 'LOC_PROMOTION_UNDEAD_SLAYING_DESCRIPTION', '2', 'PROMOTION_CLASS_MELEE', '9', 'PROMOTION_COMBAT1_MELEE'),
('PROMOTION_GUERILLA2_MELEE', 'LOC_PROMOTION_GUERILLA2_NAME', 'LOC_PROMOTION_GUERILLA2_DESCRIPTION', '2', 'PROMOTION_CLASS_MELEE', '1', 'PROMOTION_GUERILLA1_MELEE'),
('PROMOTION_GUERILLA2_DISCIPLE', 'LOC_PROMOTION_GUERILLA2_NAME', 'LOC_PROMOTION_GUERILLA2_DESCRIPTION', '2', 'PROMOTION_CLASS_DISCIPLE', '1', 'PROMOTION_GUERILLA1_DISCIPLE'),
('PROMOTION_GUERILLA2_RANGED', 'LOC_PROMOTION_GUERILLA2_NAME', 'LOC_PROMOTION_GUERILLA2_DESCRIPTION', '2', 'PROMOTION_CLASS_RANGED', '1', 'PROMOTION_GUERILLA1_RANGED'),
('PROMOTION_GUERILLA2_BEAST', 'LOC_PROMOTION_GUERILLA2_NAME', 'LOC_PROMOTION_GUERILLA2_DESCRIPTION', '2', 'PROMOTION_CLASS_BEAST', '1', 'PROMOTION_GUERILLA1_BEAST'),
('PROMOTION_GUERILLA2_RECON', 'LOC_PROMOTION_GUERILLA2_NAME', 'LOC_PROMOTION_GUERILLA2_DESCRIPTION', '2', 'PROMOTION_CLASS_RECON', '1', 'PROMOTION_GUERILLA1_RECON'),
('PROMOTION_WOODSMAN2_RECON', 'LOC_PROMOTION_WOODSMAN2_NAME', 'LOC_PROMOTION_WOODSMAN2_DESCRIPTION', '1', 'PROMOTION_CLASS_RECON', '11', 'PROMOTION_WOODSMAN1_RECON'),
('PROMOTION_WOODSMAN2_BEAST', 'LOC_PROMOTION_WOODSMAN2_NAME', 'LOC_PROMOTION_WOODSMAN2_DESCRIPTION', '1', 'PROMOTION_CLASS_BEAST', '11', 'PROMOTION_WOODSMAN1_BEAST'),
('PROMOTION_SUBDUE_ANIMAL_RECON', 'LOC_PROMOTION_SUBDUE_ANIMAL_NAME', 'LOC_PROMOTION_SUBDUE_ANIMAL_DESCRIPTION', '2', 'PROMOTION_CLASS_RECON', '7', 'PROMOTION_COMBAT1_RECON'),
('PROMOTION_SUBDUE_BEASTS_RECON', 'LOC_PROMOTION_SUBDUE_BEASTS_NAME', 'LOC_PROMOTION_SUBDUE_BEASTS_DESCRIPTION', '3', 'PROMOTION_CLASS_RECON', '7', 'PROMOTION_COMBAT3_RECON'),
('PROMOTION_BLITZ_DISCIPLE', 'LOC_PROMOTION_BLITZ_NAME', 'LOC_PROMOTION_BLITZ_DESCRIPTION', '5', 'PROMOTION_CLASS_DISCIPLE', '5', 'PROMOTION_DRILL4_DISCIPLE'),
('PROMOTION_BLITZ_RECON', 'LOC_PROMOTION_BLITZ_NAME', 'LOC_PROMOTION_BLITZ_DESCRIPTION', '6', 'PROMOTION_CLASS_RECON', '15', 'PROMOTION_DRILL4_RECON'),
('PROMOTION_BLITZ_BEAST', 'LOC_PROMOTION_BLITZ_NAME', 'LOC_PROMOTION_BLITZ_DESCRIPTION', '7', 'PROMOTION_CLASS_BEAST', '13', 'PROMOTION_DRILL4_BEAST'),
('PROMOTION_BLITZ_MELEE', 'LOC_PROMOTION_BLITZ_NAME', 'LOC_PROMOTION_BLITZ_DESCRIPTION', '7', 'PROMOTION_CLASS_MELEE', '13', 'PROMOTION_DRILL4_MELEE'),
('PROMOTION_BLITZ_LIGHT_CAVALRY', 'LOC_PROMOTION_BLITZ_NAME', 'LOC_PROMOTION_BLITZ_DESCRIPTION', '5', 'PROMOTION_CLASS_LIGHT_CAVALRY', '1', 'PROMOTION_DRILL4_LIGHT_CAVALRY'),
('PROMOTION_BLITZ_RANGED', 'LOC_PROMOTION_BLITZ_NAME', 'LOC_PROMOTION_BLITZ_DESCRIPTION', '5', 'PROMOTION_CLASS_RANGED', '13', 'PROMOTION_DRILL4_RANGED'),
('PROMOTION_COMMAND4_DISCIPLE', 'LOC_PROMOTION_COMMAND4_NAME', 'LOC_PROMOTION_COMMAND4_DESCRIPTION', '6', 'PROMOTION_CLASS_DISCIPLE', '13', 'PROMOTION_COMMAND3_DISCIPLE'),
('PROMOTION_MOBILITY1_ANIMAL', 'LOC_PROMOTION_MOBILITY1_NAME', 'LOC_PROMOTION_MOBILITY1_DESCRIPTION', '1', 'PROMOTION_CLASS_ANIMAL', '9', NULL),
('PROMOTION_MOBILITY1_DISCIPLE', 'LOC_PROMOTION_MOBILITY1_NAME', 'LOC_PROMOTION_MOBILITY1_DESCRIPTION', '1', 'PROMOTION_CLASS_DISCIPLE', '3', NULL),
('PROMOTION_MOBILITY1_RECON', 'LOC_PROMOTION_MOBILITY1_NAME', 'LOC_PROMOTION_MOBILITY1_DESCRIPTION', '1', 'PROMOTION_CLASS_RECON', '13', NULL),
('PROMOTION_MOBILITY1_BEAST', 'LOC_PROMOTION_MOBILITY1_NAME', 'LOC_PROMOTION_MOBILITY1_DESCRIPTION', '1', 'PROMOTION_CLASS_BEAST', '7', NULL),
('PROMOTION_MOBILITY1_RANGED', 'LOC_PROMOTION_MOBILITY1_NAME', 'LOC_PROMOTION_MOBILITY1_DESCRIPTION', '1', 'PROMOTION_CLASS_RANGED', '3', NULL),
('PROMOTION_MOBILITY1_MELEE', 'LOC_PROMOTION_MOBILITY1_NAME', 'LOC_PROMOTION_MOBILITY1_DESCRIPTION', '1', 'PROMOTION_CLASS_MELEE', '7', NULL),
('PROMOTION_MOBILITY1_LIGHT_CAVALRY', 'LOC_PROMOTION_MOBILITY1_NAME', 'LOC_PROMOTION_MOBILITY1_DESCRIPTION', '1', 'PROMOTION_CLASS_LIGHT_CAVALRY', '9', NULL),
('PROMOTION_HEROIC_STRENGTH2_ANIMAL', 'LOC_PROMOTION_HEROIC_STRENGTH2_NAME', 'LOC_PROMOTION_HEROIC_STRENGTH2_DESCRIPTION', '7', 'PROMOTION_CLASS_ANIMAL', '3', NULL),
('PROMOTION_HEROIC_STRENGTH2_MELEE', 'LOC_PROMOTION_HEROIC_STRENGTH2_NAME', 'LOC_PROMOTION_HEROIC_STRENGTH2_DESCRIPTION', '7', 'PROMOTION_CLASS_MELEE', '1', NULL),
('PROMOTION_HEROIC_STRENGTH2_DISCIPLE', 'LOC_PROMOTION_HEROIC_STRENGTH2_NAME', 'LOC_PROMOTION_HEROIC_STRENGTH2_DESCRIPTION', '7', 'PROMOTION_CLASS_DISCIPLE', '1', NULL),
('PROMOTION_HEROIC_STRENGTH2_RECON', 'LOC_PROMOTION_HEROIC_STRENGTH2_NAME', 'LOC_PROMOTION_HEROIC_STRENGTH2_DESCRIPTION', '7', 'PROMOTION_CLASS_RECON', '3', NULL),
('PROMOTION_HEROIC_STRENGTH2_RANGED', 'LOC_PROMOTION_HEROIC_STRENGTH2_NAME', 'LOC_PROMOTION_HEROIC_STRENGTH2_DESCRIPTION', '7', 'PROMOTION_CLASS_RANGED', '3', NULL),
('PROMOTION_HEROIC_STRENGTH2_BEAST', 'LOC_PROMOTION_HEROIC_STRENGTH2_NAME', 'LOC_PROMOTION_HEROIC_STRENGTH2_DESCRIPTION', '7', 'PROMOTION_CLASS_BEAST', '1', NULL),
('PROMOTION_HEROIC_DEFENSE2_MELEE', 'LOC_PROMOTION_HEROIC_DEFENSE2_NAME', 'LOC_PROMOTION_HEROIC_DEFENSE2_DESCRIPTION', '7', 'PROMOTION_CLASS_MELEE', '3', NULL),
('PROMOTION_HEROIC_DEFENSE2_ANIMAL', 'LOC_PROMOTION_HEROIC_DEFENSE2_NAME', 'LOC_PROMOTION_HEROIC_DEFENSE2_DESCRIPTION', '7', 'PROMOTION_CLASS_ANIMAL', '5', NULL),
('PROMOTION_HEROIC_DEFENSE2_DISCIPLE', 'LOC_PROMOTION_HEROIC_DEFENSE2_NAME', 'LOC_PROMOTION_HEROIC_DEFENSE2_DESCRIPTION', '7', 'PROMOTION_CLASS_DISCIPLE', '3', NULL),
('PROMOTION_HEROIC_DEFENSE2_RECON', 'LOC_PROMOTION_HEROIC_DEFENSE2_NAME', 'LOC_PROMOTION_HEROIC_DEFENSE2_DESCRIPTION', '7', 'PROMOTION_CLASS_RECON', '5', NULL),
('PROMOTION_HEROIC_DEFENSE2_RANGED', 'LOC_PROMOTION_HEROIC_DEFENSE2_NAME', 'LOC_PROMOTION_HEROIC_DEFENSE2_DESCRIPTION', '7', 'PROMOTION_CLASS_RANGED', '5', NULL),
('PROMOTION_HEROIC_DEFENSE2_BEAST', 'LOC_PROMOTION_HEROIC_DEFENSE2_NAME', 'LOC_PROMOTION_HEROIC_DEFENSE2_DESCRIPTION', '7', 'PROMOTION_CLASS_BEAST', '3', NULL),
('PROMOTION_HEROIC_STRENGTH2_LIGHT_CAVALRY', 'LOC_PROMOTION_HEROIC_STRENGTH2_NAME', 'LOC_PROMOTION_HEROIC_STRENGTH2_DESCRIPTION', '7', 'PROMOTION_CLASS_LIGHT_CAVALRY', '3', NULL),
('PROMOTION_HEROIC_DEFENSE2_LIGHT_CAVALRY', 'LOC_PROMOTION_HEROIC_DEFENSE2_NAME', 'LOC_PROMOTION_HEROIC_DEFENSE2_DESCRIPTION', '7', 'PROMOTION_CLASS_LIGHT_CAVALRY', '5', NULL),
('PROMOTION_HEROIC_DEFENSE_ANIMAL', 'LOC_PROMOTION_HEROIC_DEFENSE_NAME', 'LOC_PROMOTION_HEROIC_DEFENSE_DESCRIPTION', '6', 'PROMOTION_CLASS_ANIMAL', '5', 'PROMOTION_COMBAT5_ANIMAL'),
('PROMOTION_HEROIC_STRENGTH_ANIMAL', 'LOC_PROMOTION_HEROIC_STRENGTH_NAME', 'LOC_PROMOTION_HEROIC_STRENGTH_DESCRIPTION', '6', 'PROMOTION_CLASS_ANIMAL', '3', 'PROMOTION_COMBAT5_ANIMAL'),
('PROMOTION_HEROIC_STRENGTH_MELEE', 'LOC_PROMOTION_HEROIC_STRENGTH_NAME', 'LOC_PROMOTION_HEROIC_STRENGTH_DESCRIPTION', '6', 'PROMOTION_CLASS_MELEE', '1', 'PROMOTION_COMBAT5_MELEE'),
('PROMOTION_HEROIC_DEFENSE_MELEE', 'LOC_PROMOTION_HEROIC_DEFENSE_NAME', 'LOC_PROMOTION_HEROIC_DEFENSE_DESCRIPTION', '6', 'PROMOTION_CLASS_MELEE', '3', 'PROMOTION_COMBAT5_MELEE'),
('PROMOTION_HEROIC_DEFENSE_DISCIPLE', 'LOC_PROMOTION_HEROIC_DEFENSE_NAME', 'LOC_PROMOTION_HEROIC_DEFENSE_DESCRIPTION', '6', 'PROMOTION_CLASS_DISCIPLE', '3', 'PROMOTION_COMBAT5_DISCIPLE'),
('PROMOTION_HEROIC_STRENGTH_DISCIPLE', 'LOC_PROMOTION_HEROIC_STRENGTH_NAME', 'LOC_PROMOTION_HEROIC_STRENGTH_DESCRIPTION', '6', 'PROMOTION_CLASS_DISCIPLE', '1', 'PROMOTION_COMBAT5_DISCIPLE'),
('PROMOTION_HEROIC_STRENGTH_RECON', 'LOC_PROMOTION_HEROIC_STRENGTH_NAME', 'LOC_PROMOTION_HEROIC_STRENGTH_DESCRIPTION', '6', 'PROMOTION_CLASS_RECON', '3', 'PROMOTION_COMBAT5_RECON'),
('PROMOTION_HEROIC_DEFENSE_RECON', 'LOC_PROMOTION_HEROIC_DEFENSE_NAME', 'LOC_PROMOTION_HEROIC_DEFENSE_DESCRIPTION', '6', 'PROMOTION_CLASS_RECON', '5', 'PROMOTION_COMBAT5_RECON'),
('PROMOTION_HEROIC_DEFENSE_RANGED', 'LOC_PROMOTION_HEROIC_DEFENSE_NAME', 'LOC_PROMOTION_HEROIC_DEFENSE_DESCRIPTION', '6', 'PROMOTION_CLASS_RANGED', '5', 'PROMOTION_COMBAT5_RANGED'),
('PROMOTION_HEROIC_STRENGTH_RANGED', 'LOC_PROMOTION_HEROIC_STRENGTH_NAME', 'LOC_PROMOTION_HEROIC_STRENGTH_DESCRIPTION', '6', 'PROMOTION_CLASS_RANGED', '3', 'PROMOTION_COMBAT5_RANGED'),
('PROMOTION_HEROIC_STRENGTH_BEAST', 'LOC_PROMOTION_HEROIC_STRENGTH_NAME', 'LOC_PROMOTION_HEROIC_STRENGTH_DESCRIPTION', '6', 'PROMOTION_CLASS_BEAST', '1', 'PROMOTION_COMBAT5_BEAST'),
('PROMOTION_HEROIC_DEFENSE_BEAST', 'LOC_PROMOTION_HEROIC_DEFENSE_NAME', 'LOC_PROMOTION_HEROIC_DEFENSE_DESCRIPTION', '6', 'PROMOTION_CLASS_BEAST', '3', 'PROMOTION_COMBAT5_BEAST'),
('PROMOTION_HEROIC_DEFENSE_LIGHT_CAVALRY', 'LOC_PROMOTION_HEROIC_DEFENSE_NAME', 'LOC_PROMOTION_HEROIC_DEFENSE_DESCRIPTION', '6', 'PROMOTION_CLASS_LIGHT_CAVALRY', '5', 'PROMOTION_COMBAT5_LIGHT_CAVALRY'),
('PROMOTION_HEROIC_STRENGTH_LIGHT_CAVALRY', 'LOC_PROMOTION_HEROIC_STRENGTH_NAME', 'LOC_PROMOTION_HEROIC_STRENGTH_DESCRIPTION', '6', 'PROMOTION_CLASS_LIGHT_CAVALRY', '3', 'PROMOTION_COMBAT5_LIGHT_CAVALRY'),
('PROMOTION_FEAR_RECON', 'LOC_PROMOTION_FEAR_NAME', 'LOC_PROMOTION_FEAR_DESCRIPTION', '6', 'PROMOTION_CLASS_RECON', '7', 'PROMOTION_COMBAT5_RECON'),
('PROMOTION_FEAR_RANGED', 'LOC_PROMOTION_FEAR_NAME', 'LOC_PROMOTION_FEAR_DESCRIPTION', '6', 'PROMOTION_CLASS_RANGED', '7', 'PROMOTION_COMBAT5_RANGED'),
('PROMOTION_FEAR_MELEE', 'LOC_PROMOTION_FEAR_NAME', 'LOC_PROMOTION_FEAR_DESCRIPTION', '6', 'PROMOTION_CLASS_MELEE', '5', 'PROMOTION_COMBAT5_MELEE'),
('PROMOTION_FEAR_LIGHT_CAVALRY', 'LOC_PROMOTION_FEAR_NAME', 'LOC_PROMOTION_FEAR_DESCRIPTION', '6', 'PROMOTION_CLASS_LIGHT_CAVALRY', '7', 'PROMOTION_COMBAT5_LIGHT_CAVALRY');

INSERT INTO UnitPromotions(UnitPromotionType, Name, Description, Level, PromotionClass) VALUES
('PROMOTION_IS_UNDEAD', 'LOC_PROMOTION_IS_UNDEAD_NAME', 'LOC_PROMOTION_IS_UNDEAD_DESCRIPTION', '3', 'PROMOTION_CLASS_DUMMY'),
('PROMOTION_IS_UNDEAD_COMBATV', 'LOC_PROMOTION_IS_UNDEAD_NAME', 'LOC_PROMOTION_IS_UNDEAD_DESCRIPTION', '3', 'PROMOTION_CLASS_DUMMY'),
('PROMOTION_PLAYER_HAS_WARFARE', 'LOC_PROMOTION_PLAYER_HAS_WARFARE_NAME', 'LOC_PROMOTION_PLAYER_HAS_WARFARE_DESCRIPTION', '3', 'PROMOTION_CLASS_DUMMY'),
('PROMOTION_IS_HERO_COMBATV', 'LOC_PROMOTION_IS_HERO_COMBATV_NAME', 'LOC_PROMOTION_IS_HERO_COMBATV_DESCRIPTION', '3', 'PROMOTION_CLASS_DUMMY'),
('PROMOTION_IS_DEMON', 'LOC_PROMOTION_IS_DEMON_NAME', 'LOC_PROMOTION_IS_DEMON_DESCRIPTION', '3', 'PROMOTION_CLASS_DUMMY'),
('PROMOTION_PLAYER_HAS_NIGHTMARE', 'LOC_PROMOTION_PLAYER_HAS_NIGHTMARE_NAME', 'LOC_PROMOTION_PLAYER_HAS_NIGHTMARE_DESCRIPTION', '3', 'PROMOTION_CLASS_DUMMY'),
('PROMOTION_PLAYER_HAS_HIDDEN_PATHS', 'LOC_PROMOTION_PLAYER_HAS_HIDDEN_PATHS_NAME', 'LOC_PROMOTION_PLAYER_HAS_HIDDEN_PATHS_DESCRIPTION', '3', 'PROMOTION_CLASS_DUMMY'),
('PROMOTION_PLAYER_HAS_ANIMAL_HUSBANDRY', 'LOC_PROMOTION_PLAYER_HAS_ANIMAL_HUSBANDRY_NAME', 'LOC_PROMOTION_PLAYER_HAS_ANIMAL_HUSBANDRY_DESCRIPTION', '3', 'PROMOTION_CLASS_DUMMY'),
('PROMOTION_PLAYER_HAS_ANIMAL_MASTERY', 'LOC_PROMOTION_PLAYER_HAS_ANIMAL_MASTERY_NAME', 'LOC_PROMOTION_PLAYER_HAS_ANIMAL_MASTERY_DESCRIPTION', '3', 'PROMOTION_CLASS_DUMMY'),
('PROMOTION_PLAYER_HAS_CORRUPTION_OF_SPIRIT', 'LOC_PROMOTION_PLAYER_HAS_CORRUPTION_OF_SPIRIT_NAME', 'LOC_PROMOTION_PLAYER_HAS_CORRUPTION_OF_SPIRIT_DESCRIPTION', '3', 'PROMOTION_CLASS_DUMMY'),
('PROMOTION_PLAYER_HAS_ARETE', 'LOC_PROMOTION_PLAYER_HAS_ARETE_NAME', 'LOC_PROMOTION_PLAYER_HAS_ARETE_DESCRIPTION', '3', 'PROMOTION_CLASS_DUMMY'),
('PROMOTION_PLAYER_HAS_WAY_OF_WISE', 'LOC_PROMOTION_PLAYER_HAS_WAY_OF_WISE_NAME', 'LOC_PROMOTION_PLAYER_HAS_WAY_OF_WISE_DESCRIPTION', '3', 'PROMOTION_CLASS_DUMMY'),
('PROMOTION_PLAYER_HAS_WAY_OF_WICKED', 'LOC_PROMOTION_PLAYER_HAS_WAY_OF_WICKED_NAME', 'LOC_PROMOTION_PLAYER_HAS_WAY_OF_WICKED_DESCRIPTION', '3', 'PROMOTION_CLASS_DUMMY'),
('PROMOTION_PLAYER_HAS_MIL_STRATEGY', 'LOC_PROMOTION_PLAYER_HAS_MIL_STRATEGY_NAME', 'LOC_PROMOTION_PLAYER_HAS_MIL_STRATEGY_DESCRIPTION', '3', 'PROMOTION_CLASS_DUMMY'),
('PROMOTION_PLAYER_HAS_ARCANE_LORE', 'LOC_PROMOTION_PLAYER_HAS_ARCANE_LORE_NAME', 'LOC_PROMOTION_PLAYER_HAS_ARCANE_LORE_DESCRIPTION', '3', 'PROMOTION_CLASS_DUMMY'),
('PROMOTION_PLAYER_HAS_HORSEBACK_RIDING', 'LOC_PROMOTION_PLAYER_HAS_HORSEBACK_RIDING_NAME', 'LOC_PROMOTION_PLAYER_HAS_HORSEBACK_RIDING_DESCRIPTION', '3', 'PROMOTION_CLASS_DUMMY'),
('PROMOTION_PLAYER_HAS_ORDER_STATE', 'LOC_PROMOTION_PLAYER_HAS_ORDER_STATE_NAME', 'LOC_PROMOTION_PLAYER_HAS_ORDER_STATE_DESCRIPTION', '3', 'PROMOTION_CLASS_DUMMY'),
('AIR_SPHERE_ALLOWED', 'LOC_AIR_SPHERE_ALLOWED_NAME', 'LOC_AIR_SPHERE_ALLOWED_DESCRIPTION', '1', 'PROMOTION_CLASS_DUMMY'),
('BODY_SPHERE_ALLOWED', 'LOC_BODY_SPHERE_ALLOWED_NAME', 'LOC_BODY_SPHERE_ALLOWED_DESCRIPTION', '1', 'PROMOTION_CLASS_DUMMY'),
('CHAOS_SPHERE_ALLOWED', 'LOC_CHAOS_SPHERE_ALLOWED_NAME', 'LOC_CHAOS_SPHERE_ALLOWED_DESCRIPTION', '1', 'PROMOTION_CLASS_DUMMY'),
('DEATH_SPHERE_ALLOWED', 'LOC_DEATH_SPHERE_ALLOWED_NAME', 'LOC_DEATH_SPHERE_ALLOWED_DESCRIPTION', '1', 'PROMOTION_CLASS_DUMMY'),
('EARTH_SPHERE_ALLOWED', 'LOC_EARTH_SPHERE_ALLOWED_NAME', 'LOC_EARTH_SPHERE_ALLOWED_DESCRIPTION', '1', 'PROMOTION_CLASS_DUMMY'),
('ENCHANTMENT_SPHERE_ALLOWED', 'LOC_ENCHANTMENT_SPHERE_ALLOWED_NAME', 'LOC_ENCHANTMENT_SPHERE_ALLOWED_DESCRIPTION', '1', 'PROMOTION_CLASS_DUMMY'),
('ENTROPY_SPHERE_ALLOWED', 'LOC_ENTROPY_SPHERE_ALLOWED_NAME', 'LOC_ENTROPY_SPHERE_ALLOWED_DESCRIPTION', '1', 'PROMOTION_CLASS_DUMMY'),
('FIRE_SPHERE_ALLOWED', 'LOC_FIRE_SPHERE_ALLOWED_NAME', 'LOC_FIRE_SPHERE_ALLOWED_DESCRIPTION', '1', 'PROMOTION_CLASS_DUMMY'),
('ICE_SPHERE_ALLOWED', 'LOC_ICE_SPHERE_ALLOWED_NAME', 'LOC_ICE_SPHERE_ALLOWED_DESCRIPTION', '1', 'PROMOTION_CLASS_DUMMY'),
('LAW_SPHERE_ALLOWED', 'LOC_LAW_SPHERE_ALLOWED_NAME', 'LOC_LAW_SPHERE_ALLOWED_DESCRIPTION', '1', 'PROMOTION_CLASS_DUMMY'),
('LIFE_SPHERE_ALLOWED', 'LOC_LIFE_SPHERE_ALLOWED_NAME', 'LOC_LIFE_SPHERE_ALLOWED_DESCRIPTION', '1', 'PROMOTION_CLASS_DUMMY'),
('METAMAGIC_SPHERE_ALLOWED', 'LOC_METAMAGIC_SPHERE_ALLOWED_NAME', 'LOC_METAMAGIC_SPHERE_ALLOWED_DESCRIPTION', '1', 'PROMOTION_CLASS_DUMMY'),
('MIND_SPHERE_ALLOWED', 'LOC_MIND_SPHERE_ALLOWED_NAME', 'LOC_MIND_SPHERE_ALLOWED_DESCRIPTION', '1', 'PROMOTION_CLASS_DUMMY'),
('NATURE_SPHERE_ALLOWED', 'LOC_NATURE_SPHERE_ALLOWED_NAME', 'LOC_NATURE_SPHERE_ALLOWED_DESCRIPTION', '1', 'PROMOTION_CLASS_DUMMY'),
('SPIRIT_SPHERE_ALLOWED', 'LOC_SPIRIT_SPHERE_ALLOWED_NAME', 'LOC_SPIRIT_SPHERE_ALLOWED_DESCRIPTION', '1', 'PROMOTION_CLASS_DUMMY'),
('SHADOW_SPHERE_ALLOWED', 'LOC_SHADOW_SPHERE_ALLOWED_NAME', 'LOC_SHADOW_SPHERE_ALLOWED_DESCRIPTION', '1', 'PROMOTION_CLASS_DUMMY'),
('SUN_SPHERE_ALLOWED', 'LOC_SUN_SPHERE_ALLOWED_NAME', 'LOC_SUN_SPHERE_ALLOWED_DESCRIPTION', '1', 'PROMOTION_CLASS_DUMMY'),
('WATER_SPHERE_ALLOWED', 'LOC_WATER_SPHERE_ALLOWED_NAME', 'LOC_WATER_SPHERE_ALLOWED_DESCRIPTION', '1', 'PROMOTION_CLASS_DUMMY'),
('AIR_SPHERE_ALLOWED_2', 'LOC_AIR_SPHERE_ALLOWED_2_NAME', 'LOC_AIR_SPHERE_ALLOWED_2_DESCRIPTION', '1', 'PROMOTION_CLASS_DUMMY'),
('BODY_SPHERE_ALLOWED_2', 'LOC_BODY_SPHERE_ALLOWED_2_NAME', 'LOC_BODY_SPHERE_ALLOWED_2_DESCRIPTION', '1', 'PROMOTION_CLASS_DUMMY'),
('CHAOS_SPHERE_ALLOWED_2', 'LOC_CHAOS_SPHERE_ALLOWED_2_NAME', 'LOC_CHAOS_SPHERE_ALLOWED_2_DESCRIPTION', '1', 'PROMOTION_CLASS_DUMMY'),
('DEATH_SPHERE_ALLOWED_2', 'LOC_DEATH_SPHERE_ALLOWED_2_NAME', 'LOC_DEATH_SPHERE_ALLOWED_2_DESCRIPTION', '1', 'PROMOTION_CLASS_DUMMY'),
('EARTH_SPHERE_ALLOWED_2', 'LOC_EARTH_SPHERE_ALLOWED_2_NAME', 'LOC_EARTH_SPHERE_ALLOWED_2_DESCRIPTION', '1', 'PROMOTION_CLASS_DUMMY'),
('ENCHANTMENT_SPHERE_ALLOWED_2', 'LOC_ENCHANTMENT_SPHERE_ALLOWED_2_NAME', 'LOC_ENCHANTMENT_SPHERE_ALLOWED_2_DESCRIPTION', '1', 'PROMOTION_CLASS_DUMMY'),
('ENTROPY_SPHERE_ALLOWED_2', 'LOC_ENTROPY_SPHERE_ALLOWED_2_NAME', 'LOC_ENTROPY_SPHERE_ALLOWED_2_DESCRIPTION', '1', 'PROMOTION_CLASS_DUMMY'),
('FIRE_SPHERE_ALLOWED_2', 'LOC_FIRE_SPHERE_ALLOWED_2_NAME', 'LOC_FIRE_SPHERE_ALLOWED_2_DESCRIPTION', '1', 'PROMOTION_CLASS_DUMMY'),
('ICE_SPHERE_ALLOWED_2', 'LOC_ICE_SPHERE_ALLOWED_2_NAME', 'LOC_ICE_SPHERE_ALLOWED_2_DESCRIPTION', '1', 'PROMOTION_CLASS_DUMMY'),
('LAW_SPHERE_ALLOWED_2', 'LOC_LAW_SPHERE_ALLOWED_2_NAME', 'LOC_LAW_SPHERE_ALLOWED_2_DESCRIPTION', '1', 'PROMOTION_CLASS_DUMMY'),
('LIFE_SPHERE_ALLOWED_2', 'LOC_LIFE_SPHERE_ALLOWED_2_NAME', 'LOC_LIFE_SPHERE_ALLOWED_2_DESCRIPTION', '1', 'PROMOTION_CLASS_DUMMY'),
('METAMAGIC_SPHERE_ALLOWED_2', 'LOC_METAMAGIC_SPHERE_ALLOWED_2_NAME', 'LOC_METAMAGIC_SPHERE_ALLOWED_2_DESCRIPTION', '1', 'PROMOTION_CLASS_DUMMY'),
('MIND_SPHERE_ALLOWED_2', 'LOC_MIND_SPHERE_ALLOWED_2_NAME', 'LOC_MIND_SPHERE_ALLOWED_2_DESCRIPTION', '1', 'PROMOTION_CLASS_DUMMY'),
('NATURE_SPHERE_ALLOWED_2', 'LOC_NATURE_SPHERE_ALLOWED_2_NAME', 'LOC_NATURE_SPHERE_ALLOWED_2_DESCRIPTION', '1', 'PROMOTION_CLASS_DUMMY'),
('SPIRIT_SPHERE_ALLOWED_2', 'LOC_SPIRIT_SPHERE_ALLOWED_2_NAME', 'LOC_SPIRIT_SPHERE_ALLOWED_2_DESCRIPTION', '1', 'PROMOTION_CLASS_DUMMY'),
('SHADOW_SPHERE_ALLOWED_2', 'LOC_SHADOW_SPHERE_ALLOWED_2_NAME', 'LOC_SHADOW_SPHERE_ALLOWED_2_DESCRIPTION', '1', 'PROMOTION_CLASS_DUMMY'),
('SUN_SPHERE_ALLOWED_2', 'LOC_SUN_SPHERE_ALLOWED_2_NAME', 'LOC_SUN_SPHERE_ALLOWED_2_DESCRIPTION', '1', 'PROMOTION_CLASS_DUMMY'),
('WATER_SPHERE_ALLOWED_2', 'LOC_WATER_SPHERE_ALLOWED_2_NAME', 'LOC_WATER_SPHERE_ALLOWED_2_DESCRIPTION', '1', 'PROMOTION_CLASS_DUMMY'),
('AIR_SPHERE_ALLOWED_3', 'LOC_AIR_SPHERE_ALLOWED_3_NAME', 'LOC_AIR_SPHERE_ALLOWED_3_DESCRIPTION', '1', 'PROMOTION_CLASS_DUMMY'),
('BODY_SPHERE_ALLOWED_3', 'LOC_BODY_SPHERE_ALLOWED_3_NAME', 'LOC_BODY_SPHERE_ALLOWED_3_DESCRIPTION', '1', 'PROMOTION_CLASS_DUMMY'),
('CHAOS_SPHERE_ALLOWED_3', 'LOC_CHAOS_SPHERE_ALLOWED_3_NAME', 'LOC_CHAOS_SPHERE_ALLOWED_3_DESCRIPTION', '1', 'PROMOTION_CLASS_DUMMY'),
('DEATH_SPHERE_ALLOWED_3', 'LOC_DEATH_SPHERE_ALLOWED_3_NAME', 'LOC_DEATH_SPHERE_ALLOWED_3_DESCRIPTION', '1', 'PROMOTION_CLASS_DUMMY'),
('EARTH_SPHERE_ALLOWED_3', 'LOC_EARTH_SPHERE_ALLOWED_3_NAME', 'LOC_EARTH_SPHERE_ALLOWED_3_DESCRIPTION', '1', 'PROMOTION_CLASS_DUMMY'),
('ENCHANTMENT_SPHERE_ALLOWED_3', 'LOC_ENCHANTMENT_SPHERE_ALLOWED_3_NAME', 'LOC_ENCHANTMENT_SPHERE_ALLOWED_3_DESCRIPTION', '1', 'PROMOTION_CLASS_DUMMY'),
('ENTROPY_SPHERE_ALLOWED_3', 'LOC_ENTROPY_SPHERE_ALLOWED_3_NAME', 'LOC_ENTROPY_SPHERE_ALLOWED_3_DESCRIPTION', '1', 'PROMOTION_CLASS_DUMMY'),
('FIRE_SPHERE_ALLOWED_3', 'LOC_FIRE_SPHERE_ALLOWED_3_NAME', 'LOC_FIRE_SPHERE_ALLOWED_3_DESCRIPTION', '1', 'PROMOTION_CLASS_DUMMY'),
('ICE_SPHERE_ALLOWED_3', 'LOC_ICE_SPHERE_ALLOWED_3_NAME', 'LOC_ICE_SPHERE_ALLOWED_3_DESCRIPTION', '1', 'PROMOTION_CLASS_DUMMY'),
('LAW_SPHERE_ALLOWED_3', 'LOC_LAW_SPHERE_ALLOWED_3_NAME', 'LOC_LAW_SPHERE_ALLOWED_3_DESCRIPTION', '1', 'PROMOTION_CLASS_DUMMY'),
('LIFE_SPHERE_ALLOWED_3', 'LOC_LIFE_SPHERE_ALLOWED_3_NAME', 'LOC_LIFE_SPHERE_ALLOWED_3_DESCRIPTION', '1', 'PROMOTION_CLASS_DUMMY'),
('METAMAGIC_SPHERE_ALLOWED_3', 'LOC_METAMAGIC_SPHERE_ALLOWED_3_NAME', 'LOC_METAMAGIC_SPHERE_ALLOWED_3_DESCRIPTION', '1', 'PROMOTION_CLASS_DUMMY'),
('MIND_SPHERE_ALLOWED_3', 'LOC_MIND_SPHERE_ALLOWED_3_NAME', 'LOC_MIND_SPHERE_ALLOWED_3_DESCRIPTION', '1', 'PROMOTION_CLASS_DUMMY'),
('NATURE_SPHERE_ALLOWED_3', 'LOC_NATURE_SPHERE_ALLOWED_3_NAME', 'LOC_NATURE_SPHERE_ALLOWED_3_DESCRIPTION', '1', 'PROMOTION_CLASS_DUMMY'),
('SPIRIT_SPHERE_ALLOWED_3', 'LOC_SPIRIT_SPHERE_ALLOWED_3_NAME', 'LOC_SPIRIT_SPHERE_ALLOWED_3_DESCRIPTION', '1', 'PROMOTION_CLASS_DUMMY'),
('SHADOW_SPHERE_ALLOWED_3', 'LOC_SHADOW_SPHERE_ALLOWED_3_NAME', 'LOC_SHADOW_SPHERE_ALLOWED_3_DESCRIPTION', '1', 'PROMOTION_CLASS_DUMMY'),
('SUN_SPHERE_ALLOWED_3', 'LOC_SUN_SPHERE_ALLOWED_3_NAME', 'LOC_SUN_SPHERE_ALLOWED_3_DESCRIPTION', '1', 'PROMOTION_CLASS_DUMMY'),
('WATER_SPHERE_ALLOWED_3', 'LOC_WATER_SPHERE_ALLOWED_3_NAME', 'LOC_WATER_SPHERE_ALLOWED_3_DESCRIPTION', '1', 'PROMOTION_CLASS_DUMMY');

INSERT INTO UnitPromotionPrereqs(UnitPromotion, PrereqUnitPromotion) VALUES
('PROMOTION_CANNIBALIZE_ADEPT', 'PROMOTION_IS_UNDEAD'),                             -- also combat II
('PROMOTION_CANNIBALIZE_ANIMAL', 'PROMOTION_IS_UNDEAD'),
('PROMOTION_CANNIBALIZE_RANGED', 'PROMOTION_IS_UNDEAD'),
('PROMOTION_CANNIBALIZE_BEAST', 'PROMOTION_IS_UNDEAD'),
('PROMOTION_CANNIBALIZE_DISCIPLE', 'PROMOTION_IS_UNDEAD'),
('PROMOTION_CANNIBALIZE_MELEE', 'PROMOTION_IS_UNDEAD'),
('PROMOTION_CANNIBALIZE_LIGHT_CAVALRY', 'PROMOTION_IS_UNDEAD'),
('PROMOTION_CANNIBALIZE_RECON', 'PROMOTION_IS_UNDEAD'),
('PROMOTION_CITY_RAIDER1_ANIMAL', 'PROMOTION_PLAYER_HAS_WARFARE'),
('PROMOTION_CITY_RAIDER1_BEAST', 'PROMOTION_PLAYER_HAS_WARFARE'),
('PROMOTION_CITY_RAIDER1_MELEE', 'PROMOTION_PLAYER_HAS_WARFARE'),
('PROMOTION_CITY_RAIDER1_DISCIPLE', 'PROMOTION_PLAYER_HAS_WARFARE'),
('PROMOTION_CITY_GARRISON1_RANGED', 'PROMOTION_PLAYER_HAS_WARFARE'),
('PROMOTION_CITY_GARRISON1_DISCIPLE', 'PROMOTION_PLAYER_HAS_WARFARE'),
('PROMOTION_SUMMONER_ADEPT', 'PROMOTION_IS_HERO_COMBATV'),                                  -- also combat V
('PROMOTION_TWINCAST_ADEPT', 'PROMOTION_IS_HERO_COMBATV'),
('PROMOTION_SUBDUE_ANIMAL_RECON', 'PROMOTION_PLAYER_HAS_ANIMAL_HUSBANDRY'),             -- also combat 1
('PROMOTION_SUBDUE_BEASTS_RECON', 'PROMOTION_PLAYER_HAS_ANIMAL_MASTERY'),               -- also combat 3
('PROMOTION_UNDEAD_SLAYING_BEAST', 'PROMOTION_PLAYER_HAS_WAY_OF_WISE'),                 -- also combat 1
('PROMOTION_UNDEAD_SLAYING_DISCIPLE', 'PROMOTION_PLAYER_HAS_WAY_OF_WISE'),
('PROMOTION_UNDEAD_SLAYING_MELEE', 'PROMOTION_PLAYER_HAS_WAY_OF_WISE'),
('PROMOTION_DEMON_SLAYING_BEAST', 'PROMOTION_PLAYER_HAS_WAY_OF_WISE'),
('PROMOTION_DEMON_SLAYING_DISCIPLE', 'PROMOTION_PLAYER_HAS_WAY_OF_WISE'),
('PROMOTION_DEMON_SLAYING_MELEE', 'PROMOTION_PLAYER_HAS_WAY_OF_WISE'),
('PROMOTION_SCOURGE_BEAST', 'PROMOTION_PLAYER_HAS_WAY_OF_WICKED'),
('PROMOTION_SCOURGE_MELEE', 'PROMOTION_PLAYER_HAS_WAY_OF_WICKED'),
('PROMOTION_SCOURGE_RECON', 'PROMOTION_PLAYER_HAS_WAY_OF_WICKED'),
('PROMOTION_WOODSMAN2_BEAST', 'PROMOTION_PLAYER_HAS_HIDDEN_PATHS'),                 -- also woodsman I
('PROMOTION_WOODSMAN2_RECON', 'PROMOTION_PLAYER_HAS_HIDDEN_PATHS'),
('PROMOTION_MOBILITY1_ADEPT', 'PROMOTION_PLAYER_HAS_HORSEBACK_RIDING'),
('PROMOTION_MOBILITY1_ANIMAL', 'PROMOTION_PLAYER_HAS_HORSEBACK_RIDING'),
('PROMOTION_MOBILITY1_RANGED', 'PROMOTION_PLAYER_HAS_HORSEBACK_RIDING'),
('PROMOTION_MOBILITY1_BEAST', 'PROMOTION_PLAYER_HAS_HORSEBACK_RIDING'),
('PROMOTION_MOBILITY1_DISCIPLE', 'PROMOTION_PLAYER_HAS_HORSEBACK_RIDING'),
('PROMOTION_MOBILITY1_MELEE', 'PROMOTION_PLAYER_HAS_HORSEBACK_RIDING'),
('PROMOTION_MOBILITY1_LIGHT_CAVALRY', 'PROMOTION_PLAYER_HAS_HORSEBACK_RIDING'),
('PROMOTION_MOBILITY1_RECON', 'PROMOTION_PLAYER_HAS_HORSEBACK_RIDING'),
('PROMOTION_GUERILLA2_RANGED', 'PROMOTION_PLAYER_HAS_ARETE'),                 -- also guerilla 1
('PROMOTION_GUERILLA2_BEAST', 'PROMOTION_PLAYER_HAS_ARETE'),
('PROMOTION_GUERILLA2_DISCIPLE', 'PROMOTION_PLAYER_HAS_ARETE'),
('PROMOTION_GUERILLA2_MELEE', 'PROMOTION_PLAYER_HAS_ARETE'),
('PROMOTION_GUERILLA2_RECON', 'PROMOTION_PLAYER_HAS_ARETE'),
('PROMOTION_EXTENSION2_ADEPT', 'PROMOTION_PLAYER_HAS_ARCANE_LORE'),                 -- also extension 1
('PROMOTION_FEAR_ADEPT', 'PROMOTION_IS_UNDEAD_COMBATV'),
('PROMOTION_FEAR_RANGED', 'PROMOTION_IS_UNDEAD_COMBATV'),
('PROMOTION_FEAR_BEAST', 'PROMOTION_IS_UNDEAD_COMBATV'),
('PROMOTION_FEAR_DISCIPLE', 'PROMOTION_IS_UNDEAD_COMBATV'),
('PROMOTION_FEAR_MELEE', 'PROMOTION_IS_UNDEAD_COMBATV'),
('PROMOTION_FEAR_LIGHT_CAVALRY', 'PROMOTION_IS_UNDEAD_COMBATV'),
('PROMOTION_FEAR_RECON', 'PROMOTION_IS_UNDEAD_COMBATV'),
('PROMOTION_FEAR_ADEPT', 'PROMOTION_IS_DEMON'),
('PROMOTION_FEAR_RANGED', 'PROMOTION_IS_DEMON'),
('PROMOTION_FEAR_BEAST', 'PROMOTION_IS_DEMON'),
('PROMOTION_FEAR_DISCIPLE', 'PROMOTION_IS_DEMON'),
('PROMOTION_FEAR_MELEE', 'PROMOTION_IS_DEMON'),
('PROMOTION_FEAR_LIGHT_CAVALRY', 'PROMOTION_IS_DEMON'),
('PROMOTION_FEAR_RECON', 'PROMOTION_IS_DEMON'),
('PROMOTION_FEAR_ADEPT', 'PROMOTION_PLAYER_HAS_NIGHTMARE'),
('PROMOTION_FEAR_RANGED', 'PROMOTION_PLAYER_HAS_NIGHTMARE'),
('PROMOTION_FEAR_BEAST', 'PROMOTION_PLAYER_HAS_NIGHTMARE'),
('PROMOTION_FEAR_DISCIPLE', 'PROMOTION_PLAYER_HAS_NIGHTMARE'),
('PROMOTION_FEAR_MELEE', 'PROMOTION_PLAYER_HAS_NIGHTMARE'),
('PROMOTION_FEAR_LIGHT_CAVALRY', 'PROMOTION_PLAYER_HAS_NIGHTMARE'),
('PROMOTION_FEAR_RECON', 'PROMOTION_PLAYER_HAS_NIGHTMARE'),
('PROMOTION_BLITZ_RANGED', 'PROMOTION_PLAYER_HAS_MIL_STRATEGY'),                -- also Drill 4
('PROMOTION_BLITZ_BEAST', 'PROMOTION_PLAYER_HAS_MIL_STRATEGY'),
('PROMOTION_BLITZ_DISCIPLE', 'PROMOTION_PLAYER_HAS_MIL_STRATEGY'),
('PROMOTION_BLITZ_MELEE', 'PROMOTION_PLAYER_HAS_MIL_STRATEGY'),
('PROMOTION_BLITZ_LIGHT_CAVALRY', 'PROMOTION_PLAYER_HAS_MIL_STRATEGY'),
('PROMOTION_BLITZ_RECON', 'PROMOTION_PLAYER_HAS_MIL_STRATEGY'),
('PROMOTION_HEROIC_STRENGTH_ADEPT', 'PROMOTION_IS_HERO_COMBATV'),
('PROMOTION_HEROIC_STRENGTH_ANIMAL', 'PROMOTION_IS_HERO_COMBATV'),
('PROMOTION_HEROIC_STRENGTH_RANGED', 'PROMOTION_IS_HERO_COMBATV'),
('PROMOTION_HEROIC_STRENGTH_BEAST', 'PROMOTION_IS_HERO_COMBATV'),
('PROMOTION_HEROIC_STRENGTH_DISCIPLE', 'PROMOTION_IS_HERO_COMBATV'),
('PROMOTION_HEROIC_STRENGTH_MELEE', 'PROMOTION_IS_HERO_COMBATV'),
('PROMOTION_HEROIC_STRENGTH_LIGHT_CAVALRY', 'PROMOTION_IS_HERO_COMBATV'),
('PROMOTION_HEROIC_STRENGTH_NAVAL_MELEE', 'PROMOTION_IS_HERO_COMBATV'),
('PROMOTION_HEROIC_STRENGTH_RECON', 'PROMOTION_IS_HERO_COMBATV'),
('PROMOTION_HEROIC_STRENGTH_SIEGE', 'PROMOTION_IS_HERO_COMBATV'),
('PROMOTION_HEROIC_DEFENSE_ADEPT', 'PROMOTION_IS_HERO_COMBATV'),
('PROMOTION_HEROIC_DEFENSE_ANIMAL', 'PROMOTION_IS_HERO_COMBATV'),
('PROMOTION_HEROIC_DEFENSE_RANGED', 'PROMOTION_IS_HERO_COMBATV'),
('PROMOTION_HEROIC_DEFENSE_BEAST', 'PROMOTION_IS_HERO_COMBATV'),
('PROMOTION_HEROIC_DEFENSE_DISCIPLE', 'PROMOTION_IS_HERO_COMBATV'),
('PROMOTION_HEROIC_DEFENSE_MELEE', 'PROMOTION_IS_HERO_COMBATV'),
('PROMOTION_HEROIC_DEFENSE_LIGHT_CAVALRY', 'PROMOTION_IS_HERO_COMBATV'),
('PROMOTION_HEROIC_DEFENSE_NAVAL_MELEE', 'PROMOTION_IS_HERO_COMBATV'),
('PROMOTION_HEROIC_DEFENSE_RECON', 'PROMOTION_IS_HERO_COMBATV'),
('PROMOTION_HEROIC_DEFENSE_SIEGE', 'PROMOTION_IS_HERO_COMBATV'),
('PROMOTION_COMMAND4_DISCIPLE', 'PROMOTION_PLAYER_HAS_ORDER_STATE'),
('DEATH_ONE', 'DEATH_SPHERE_ALLOWED'),
('FIRE_ONE', 'FIRE_SPHERE_ALLOWED'),
('AIR_ONE', 'AIR_SPHERE_ALLOWED'),
('BODY_ONE', 'BODY_SPHERE_ALLOWED'),
('CHAOS_ONE', 'CHAOS_SPHERE_ALLOWED'),
('EARTH_ONE', 'EARTH_SPHERE_ALLOWED'),
('ENCHANTMENT_ONE', 'ENCHANTMENT_SPHERE_ALLOWED'),
('ENTROPY_ONE', 'ENTROPY_SPHERE_ALLOWED'),
('ICE_ONE', 'ICE_SPHERE_ALLOWED'),
('LAW_ONE', 'LAW_SPHERE_ALLOWED'),
('LIFE_ONE', 'LIFE_SPHERE_ALLOWED'),
('METAMAGIC_ONE', 'METAMAGIC_SPHERE_ALLOWED'),
('MIND_ONE', 'MIND_SPHERE_ALLOWED'),
('NATURE_ONE', 'NATURE_SPHERE_ALLOWED'),
('SPIRIT_ONE', 'SPIRIT_SPHERE_ALLOWED'),
('WATER_ONE', 'WATER_SPHERE_ALLOWED'),
('SUN_ONE', 'SUN_SPHERE_ALLOWED'),
('SHADOW_ONE', 'SHADOW_SPHERE_ALLOWED'),
('DEATH_TWO', 'DEATH_SPHERE_ALLOWED_2'),
('FIRE_TWO', 'FIRE_SPHERE_ALLOWED_2'),
('AIR_TWO', 'AIR_SPHERE_ALLOWED_2'),
('BODY_TWO', 'BODY_SPHERE_ALLOWED_2'),
('CHAOS_TWO', 'CHAOS_SPHERE_ALLOWED_2'),
('EARTH_TWO', 'EARTH_SPHERE_ALLOWED_2'),
('ENCHANTMENT_TWO', 'ENCHANTMENT_SPHERE_ALLOWED_2'),
('ENTROPY_TWO', 'ENTROPY_SPHERE_ALLOWED_2'),
('ICE_TWO', 'ICE_SPHERE_ALLOWED_2'),
('LAW_TWO', 'LAW_SPHERE_ALLOWED_2'),
('LIFE_TWO', 'LIFE_SPHERE_ALLOWED_2'),
('METAMAGIC_TWO', 'METAMAGIC_SPHERE_ALLOWED_2'),
('MIND_TWO', 'MIND_SPHERE_ALLOWED_2'),
('NATURE_TWO', 'NATURE_SPHERE_ALLOWED_2'),
('SPIRIT_TWO', 'SPIRIT_SPHERE_ALLOWED_2'),
('WATER_TWO', 'WATER_SPHERE_ALLOWED_2'),
('SUN_TWO', 'SUN_SPHERE_ALLOWED_2'),
('SHADOW_TWO', 'SHADOW_SPHERE_ALLOWED_2'),
('DEATH_THREE', 'DEATH_SPHERE_ALLOWED_3'),
('FIRE_THREE', 'FIRE_SPHERE_ALLOWED_3'),
('AIR_THREE', 'AIR_SPHERE_ALLOWED_3'),
('BODY_THREE', 'BODY_SPHERE_ALLOWED_3'),
('CHAOS_THREE', 'CHAOS_SPHERE_ALLOWED_3'),
('EARTH_THREE', 'EARTH_SPHERE_ALLOWED_3'),
('ENCHANTMENT_THREE', 'ENCHANTMENT_SPHERE_ALLOWED_3'),
('ENTROPY_THREE', 'ENTROPY_SPHERE_ALLOWED_3'),
('ICE_THREE', 'ICE_SPHERE_ALLOWED_3'),
('LAW_THREE', 'LAW_SPHERE_ALLOWED_3'),
('LIFE_THREE', 'LIFE_SPHERE_ALLOWED_3'),
('METAMAGIC_THREE', 'METAMAGIC_SPHERE_ALLOWED_3'),
('MIND_THREE', 'MIND_SPHERE_ALLOWED_3'),
('NATURE_THREE', 'NATURE_SPHERE_ALLOWED_3'),
('SPIRIT_THREE', 'SPIRIT_SPHERE_ALLOWED_3'),
('WATER_THREE', 'WATER_SPHERE_ALLOWED_3'),
('SUN_THREE', 'SUN_SPHERE_ALLOWED_3'),
('SHADOW_THREE', 'SHADOW_SPHERE_ALLOWED_3');

INSERT INTO Types(Type, Kind) VALUES
('PROMOTION_CLASS_DUMMY', 'KIND_PROMOTION_CLASS'),
('PROMOTION_IS_UNDEAD', 'KIND_PROMOTION'),
('PROMOTION_IS_UNDEAD_COMBATV', 'KIND_PROMOTION'),
('PROMOTION_IS_HERO_COMBATV', 'KIND_PROMOTION'),
('PROMOTION_IS_DEMON', 'KIND_PROMOTION'),
('PROMOTION_PLAYER_HAS_NIGHTMARE', 'KIND_PROMOTION'),
('PROMOTION_PLAYER_HAS_ORDER_STATE', 'KIND_PROMOTION'),
('PROMOTION_PLAYER_HAS_WARFARE', 'KIND_PROMOTION'),
('PROMOTION_PLAYER_HAS_HIDDEN_PATHS', 'KIND_PROMOTION'),
('PROMOTION_PLAYER_HAS_ANIMAL_HUSBANDRY', 'KIND_PROMOTION'),
('PROMOTION_PLAYER_HAS_ANIMAL_MASTERY', 'KIND_PROMOTION'),
('PROMOTION_PLAYER_HAS_CORRUPTION_OF_SPIRIT', 'KIND_PROMOTION'),
('PROMOTION_PLAYER_HAS_ARETE', 'KIND_PROMOTION'),
('PROMOTION_PLAYER_HAS_WAY_OF_WISE', 'KIND_PROMOTION'),
('PROMOTION_PLAYER_HAS_WAY_OF_WICKED', 'KIND_PROMOTION'),
('PROMOTION_PLAYER_HAS_MIL_STRATEGY', 'KIND_PROMOTION'),
('PROMOTION_PLAYER_HAS_ARCANE_LORE', 'KIND_PROMOTION'),
('PROMOTION_PLAYER_HAS_HORSEBACK_RIDING', 'KIND_PROMOTION'),
('DEATH_SPHERE_ALLOWED', 'KIND_PROMOTION'),
('FIRE_SPHERE_ALLOWED', 'KIND_PROMOTION'),
('AIR_SPHERE_ALLOWED', 'KIND_PROMOTION'),
('BODY_SPHERE_ALLOWED', 'KIND_PROMOTION'),
('CHAOS_SPHERE_ALLOWED', 'KIND_PROMOTION'),
('EARTH_SPHERE_ALLOWED', 'KIND_PROMOTION'),
('ENCHANTMENT_SPHERE_ALLOWED', 'KIND_PROMOTION'),
('ENTROPY_SPHERE_ALLOWED', 'KIND_PROMOTION'),
('ICE_SPHERE_ALLOWED', 'KIND_PROMOTION'),
('LAW_SPHERE_ALLOWED', 'KIND_PROMOTION'),
('LIFE_SPHERE_ALLOWED', 'KIND_PROMOTION'),
('METAMAGIC_SPHERE_ALLOWED', 'KIND_PROMOTION'),
('MIND_SPHERE_ALLOWED', 'KIND_PROMOTION'),
('NATURE_SPHERE_ALLOWED', 'KIND_PROMOTION'),
('SPIRIT_SPHERE_ALLOWED', 'KIND_PROMOTION'),
('WATER_SPHERE_ALLOWED', 'KIND_PROMOTION'),
('SUN_SPHERE_ALLOWED', 'KIND_PROMOTION'),
('SHADOW_SPHERE_ALLOWED', 'KIND_PROMOTION'),
('DEATH_SPHERE_ALLOWED_2', 'KIND_PROMOTION'),
('FIRE_SPHERE_ALLOWED_2', 'KIND_PROMOTION'),
('AIR_SPHERE_ALLOWED_2', 'KIND_PROMOTION'),
('BODY_SPHERE_ALLOWED_2', 'KIND_PROMOTION'),
('CHAOS_SPHERE_ALLOWED_2', 'KIND_PROMOTION'),
('EARTH_SPHERE_ALLOWED_2', 'KIND_PROMOTION'),
('ENCHANTMENT_SPHERE_ALLOWED_2', 'KIND_PROMOTION'),
('ENTROPY_SPHERE_ALLOWED_2', 'KIND_PROMOTION'),
('ICE_SPHERE_ALLOWED_2', 'KIND_PROMOTION'),
('LAW_SPHERE_ALLOWED_2', 'KIND_PROMOTION'),
('LIFE_SPHERE_ALLOWED_2', 'KIND_PROMOTION'),
('METAMAGIC_SPHERE_ALLOWED_2', 'KIND_PROMOTION'),
('MIND_SPHERE_ALLOWED_2', 'KIND_PROMOTION'),
('NATURE_SPHERE_ALLOWED_2', 'KIND_PROMOTION'),
('SPIRIT_SPHERE_ALLOWED_2', 'KIND_PROMOTION'),
('WATER_SPHERE_ALLOWED_2', 'KIND_PROMOTION'),
('SUN_SPHERE_ALLOWED_2', 'KIND_PROMOTION'),
('SHADOW_SPHERE_ALLOWED_2', 'KIND_PROMOTION'),
('DEATH_SPHERE_ALLOWED_3', 'KIND_PROMOTION'),
('FIRE_SPHERE_ALLOWED_3', 'KIND_PROMOTION'),
('AIR_SPHERE_ALLOWED_3', 'KIND_PROMOTION'),
('BODY_SPHERE_ALLOWED_3', 'KIND_PROMOTION'),
('CHAOS_SPHERE_ALLOWED_3', 'KIND_PROMOTION'),
('EARTH_SPHERE_ALLOWED_3', 'KIND_PROMOTION'),
('ENCHANTMENT_SPHERE_ALLOWED_3', 'KIND_PROMOTION'),
('ENTROPY_SPHERE_ALLOWED_3', 'KIND_PROMOTION'),
('ICE_SPHERE_ALLOWED_3', 'KIND_PROMOTION'),
('LAW_SPHERE_ALLOWED_3', 'KIND_PROMOTION'),
('LIFE_SPHERE_ALLOWED_3', 'KIND_PROMOTION'),
('METAMAGIC_SPHERE_ALLOWED_3', 'KIND_PROMOTION'),
('MIND_SPHERE_ALLOWED_3', 'KIND_PROMOTION'),
('NATURE_SPHERE_ALLOWED_3', 'KIND_PROMOTION'),
('SPIRIT_SPHERE_ALLOWED_3', 'KIND_PROMOTION'),
('WATER_SPHERE_ALLOWED_3', 'KIND_PROMOTION'),
('SUN_SPHERE_ALLOWED_3', 'KIND_PROMOTION'),
('SHADOW_SPHERE_ALLOWED_3', 'KIND_PROMOTION'),
('DEATH_ONE', 'KIND_PROMOTION'),
('FIRE_ONE', 'KIND_PROMOTION'),
('AIR_ONE', 'KIND_PROMOTION'),
('BODY_ONE', 'KIND_PROMOTION'),
('CHAOS_ONE', 'KIND_PROMOTION'),
('EARTH_ONE', 'KIND_PROMOTION'),
('ENCHANTMENT_ONE', 'KIND_PROMOTION'),
('ENTROPY_ONE', 'KIND_PROMOTION'),
('ICE_ONE', 'KIND_PROMOTION'),
('LAW_ONE', 'KIND_PROMOTION'),
('LIFE_ONE', 'KIND_PROMOTION'),
('METAMAGIC_ONE', 'KIND_PROMOTION'),
('MIND_ONE', 'KIND_PROMOTION'),
('NATURE_ONE', 'KIND_PROMOTION'),
('SPIRIT_ONE', 'KIND_PROMOTION'),
('WATER_ONE', 'KIND_PROMOTION'),
('SUN_ONE', 'KIND_PROMOTION'),
('SHADOW_ONE', 'KIND_PROMOTION'),
('DEATH_TWO', 'KIND_PROMOTION'),
('FIRE_TWO', 'KIND_PROMOTION'),
('AIR_TWO', 'KIND_PROMOTION'),
('BODY_TWO', 'KIND_PROMOTION'),
('CHAOS_TWO', 'KIND_PROMOTION'),
('EARTH_TWO', 'KIND_PROMOTION'),
('ENCHANTMENT_TWO', 'KIND_PROMOTION'),
('ENTROPY_TWO', 'KIND_PROMOTION'),
('ICE_TWO', 'KIND_PROMOTION'),
('LAW_TWO', 'KIND_PROMOTION'),
('LIFE_TWO', 'KIND_PROMOTION'),
('METAMAGIC_TWO', 'KIND_PROMOTION'),
('MIND_TWO', 'KIND_PROMOTION'),
('NATURE_TWO', 'KIND_PROMOTION'),
('SPIRIT_TWO', 'KIND_PROMOTION'),
('WATER_TWO', 'KIND_PROMOTION'),
('SUN_TWO', 'KIND_PROMOTION'),
('SHADOW_TWO', 'KIND_PROMOTION'),
('DEATH_THREE', 'KIND_PROMOTION'),
('FIRE_THREE', 'KIND_PROMOTION'),
('AIR_THREE', 'KIND_PROMOTION'),
('BODY_THREE', 'KIND_PROMOTION'),
('CHAOS_THREE', 'KIND_PROMOTION'),
('EARTH_THREE', 'KIND_PROMOTION'),
('ENCHANTMENT_THREE', 'KIND_PROMOTION'),
('ENTROPY_THREE', 'KIND_PROMOTION'),
('ICE_THREE', 'KIND_PROMOTION'),
('LAW_THREE', 'KIND_PROMOTION'),
('LIFE_THREE', 'KIND_PROMOTION'),
('METAMAGIC_THREE', 'KIND_PROMOTION'),
('MIND_THREE', 'KIND_PROMOTION'),
('NATURE_THREE', 'KIND_PROMOTION'),
('SPIRIT_THREE', 'KIND_PROMOTION'),
('WATER_THREE', 'KIND_PROMOTION'),
('SUN_THREE', 'KIND_PROMOTION'),
('SHADOW_THREE', 'KIND_PROMOTION');

INSERT INTO ModifierStrings(ModifierId, Context, Text) VALUES
('MODIFIER_PROMOTION_ACCURACY', 'Preview', 'LOC_PROMOTION_ACCURACY_DESCRIPTION'),
('MODIFIER_PROMOTION_BARRAGE2', 'Preview', 'LOC_PROMOTION_BARRAGE2_DESCRIPTION'),
('MODIFIER_PROMOTION_BOARDING_SLAVE_TAKING_MODIFIER', 'Preview', 'LOC_PROMOTION_BOARDING_DESCRIPTION'),
('MODIFIER_PROMOTION_BRONZE_WEAPONS', 'Preview', 'LOC_PROMOTION_BRONZE_WEAPONS_DESCRIPTION'),
('MODIFIER_PROMOTION_BUCCANEERS', 'Preview', 'LOC_PROMOTION_BUCCANEERS_DESCRIPTION'),
('MODIFIER_PROMOTION_BURNING_BLOOD', 'Preview', 'LOC_PROMOTION_BURNING_BLOOD_DESCRIPTION'),
('MODIFIER_PROMOTION_CITY_GARRISON1', 'Preview', 'LOC_PROMOTION_CITY_GARRISON1_DESCRIPTION'),
('MODIFIER_PROMOTION_CITY_GARRISON2', 'Preview', 'LOC_PROMOTION_CITY_GARRISON2_DESCRIPTION'),
('MODIFIER_PROMOTION_CITY_GARRISON3', 'Preview', 'LOC_PROMOTION_CITY_GARRISON3_DESCRIPTION'),
('MODIFIER_PROMOTION_CITY_RAIDER1', 'Preview', 'LOC_PROMOTION_CITY_RAIDER1_DESCRIPTION'),
('MODIFIER_PROMOTION_CITY_RAIDER2', 'Preview', 'LOC_PROMOTION_CITY_RAIDER2_DESCRIPTION'),
('MODIFIER_PROMOTION_CITY_RAIDER3', 'Preview', 'LOC_PROMOTION_CITY_RAIDER3_DESCRIPTION'),
('MODIFIER_PROMOTION_COMBAT1', 'Preview', 'LOC_PROMOTION_COMBAT1_DESCRIPTION'),
('MODIFIER_PROMOTION_COMBAT2', 'Preview', 'LOC_PROMOTION_COMBAT2_DESCRIPTION'),
('MODIFIER_PROMOTION_COMBAT3', 'Preview', 'LOC_PROMOTION_COMBAT3_DESCRIPTION'),
('MODIFIER_PROMOTION_COMBAT4', 'Preview', 'LOC_PROMOTION_COMBAT4_DESCRIPTION'),
('MODIFIER_PROMOTION_COMBAT5', 'Preview', 'LOC_PROMOTION_COMBAT5_DESCRIPTION'),
('MODIFIER_PROMOTION_COVER', 'Preview', 'LOC_PROMOTION_COVER_DESCRIPTION'),
('MODIFIER_PROMOTION_COVER2', 'Preview', 'LOC_PROMOTION_COVER2_DESCRIPTION');
INSERT INTO Types(Type, Kind) VALUES
('PROMOTION_ACCURACY_SIEGE', 'KIND_PROMOTION'),
('PROMOTION_AMPHIBIOUS_RANGED', 'KIND_PROMOTION'),
('PROMOTION_AMPHIBIOUS_BEAST', 'KIND_PROMOTION'),
('PROMOTION_AMPHIBIOUS_DISCIPLE', 'KIND_PROMOTION'),
('PROMOTION_AMPHIBIOUS_MELEE', 'KIND_PROMOTION'),
('PROMOTION_AMPHIBIOUS_LIGHT_CAVALRY', 'KIND_PROMOTION'),
('PROMOTION_AMPHIBIOUS_RECON', 'KIND_PROMOTION'),
('PROMOTION_BARRAGE1_NAVAL_MELEE', 'KIND_PROMOTION'),
('PROMOTION_BARRAGE1_SIEGE', 'KIND_PROMOTION'),
('PROMOTION_BARRAGE2_NAVAL_MELEE', 'KIND_PROMOTION'),
('PROMOTION_BARRAGE2_SIEGE', 'KIND_PROMOTION'),
('PROMOTION_BARRAGE3_NAVAL_MELEE', 'KIND_PROMOTION'),
('PROMOTION_BARRAGE3_SIEGE', 'KIND_PROMOTION'),
('PROMOTION_BLITZ_RANGED', 'KIND_PROMOTION'),
('PROMOTION_BLITZ_BEAST', 'KIND_PROMOTION'),
('PROMOTION_BLITZ_DISCIPLE', 'KIND_PROMOTION'),
('PROMOTION_BLITZ_MELEE', 'KIND_PROMOTION'),
('PROMOTION_BLITZ_LIGHT_CAVALRY', 'KIND_PROMOTION'),
('PROMOTION_BLITZ_RECON', 'KIND_PROMOTION'),
('PROMOTION_BOUNTY_HUNTER_RANGED', 'KIND_PROMOTION'),
('PROMOTION_BOUNTY_HUNTER_MELEE', 'KIND_PROMOTION'),
('PROMOTION_BOUNTY_HUNTER_LIGHT_CAVALRY', 'KIND_PROMOTION'),
('PROMOTION_BOUNTY_HUNTER_NAVAL_MELEE', 'KIND_PROMOTION'),
('PROMOTION_BOUNTY_HUNTER_RECON', 'KIND_PROMOTION'),
('PROMOTION_CANNIBALIZE_ADEPT', 'KIND_PROMOTION'),
('PROMOTION_CANNIBALIZE_ANIMAL', 'KIND_PROMOTION'),
('PROMOTION_CANNIBALIZE_RANGED', 'KIND_PROMOTION'),
('PROMOTION_CANNIBALIZE_BEAST', 'KIND_PROMOTION'),
('PROMOTION_CANNIBALIZE_DISCIPLE', 'KIND_PROMOTION'),
('PROMOTION_CANNIBALIZE_MELEE', 'KIND_PROMOTION'),
('PROMOTION_CANNIBALIZE_LIGHT_CAVALRY', 'KIND_PROMOTION'),
('PROMOTION_CANNIBALIZE_RECON', 'KIND_PROMOTION'),
('PROMOTION_CITY_GARRISON1_RANGED', 'KIND_PROMOTION'),
('PROMOTION_CITY_GARRISON1_DISCIPLE', 'KIND_PROMOTION'),
('PROMOTION_CITY_GARRISON2_RANGED', 'KIND_PROMOTION'),
('PROMOTION_CITY_GARRISON3_RANGED', 'KIND_PROMOTION'),
('PROMOTION_CITY_RAIDER1_ANIMAL', 'KIND_PROMOTION'),
('PROMOTION_CITY_RAIDER1_BEAST', 'KIND_PROMOTION'),
('PROMOTION_CITY_RAIDER1_DISCIPLE', 'KIND_PROMOTION'),
('PROMOTION_CITY_RAIDER1_MELEE', 'KIND_PROMOTION'),
('PROMOTION_CITY_RAIDER2_ANIMAL', 'KIND_PROMOTION'),
('PROMOTION_CITY_RAIDER2_BEAST', 'KIND_PROMOTION'),
('PROMOTION_CITY_RAIDER2_MELEE', 'KIND_PROMOTION'),
('PROMOTION_CITY_RAIDER3_ANIMAL', 'KIND_PROMOTION'),
('PROMOTION_CITY_RAIDER3_BEAST', 'KIND_PROMOTION'),
('PROMOTION_CITY_RAIDER3_MELEE', 'KIND_PROMOTION'),
('PROMOTION_COLD_RESISTANCE_ADEPT', 'KIND_PROMOTION'),
('PROMOTION_COLD_RESISTANCE_RANGED', 'KIND_PROMOTION'),
('PROMOTION_COLD_RESISTANCE_BEAST', 'KIND_PROMOTION'),
('PROMOTION_COLD_RESISTANCE_DISCIPLE', 'KIND_PROMOTION'),
('PROMOTION_COLD_RESISTANCE_MELEE', 'KIND_PROMOTION'),
('PROMOTION_COLD_RESISTANCE_LIGHT_CAVALRY', 'KIND_PROMOTION'),
('PROMOTION_COLD_RESISTANCE_NAVAL_MELEE', 'KIND_PROMOTION'),
('PROMOTION_COLD_RESISTANCE_RECON', 'KIND_PROMOTION'),
('PROMOTION_COMBAT1_ADEPT', 'KIND_PROMOTION'),
('PROMOTION_COMBAT1_ANIMAL', 'KIND_PROMOTION'),
('PROMOTION_COMBAT1_RANGED', 'KIND_PROMOTION'),
('PROMOTION_COMBAT1_BEAST', 'KIND_PROMOTION'),
('PROMOTION_COMBAT1_DISCIPLE', 'KIND_PROMOTION'),
('PROMOTION_COMBAT1_MELEE', 'KIND_PROMOTION'),
('PROMOTION_COMBAT1_LIGHT_CAVALRY', 'KIND_PROMOTION'),
('PROMOTION_COMBAT1_NAVAL_MELEE', 'KIND_PROMOTION'),
('PROMOTION_COMBAT1_RECON', 'KIND_PROMOTION'),
('PROMOTION_COMBAT1_SIEGE', 'KIND_PROMOTION'),
('PROMOTION_COMBAT2_ADEPT', 'KIND_PROMOTION'),
('PROMOTION_COMBAT2_ANIMAL', 'KIND_PROMOTION'),
('PROMOTION_COMBAT2_RANGED', 'KIND_PROMOTION'),
('PROMOTION_COMBAT2_BEAST', 'KIND_PROMOTION'),
('PROMOTION_COMBAT2_DISCIPLE', 'KIND_PROMOTION'),
('PROMOTION_COMBAT2_MELEE', 'KIND_PROMOTION'),
('PROMOTION_COMBAT2_LIGHT_CAVALRY', 'KIND_PROMOTION'),
('PROMOTION_COMBAT2_NAVAL_MELEE', 'KIND_PROMOTION'),
('PROMOTION_COMBAT2_RECON', 'KIND_PROMOTION'),
('PROMOTION_COMBAT2_SIEGE', 'KIND_PROMOTION'),
('PROMOTION_COMBAT3_ADEPT', 'KIND_PROMOTION'),
('PROMOTION_COMBAT3_ANIMAL', 'KIND_PROMOTION'),
('PROMOTION_COMBAT3_RANGED', 'KIND_PROMOTION'),
('PROMOTION_COMBAT3_BEAST', 'KIND_PROMOTION'),
('PROMOTION_COMBAT3_DISCIPLE', 'KIND_PROMOTION'),
('PROMOTION_COMBAT3_MELEE', 'KIND_PROMOTION'),
('PROMOTION_COMBAT3_LIGHT_CAVALRY', 'KIND_PROMOTION'),
('PROMOTION_COMBAT3_NAVAL_MELEE', 'KIND_PROMOTION'),
('PROMOTION_COMBAT3_RECON', 'KIND_PROMOTION'),
('PROMOTION_COMBAT3_SIEGE', 'KIND_PROMOTION'),
('PROMOTION_COMBAT4_ADEPT', 'KIND_PROMOTION'),
('PROMOTION_COMBAT4_ANIMAL', 'KIND_PROMOTION'),
('PROMOTION_COMBAT4_RANGED', 'KIND_PROMOTION'),
('PROMOTION_COMBAT4_BEAST', 'KIND_PROMOTION'),
('PROMOTION_COMBAT4_DISCIPLE', 'KIND_PROMOTION'),
('PROMOTION_COMBAT4_MELEE', 'KIND_PROMOTION'),
('PROMOTION_COMBAT4_LIGHT_CAVALRY', 'KIND_PROMOTION'),
('PROMOTION_COMBAT4_NAVAL_MELEE', 'KIND_PROMOTION'),
('PROMOTION_COMBAT4_RECON', 'KIND_PROMOTION'),
('PROMOTION_COMBAT4_SIEGE', 'KIND_PROMOTION'),
('PROMOTION_COMBAT5_ADEPT', 'KIND_PROMOTION'),
('PROMOTION_COMBAT5_ANIMAL', 'KIND_PROMOTION'),
('PROMOTION_COMBAT5_RANGED', 'KIND_PROMOTION'),
('PROMOTION_COMBAT5_BEAST', 'KIND_PROMOTION'),
('PROMOTION_COMBAT5_DISCIPLE', 'KIND_PROMOTION'),
('PROMOTION_COMBAT5_MELEE', 'KIND_PROMOTION'),
('PROMOTION_COMBAT5_LIGHT_CAVALRY', 'KIND_PROMOTION'),
('PROMOTION_COMBAT5_NAVAL_MELEE', 'KIND_PROMOTION'),
('PROMOTION_COMBAT5_RECON', 'KIND_PROMOTION'),
('PROMOTION_COMBAT5_SIEGE', 'KIND_PROMOTION'),
('PROMOTION_COMMAND1_DISCIPLE', 'KIND_PROMOTION'),
('PROMOTION_COMMAND2_DISCIPLE', 'KIND_PROMOTION'),
('PROMOTION_COMMAND3_DISCIPLE', 'KIND_PROMOTION'),
('PROMOTION_COMMAND4_DISCIPLE', 'KIND_PROMOTION'),
('PROMOTION_COMMANDO_RANGED', 'KIND_PROMOTION'),
('PROMOTION_COMMANDO_BEAST', 'KIND_PROMOTION'),
('PROMOTION_COMMANDO_DISCIPLE', 'KIND_PROMOTION'),
('PROMOTION_COMMANDO_MELEE', 'KIND_PROMOTION'),
('PROMOTION_COMMANDO_LIGHT_CAVALRY', 'KIND_PROMOTION'),
('PROMOTION_COMMANDO_RECON', 'KIND_PROMOTION'),
('PROMOTION_COVER_RANGED', 'KIND_PROMOTION'),
('PROMOTION_COVER_BEAST', 'KIND_PROMOTION'),
('PROMOTION_COVER_DISCIPLE', 'KIND_PROMOTION'),
('PROMOTION_COVER_MELEE', 'KIND_PROMOTION'),
('PROMOTION_COVER_LIGHT_CAVALRY', 'KIND_PROMOTION'),
('PROMOTION_COVER_RECON', 'KIND_PROMOTION'),
('PROMOTION_COVER2_BEAST', 'KIND_PROMOTION'),
('PROMOTION_COVER2_MELEE', 'KIND_PROMOTION'),
('PROMOTION_COVER2_LIGHT_CAVALRY', 'KIND_PROMOTION'),
('PROMOTION_DEFENSIVE_RANGED', 'KIND_PROMOTION'),
('PROMOTION_DEFENSIVE_MELEE', 'KIND_PROMOTION'),
('PROMOTION_DEMON_SLAYING_BEAST', 'KIND_PROMOTION'),
('PROMOTION_DEMON_SLAYING_DISCIPLE', 'KIND_PROMOTION'),
('PROMOTION_DEMON_SLAYING_MELEE', 'KIND_PROMOTION'),
('PROMOTION_DRILL1_RANGED', 'KIND_PROMOTION'),
('PROMOTION_DRILL1_BEAST', 'KIND_PROMOTION'),
('PROMOTION_DRILL1_DISCIPLE', 'KIND_PROMOTION'),
('PROMOTION_DRILL1_MELEE', 'KIND_PROMOTION'),
('PROMOTION_DRILL1_LIGHT_CAVALRY', 'KIND_PROMOTION'),
('PROMOTION_DRILL1_NAVAL_MELEE', 'KIND_PROMOTION'),
('PROMOTION_DRILL1_RECON', 'KIND_PROMOTION'),
('PROMOTION_DRILL1_SIEGE', 'KIND_PROMOTION'),
('PROMOTION_DRILL2_RANGED', 'KIND_PROMOTION'),
('PROMOTION_DRILL2_BEAST', 'KIND_PROMOTION'),
('PROMOTION_DRILL2_DISCIPLE', 'KIND_PROMOTION'),
('PROMOTION_DRILL2_MELEE', 'KIND_PROMOTION'),
('PROMOTION_DRILL2_LIGHT_CAVALRY', 'KIND_PROMOTION'),
('PROMOTION_DRILL2_NAVAL_MELEE', 'KIND_PROMOTION'),
('PROMOTION_DRILL2_RECON', 'KIND_PROMOTION'),
('PROMOTION_DRILL2_SIEGE', 'KIND_PROMOTION'),
('PROMOTION_DRILL3_RANGED', 'KIND_PROMOTION'),
('PROMOTION_DRILL3_BEAST', 'KIND_PROMOTION'),
('PROMOTION_DRILL3_DISCIPLE', 'KIND_PROMOTION'),
('PROMOTION_DRILL3_MELEE', 'KIND_PROMOTION'),
('PROMOTION_DRILL3_LIGHT_CAVALRY', 'KIND_PROMOTION'),
('PROMOTION_DRILL3_RECON', 'KIND_PROMOTION'),
('PROMOTION_DRILL4_RANGED', 'KIND_PROMOTION'),
('PROMOTION_DRILL4_BEAST', 'KIND_PROMOTION'),
('PROMOTION_DRILL4_DISCIPLE', 'KIND_PROMOTION'),
('PROMOTION_DRILL4_MELEE', 'KIND_PROMOTION'),
('PROMOTION_DRILL4_LIGHT_CAVALRY', 'KIND_PROMOTION'),
('PROMOTION_DRILL4_RECON', 'KIND_PROMOTION'),
('PROMOTION_EXPANDED_HULL_NAVAL_MELEE', 'KIND_PROMOTION'),
('PROMOTION_EXTENSION1_ADEPT', 'KIND_PROMOTION'),
('PROMOTION_EXTENSION2_ADEPT', 'KIND_PROMOTION'),
('PROMOTION_FEAR_ADEPT', 'KIND_PROMOTION'),
('PROMOTION_FEAR_RANGED', 'KIND_PROMOTION'),
('PROMOTION_FEAR_BEAST', 'KIND_PROMOTION'),
('PROMOTION_FEAR_DISCIPLE', 'KIND_PROMOTION'),
('PROMOTION_FEAR_MELEE', 'KIND_PROMOTION'),
('PROMOTION_FEAR_LIGHT_CAVALRY', 'KIND_PROMOTION'),
('PROMOTION_FEAR_RECON', 'KIND_PROMOTION'),
('PROMOTION_FIRE_RESISTANCE_ADEPT', 'KIND_PROMOTION'),
('PROMOTION_FIRE_RESISTANCE_RANGED', 'KIND_PROMOTION'),
('PROMOTION_FIRE_RESISTANCE_BEAST', 'KIND_PROMOTION'),
('PROMOTION_FIRE_RESISTANCE_DISCIPLE', 'KIND_PROMOTION'),
('PROMOTION_FIRE_RESISTANCE_MELEE', 'KIND_PROMOTION'),
('PROMOTION_FIRE_RESISTANCE_LIGHT_CAVALRY', 'KIND_PROMOTION'),
('PROMOTION_FIRE_RESISTANCE_NAVAL_MELEE', 'KIND_PROMOTION'),
('PROMOTION_FIRE_RESISTANCE_RECON', 'KIND_PROMOTION'),
('PROMOTION_FLANKING1_LIGHT_CAVALRY', 'KIND_PROMOTION'),
('PROMOTION_FLANKING1_NAVAL_MELEE', 'KIND_PROMOTION'),
('PROMOTION_FLANKING1_RECON', 'KIND_PROMOTION'),
('PROMOTION_FLANKING2_LIGHT_CAVALRY', 'KIND_PROMOTION'),
('PROMOTION_FLANKING2_NAVAL_MELEE', 'KIND_PROMOTION'),
('PROMOTION_FLANKING3_LIGHT_CAVALRY', 'KIND_PROMOTION'),
('PROMOTION_FLANKING3_NAVAL_MELEE', 'KIND_PROMOTION'),
('PROMOTION_FORMATION_RANGED', 'KIND_PROMOTION'),
('PROMOTION_FORMATION_BEAST', 'KIND_PROMOTION'),
('PROMOTION_FORMATION_DISCIPLE', 'KIND_PROMOTION'),
('PROMOTION_FORMATION_MELEE', 'KIND_PROMOTION'),
('PROMOTION_FORMATION_LIGHT_CAVALRY', 'KIND_PROMOTION'),
('PROMOTION_FORMATION_RECON', 'KIND_PROMOTION'),
('PROMOTION_FORMATION2_RANGED', 'KIND_PROMOTION'),
('PROMOTION_FORMATION2_BEAST', 'KIND_PROMOTION'),
('PROMOTION_FORMATION2_MELEE', 'KIND_PROMOTION'),
('PROMOTION_GUARDSMAN_MELEE', 'KIND_PROMOTION'),
('PROMOTION_GUERILLA1_ANIMAL', 'KIND_PROMOTION'),
('PROMOTION_GUERILLA1_RANGED', 'KIND_PROMOTION'),
('PROMOTION_GUERILLA1_BEAST', 'KIND_PROMOTION'),
('PROMOTION_GUERILLA1_DISCIPLE', 'KIND_PROMOTION'),
('PROMOTION_GUERILLA1_MELEE', 'KIND_PROMOTION'),
('PROMOTION_GUERILLA1_RECON', 'KIND_PROMOTION'),
('PROMOTION_GUERILLA2_RANGED', 'KIND_PROMOTION'),
('PROMOTION_GUERILLA2_BEAST', 'KIND_PROMOTION'),
('PROMOTION_GUERILLA2_DISCIPLE', 'KIND_PROMOTION'),
('PROMOTION_GUERILLA2_MELEE', 'KIND_PROMOTION'),
('PROMOTION_GUERILLA2_RECON', 'KIND_PROMOTION'),
('PROMOTION_HEROIC_DEFENSE_ADEPT', 'KIND_PROMOTION'),
('PROMOTION_HEROIC_DEFENSE_ANIMAL', 'KIND_PROMOTION'),
('PROMOTION_HEROIC_DEFENSE_RANGED', 'KIND_PROMOTION'),
('PROMOTION_HEROIC_DEFENSE_BEAST', 'KIND_PROMOTION'),
('PROMOTION_HEROIC_DEFENSE_DISCIPLE', 'KIND_PROMOTION'),
('PROMOTION_HEROIC_DEFENSE_MELEE', 'KIND_PROMOTION'),
('PROMOTION_HEROIC_DEFENSE_LIGHT_CAVALRY', 'KIND_PROMOTION'),
('PROMOTION_HEROIC_DEFENSE_NAVAL_MELEE', 'KIND_PROMOTION'),
('PROMOTION_HEROIC_DEFENSE_RECON', 'KIND_PROMOTION'),
('PROMOTION_HEROIC_DEFENSE_SIEGE', 'KIND_PROMOTION'),
('PROMOTION_HEROIC_DEFENSE2_ADEPT', 'KIND_PROMOTION'),
('PROMOTION_HEROIC_DEFENSE2_ANIMAL', 'KIND_PROMOTION'),
('PROMOTION_HEROIC_DEFENSE2_RANGED', 'KIND_PROMOTION'),
('PROMOTION_HEROIC_DEFENSE2_BEAST', 'KIND_PROMOTION'),
('PROMOTION_HEROIC_DEFENSE2_DISCIPLE', 'KIND_PROMOTION'),
('PROMOTION_HEROIC_DEFENSE2_MELEE', 'KIND_PROMOTION'),
('PROMOTION_HEROIC_DEFENSE2_LIGHT_CAVALRY', 'KIND_PROMOTION'),
('PROMOTION_HEROIC_DEFENSE2_NAVAL_MELEE', 'KIND_PROMOTION'),
('PROMOTION_HEROIC_DEFENSE2_RECON', 'KIND_PROMOTION'),
('PROMOTION_HEROIC_DEFENSE2_SIEGE', 'KIND_PROMOTION'),
('PROMOTION_HEROIC_STRENGTH_ADEPT', 'KIND_PROMOTION'),
('PROMOTION_HEROIC_STRENGTH_ANIMAL', 'KIND_PROMOTION'),
('PROMOTION_HEROIC_STRENGTH_RANGED', 'KIND_PROMOTION'),
('PROMOTION_HEROIC_STRENGTH_BEAST', 'KIND_PROMOTION'),
('PROMOTION_HEROIC_STRENGTH_DISCIPLE', 'KIND_PROMOTION'),
('PROMOTION_HEROIC_STRENGTH_MELEE', 'KIND_PROMOTION'),
('PROMOTION_HEROIC_STRENGTH_LIGHT_CAVALRY', 'KIND_PROMOTION'),
('PROMOTION_HEROIC_STRENGTH_NAVAL_MELEE', 'KIND_PROMOTION'),
('PROMOTION_HEROIC_STRENGTH_RECON', 'KIND_PROMOTION'),
('PROMOTION_HEROIC_STRENGTH_SIEGE', 'KIND_PROMOTION'),
('PROMOTION_HEROIC_STRENGTH2_ADEPT', 'KIND_PROMOTION'),
('PROMOTION_HEROIC_STRENGTH2_ANIMAL', 'KIND_PROMOTION'),
('PROMOTION_HEROIC_STRENGTH2_RANGED', 'KIND_PROMOTION'),
('PROMOTION_HEROIC_STRENGTH2_BEAST', 'KIND_PROMOTION'),
('PROMOTION_HEROIC_STRENGTH2_DISCIPLE', 'KIND_PROMOTION'),
('PROMOTION_HEROIC_STRENGTH2_MELEE', 'KIND_PROMOTION'),
('PROMOTION_HEROIC_STRENGTH2_LIGHT_CAVALRY', 'KIND_PROMOTION'),
('PROMOTION_HEROIC_STRENGTH2_NAVAL_MELEE', 'KIND_PROMOTION'),
('PROMOTION_HEROIC_STRENGTH2_RECON', 'KIND_PROMOTION'),
('PROMOTION_HEROIC_STRENGTH2_SIEGE', 'KIND_PROMOTION'),
('PROMOTION_INQUISITOR_DISCIPLE', 'KIND_PROMOTION'),
('PROMOTION_KEEN_SIGHT_RANGED', 'KIND_PROMOTION'),
('PROMOTION_LIGHTNING_RESISTANCE_ADEPT', 'KIND_PROMOTION'),
('PROMOTION_LIGHTNING_RESISTANCE_RANGED', 'KIND_PROMOTION'),
('PROMOTION_LIGHTNING_RESISTANCE_BEAST', 'KIND_PROMOTION'),
('PROMOTION_LIGHTNING_RESISTANCE_DISCIPLE', 'KIND_PROMOTION'),
('PROMOTION_LIGHTNING_RESISTANCE_MELEE', 'KIND_PROMOTION'),
('PROMOTION_LIGHTNING_RESISTANCE_LIGHT_CAVALRY', 'KIND_PROMOTION'),
('PROMOTION_LIGHTNING_RESISTANCE_NAVAL_MELEE', 'KIND_PROMOTION'),
('PROMOTION_LIGHTNING_RESISTANCE_RECON', 'KIND_PROMOTION'),
('PROMOTION_MAGIC_RESISTANCE_ADEPT', 'KIND_PROMOTION'),
('PROMOTION_MAGIC_RESISTANCE_RANGED', 'KIND_PROMOTION'),
('PROMOTION_MAGIC_RESISTANCE_BEAST', 'KIND_PROMOTION'),
('PROMOTION_MAGIC_RESISTANCE_DISCIPLE', 'KIND_PROMOTION'),
('PROMOTION_MAGIC_RESISTANCE_MELEE', 'KIND_PROMOTION'),
('PROMOTION_MAGIC_RESISTANCE_LIGHT_CAVALRY', 'KIND_PROMOTION'),
('PROMOTION_MAGIC_RESISTANCE_NAVAL_MELEE', 'KIND_PROMOTION'),
('PROMOTION_MAGIC_RESISTANCE_RECON', 'KIND_PROMOTION'),
('PROMOTION_MARCH_BEAST', 'KIND_PROMOTION'),
('PROMOTION_MARCH_DISCIPLE', 'KIND_PROMOTION'),
('PROMOTION_MARCH_MELEE', 'KIND_PROMOTION'),
('PROMOTION_MARKSMAN_RANGED', 'KIND_PROMOTION'),
('PROMOTION_MARKSMAN_RECON', 'KIND_PROMOTION'),
('PROMOTION_MOBILITY1_ADEPT', 'KIND_PROMOTION'),
('PROMOTION_MOBILITY1_ANIMAL', 'KIND_PROMOTION'),
('PROMOTION_MOBILITY1_RANGED', 'KIND_PROMOTION'),
('PROMOTION_MOBILITY1_BEAST', 'KIND_PROMOTION'),
('PROMOTION_MOBILITY1_DISCIPLE', 'KIND_PROMOTION'),
('PROMOTION_MOBILITY1_MELEE', 'KIND_PROMOTION'),
('PROMOTION_MOBILITY1_LIGHT_CAVALRY', 'KIND_PROMOTION'),
('PROMOTION_MOBILITY1_RECON', 'KIND_PROMOTION'),
('PROMOTION_MOBILITY2_ANIMAL', 'KIND_PROMOTION'),
('PROMOTION_MOBILITY2_LIGHT_CAVALRY', 'KIND_PROMOTION'),
('PROMOTION_MOBILITY2_RECON', 'KIND_PROMOTION'),
('PROMOTION_NAVIGATION1_NAVAL_MELEE', 'KIND_PROMOTION'),
('PROMOTION_NAVIGATION2_NAVAL_MELEE', 'KIND_PROMOTION'),
('PROMOTION_PERFECT_SIGHT_RANGED', 'KIND_PROMOTION'),
('PROMOTION_PERFECT_SIGHT_RECON', 'KIND_PROMOTION'),
('PROMOTION_POISON_RESISTANCE_ADEPT', 'KIND_PROMOTION'),
('PROMOTION_POISON_RESISTANCE_RANGED', 'KIND_PROMOTION'),
('PROMOTION_POISON_RESISTANCE_BEAST', 'KIND_PROMOTION'),
('PROMOTION_POISON_RESISTANCE_DISCIPLE', 'KIND_PROMOTION'),
('PROMOTION_POISON_RESISTANCE_MELEE', 'KIND_PROMOTION'),
('PROMOTION_POISON_RESISTANCE_LIGHT_CAVALRY', 'KIND_PROMOTION'),
('PROMOTION_POISON_RESISTANCE_NAVAL_MELEE', 'KIND_PROMOTION'),
('PROMOTION_POISON_RESISTANCE_RECON', 'KIND_PROMOTION'),
('PROMOTION_PRECISION_RANGED', 'KIND_PROMOTION'),
('PROMOTION_SCOURGE_BEAST', 'KIND_PROMOTION'),
('PROMOTION_SCOURGE_MELEE', 'KIND_PROMOTION'),
('PROMOTION_SCOURGE_RECON', 'KIND_PROMOTION'),
('PROMOTION_SENTRY_RANGED', 'KIND_PROMOTION'),
('PROMOTION_SENTRY_BEAST', 'KIND_PROMOTION'),
('PROMOTION_SENTRY_DISCIPLE', 'KIND_PROMOTION'),
('PROMOTION_SENTRY_MELEE', 'KIND_PROMOTION'),
('PROMOTION_SENTRY_LIGHT_CAVALRY', 'KIND_PROMOTION'),
('PROMOTION_SENTRY_NAVAL_MELEE', 'KIND_PROMOTION'),
('PROMOTION_SENTRY_RECON', 'KIND_PROMOTION'),
('PROMOTION_SENTRY_SIEGE', 'KIND_PROMOTION'),
('PROMOTION_SENTRY2_RANGED', 'KIND_PROMOTION'),
('PROMOTION_SENTRY2_RECON', 'KIND_PROMOTION'),
('PROMOTION_SHOCK_RANGED', 'KIND_PROMOTION'),
('PROMOTION_SHOCK_BEAST', 'KIND_PROMOTION'),
('PROMOTION_SHOCK_DISCIPLE', 'KIND_PROMOTION'),
('PROMOTION_SHOCK_MELEE', 'KIND_PROMOTION'),
('PROMOTION_SHOCK_LIGHT_CAVALRY', 'KIND_PROMOTION'),
('PROMOTION_SHOCK_RECON', 'KIND_PROMOTION'),
('PROMOTION_SHOCK2_RANGED', 'KIND_PROMOTION'),
('PROMOTION_SHOCK2_BEAST', 'KIND_PROMOTION'),
('PROMOTION_SHOCK2_MELEE', 'KIND_PROMOTION'),
('PROMOTION_SUBDUE_ANIMAL_RECON', 'KIND_PROMOTION'),
('PROMOTION_SUBDUE_BEASTS_RECON', 'KIND_PROMOTION'),
('PROMOTION_SUMMONER_ADEPT', 'KIND_PROMOTION'),
('PROMOTION_TWINCAST_ADEPT', 'KIND_PROMOTION'),
('PROMOTION_UNDEAD_SLAYING_BEAST', 'KIND_PROMOTION'),
('PROMOTION_UNDEAD_SLAYING_DISCIPLE', 'KIND_PROMOTION'),
('PROMOTION_UNDEAD_SLAYING_MELEE', 'KIND_PROMOTION'),
('PROMOTION_WOODSMAN1_ANIMAL', 'KIND_PROMOTION'),
('PROMOTION_WOODSMAN1_BEAST', 'KIND_PROMOTION'),
('PROMOTION_WOODSMAN1_MELEE', 'KIND_PROMOTION'),
('PROMOTION_WOODSMAN1_RECON', 'KIND_PROMOTION'),
('PROMOTION_WOODSMAN2_BEAST', 'KIND_PROMOTION'),
('PROMOTION_WOODSMAN2_RECON', 'KIND_PROMOTION');