DELETE FROM Religions WHERE IconString NOT IN ('Pa', 'Pr', 'Ju', 'Co', 'Ca', 'Hi', 'Is', 'Bu');

UPDATE Religions SET Name='LOC_RELIGION_THE_ORDER', Color='COLOR_RELIGION_PROTESTANTISM' WHERE IconString='Pr';
UPDATE Religions SET Name='LOC_RELIGION_EMPYREAN', Color='COLOR_RELIGION_CUSTOM_4' WHERE IconString='Ju';       -- Mahayana Buddhism sun if KhmerScenario
UPDATE Religions SET Name='LOC_RELIGION_KILMORPH', Color='COLOR_RELIGION_JUDAISM' WHERE IconString='Co';
UPDATE Religions SET Name='LOC_RELIGION_LEAVES', Color='COLOR_RELIGION_HINDUISM', IconString='8' WHERE IconString='Ca';
UPDATE Religions SET Name='LOC_RELIGION_OVERLORDS', Color='COLOR_RELIGION_SIKHISM', IconString='9' WHERE IconString='Hi';            -- could use Shaivism tentacle icon if KhmerScenario
UPDATE Religions SET Name='LOC_RELIGION_ESUS', Color='COLOR_RELIGION_ZOROASTRIANISM' WHERE IconString='Is';
UPDATE Religions SET Name='LOC_RELIGION_VEIL', Color='COLOR_RELIGION_CATHOLICISM' WHERE IconString='Bu';

--DELETE FROM GameCapabilities WHERE GameCapability = 'CAPABILITY_FOUND_PANTHEONS';

UPDATE BeliefClasses SET MaxInReligion = '2' WHERE BeliefClassType = 'BELIEF_CLASS_FOUNDER';

INSERT INTO TraitModifiers(TraitType, ModifierId) VALUES
('TRAIT_LEADER_MAJOR_CIV', 'TRAIT_GAINS_ALL_FOLLOWER_BELIEFS'),
('MINOR_CIV_DEFAULT_TRAIT', 'TRAIT_GAINS_ALL_FOLLOWER_BELIEFS');
-- fake pantheons
UPDATE Beliefs SET Name='LOC_BELIEF_UNITS_GRANTED_WITHOUT_STATE_SLTH_NAME', Description='LOC_THE_ORDER_BELIEFS' WHERE BeliefType='BELIEF_RELIGIOUS_IDOLS';
UPDATE Beliefs SET Name='LOC_BELIEF_UNITS_GRANTED_WITHOUT_STATE_SLTH_NAME', Description='LOC_EMPYREAN_BELIEFS' WHERE BeliefType='BELIEF_GOD_OF_THE_OPEN_SKY';
UPDATE Beliefs SET Name='LOC_BELIEF_UNITS_GRANTED_WITHOUT_STATE_SLTH_NAME', Description='LOC_KILMORPH_BELIEFS' WHERE BeliefType='BELIEF_STONE_CIRCLES';
UPDATE Beliefs SET Name='LOC_BELIEF_UNITS_GRANTED_WITHOUT_STATE_SLTH_NAME', Description='LOC_LEAVES_BELIEFS' WHERE BeliefType='BELIEF_DESERT_FOLKLORE';
UPDATE Beliefs SET Name='LOC_BELIEF_UNITS_GRANTED_WITHOUT_STATE_SLTH_NAME', Description='LOC_OVERLORDS_BELIEFS' WHERE BeliefType='BELIEF_DANCE_OF_THE_AURORA';
UPDATE Beliefs SET Name='LOC_BELIEF_UNITS_GRANTED_WITHOUT_STATE_SLTH_NAME', Description='LOC_ESUS_BELIEFS' WHERE BeliefType='BELIEF_GOD_OF_THE_SEA';
UPDATE Beliefs SET Name='LOC_BELIEF_UNITS_GRANTED_WITHOUT_STATE_SLTH_NAME', Description='LOC_VEIL_BELIEFS' WHERE BeliefType='BELIEF_INITIATION_RITES';
UPDATE Beliefs SET Name='LOC_BELIEF_UNITS_WITH_STATE_SLTH_NAME', Description='LOC_THE_ORDER_STATE_UNITS' WHERE BeliefType='BELIEF_LAY_MINISTRY';
UPDATE Beliefs SET Name='LOC_BELIEF_UNITS_WITH_STATE_SLTH_NAME', Description='LOC_EMPYREAN_STATE_UNITS' WHERE BeliefType='BELIEF_PAPAL_PRIMACY';
UPDATE Beliefs SET Name='LOC_BELIEF_UNITS_WITH_STATE_SLTH_NAME', Description='LOC_KILMORPH_STATE_UNITS' WHERE BeliefType='BELIEF_PILGRIMAGE';
UPDATE Beliefs SET Name='LOC_BELIEF_UNITS_WITH_STATE_SLTH_NAME', Description='LOC_LEAVES_STATE_UNITS' WHERE BeliefType='BELIEF_STEWARDSHIP';
UPDATE Beliefs SET Name='LOC_BELIEF_UNITS_WITH_STATE_SLTH_NAME', Description='LOC_OVERLORDS_STATE_UNITS' WHERE BeliefType='BELIEF_TITHE';
UPDATE Beliefs SET Name='LOC_BELIEF_UNITS_WITH_STATE_SLTH_NAME', Description='LOC_ESUS_STATE_UNITS' WHERE BeliefType='BELIEF_WORLD_CHURCH';
UPDATE Beliefs SET Name='LOC_BELIEF_UNITS_WITH_STATE_SLTH_NAME', Description='LOC_VEIL_STATE_UNITS' WHERE BeliefType='BELIEF_CROSS_CULTURAL_DIALOGUE';
UPDATE Beliefs SET Name='LOC_BELIEF_BUILDINGS_WITH_STATE_SLTH_NAME', Description='LOC_THE_ORDER_STATE_BUILDINGS' WHERE BeliefType='BELIEF_DIVINE_INSPIRATION';
UPDATE Beliefs SET Name='LOC_BELIEF_BUILDINGS_WITH_STATE_SLTH_NAME', Description='LOC_EMPYREAN_STATE_BUILDINGS' WHERE BeliefType='BELIEF_FEED_THE_WORLD';
UPDATE Beliefs SET Name='LOC_BELIEF_BUILDINGS_WITH_STATE_SLTH_NAME', Description='LOC_KILMORPH_STATE_BUILDINGS' WHERE BeliefType='BELIEF_JESUIT_EDUCATION';
UPDATE Beliefs SET Name='LOC_BELIEF_BUILDINGS_WITH_STATE_SLTH_NAME', Description='LOC_LEAVES_STATE_BUILDINGS' WHERE BeliefType='BELIEF_RELIQUARIES';
UPDATE Beliefs SET Name='LOC_BELIEF_BUILDINGS_WITH_STATE_SLTH_NAME', Description='LOC_OVERLORDS_STATE_BUILDINGS' WHERE BeliefType='BELIEF_RELIGIOUS_COMMUNITY';
UPDATE Beliefs SET Name='LOC_BELIEF_BUILDINGS_WITH_STATE_SLTH_NAME', Description='LOC_ESUS_STATE_BUILDINGS' WHERE BeliefType='BELIEF_WORK_ETHIC';
UPDATE Beliefs SET Name='LOC_BELIEF_BUILDINGS_WITH_STATE_SLTH_NAME', Description='LOC_VEIL_STATE_BUILDINGS' WHERE BeliefType='BELIEF_ZEN_MEDITATION';
UPDATE Beliefs SET Name='LOC_BELIEF_SPECIAL_WITH_STATE_SLTH_NAME', Description='LOC_THE_ORDER_STATE_SPECIAL' WHERE BeliefType='BELIEF_CHORAL_MUSIC';
UPDATE Beliefs SET Name='LOC_BELIEF_SPECIAL_WITH_STATE_SLTH_NAME', Description='LOC_EMPYREAN_STATE_SPECIAL' WHERE BeliefType='BELIEF_WARRIOR_MONKS';
UPDATE Beliefs SET Name='LOC_BELIEF_SPECIAL_WITH_STATE_SLTH_NAME', Description='LOC_KILMORPH_STATE_SPECIAL' WHERE BeliefType='';
UPDATE Beliefs SET Name='LOC_BELIEF_SPECIAL_WITH_STATE_SLTH_NAME', Description='LOC_LEAVES_STATE_SPECIAL' WHERE BeliefType='';
UPDATE Beliefs SET Name='LOC_BELIEF_SPECIAL_WITH_STATE_SLTH_NAME', Description='LOC_OVERLORDS_STATE_SPECIAL' WHERE BeliefType='';
UPDATE Beliefs SET Name='LOC_BELIEF_SPECIAL_WITH_STATE_SLTH_NAME', Description='LOC_ESUS_STATE_SPECIAL' WHERE BeliefType='';
UPDATE Beliefs SET Name='LOC_BELIEF_SPECIAL_WITH_STATE_SLTH_NAME', Description='LOC_VEIL_STATE_SPECIAL' WHERE BeliefType='';
DELETE FROM Beliefs WHERE Name NOT LIKE '%SLTH_NAME';

INSERT INTO BeliefModifiers(BeliefType, ModifierID) VALUES
('BELIEF_LAY_MINISTRY', 'ALLOW_DISCIPLE_THE_ORDER'),
('BELIEF_PAPAL_PRIMACY', 'ALLOW_DISCIPLE_EMPYREAN'),
('BELIEF_PILGRIMAGE', 'ALLOW_DISCIPLE_RUNES'),
('BELIEF_STEWARDSHIP', 'ALLOW_DISCIPLE_FELLOWSHIP'),
('BELIEF_TITHE', 'ALLOW_DISCIPLE_OCTOPUS'),
('BELIEF_CROSS_CULTURAL_DIALOGUE', 'ALLOW_DISCIPLE_THE_ASHEN');
;
INSERT INTO Modifiers(ModifierId, ModifierType) VALUES
('ALLOW_DISCIPLE_EMPYREAN', 'MODIFIER_PLAYER_RELIGION_ADD_RELIGIOUS_UNIT'),
('ALLOW_DISCIPLE_FELLOWSHIP', 'MODIFIER_PLAYER_RELIGION_ADD_RELIGIOUS_UNIT'),
('ALLOW_DISCIPLE_OCTOPUS', 'MODIFIER_PLAYER_RELIGION_ADD_RELIGIOUS_UNIT'),
('ALLOW_DISCIPLE_RUNES', 'MODIFIER_PLAYER_RELIGION_ADD_RELIGIOUS_UNIT'),
('ALLOW_DISCIPLE_THE_ASHEN', 'MODIFIER_PLAYER_RELIGION_ADD_RELIGIOUS_UNIT'),
('ALLOW_DISCIPLE_THE_ORDER', 'MODIFIER_PLAYER_RELIGION_ADD_RELIGIOUS_UNIT');
INSERT INTO ModifierArguments(ModifierId, Name, Value) VALUES
('ALLOW_DISCIPLE_EMPYREAN', 'UnitType', 'SLTH_UNIT_DISCIPLE_EMPYREAN'),
('ALLOW_DISCIPLE_FELLOWSHIP', 'UnitType', 'SLTH_UNIT_DISCIPLE_FELLOWSHIP_OF_LEAVES'),
('ALLOW_DISCIPLE_OCTOPUS', 'UnitType', 'SLTH_UNIT_DISCIPLE_OCTOPUS_OVERLORDS'),
('ALLOW_DISCIPLE_RUNES', 'UnitType', 'SLTH_UNIT_DISCIPLE_RUNES_OF_KILMORPH'),
('ALLOW_DISCIPLE_THE_ASHEN', 'UnitType', 'SLTH_UNIT_DISCIPLE_THE_ASHEN_VEIL'),
('ALLOW_DISCIPLE_THE_ORDER', 'UnitType', 'SLTH_UNIT_DISCIPLE_THE_ORDER');

INSERT INTO TypeTags(Type, Tag) VALUES
('SLTH_UNIT_DISCIPLE_EMPYREAN', 'CLASS_RELIGIOUS'),
('SLTH_UNIT_DISCIPLE_EMPYREAN', 'CLASS_RELIGIOUS_SPREAD'),
('SLTH_UNIT_DISCIPLE_FELLOWSHIP_OF_LEAVES', 'CLASS_RELIGIOUS'),
('SLTH_UNIT_DISCIPLE_FELLOWSHIP_OF_LEAVES', 'CLASS_RELIGIOUS_SPREAD'),
('SLTH_UNIT_DISCIPLE_OCTOPUS_OVERLORDS', 'CLASS_RELIGIOUS'),
('SLTH_UNIT_DISCIPLE_OCTOPUS_OVERLORDS', 'CLASS_RELIGIOUS_SPREAD'),
('SLTH_UNIT_DISCIPLE_RUNES_OF_KILMORPH', 'CLASS_RELIGIOUS'),
('SLTH_UNIT_DISCIPLE_RUNES_OF_KILMORPH', 'CLASS_RELIGIOUS_SPREAD'),
('SLTH_UNIT_DISCIPLE_THE_ASHEN_VEIL', 'CLASS_RELIGIOUS'),
('SLTH_UNIT_DISCIPLE_THE_ASHEN_VEIL', 'CLASS_RELIGIOUS_SPREAD'),
('SLTH_UNIT_DISCIPLE_THE_ORDER', 'CLASS_RELIGIOUS'),
('SLTH_UNIT_DISCIPLE_THE_ORDER', 'CLASS_RELIGIOUS_SPREAD');

INSERT INTO Units(UnitType, Name, BaseSightRange, BaseMoves, Combat, Domain, FormationClass, Cost, Description, PromotionClass, PrereqTech, PrereqCivic, Maintenance, PseudoYieldType, TrackReligion, AdvisorType, EnabledByReligion, SpreadCharges, ReligionEvictPercent, ReligiousStrength) VALUES
('SLTH_UNIT_DISCIPLE_EMPYREAN', 'LOC_SLTH_UNIT_DISCIPLE_EMPYREAN_NAME', '2', '1', '14', 'DOMAIN_LAND', 'FORMATION_CLASS_LAND_COMBAT', '60',  'LOC_SLTH_UNIT_DISCIPLE_EMPYREAN_DESCRIPTION', 'PROMOTION_CLASS_DISCIPLE', NULL, 'CIVIC_HONOR', '1', 'PSEUDOYIELD_UNIT_RELIGIOUS', '1', 'ADVISOR_RELIGIOUS', '1', '1', '10', '100'),
('SLTH_UNIT_DISCIPLE_FELLOWSHIP_OF_LEAVES', 'LOC_SLTH_UNIT_DISCIPLE_FELLOWSHIP_OF_LEAVES_NAME', '2', '1', '14', 'DOMAIN_LAND', 'FORMATION_CLASS_LAND_COMBAT', '60',  'LOC_SLTH_UNIT_DISCIPLE_FELLOWSHIP_OF_LEAVES_DESCRIPTION', 'PROMOTION_CLASS_DISCIPLE', NULL, 'CIVIC_WAY_OF_THE_FORESTS', '1',  'PSEUDOYIELD_UNIT_RELIGIOUS', '1', 'ADVISOR_RELIGIOUS', '1', '1', '10', '100'),
('SLTH_UNIT_DISCIPLE_OCTOPUS_OVERLORDS', 'LOC_SLTH_UNIT_DISCIPLE_OCTOPUS_OVERLORDS_NAME', '2', '1', '14', 'DOMAIN_LAND', 'FORMATION_CLASS_LAND_COMBAT', '60',  'LOC_SLTH_UNIT_DISCIPLE_OCTOPUS_OVERLORDS_DESCRIPTION', 'PROMOTION_CLASS_DISCIPLE', NULL, 'CIVIC_MESSAGE_FROM_THE_DEEP', '1',  'PSEUDOYIELD_UNIT_RELIGIOUS', '1', 'ADVISOR_RELIGIOUS', '1', '1', '10', '100'),
('SLTH_UNIT_DISCIPLE_RUNES_OF_KILMORPH', 'LOC_SLTH_UNIT_DISCIPLE_RUNES_OF_KILMORPH_NAME', '2', '1', '14', 'DOMAIN_LAND', 'FORMATION_CLASS_LAND_COMBAT', '60',  'LOC_SLTH_UNIT_DISCIPLE_RUNES_OF_KILMORPH_DESCRIPTION', 'PROMOTION_CLASS_DISCIPLE', NULL, 'CIVIC_WAY_OF_THE_EARTHMOTHER', '1',   'PSEUDOYIELD_UNIT_RELIGIOUS', '1', 'ADVISOR_RELIGIOUS', '1', '1', '10', '100'),
('SLTH_UNIT_DISCIPLE_THE_ASHEN_VEIL', 'LOC_SLTH_UNIT_DISCIPLE_THE_ASHEN_VEIL_NAME', '2', '1', '14', 'DOMAIN_LAND', 'FORMATION_CLASS_LAND_COMBAT', '60',  'LOC_SLTH_UNIT_DISCIPLE_THE_ASHEN_VEIL_DESCRIPTION', 'PROMOTION_CLASS_DISCIPLE', NULL, 'CIVIC_CORRUPTION_OF_SPIRIT', '1',  'PSEUDOYIELD_UNIT_RELIGIOUS', '1', 'ADVISOR_RELIGIOUS', '1', '1', '10', '100'),
('SLTH_UNIT_DISCIPLE_THE_ORDER', 'LOC_SLTH_UNIT_DISCIPLE_THE_ORDER_NAME', '2', '1', '14', 'DOMAIN_LAND', 'FORMATION_CLASS_LAND_COMBAT', '60',  'LOC_SLTH_UNIT_DISCIPLE_THE_ORDER_DESCRIPTION', 'PROMOTION_CLASS_DISCIPLE', NULL, 'CIVIC_ORDERS_FROM_HEAVEN', '1', 'PSEUDOYIELD_UNIT_RELIGIOUS', '1', 'ADVISOR_RELIGIOUS', '1', '1', '10', '100');

INSERT INTO Traits(TraitType, Name, Description) VALUES ('SLTH_RELIGION_BAN_TRAIT', 'LOC_SLTH_RELIGION_BAN_TRAIT_NAME', 'LOC_SLTH_RELIGION_BAN_TRAIT_DESCRIPTION');

INSERT INTO Units(UnitType, Name, BaseSightRange, BaseMoves, Combat, RangedCombat, Range, Domain, FormationClass, Cost, BuildCharges, Description, TraitType, AllowBarbarians, PromotionClass, PrereqTech, PrereqCivic, CanTrain, Maintenance, Stackable, AirSlots, CanTargetAir, PseudoYieldType, IgnoreMoves, AdvisorType, EnabledByReligion, PurchaseYield, MustPurchase) VALUES
('SLTH_UNIT_PRIEST_OF_WINTER', 'LOC_SLTH_UNIT_PRIEST_OF_WINTER_NAME', '2', '1', '24', '0', '0', 'DOMAIN_LAND', 'FORMATION_CLASS_LAND_COMBAT', '120', '0', 'LOC_SLTH_UNIT_PRIEST_OF_WINTER_DESCRIPTION', 'SLTH_RELIGION_BAN_TRAIT', '1', 'PROMOTION_CLASS_DISCIPLE', NULL, NULL, '0', '1', '0', '0', '0', NULL, '0', 'ADVISOR_CONQUEST', '0', NULL, 1);


INSERT INTO Units(UnitType, Name, BaseSightRange, BaseMoves, Combat, RangedCombat, Range, Domain, FormationClass, Cost, BuildCharges, Description, TraitType, AllowBarbarians, PromotionClass, PrereqTech, PrereqCivic, CanTrain, Maintenance, Stackable, AirSlots, CanTargetAir, PseudoYieldType, IgnoreMoves, AdvisorType, EnabledByReligion) VALUES
('SLTH_UNIT_HIGH_PRIEST_OF_KILMORPH', 'LOC_SLTH_UNIT_HIGH_PRIEST_OF_KILMORPH_NAME', '2', '1', '34', '0', '0', 'DOMAIN_LAND', 'FORMATION_CLASS_LAND_COMBAT', '240', '0', 'LOC_SLTH_UNIT_RUNEKEEPER_DESCRIPTION', 'SLTH_RELIGION_BAN_TRAIT', '1', 'PROMOTION_CLASS_DISCIPLE', NULL, 'CIVIC_THEOLOGY', '0', '1', '0', '0', '0', NULL, '0', 'ADVISOR_RELIGIOUS', '1'),
('SLTH_UNIT_HIGH_PRIEST_OF_THE_OVERLORDS', 'LOC_SLTH_UNIT_HIGH_PRIEST_OF_THE_OVERLORDS_NAME', '2', '1', '34', '0', '0', 'DOMAIN_LAND', 'FORMATION_CLASS_LAND_COMBAT', '240', '0', 'LOC_SLTH_UNIT_SPEAKER_DESCRIPTION', 'SLTH_RELIGION_BAN_TRAIT', '1', 'PROMOTION_CLASS_DISCIPLE', NULL, 'CIVIC_THEOLOGY', '0', '1', '0', '0', '0', NULL, '0', 'ADVISOR_RELIGIOUS', '1'),
('SLTH_UNIT_HIGH_PRIEST_OF_THE_ORDER', 'LOC_SLTH_UNIT_HIGH_PRIEST_OF_THE_ORDER_NAME', '2', '1', '29', '0', '0', 'DOMAIN_LAND', 'FORMATION_CLASS_LAND_COMBAT', '240', '0', 'LOC_SLTH_UNIT_PRIOR_DESCRIPTION', 'SLTH_RELIGION_BAN_TRAIT', '1', 'PROMOTION_CLASS_DISCIPLE', NULL, 'CIVIC_THEOLOGY', '0', '1', '0', '0', '0', NULL, '0', 'ADVISOR_RELIGIOUS', '1'),
('SLTH_UNIT_HIGH_PRIEST_OF_LEAVES', 'LOC_SLTH_UNIT_HIGH_PRIEST_OF_LEAVES_NAME', '2', '1', '39', '0', '0', 'DOMAIN_LAND', 'FORMATION_CLASS_LAND_COMBAT', '240', '0', 'LOC_SLTH_UNIT_HIGH_PRIEST_OF_LEAVES_DESCRIPTION', 'SLTH_RELIGION_BAN_TRAIT', '1', 'PROMOTION_CLASS_DISCIPLE', NULL, 'CIVIC_THEOLOGY', '0', '1', '0', '0', '0', NULL, '0', 'ADVISOR_RELIGIOUS', '1'),
('SLTH_UNIT_HIGH_PRIEST_OF_THE_EMPYREAN', 'LOC_SLTH_UNIT_HIGH_PRIEST_OF_THE_EMPYREAN_NAME', '2', '1', '29', '0', '0', 'DOMAIN_LAND', 'FORMATION_CLASS_LAND_COMBAT', '240', '0', 'LOC_SLTH_UNIT_HIGH_PRIEST_OF_THE_EMPYREAN_DESCRIPTION', 'SLTH_RELIGION_BAN_TRAIT', '1', 'PROMOTION_CLASS_DISCIPLE', NULL, 'CIVIC_THEOLOGY', '0', '1', '0', '0', '0', NULL, '0', 'ADVISOR_RELIGIOUS', '1'),
('SLTH_UNIT_HIGH_PRIEST_OF_THE_VEIL', 'LOC_SLTH_UNIT_HIGH_PRIEST_OF_THE_VEIL_NAME', '2', '1', '29', '0', '0', 'DOMAIN_LAND', 'FORMATION_CLASS_LAND_COMBAT', '240', '0', 'LOC_SLTH_UNIT_PROFANE_DESCRIPTION', 'SLTH_RELIGION_BAN_TRAIT', '1', 'PROMOTION_CLASS_DISCIPLE', NULL, 'CIVIC_THEOLOGY', '0', '1', '0', '0', '0', NULL, '0', 'ADVISOR_RELIGIOUS', '1'),
('SLTH_UNIT_LUNATIC', 'LOC_SLTH_UNIT_LUNATIC_NAME', '2', '1', '34', '0', '0', 'DOMAIN_LAND', 'FORMATION_CLASS_LAND_COMBAT', '90', '0', 'LOC_SLTH_UNIT_LUNATIC_DESCRIPTION', 'SLTH_RELIGION_BAN_TRAIT', '1', 'PROMOTION_CLASS_MELEE', NULL, 'CIVIC_MIND_STAPLING', '1', '1', '0', '0', '0', NULL, '0', 'ADVISOR_CONQUEST', '0'),
('SLTH_UNIT_ARTHENDAIN', 'LOC_SLTH_UNIT_ARTHENDAIN_NAME', '2', '1', '43', '9', '2', 'DOMAIN_LAND', 'FORMATION_CLASS_LAND_COMBAT', '180', '0', 'LOC_SLTH_UNIT_ARTHENDAIN_DESCRIPTION', 'SLTH_RELIGION_BAN_TRAIT', '1', 'PROMOTION_CLASS_RANGED', 'TECH_MEDICINE', NULL, '1', '1', '0', '0', '0', NULL, '0', 'ADVISOR_CONQUEST', '0'),
('SLTH_UNIT_BAMBUR', 'LOC_SLTH_UNIT_BAMBUR_NAME', '2', '1', '24', '0', '0', 'DOMAIN_LAND', 'FORMATION_CLASS_LAND_COMBAT', '180', '0', 'LOC_SLTH_UNIT_BAMBUR_DESCRIPTION', 'SLTH_RELIGION_BAN_TRAIT', '1', 'PROMOTION_CLASS_MELEE', NULL, 'CIVIC_ARETE', '1', '1', '0', '0', '0', NULL, '0', 'ADVISOR_CONQUEST', '0'),
('SLTH_UNIT_MITHRIL_GOLEM', 'LOC_SLTH_UNIT_MITHRIL_GOLEM_NAME', '2', '1', '121', '0', '0', 'DOMAIN_LAND', 'FORMATION_CLASS_LAND_COMBAT', '1200', '0', 'LOC_SLTH_UNIT_MITHRIL_GOLEM_DESCRIPTION', 'SLTH_RELIGION_BAN_TRAIT', '0', NULL, 'TECH_MITHRIL_WORKING', NULL, '1', '1', '0', '0', '0', NULL, '0', 'ADVISOR_CONQUEST', '0'),
('SLTH_UNIT_PARAMANDER', 'LOC_SLTH_UNIT_PARAMANDER_NAME', '2', '1', '34', '0', '0', 'DOMAIN_LAND', 'FORMATION_CLASS_LAND_COMBAT', '120', '0', 'LOC_SLTH_UNIT_PARAMANDER_DESCRIPTION', 'SLTH_RELIGION_BAN_TRAIT', '1', 'PROMOTION_CLASS_DISCIPLE', NULL, 'CIVIC_FANATICISM', '1', '1', '0', '0', '0', NULL, '0', 'ADVISOR_CONQUEST', '0'),
('SLTH_UNIT_DWARVEN_SOLDIER_RUNES', 'LOC_SLTH_UNIT_DWARVEN_SOLDIER_RUNES_NAME', '2', '1', '19', '0', '0', 'DOMAIN_LAND', 'FORMATION_CLASS_LAND_COMBAT', '90', '0', 'LOC_SLTH_UNIT_SOLDIER_OF_KILMORPH_DESCRIPTION', 'SLTH_RELIGION_BAN_TRAIT', '1', 'PROMOTION_CLASS_MELEE', NULL, 'CIVIC_WAY_OF_THE_EARTHMOTHER', '1', '1', '0', '0', '0', NULL, '0', 'ADVISOR_CONQUEST', '0'),
('SLTH_UNIT_PRIEST_OF_KILMORPH', 'LOC_SLTH_UNIT_PRIEST_OF_KILMORPH_NAME', '2', '1', '24', '0', '0', 'DOMAIN_LAND', 'FORMATION_CLASS_LAND_COMBAT', '120', '0', 'LOC_SLTH_UNIT_PRIEST_OF_KILMORPH_DESCRIPTION', 'SLTH_RELIGION_BAN_TRAIT', '1', 'PROMOTION_CLASS_DISCIPLE', NULL, 'CIVIC_PRIESTHOOD', '1', '1', '0', '0', '0', NULL, '0', 'ADVISOR_RELIGIOUS', '0'),
('SLTH_UNIT_DROWN', 'LOC_SLTH_UNIT_DROWN_NAME', '2', '1', '14', '0', '0', 'DOMAIN_LAND', 'FORMATION_CLASS_LAND_COMBAT', '90', '0', 'LOC_SLTH_UNIT_DROWN_DESCRIPTION', 'SLTH_RELIGION_BAN_TRAIT', '1', 'PROMOTION_CLASS_MELEE', NULL, 'CIVIC_MESSAGE_FROM_THE_DEEP', '1', '1', '0', '0', '0', NULL, '0', 'ADVISOR_CONQUEST', '0'),
('SLTH_UNIT_PRIEST_OF_THE_OVERLORDS', 'LOC_SLTH_UNIT_PRIEST_OF_THE_OVERLORDS_NAME', '2', '1', '24', '0', '0', 'DOMAIN_LAND', 'FORMATION_CLASS_LAND_COMBAT', '120', '0', 'LOC_SLTH_UNIT_PRIEST_OF_THE_OVERLORDS_DESCRIPTION', 'SLTH_RELIGION_BAN_TRAIT', '1', 'PROMOTION_CLASS_DISCIPLE', NULL, 'CIVIC_PRIESTHOOD', '1', '1', '0', '0', '0', NULL, '0', 'ADVISOR_RELIGIOUS', '0'),
('SLTH_UNIT_HEMAH', 'LOC_SLTH_UNIT_HEMAH_NAME', '2', '1', '34', '7', '2', 'DOMAIN_LAND', 'FORMATION_CLASS_LAND_COMBAT', '180', '1', 'LOC_SLTH_UNIT_HEMAH_DESCRIPTION', 'SLTH_RELIGION_BAN_TRAIT', '1', 'PROMOTION_CLASS_ADEPT', 'TECH_ARCANE_LORE', NULL, '1', '1', '0', '0', '0', NULL, '0', 'ADVISOR_CONQUEST', '0'),
('SLTH_UNIT_SAVEROUS', 'LOC_SLTH_UNIT_SAVEROUS_NAME', '2', '1', '24', '0', '0', 'DOMAIN_LAND', 'FORMATION_CLASS_LAND_COMBAT', '180', '0', 'LOC_SLTH_UNIT_SAVEROUS_DESCRIPTION', 'SLTH_RELIGION_BAN_TRAIT', '1', 'PROMOTION_CLASS_MELEE', NULL, 'CIVIC_MIND_STAPLING', '1', '1', '0', '0', '0', NULL, '0', 'ADVISOR_CONQUEST', '0'),
('SLTH_UNIT_STYGIAN_GUARD', 'LOC_SLTH_UNIT_STYGIAN_GUARD_NAME', '2', '1', '24', '0', '0', 'DOMAIN_LAND', 'FORMATION_CLASS_LAND_COMBAT', '120', '0', 'LOC_SLTH_UNIT_STYGIAN_GUARD_DESCRIPTION', 'SLTH_RELIGION_BAN_TRAIT', '1', 'PROMOTION_CLASS_MELEE', NULL, 'CIVIC_FANATICISM', '1', '1', '0', '0', '0', NULL, '0', 'ADVISOR_CONQUEST', '0'),
('SLTH_UNIT_CRUSADER', 'LOC_SLTH_UNIT_CRUSADER_NAME', '2', '1', '29', '0', '0', 'DOMAIN_LAND', 'FORMATION_CLASS_LAND_COMBAT', '120', '0', 'LOC_SLTH_UNIT_CRUSADER_DESCRIPTION', 'SLTH_RELIGION_BAN_TRAIT', '1', 'PROMOTION_CLASS_DISCIPLE', NULL, 'CIVIC_FANATICISM', '1', '1', '0', '0', '0', NULL, '0', 'ADVISOR_CONQUEST', '0'),
('SLTH_UNIT_PRIEST_OF_THE_ORDER', 'LOC_SLTH_UNIT_PRIEST_OF_THE_ORDER_NAME', '2', '1', '19', '0', '0', 'DOMAIN_LAND', 'FORMATION_CLASS_LAND_COMBAT', '120', '0', 'LOC_SLTH_UNIT_PRIEST_OF_THE_ORDER_DESCRIPTION', 'SLTH_RELIGION_BAN_TRAIT', '1', 'PROMOTION_CLASS_DISCIPLE', NULL, 'CIVIC_PRIESTHOOD', '1', '1', '0', '0', '0', NULL, '0', 'ADVISOR_RELIGIOUS', '0'),
('SLTH_UNIT_VALIN', 'LOC_SLTH_UNIT_VALIN_NAME', '2', '3', '29', '0', '0', 'DOMAIN_LAND', 'FORMATION_CLASS_LAND_COMBAT', '180', '0', 'LOC_SLTH_UNIT_VALIN_DESCRIPTION', 'SLTH_RELIGION_BAN_TRAIT', '1', 'PROMOTION_CLASS_LIGHT_CAVALRY', NULL, 'CIVIC_ORDERS_FROM_HEAVEN', '1', '1', '0', '0', '0', NULL, '0', 'ADVISOR_CONQUEST', '0'),
('SLTH_UNIT_SPHENER', 'LOC_SLTH_UNIT_SPHENER_NAME', '2', '2', '58', '0', '0', 'DOMAIN_LAND', 'FORMATION_CLASS_LAND_COMBAT', '240', '0', 'LOC_SLTH_UNIT_SPHENER_DESCRIPTION', 'SLTH_RELIGION_BAN_TRAIT', '1', 'PROMOTION_CLASS_DISCIPLE', NULL, 'CIVIC_RIGHTEOUSNESS', '1', '1', '0', '0', '0', NULL, '0', 'ADVISOR_CONQUEST', '0'),
('SLTH_UNIT_BEAST_OF_AGARES', 'LOC_SLTH_UNIT_BEAST_OF_AGARES_NAME', '2', '2', '53', '0', '0', 'DOMAIN_LAND', 'FORMATION_CLASS_LAND_COMBAT', '120', '0', 'LOC_SLTH_UNIT_BEAST_OF_AGARES_DESCRIPTION', 'SLTH_RELIGION_BAN_TRAIT', '1', 'PROMOTION_CLASS_BEAST', NULL, 'CIVIC_MALEVOLENT_DESIGNS', '1', '1', '0', '0', '0', NULL, '0', 'ADVISOR_CONQUEST', '0'),
('SLTH_UNIT_PRIEST_OF_THE_VEIL', 'LOC_SLTH_UNIT_PRIEST_OF_THE_VEIL_NAME', '2', '1', '24', '0', '0', 'DOMAIN_LAND', 'FORMATION_CLASS_LAND_COMBAT', '120', '0', 'LOC_SLTH_UNIT_PRIEST_OF_THE_VEIL_DESCRIPTION', 'SLTH_RELIGION_BAN_TRAIT', '1', 'PROMOTION_CLASS_DISCIPLE', NULL, 'CIVIC_PRIESTHOOD', '1', '1', '0', '0', '0', NULL, '0', 'ADVISOR_RELIGIOUS', '0'),
('SLTH_UNIT_DISEASED_CORPSE', 'LOC_SLTH_UNIT_DISEASED_CORPSE_NAME', '2', '1', '24', '0', '0', 'DOMAIN_LAND', 'FORMATION_CLASS_LAND_COMBAT', '90', '0', 'LOC_SLTH_UNIT_DISEASED_CORPSE_DESCRIPTION', 'SLTH_RELIGION_BAN_TRAIT', '1', 'PROMOTION_CLASS_MELEE', NULL, 'CIVIC_CORRUPTION_OF_SPIRIT', '1', '1', '0', '0', '0', NULL, '0', 'ADVISOR_CONQUEST', '0'),
('SLTH_UNIT_ROSIER', 'LOC_SLTH_UNIT_ROSIER_NAME', '2', '3', '34', '0', '0', 'DOMAIN_LAND', 'FORMATION_CLASS_LAND_COMBAT', '180', '0', 'LOC_SLTH_UNIT_ROSIER_DESCRIPTION', 'SLTH_RELIGION_BAN_TRAIT', '1', 'PROMOTION_CLASS_LIGHT_CAVALRY', NULL, 'CIVIC_CORRUPTION_OF_SPIRIT', '1', '1', '0', '0', '0', NULL, '0', 'ADVISOR_CONQUEST', '0'),
('SLTH_UNIT_MARDERO', 'LOC_SLTH_UNIT_MARDERO_NAME', '2', '2', '48', '0', '0', 'DOMAIN_LAND', 'FORMATION_CLASS_LAND_COMBAT', '240', '0', 'LOC_SLTH_UNIT_MARDERO_DESCRIPTION', 'SLTH_RELIGION_BAN_TRAIT', '1', 'PROMOTION_CLASS_DISCIPLE', NULL, 'CIVIC_MALEVOLENT_DESIGNS', '1', '1', '0', '0', '0', NULL, '0', 'ADVISOR_CONQUEST', '0'),
('SLTH_UNIT_MESHABBER', 'LOC_SLTH_UNIT_MESHABBER_NAME', '2', '2', '92', '0', '0', 'DOMAIN_LAND', 'FORMATION_CLASS_LAND_COMBAT', '1200', '0', 'LOC_SLTH_UNIT_MESHABBER_DESCRIPTION', 'SLTH_RELIGION_BAN_TRAIT', '1', 'PROMOTION_CLASS_MELEE', NULL, 'CIVIC_INFERNAL_PACT', '1', '1', '0', '0', '0', NULL, '0', 'ADVISOR_CONQUEST', '0'),
('SLTH_UNIT_PRIEST_OF_LEAVES', 'LOC_SLTH_UNIT_PRIEST_OF_LEAVES_NAME', '2', '1', '24', '0', '0', 'DOMAIN_LAND', 'FORMATION_CLASS_LAND_COMBAT', '120', '0', 'LOC_SLTH_UNIT_PRIEST_OF_LEAVES_DESCRIPTION', 'SLTH_RELIGION_BAN_TRAIT', '1', 'PROMOTION_CLASS_DISCIPLE', NULL, 'CIVIC_PRIESTHOOD', '1', '1', '0', '0', '0', NULL, '0', 'ADVISOR_RELIGIOUS', '0'),
('SLTH_UNIT_FAWN', 'LOC_SLTH_UNIT_FAWN_NAME', '2', '2', '19', '0', '0', 'DOMAIN_LAND', 'FORMATION_CLASS_LAND_COMBAT', '90', '0', 'LOC_SLTH_UNIT_FAWN_DESCRIPTION', 'SLTH_RELIGION_BAN_TRAIT', '1', 'PROMOTION_CLASS_RECON', NULL, 'CIVIC_WAY_OF_THE_FORESTS', '1', '1', '0', '0', '0', NULL, '0', 'ADVISOR_CONQUEST', '0'),
('SLTH_UNIT_SATYR', 'LOC_SLTH_UNIT_SATYR_NAME', '2', '2', '43', '0', '0', 'DOMAIN_LAND', 'FORMATION_CLASS_LAND_COMBAT', '150', '0', 'LOC_SLTH_UNIT_SATYR_DESCRIPTION', 'SLTH_RELIGION_BAN_TRAIT', '1', 'PROMOTION_CLASS_RECON', 'TECH_ANIMAL_HANDLING', NULL, '0', '1', '0', '0', '0', NULL, '0', 'ADVISOR_CONQUEST', '0'),
('SLTH_UNIT_KITHRA', 'LOC_SLTH_UNIT_KITHRA_NAME', '2', '3', '39', '0', '0', 'DOMAIN_LAND', 'FORMATION_CLASS_LAND_COMBAT', '180', '0', 'LOC_SLTH_UNIT_KITHRA_DESCRIPTION', 'SLTH_RELIGION_BAN_TRAIT', '1', 'PROMOTION_CLASS_LIGHT_CAVALRY', NULL, 'CIVIC_FERAL_BOND', '1', '1', '0', '0', '0', NULL, '0', 'ADVISOR_CONQUEST', '0'),
('SLTH_UNIT_YVAIN', 'LOC_SLTH_UNIT_YVAIN_NAME', '2', '2', '43', '0', '0', 'DOMAIN_LAND', 'FORMATION_CLASS_LAND_COMBAT', '240', '0', 'LOC_SLTH_UNIT_YVAIN_DESCRIPTION', 'SLTH_RELIGION_BAN_TRAIT', '1', 'PROMOTION_CLASS_DISCIPLE', NULL, 'CIVIC_COMMUNE_WITH_NATURE', '1', '1', '0', '0', '0', NULL, '0', 'ADVISOR_CONQUEST', '0'),
('SLTH_UNIT_PRIEST_OF_THE_EMPYREAN', 'LOC_SLTH_UNIT_PRIEST_OF_THE_EMPYREAN_NAME', '2', '1', '19', '0', '0', 'DOMAIN_LAND', 'FORMATION_CLASS_LAND_COMBAT', '120', '0', 'LOC_SLTH_UNIT_PRIEST_OF_THE_EMPYREAN_DESCRIPTION', 'SLTH_RELIGION_BAN_TRAIT', '1', 'PROMOTION_CLASS_DISCIPLE', NULL, 'CIVIC_PRIESTHOOD', '1', '1', '0', '0', '0', NULL, '0', 'ADVISOR_RELIGIOUS', '0'),
('SLTH_UNIT_RATHA', 'LOC_SLTH_UNIT_RATHA_NAME', '2', '3', '24', '0', '0', 'DOMAIN_LAND', 'FORMATION_CLASS_LAND_COMBAT', '180', '0', 'LOC_SLTH_UNIT_RATHA_DESCRIPTION', 'SLTH_RELIGION_BAN_TRAIT', '1', 'PROMOTION_CLASS_LIGHT_CAVALRY', 'TECH_TRADE', NULL, '1', '1', '0', '0', '0', NULL, '0', 'ADVISOR_CONQUEST', '0'),
('SLTH_UNIT_RADIANT_GUARD', 'LOC_SLTH_UNIT_RADIANT_GUARD_NAME', '2', '1', '19', '0', '0', 'DOMAIN_LAND', 'FORMATION_CLASS_LAND_COMBAT', '90', '0', 'LOC_SLTH_UNIT_RADIANT_GUARD_DESCRIPTION', 'SLTH_RELIGION_BAN_TRAIT', '1', 'PROMOTION_CLASS_MELEE', NULL, 'CIVIC_HONOR', '1', '1', '0', '0', '0', NULL, '0', 'ADVISOR_CONQUEST', '0'),
('SLTH_UNIT_CHALID', 'LOC_SLTH_UNIT_CHALID_NAME', '2', '2', '34', '0', '0', 'DOMAIN_LAND', 'FORMATION_CLASS_LAND_COMBAT', '300', '0', 'LOC_SLTH_UNIT_CHALID_DESCRIPTION', 'SLTH_RELIGION_BAN_TRAIT', '1', 'PROMOTION_CLASS_DISCIPLE', NULL, 'CIVIC_RELIGIOUS_LAW', '1', '1', '0', '0', '0', NULL, '0', 'ADVISOR_CONQUEST', '0'),
('SLTH_UNIT_SHADOW', 'LOC_SLTH_UNIT_SHADOW_NAME', '2', '2', '39', '0', '0', 'DOMAIN_LAND', 'FORMATION_CLASS_LAND_COMBAT', '240', '0', 'LOC_SLTH_UNIT_SHADOW_DESCRIPTION', 'SLTH_RELIGION_BAN_TRAIT', '1', 'PROMOTION_CLASS_RECON', NULL, 'CIVIC_GUILDS', '1', '1', '0', '0', '0', NULL, '0', 'ADVISOR_CONQUEST', '0'),
('SLTH_UNIT_SHADOWRIDER', 'LOC_SLTH_UNIT_SHADOWRIDER_NAME', '2', '3', '43', '0', '0', 'DOMAIN_LAND', 'FORMATION_CLASS_LAND_COMBAT', '240', '0', 'LOC_SLTH_UNIT_SHADOWRIDER_DESCRIPTION', 'SLTH_RELIGION_BAN_TRAIT', '1', 'PROMOTION_CLASS_LIGHT_CAVALRY', 'TECH_WARHORSES', NULL, '1', '1', '0', '0', '0', NULL, '0', 'ADVISOR_CONQUEST', '0'),
('SLTH_UNIT_NIGHTWATCH', 'LOC_SLTH_UNIT_NIGHTWATCH_NAME', '2', '1', '14', '3', '2', 'DOMAIN_LAND', 'FORMATION_CLASS_LAND_COMBAT', '120', '0', 'LOC_SLTH_UNIT_NIGHTWATCH_DESCRIPTION', 'SLTH_RELIGION_BAN_TRAIT', '1', 'PROMOTION_CLASS_RANGED', 'TECH_BOWYERS', NULL, '1', '1', '0', '0', '0', NULL, '0', 'ADVISOR_CONQUEST', '0'),
('SLTH_UNIT_GIBBON', 'LOC_SLTH_UNIT_GIBBON_NAME', '2', '1', '24', '5', '2', 'DOMAIN_LAND', 'FORMATION_CLASS_LAND_COMBAT', '180', '1', 'LOC_SLTH_UNIT_GIBBON_DESCRIPTION', 'SLTH_RELIGION_BAN_TRAIT', '1', 'PROMOTION_CLASS_ADEPT', NULL, 'CIVIC_DECEPTION', '1', '1', '0', '0', '0', NULL, '0', 'ADVISOR_TECHNOLOGY', '0');

INSERT INTO Unit_BuildingPrereqs(Unit, PrereqBuilding) VALUES
('SLTH_UNIT_DISCIPLE_RUNES_OF_KILMORPH', 'BUILDING_WAT'),
('SLTH_UNIT_PRIEST_OF_KILMORPH', 'BUILDING_WAT'),
('SLTH_UNIT_PARAMANDER', 'BUILDING_WAT'),
('SLTH_UNIT_DISCIPLE_THE_ORDER', 'BUILDING_CATHEDRAL'),
('SLTH_UNIT_PRIEST_OF_THE_ORDER', 'BUILDING_CATHEDRAL'),
('SLTH_UNIT_CRUSADER', 'BUILDING_CATHEDRAL'),
('SLTH_UNIT_DISCIPLE_EMPYREAN', 'BUILDING_GURDWARA'),
('SLTH_UNIT_PRIEST_OF_THE_EMPYREAN', 'BUILDING_GURDWARA'),
('SLTH_UNIT_DISCIPLE_FELLOWSHIP_OF_LEAVES', 'BUILDING_SANCTUARY'),
('SLTH_UNIT_PRIEST_OF_LEAVES', 'BUILDING_SANCTUARY'),
('SLTH_UNIT_DISCIPLE_OCTOPUS_OVERLORDS', 'BUILDING_MOSQUE'),
('SLTH_UNIT_PRIEST_OF_THE_OVERLORDS', 'BUILDING_MOSQUE'),
('SLTH_UNIT_STYGIAN_GUARD', 'BUILDING_MOSQUE'),
('SLTH_UNIT_DISCIPLE_THE_ASHEN_VEIL', 'BUILDING_STUPA'),
('SLTH_UNIT_PRIEST_OF_THE_VEIL', 'BUILDING_STUPA'),
('SLTH_UNIT_BEAST_OF_AGARES', 'BUILDING_STUPA');

INSERT INTO TypeTags(Type, Tag) VALUES
('SLTH_UNIT_ARTHENDAIN', 'CLASS_RANGED'),
('SLTH_UNIT_BAMBUR', 'CLASS_MELEE'),
('SLTH_UNIT_PARAMANDER', 'CLASS_DISCIPLE'),
('SLTH_UNIT_MITHRIL_GOLEM', 'CLASS_MELEE'),
('SLTH_UNIT_PRIEST_OF_KILMORPH', 'CLASS_DISCIPLE'),
('SLTH_UNIT_ARTHENDAIN', 'RACE_DWARVEN'),
('SLTH_UNIT_BAMBUR', 'RACE_DWARVEN'),
('SLTH_UNIT_MITHRIL_GOLEM', 'RACE_GOLEM'),
('SLTH_UNIT_PARAMANDER', 'CAN_BE_RACIALIZED'),
('SLTH_UNIT_PRIEST_OF_KILMORPH', 'CAN_BE_RACIALIZED'),
('SLTH_UNIT_DROWN', 'CLASS_MELEE'),
('SLTH_UNIT_HEMAH', 'CLASS_ADEPT'),
('SLTH_UNIT_SAVEROUS', 'CLASS_MELEE'),
('SLTH_UNIT_STYGIAN_GUARD', 'CLASS_MELEE'),
('SLTH_UNIT_PRIEST_OF_THE_OVERLORDS', 'CLASS_DISCIPLE'),
('SLTH_UNIT_DROWN', 'IS_UNDEAD'),
('SLTH_UNIT_PRIEST_OF_THE_OVERLORDS', 'CAN_BE_RACIALIZED'),
('SLTH_UNIT_HEMAH', 'RACE_HUMAN'),
('SLTH_UNIT_SAVEROUS', 'RACE_DEMON'),
('SLTH_UNIT_SAVEROUS', 'RACE_WINTERBORN'),
('SLTH_UNIT_STYGIAN_GUARD', 'RACE_DEMON'),             -- are they?
('SLTH_UNIT_CRUSADER', 'CLASS_DISCIPLE'),
('SLTH_UNIT_PRIEST_OF_THE_ORDER', 'CLASS_DISCIPLE'),
('SLTH_UNIT_VALIN', 'CLASS_LIGHT_CAVALRY'),
('SLTH_UNIT_SPHENER', 'CLASS_DISCIPLE'),
('SLTH_UNIT_CRUSADER', 'CAN_BE_RACIALIZED'),
('SLTH_UNIT_PRIEST_OF_THE_ORDER', 'CAN_BE_RACIALIZED'),
('SLTH_UNIT_VALIN', 'RACE_HUMAN'),
('SLTH_UNIT_SPHENER', 'RACE_ANGEL'),
('SLTH_UNIT_BEAST_OF_AGARES', 'CLASS_BEAST'),
('SLTH_UNIT_PRIEST_OF_THE_VEIL', 'CLASS_DISCIPLE'),
('SLTH_UNIT_DISEASED_CORPSE', 'CLASS_MELEE'),
('SLTH_UNIT_ROSIER', 'CLASS_LIGHT_CAVALRY'),
('SLTH_UNIT_MARDERO', 'CLASS_DISCIPLE'),
('SLTH_UNIT_PRIEST_OF_THE_VEIL', 'CAN_BE_RACIALIZED'),
('SLTH_UNIT_DISEASED_CORPSE', 'IS_UNDEAD'),
('SLTH_UNIT_ROSIER', 'RACE_HUMAN'),
('SLTH_UNIT_MARDERO', 'RACE_DEMON'),
('SLTH_UNIT_PRIEST_OF_LEAVES', 'CLASS_DISCIPLE'),
('SLTH_UNIT_FAWN', 'CLASS_RECON'),
('SLTH_UNIT_SATYR', 'CLASS_RECON'),
('SLTH_UNIT_KITHRA', 'CLASS_LIGHT_CAVALRY'),
('SLTH_UNIT_YVAIN', 'CLASS_DISCIPLE'),
('SLTH_UNIT_PRIEST_OF_LEAVES', 'CAN_BE_RACIALIZED'),
('SLTH_UNIT_KITHRA', 'RACE_ELVEN'),
('SLTH_UNIT_YVAIN', 'RACE_ELVEN'),
('SLTH_UNIT_PRIEST_OF_THE_EMPYREAN', 'CLASS_DISCIPLE'),
('SLTH_UNIT_RATHA', 'CLASS_LIGHT_CAVALRY'),
('SLTH_UNIT_RADIANT_GUARD', 'CLASS_MELEE'),
('SLTH_UNIT_CHALID', 'CLASS_DISCIPLE'),
('SLTH_UNIT_PRIEST_OF_THE_EMPYREAN', 'CAN_BE_RACIALIZED'),
('SLTH_UNIT_RADIANT_GUARD', 'CAN_BE_RACIALIZED'),
('SLTH_UNIT_CHALID', 'RACE_HUMAN'),
('SLTH_UNIT_SHADOW', 'CLASS_RECON'),
('SLTH_UNIT_SHADOWRIDER', 'CLASS_LIGHT_CAVALRY'),
('SLTH_UNIT_NIGHTWATCH', 'CLASS_RANGED'),
('SLTH_UNIT_GIBBON', 'CLASS_ADEPT'),
('SLTH_UNIT_SHADOW', 'CAN_BE_RACIALIZED'),
('SLTH_UNIT_SHADOWRIDER', 'CAN_BE_RACIALIZED'),
('SLTH_UNIT_NIGHTWATCH', 'CAN_BE_RACIALIZED'),
('SLTH_UNIT_DISCIPLE_EMPYREAN', 'CLASS_DISCIPLE'),
('SLTH_UNIT_DISCIPLE_FELLOWSHIP_OF_LEAVES', 'CLASS_DISCIPLE'),
('SLTH_UNIT_DISCIPLE_OCTOPUS_OVERLORDS', 'CLASS_DISCIPLE'),
('SLTH_UNIT_DISCIPLE_RUNES_OF_KILMORPH', 'CLASS_DISCIPLE'),
('SLTH_UNIT_DISCIPLE_THE_ASHEN_VEIL', 'CLASS_DISCIPLE'),
('SLTH_UNIT_DISCIPLE_THE_ORDER', 'CLASS_DISCIPLE'),
('SLTH_UNIT_DISCIPLE_EMPYREAN', 'CAN_BE_RACIALIZED'),
('SLTH_UNIT_DISCIPLE_FELLOWSHIP_OF_LEAVES', 'CAN_BE_RACIALIZED'),
('SLTH_UNIT_DISCIPLE_OCTOPUS_OVERLORDS', 'CAN_BE_RACIALIZED'),
('SLTH_UNIT_DISCIPLE_RUNES_OF_KILMORPH', 'CAN_BE_RACIALIZED'),
('SLTH_UNIT_DISCIPLE_THE_ASHEN_VEIL', 'CAN_BE_RACIALIZED'),
('SLTH_UNIT_DISCIPLE_THE_ORDER', 'CAN_BE_RACIALIZED'),
('SLTH_UNIT_HIGH_PRIEST_OF_KILMORPH', 'CLASS_DISCIPLE'),
('SLTH_UNIT_HIGH_PRIEST_OF_LEAVES', 'CLASS_DISCIPLE'),
('SLTH_UNIT_HIGH_PRIEST_OF_THE_EMPYREAN', 'CLASS_DISCIPLE'),
('SLTH_UNIT_HIGH_PRIEST_OF_THE_ORDER', 'CLASS_DISCIPLE'),
('SLTH_UNIT_HIGH_PRIEST_OF_THE_OVERLORDS', 'CLASS_DISCIPLE'),
('SLTH_UNIT_HIGH_PRIEST_OF_THE_VEIL', 'CLASS_DISCIPLE'),
('SLTH_UNIT_HIGH_PRIEST_OF_KILMORPH', 'CAN_BE_RACIALIZED'),
('SLTH_UNIT_HIGH_PRIEST_OF_LEAVES', 'CAN_BE_RACIALIZED'),
('SLTH_UNIT_HIGH_PRIEST_OF_THE_EMPYREAN', 'CAN_BE_RACIALIZED'),
('SLTH_UNIT_HIGH_PRIEST_OF_THE_ORDER', 'CAN_BE_RACIALIZED'),
('SLTH_UNIT_HIGH_PRIEST_OF_THE_OVERLORDS', 'CAN_BE_RACIALIZED'),
('SLTH_UNIT_HIGH_PRIEST_OF_THE_VEIL', 'CAN_BE_RACIALIZED');

INSERT INTO Types(Type, Kind) VALUES
('SLTH_UNIT_ARTHENDAIN', 'KIND_UNIT'),
('SLTH_UNIT_BAMBUR', 'KIND_UNIT'),
('SLTH_UNIT_MITHRIL_GOLEM', 'KIND_UNIT'),
('SLTH_UNIT_PARAMANDER', 'KIND_UNIT'),
('SLTH_UNIT_PRIEST_OF_KILMORPH', 'KIND_UNIT'),
('SLTH_UNIT_DROWN', 'KIND_UNIT'),
('SLTH_UNIT_PRIEST_OF_THE_OVERLORDS', 'KIND_UNIT'),
('SLTH_UNIT_HEMAH', 'KIND_UNIT'),
('SLTH_UNIT_SAVEROUS', 'KIND_UNIT'),
('SLTH_UNIT_STYGIAN_GUARD', 'KIND_UNIT'),
('SLTH_UNIT_CRUSADER', 'KIND_UNIT'),
('SLTH_UNIT_PRIEST_OF_THE_ORDER', 'KIND_UNIT'),
('SLTH_UNIT_VALIN', 'KIND_UNIT'),
('SLTH_UNIT_SPHENER', 'KIND_UNIT'),
('SLTH_UNIT_BEAST_OF_AGARES', 'KIND_UNIT'),
('SLTH_UNIT_PRIEST_OF_THE_VEIL', 'KIND_UNIT'),
('SLTH_UNIT_DISEASED_CORPSE', 'KIND_UNIT'),
('SLTH_UNIT_ROSIER', 'KIND_UNIT'),
('SLTH_UNIT_MARDERO', 'KIND_UNIT'),
('SLTH_UNIT_PRIEST_OF_LEAVES', 'KIND_UNIT'),
('SLTH_UNIT_FAWN', 'KIND_UNIT'),
('SLTH_UNIT_SATYR', 'KIND_UNIT'),
('SLTH_UNIT_KITHRA', 'KIND_UNIT'),
('SLTH_UNIT_YVAIN', 'KIND_UNIT'),
('SLTH_UNIT_PRIEST_OF_THE_EMPYREAN', 'KIND_UNIT'),
('SLTH_UNIT_RATHA', 'KIND_UNIT'),
('SLTH_UNIT_RADIANT_GUARD', 'KIND_UNIT'),
('SLTH_UNIT_CHALID', 'KIND_UNIT'),
('SLTH_UNIT_SHADOW', 'KIND_UNIT'),
('SLTH_UNIT_SHADOWRIDER', 'KIND_UNIT'),
('SLTH_UNIT_NIGHTWATCH', 'KIND_UNIT'),
('SLTH_UNIT_GIBBON', 'KIND_UNIT'),
('SLTH_UNIT_DISCIPLE_EMPYREAN', 'KIND_UNIT'),
('SLTH_UNIT_DISCIPLE_FELLOWSHIP_OF_LEAVES', 'KIND_UNIT'),
('SLTH_UNIT_DISCIPLE_OCTOPUS_OVERLORDS', 'KIND_UNIT'),
('SLTH_UNIT_DISCIPLE_RUNES_OF_KILMORPH', 'KIND_UNIT'),
('SLTH_UNIT_DISCIPLE_THE_ASHEN_VEIL', 'KIND_UNIT'),
('SLTH_UNIT_DISCIPLE_THE_ORDER', 'KIND_UNIT'),
('SLTH_UNIT_HIGH_PRIEST_OF_KILMORPH', 'KIND_UNIT'),
('SLTH_UNIT_HIGH_PRIEST_OF_THE_OVERLORDS', 'KIND_UNIT'),
('SLTH_UNIT_HIGH_PRIEST_OF_THE_EMPYREAN', 'KIND_UNIT'),
('SLTH_UNIT_HIGH_PRIEST_OF_THE_ORDER', 'KIND_UNIT'),
('SLTH_UNIT_HIGH_PRIEST_OF_THE_VEIL', 'KIND_UNIT'),
('SLTH_UNIT_HIGH_PRIEST_OF_LEAVES', 'KIND_UNIT'),
('ALIGNMENT_EVIL', 'KIND_ABILITY'),
('ALIGNMENT_GOOD', 'KIND_ABILITY'),
('ABILITY_WORSHIPS_ESUS', 'KIND_ABILITY'),
('ABILITY_WORSHIPS_OCTOPUS', 'KIND_ABILITY'),
('ABILITY_WORSHIPS_VEIL', 'KIND_ABILITY'),
('ABILITY_WORSHIPS_LEAVES', 'KIND_ABILITY'),
('ABILITY_WORSHIPS_EMPYREAN', 'KIND_ABILITY'),
('ABILITY_WORSHIPS_KILMORPH', 'KIND_ABILITY'),
('ABILITY_WORSHIPS_ORDER', 'KIND_ABILITY'),
('ABILITY_INHERENT_WORSHIPS_ESUS', 'KIND_ABILITY'),
('ABILITY_INHERENT_WORSHIPS_OCTOPUS', 'KIND_ABILITY'),
('ABILITY_INHERENT_WORSHIPS_VEIL', 'KIND_ABILITY'),
('ABILITY_INHERENT_WORSHIPS_LEAVES', 'KIND_ABILITY'),
('ABILITY_INHERENT_WORSHIPS_EMPYREAN', 'KIND_ABILITY'),
('ABILITY_INHERENT_WORSHIPS_KILMORPH', 'KIND_ABILITY'),
('ABILITY_INHERENT_WORSHIPS_ORDER', 'KIND_ABILITY'),
('SLTH_RELIGION_BAN_TRAIT', 'KIND_TRAIT');

-- alignment only
INSERT INTO Units(UnitType, Name, BaseSightRange, BaseMoves, Combat, RangedCombat, Range, Domain, FormationClass, Cost, BuildCharges, Description, TraitType, AllowBarbarians, PromotionClass, PrereqTech, PrereqCivic, CanTrain, Maintenance, Stackable, AirSlots, CanTargetAir, PseudoYieldType, IgnoreMoves, AdvisorType, EnabledByReligion) VALUES
('SLTH_UNIT_DRUID', 'LOC_SLTH_UNIT_DRUID_NAME', '2', '2', '39', '0', '0', 'DOMAIN_LAND', 'FORMATION_CLASS_LAND_COMBAT', '240', '0', 'LOC_SLTH_UNIT_DRUID_DESCRIPTION', 'SLTH_RELIGION_BAN_TRAIT', '1', 'PROMOTION_CLASS_DISCIPLE', NULL, 'CIVIC_COMMUNE_WITH_NATURE', '1', '1', '0', '1', '0', NULL, '0', 'ADVISOR_GENERIC', '0'),
('SLTH_UNIT_EIDOLON', 'LOC_SLTH_UNIT_EIDOLON_NAME', '2', '1', '53', '0', '0', 'DOMAIN_LAND', 'FORMATION_CLASS_LAND_COMBAT', '240', '0', 'LOC_SLTH_UNIT_EIDOLON_DESCRIPTION', 'SLTH_RELIGION_BAN_TRAIT', '1', 'PROMOTION_CLASS_DISCIPLE', NULL, 'CIVIC_MALEVOLENT_DESIGNS', '1', '1', '0', '0', '0', NULL, '0', 'ADVISOR_CONQUEST', '0'),
('SLTH_UNIT_PALADIN', 'LOC_SLTH_UNIT_PALADIN_NAME', '2', '1', '53', '0', '0', 'DOMAIN_LAND', 'FORMATION_CLASS_LAND_COMBAT', '240', '0', 'LOC_SLTH_UNIT_PALADIN_DESCRIPTION', 'SLTH_RELIGION_BAN_TRAIT', '0', 'PROMOTION_CLASS_DISCIPLE', NULL, 'CIVIC_RIGHTEOUSNESS', '1', '1', '0', '0', '0', NULL, '0', 'ADVISOR_CONQUEST', '0');

-- does this ban prevent upgrade though
INSERT INTO GameModifiers(ModifierId) VALUES
('MODIFIER_BAN_SLTH_UNIT_PALADIN_ATTACH'),
('MODIFIER_BAN_SLTH_UNIT_DRUID_ATTACH'),
('MODIFIER_BAN_SLTH_UNIT_EIDOLON_ATTACH');

INSERT INTO BuildingModifiers(BuildingType, ModifierId) VALUES
('BUILDING_PALACE', 'PALADIN_ALLOWED'),
('BUILDING_PALACE', 'DRUID_ALLOWED'),
('BUILDING_PALACE', 'EIDOLON_ALLOWED');

INSERT INTO Modifiers(ModifierId, ModifierType, SubjectRequirementSetId) VALUES
('PALADIN_ALLOWED', 'MODIFIER_PLAYER_ADJUST_VALID_UNIT_BUILD', 'ALIGNMENT_GOOD_REQS'),
('DRUID_ALLOWED', 'MODIFIER_PLAYER_ADJUST_VALID_UNIT_BUILD', 'ALIGNMENT_NEUTRAL_REQS'),
('EIDOLON_ALLOWED', 'MODIFIER_PLAYER_ADJUST_VALID_UNIT_BUILD', 'ALIGNMENT_EVIL_REQS');

INSERT INTO ModifierArguments(ModifierId, Name, Type, Value) VALUES
('PALADIN_ALLOWED', 'UnitType', 'ARGTYPE_IDENTITY', 'SLTH_UNIT_PALADIN'),
('DRUID_ALLOWED', 'UnitType', 'ARGTYPE_IDENTITY', 'SLTH_UNIT_DRUID'),
('EIDOLON_ALLOWED', 'UnitType', 'ARGTYPE_IDENTITY', 'SLTH_UNIT_EIDOLON');

INSERT INTO RequirementSets(RequirementSetId, RequirementSetType) VALUES
('ALIGNMENT_GOOD_REQS', 'REQUIREMENTSET_TEST_ALL'),
('ALIGNMENT_NEUTRAL_REQS', 'REQUIREMENTSET_TEST_ALL'),
('ALIGNMENT_EVIL_REQS', 'REQUIREMENTSET_TEST_ALL');

INSERT INTO RequirementSetRequirements(RequirementSetId, RequirementId) VALUES
('ALIGNMENT_GOOD_REQS', 'SLTH_REQUIREMENT_ALIGNMENT_GOOD'),
('ALIGNMENT_NEUTRAL_REQS', 'SLTH_REQUIREMENT_ALIGNMENT_NEUTRAL'),
('ALIGNMENT_EVIL_REQS', 'SLTH_REQUIREMENT_ALIGNMENT_EVIL');

INSERT INTO Requirements(RequirementId, RequirementType) VALUES
('SLTH_REQUIREMENT_ALIGNMENT_GOOD', 'REQUIREMENT_PLOT_PROPERTY_MATCHES'),
('SLTH_REQUIREMENT_ALIGNMENT_NEUTRAL', 'REQUIREMENT_PLOT_PROPERTY_MATCHES'),
('SLTH_REQUIREMENT_ALIGNMENT_EVIL', 'REQUIREMENT_PLOT_PROPERTY_MATCHES');

INSERT INTO RequirementArguments(RequirementId, Name, Value) VALUES
('SLTH_REQUIREMENT_ALIGNMENT_GOOD', 'PropertyName','alignment_good'),
('SLTH_REQUIREMENT_ALIGNMENT_GOOD', 'PropertyMinimum','1'),
('SLTH_REQUIREMENT_ALIGNMENT_NEUTRAL', 'PropertyName','alignment_neutral'),
('SLTH_REQUIREMENT_ALIGNMENT_NEUTRAL', 'PropertyMinimum','1'),
('SLTH_REQUIREMENT_ALIGNMENT_EVIL', 'PropertyName','alignment_evil'),
('SLTH_REQUIREMENT_ALIGNMENT_EVIL', 'PropertyMinimum','1');

INSERT INTO UnitAbilities(UnitAbilityType, Name, Description, Inactive, Permanent) VALUES
('ALIGNMENT_EVIL', 'LOC_SLTH_ABILITY_ALIGNMENT_EVIL_NAME', 'LOC_ABILITY_ALIGNMENT_EVIL_DESCRIPTION', '1', '1'),
('ALIGNMENT_GOOD', 'LOC_SLTH_ABILITY_ALIGNMENT_GOOD_NAME', 'LOC_ABILITY_ALIGNMENT_GOOD_DESCRIPTION', '1', '1');

INSERT INTO TypeTags(Type, Tag) VALUES
('ALIGNMENT_EVIL', 'CLASS_RECON'),
('ALIGNMENT_EVIL', 'CLASS_ADEPT'),
('ALIGNMENT_EVIL', 'CLASS_RANGED'),
('ALIGNMENT_EVIL', 'CLASS_LIGHT_CAVALRY'),
('ALIGNMENT_EVIL', 'CLASS_MELEE'),
('ALIGNMENT_EVIL', 'CLASS_NAVAL_MELEE'),
('ALIGNMENT_EVIL', 'CLASS_DISCIPLE'),
('ALIGNMENT_GOOD', 'CLASS_RECON'),
('ALIGNMENT_GOOD', 'CLASS_ADEPT'),
('ALIGNMENT_GOOD', 'CLASS_RANGED'),
('ALIGNMENT_GOOD', 'CLASS_LIGHT_CAVALRY'),
('ALIGNMENT_GOOD', 'CLASS_MELEE'),
('ALIGNMENT_GOOD', 'CLASS_NAVAL_MELEE'),
('ALIGNMENT_GOOD', 'CLASS_DISCIPLE');

INSERT INTO UnitAbilities(UnitAbilityType, Name, Description, Inactive, Permanent) VALUES
('ABILITY_WORSHIPS_ESUS', 'LOC_ABILITY_WORSHIPS_ESUS_NAME', 'LOC_ABILITY_WORSHIPS_ESUS_DESCRIPTION', '1', '1'),
('ABILITY_WORSHIPS_OCTOPUS', 'LOC_ABILITY_WORSHIPS_OCTOPUS_NAME', 'LOC_ABILITY_WORSHIPS_OCTOPUS_DESCRIPTION', '1', '1'),
('ABILITY_WORSHIPS_VEIL', 'LOC_ABILITY_WORSHIPS_VEIL_NAME', 'LOC_ABILITY_WORSHIPS_VEIL_DESCRIPTION', '1', '1'),
('ABILITY_WORSHIPS_LEAVES', 'LOC_ABILITY_WORSHIPS_LEAVES_NAME', 'LOC_ABILITY_WORSHIPS_LEAVES_DESCRIPTION', '1', '1'),
('ABILITY_WORSHIPS_EMPYREAN', 'LOC_ABILITY_WORSHIPS_EMPYREAN_NAME', 'LOC_ABILITY_WORSHIPS_EMPYREAN_DESCRIPTION', '1', '1'),
('ABILITY_WORSHIPS_KILMORPH', 'LOC_ABILITY_WORSHIPS_KILMORPH_NAME', 'LOC_ABILITY_WORSHIPS_KILMORPH_DESCRIPTION', '1', '1'),
('ABILITY_WORSHIPS_ORDER', 'LOC_ABILITY_WORSHIPS_ORDER_NAME', 'LOC_ABILITY_WORSHIPS_ORDER_DESCRIPTION', '1', '1'),
('ABILITY_INHERENT_WORSHIPS_ESUS', 'LOC_NULL_NAME', 'LOC_NULL_DESCRIPTION', '0', '1'),
('ABILITY_INHERENT_WORSHIPS_OCTOPUS', 'LOC_NULL_NAME', 'LOC_NULL_DESCRIPTION', '0', '1'),
('ABILITY_INHERENT_WORSHIPS_VEIL', 'LOC_NULL_NAME', 'LOC_NULL_DESCRIPTION', '0', '1'),
('ABILITY_INHERENT_WORSHIPS_LEAVES', 'LOC_NULL_NAME', 'LOC_NULL_DESCRIPTION', '0', '1'),
('ABILITY_INHERENT_WORSHIPS_EMPYREAN', 'LOC_NULL_NAME', 'LOC_NULL_DESCRIPTION', '0', '1'),
('ABILITY_INHERENT_WORSHIPS_KILMORPH', 'LOC_NULL_NAME', 'LOC_NULL_DESCRIPTION', '0', '1'),
('ABILITY_INHERENT_WORSHIPS_ORDER', 'LOC_NULL_NAME', 'LOC_NULL_DESCRIPTION', '0', '1');

INSERT INTO UnitAbilityModifiers(UnitAbilityType, ModifierId) VALUES
('ABILITY_INHERENT_WORSHIPS_ESUS', 'GRANTS_WORSHIPS_ESUS'),
('ABILITY_INHERENT_WORSHIPS_OCTOPUS', 'GRANTS_WORSHIPS_OCTOPUS'),
('ABILITY_INHERENT_WORSHIPS_VEIL', 'GRANTS_WORSHIPS_VEIL'),
('ABILITY_INHERENT_WORSHIPS_LEAVES', 'GRANTS_WORSHIPS_LEAVES'),
('ABILITY_INHERENT_WORSHIPS_EMPYREAN', 'GRANTS_WORSHIPS_EMPYREAN'),
('ABILITY_INHERENT_WORSHIPS_KILMORPH', 'GRANTS_WORSHIPS_KILMORPH'),
('ABILITY_INHERENT_WORSHIPS_ORDER', 'GRANTS_WORSHIPS_ORDER');

INSERT INTO Modifiers(ModifierId, ModifierType) VALUES
('GRANTS_WORSHIPS_ESUS', 'MODIFIER_PLAYER_UNIT_GRANT_ABILITY'),
('GRANTS_WORSHIPS_OCTOPUS', 'MODIFIER_PLAYER_UNIT_GRANT_ABILITY'),
('GRANTS_WORSHIPS_VEIL', 'MODIFIER_PLAYER_UNIT_GRANT_ABILITY'),
('GRANTS_WORSHIPS_LEAVES', 'MODIFIER_PLAYER_UNIT_GRANT_ABILITY'),
('GRANTS_WORSHIPS_EMPYREAN', 'MODIFIER_PLAYER_UNIT_GRANT_ABILITY'),
('GRANTS_WORSHIPS_KILMORPH', 'MODIFIER_PLAYER_UNIT_GRANT_ABILITY'),
('GRANTS_WORSHIPS_ORDER', 'MODIFIER_PLAYER_UNIT_GRANT_ABILITY');

INSERT INTO ModifierArguments(ModifierId, Name, Value) VALUES
('GRANTS_WORSHIPS_ESUS', 'AbilityType', 'ABILITY_WORSHIPS_ESUS'),
('GRANTS_WORSHIPS_OCTOPUS', 'AbilityType', 'ABILITY_WORSHIPS_OCTOPUS'),
('GRANTS_WORSHIPS_VEIL', 'AbilityType', 'ABILITY_WORSHIPS_VEIL'),
('GRANTS_WORSHIPS_LEAVES', 'AbilityType', 'ABILITY_WORSHIPS_LEAVES'),
('GRANTS_WORSHIPS_EMPYREAN', 'AbilityType', 'ABILITY_WORSHIPS_EMPYREAN'),
('GRANTS_WORSHIPS_KILMORPH', 'AbilityType', 'ABILITY_WORSHIPS_KILMORPH'),
('GRANTS_WORSHIPS_ORDER', 'AbilityType', 'ABILITY_WORSHIPS_ORDER');

INSERT INTO Tags(Tag, Vocabulary) VALUES
('CLASS_ESUS_UNIT', 'ABILITY_CLASS'),
('CLASS_OCTOPUS_UNIT', 'ABILITY_CLASS'),
('CLASS_VEIL_UNIT', 'ABILITY_CLASS'),
('CLASS_LEAVES_UNIT', 'ABILITY_CLASS'),
('CLASS_EMPYREAN_UNIT', 'ABILITY_CLASS'),
('CLASS_KILMORPH_UNIT', 'ABILITY_CLASS'),
('CLASS_ORDER_UNIT', 'ABILITY_CLASS');

INSERT INTO TypeTags(Type, Tag) VALUES
('ABILITY_WORSHIPS_ESUS', 'CLASS_ALL_UNITS'),
('ABILITY_WORSHIPS_OCTOPUS', 'CLASS_ALL_UNITS'),
('ABILITY_WORSHIPS_VEIL', 'CLASS_ALL_UNITS'),
('ABILITY_WORSHIPS_LEAVES', 'CLASS_ALL_UNITS'),
('ABILITY_WORSHIPS_EMPYREAN', 'CLASS_ALL_UNITS'),
('ABILITY_WORSHIPS_KILMORPH', 'CLASS_ALL_UNITS'),
('ABILITY_WORSHIPS_ORDER', 'CLASS_ALL_UNITS'),
('ABILITY_INHERENT_WORSHIPS_ESUS', 'CLASS_ESUS_UNIT'),
('ABILITY_INHERENT_WORSHIPS_OCTOPUS', 'CLASS_OCTOPUS_UNIT'),
('ABILITY_INHERENT_WORSHIPS_VEIL', 'CLASS_VEIL_UNIT'),
('ABILITY_INHERENT_WORSHIPS_LEAVES', 'CLASS_LEAVES_UNIT'),
('ABILITY_INHERENT_WORSHIPS_EMPYREAN', 'CLASS_EMPYREAN_UNIT'),
('ABILITY_INHERENT_WORSHIPS_KILMORPH', 'CLASS_KILMORPH_UNIT'),
('ABILITY_INHERENT_WORSHIPS_ORDER', 'CLASS_ORDER_UNIT'),
('SLTH_UNIT_DISCIPLE_EMPYREAN', 'CLASS_EMPYREAN_UNIT'),
('SLTH_UNIT_DISCIPLE_FELLOWSHIP_OF_LEAVES', 'CLASS_LEAVES_UNIT'),
('SLTH_UNIT_DISCIPLE_OCTOPUS_OVERLORDS', 'CLASS_OCTOPUS_UNIT'),
('SLTH_UNIT_DISCIPLE_RUNES_OF_KILMORPH', 'CLASS_KILMORPH_UNIT'),
('SLTH_UNIT_DISCIPLE_THE_ASHEN_VEIL', 'CLASS_VEIL_UNIT'),
('SLTH_UNIT_DISCIPLE_THE_ORDER', 'CLASS_ORDER_UNIT'),
('SLTH_UNIT_PRIEST_OF_KILMORPH', 'CLASS_KILMORPH_UNIT'),
('SLTH_UNIT_PRIEST_OF_THE_OVERLORDS', 'CLASS_OCTOPUS_UNIT'),
('SLTH_UNIT_PRIEST_OF_THE_ORDER', 'CLASS_ORDER_UNIT'),
('SLTH_UNIT_PRIEST_OF_THE_VEIL', 'CLASS_VEIL_UNIT'),
('SLTH_UNIT_PRIEST_OF_LEAVES', 'CLASS_LEAVES_UNIT'),
('SLTH_UNIT_PRIEST_OF_THE_EMPYREAN', 'CLASS_EMPYREAN_UNIT'),
('SLTH_UNIT_HIGH_PRIEST_OF_KILMORPH', 'CLASS_KILMORPH_UNIT'),
('SLTH_UNIT_HIGH_PRIEST_OF_THE_OVERLORDS', 'CLASS_OCTOPUS_UNIT'),
('SLTH_UNIT_HIGH_PRIEST_OF_THE_EMPYREAN', 'CLASS_EMPYREAN_UNIT'),
('SLTH_UNIT_HIGH_PRIEST_OF_THE_ORDER', 'CLASS_ORDER_UNIT'),
('SLTH_UNIT_HIGH_PRIEST_OF_THE_VEIL', 'CLASS_VEIL_UNIT'),
('SLTH_UNIT_HIGH_PRIEST_OF_LEAVES', 'CLASS_LEAVES_UNIT'),
('SLTH_UNIT_ARTHENDAIN', 'CLASS_KILMORPH_UNIT'),
('SLTH_UNIT_BAMBUR', 'CLASS_KILMORPH_UNIT'),
('SLTH_UNIT_MITHRIL_GOLEM', 'CLASS_KILMORPH_UNIT'),
('SLTH_UNIT_PARAMANDER', 'CLASS_KILMORPH_UNIT'),
('SLTH_UNIT_DROWN', 'CLASS_OCTOPUS_UNIT'),
('SLTH_UNIT_HEMAH', 'CLASS_OCTOPUS_UNIT'),
('SLTH_UNIT_SAVEROUS', 'CLASS_OCTOPUS_UNIT'),
('SLTH_UNIT_STYGIAN_GUARD', 'CLASS_OCTOPUS_UNIT'),
('SLTH_UNIT_CRUSADER', 'CLASS_ORDER_UNIT'),
('SLTH_UNIT_VALIN', 'CLASS_ORDER_UNIT'),
('SLTH_UNIT_SPHENER', 'CLASS_ORDER_UNIT'),
('SLTH_UNIT_BEAST_OF_AGARES', 'CLASS_VEIL_UNIT'),
('SLTH_UNIT_DISEASED_CORPSE', 'CLASS_VEIL_UNIT'),
('SLTH_UNIT_ROSIER', 'CLASS_VEIL_UNIT'),
('SLTH_UNIT_MARDERO', 'CLASS_VEIL_UNIT'),
('SLTH_UNIT_FAWN', 'CLASS_LEAVES_UNIT'),
('SLTH_UNIT_SATYR', 'CLASS_LEAVES_UNIT'),
('SLTH_UNIT_KITHRA', 'CLASS_LEAVES_UNIT'),
('SLTH_UNIT_YVAIN', 'CLASS_LEAVES_UNIT'),
('SLTH_UNIT_RATHA', 'CLASS_EMPYREAN_UNIT'),
('SLTH_UNIT_RADIANT_GUARD', 'CLASS_EMPYREAN_UNIT'),
('SLTH_UNIT_CHALID', 'CLASS_EMPYREAN_UNIT'),
('SLTH_UNIT_SHADOW', 'CLASS_ESUS_UNIT'),
('SLTH_UNIT_SHADOWRIDER', 'CLASS_ESUS_UNIT'),
('SLTH_UNIT_NIGHTWATCH', 'CLASS_ESUS_UNIT'),
('SLTH_UNIT_GIBBON', 'CLASS_ESUS_UNIT');