-- Mithril, Iron, Copper bonuses to units when we do it. Also Nightmare, and Sheut stone

-- Sheut stone: If city has access (to implement) 1 death damage, +25% Death resistance and a -10% weakness to holy damage

-- Nightmare: If city has access to Nightmare when building a unit, +1 Unholy combat

INSERT INTO TraitModifiers(TraitType, ModifierId) VALUES
('TRAIT_LEADER_MAJOR_CIV', 'ATTACH_CAPITAL_NIGHTMARE_TRAIT'),
('MINOR_CIV_DEFAULT_TRAIT', 'ATTACH_CAPITAL_NIGHTMARE_TRAIT'),
('TRAIT_LEADER_MAJOR_CIV', 'ATTACH_CAPITAL_COPPER_TRAIT'),
('MINOR_CIV_DEFAULT_TRAIT', 'ATTACH_CAPITAL_COPPER_TRAIT'),
('TRAIT_LEADER_MAJOR_CIV', 'ATTACH_CAPITAL_IRON_TRAIT'),
('MINOR_CIV_DEFAULT_TRAIT', 'ATTACH_CAPITAL_IRON_TRAIT'),
('TRAIT_LEADER_MAJOR_CIV', 'ATTACH_CAPITAL_MITHRIL_TRAIT'),
('MINOR_CIV_DEFAULT_TRAIT', 'ATTACH_CAPITAL_MITHRIL_TRAIT');

INSERT INTO Modifiers(ModifierId, ModifierType, SubjectRequirementSetId) VALUES
('ATTACH_CAPITAL_NIGHTMARE_TRAIT', 'MODIFIER_ATTACH_MODIFIER_PLAYER_CAPITAL', NULL),
('ATTACH_CAPITAL_COPPER_TRAIT', 'MODIFIER_ATTACH_MODIFIER_PLAYER_CAPITAL', NULL),
('ATTACH_CAPITAL_IRON_TRAIT', 'MODIFIER_ATTACH_MODIFIER_PLAYER_CAPITAL', NULL),
('ATTACH_CAPITAL_MITHRIL_TRAIT', 'MODIFIER_ATTACH_MODIFIER_PLAYER_CAPITAL', NULL),
('ATTACH_CITIES_NIGHTMARE_TRAIT', 'MODIFIER_PLAYER_CITIES_ATTACH_MODIFIER', 'PLAYER_HAS_NIGHTMARE_REQS'),
('ATTACH_CITIES_COPPER_TRAIT', 'MODIFIER_PLAYER_CITIES_ATTACH_MODIFIER', 'PLAYER_HAS_COPPER_REQS'),
('ATTACH_CITIES_IRON_TRAIT', 'MODIFIER_PLAYER_CITIES_ATTACH_MODIFIER', 'PLAYER_HAS_IRON_REQS'),
('ATTACH_CITIES_MITHRIL_TRAIT', 'MODIFIER_PLAYER_CITIES_ATTACH_MODIFIER', 'PLAYER_HAS_MITHRIL_REQS');

INSERT INTO ModifierArguments(ModifierId, Name, Value) VALUES
('ATTACH_CAPITAL_NIGHTMARE_TRAIT', 'ModifierId', 'ATTACH_CITIES_NIGHTMARE_TRAIT'),
('ATTACH_CAPITAL_COPPER_TRAIT', 'ModifierId', 'ATTACH_CITIES_COPPER_TRAIT'),
('ATTACH_CAPITAL_IRON_TRAIT', 'ModifierId', 'ATTACH_CITIES_IRON_TRAIT'),
('ATTACH_CAPITAL_MITHRIL_TRAIT', 'ModifierId', 'ATTACH_CITIES_MITHRIL_TRAIT'),
('ATTACH_CITIES_NIGHTMARE_TRAIT', 'ModifierId', 'TRAIT_GRANT_NIGHTMARE_ABILITY_HELL_TERRAIN_STRENGTH'),
('ATTACH_CITIES_COPPER_TRAIT', 'ModifierId', 'TRAIT_GRANT_NIGHTMARE_ABILITY_HELL_TERRAIN_STRENGTH'),
('ATTACH_CITIES_IRON_TRAIT', 'ModifierId', 'TRAIT_GRANT_NIGHTMARE_ABILITY_HELL_TERRAIN_STRENGTH'),
('ATTACH_CITIES_MITHRIL_TRAIT', 'ModifierId', 'TRAIT_GRANT_NIGHTMARE_ABILITY_HELL_TERRAIN_STRENGTH');

INSERT INTO Modifiers(ModifierId, ModifierType) VALUES
('TRAIT_GRANT_NIGHTMARE_ABILITY_HELL_TERRAIN_STRENGTH', 'MODIFIER_SINGLE_CITY_GRANT_ABILITY_FOR_TRAINED_UNITS'),
('TRAIT_GRANT_ABILITY_BRONZE_WEAPONS', 'MODIFIER_SINGLE_CITY_GRANT_ABILITY_FOR_TRAINED_UNITS'),
('TRAIT_GRANT_ABILITY_IRON_WEAPONS', 'MODIFIER_SINGLE_CITY_GRANT_ABILITY_FOR_TRAINED_UNITS'),
('TRAIT_GRANT_ABILITY_MITHRIL_WEAPONS', 'MODIFIER_SINGLE_CITY_GRANT_ABILITY_FOR_TRAINED_UNITS'),

('MODIFIER_NIGHTMARE_STRENGTH', 'MODIFIER_UNIT_ADJUST_COMBAT_STRENGTH'),
('MODIFIER_COPPER_STRENGTH', 'MODIFIER_UNIT_ADJUST_COMBAT_STRENGTH'),
('MODIFIER_IRON_STRENGTH', 'MODIFIER_UNIT_ADJUST_COMBAT_STRENGTH'),
('MODIFIER_MITHRIL_STRENGTH', 'MODIFIER_UNIT_ADJUST_COMBAT_STRENGTH');

INSERT INTO ModifierArguments(ModifierId, Name, Type, Value) VALUES
('TRAIT_GRANT_NIGHTMARE_ABILITY_HELL_TERRAIN_STRENGTH', 'AbilityType', 'ARGTYPE_IDENTITY', 'NIGHTMARE_ABILITY_HELL_TERRAIN_STRENGTH'),
('TRAIT_GRANT_ABILITY_BRONZE_WEAPONS', 'AbilityType', 'ARGTYPE_IDENTITY', 'ABILITY_BRONZE_WEAPONS'),
('TRAIT_GRANT_ABILITY_IRON_WEAPONS', 'AbilityType', 'ARGTYPE_IDENTITY', 'ABILITY_IRON_WEAPONS'),
('TRAIT_GRANT_ABILITY_MITHRIL_WEAPONS', 'AbilityType', 'ARGTYPE_IDENTITY', 'ABILITY_MITHRIL_WEAPONS'),
('MODIFIER_NIGHTMARE_STRENGTH', 'Amount', 'ARGTYPE_IDENTITY', '5'),
('MODIFIER_COPPER_STRENGTH', 'Amount', 'ARGTYPE_IDENTITY', '5'),
('MODIFIER_IRON_STRENGTH', 'Amount', 'ARGTYPE_IDENTITY', '10'),             -- also strength on copper fight
('MODIFIER_MITHRIL_STRENGTH', 'Amount', 'ARGTYPE_IDENTITY', '19');

INSERT INTO Requirements(RequirementId, RequirementType) VALUES
('SLTH_REQUIREMENT_HAS_NIGHTMARE_PROPERTY', 'REQUIREMENT_PLOT_PROPERTY_MATCHES'),
('SLTH_REQUIREMENT_HAS_COPPER_PROPERTY', 'REQUIREMENT_PLOT_PROPERTY_MATCHES'),
('SLTH_REQUIREMENT_HAS_IRON_PROPERTY', 'REQUIREMENT_PLOT_PROPERTY_MATCHES'),
('SLTH_REQUIREMENT_HAS_MITHRIL_PROPERTY', 'REQUIREMENT_PLOT_PROPERTY_MATCHES');
INSERT INTO RequirementArguments(RequirementId, Name, Value) VALUES
('SLTH_REQUIREMENT_HAS_NIGHTMARE_PROPERTY', 'PropertyName','HasNightmare'),
('SLTH_REQUIREMENT_HAS_NIGHTMARE_PROPERTY', 'PropertyMinimum','1'),
('SLTH_REQUIREMENT_HAS_COPPER_PROPERTY', 'PropertyName','HasCopper'),
('SLTH_REQUIREMENT_HAS_COPPER_PROPERTY', 'PropertyMinimum','1'),
('SLTH_REQUIREMENT_HAS_IRON_PROPERTY', 'PropertyName','HasIron'),
('SLTH_REQUIREMENT_HAS_IRON_PROPERTY', 'PropertyMinimum','1'),
('SLTH_REQUIREMENT_HAS_MITHRIL_PROPERTY', 'PropertyName','HasMithril'),
('SLTH_REQUIREMENT_HAS_MITHRIL_PROPERTY', 'PropertyMinimum','1');
INSERT INTO RequirementSetRequirements(RequirementSetId, RequirementId) VALUES
('PLAYER_HAS_NIGHTMARE_REQS', 'SLTH_REQUIREMENT_HAS_NIGHTMARE_PROPERTY'),
('PLAYER_HAS_COPPER_REQS', 'SLTH_REQUIREMENT_HAS_COPPER_PROPERTY'),
('PLAYER_HAS_IRON_REQS', 'SLTH_REQUIREMENT_HAS_IRON_PROPERTY'),
('PLAYER_HAS_MITHRIL_REQS', 'SLTH_REQUIREMENT_HAS_MITHRIL_PROPERTY');
INSERT INTO RequirementSets(RequirementSetId, RequirementSetType) VALUES
('PLAYER_HAS_NIGHTMARE_REQS', 'REQUIREMENTSET_TEST_ALL'),
('PLAYER_HAS_COPPER_REQS', 'REQUIREMENTSET_TEST_ALL'),
('PLAYER_HAS_IRON_REQS', 'REQUIREMENTSET_TEST_ALL'),
('PLAYER_HAS_MITHRIL_REQS', 'REQUIREMENTSET_TEST_ALL');

INSERT INTO ModifierStrings(ModifierId, Context, Text) VALUES
('MODIFIER_NIGHTMARE_STRENGTH', 'Preview', 'LOC_PROMOTION_NIGHTMARE_DESCRIPTION'),
('MODIFIER_COPPER_STRENGTH', 'Preview', 'LOC_PROMOTION_NIGHTMARE_DESCRIPTION'),
('MODIFIER_IRON_STRENGTH', 'Preview', 'LOC_PROMOTION_NIGHTMARE_DESCRIPTION'),
('MODIFIER_MITHRIL_STRENGTH', 'Preview', 'LOC_PROMOTION_NIGHTMARE_DESCRIPTION');

INSERT INTO UnitAbilities(UnitAbilityType, Name, Description, Inactive, Permanent) VALUES
('NIGHTMARE_ABILITY_HELL_TERRAIN_STRENGTH', 'LOC_SLTH_NIGHTMARE_ABILITY_HELL_TERRAIN_STRENGTH_NAME', 'LOC_NIGHTMARE_ABILITY_HELL_TERRAIN_STRENGTH_DESCRIPTION', '1', '1'),
('ABILITY_BRONZE_WEAPONS', 'LOC_ABILITY_BRONZE_WEAPONS_NAME', 'LOC_ABILITY_BRONZE_WEAPONS_DESCRIPTION', '1', '1'),
('ABILITY_IRON_WEAPONS', 'LOC_ABILITY_IRON_WEAPONS_NAME', 'LOC_ABILITY_IRON_WEAPONS_DESCRIPTION', '1', '1'),
('ABILITY_MITHRIL_WEAPONS', 'LOC_ABILITY_MITHRIL_WEAPONS_NAME', 'LOC_ABILITY_MITHRIL_WEAPONS_DESCRIPTION', '1', '1');

INSERT INTO UnitAbilityModifiers(UnitAbilityType, ModifierId) VALUES
('NIGHTMARE_ABILITY_HELL_TERRAIN_STRENGTH', 'MODIFIER_DEMON_ABILITY_HELL_TERRAIN_STRENGTH'), -- borrowed from Demon Race
('NIGHTMARE_ABILITY_HELL_TERRAIN_STRENGTH', 'MODIFIER_NIGHTMARE_STRENGTH'),
('ABILITY_BRONZE_WEAPONS', 'MODIFIER_COPPER_STRENGTH'),
('ABILITY_IRON_WEAPONS', 'MODIFIER_IRON_STRENGTH'),
('ABILITY_MITHRIL_WEAPONS', 'MODIFIER_MITHRIL_STRENGTH');

INSERT INTO Tags(Tag, Vocabulary) VALUES
('CLASS_ABILITY_BRONZE_WEAPONS', 'ABILITY_CLASS'),
('CLASS_ABILITY_IRON_WEAPONS', 'ABILITY_CLASS'),
('CLASS_ABILITY_MITHRIL_WEAPONS', 'ABILITY_CLASS');

INSERT INTO TypeTags(Type, Tag) VALUES
('NIGHTMARE_ABILITY_HELL_TERRAIN_STRENGTH', 'CLASS_LIGHT_CAVALRY'),
('ABILITY_BRONZE_WEAPONS', 'CLASS_ABILITY_BRONZE_WEAPONS'),
('ABILITY_IRON_WEAPONS', 'CLASS_ABILITY_IRON_WEAPONS'),
('ABILITY_MITHRIL_WEAPONS', 'CLASS_ABILITY_MITHRIL_WEAPONS');

-- attrib specific units
INSERT INTO TypeTags(Type, Tag) VALUES
('UNIT_WARRIOR', 'CLASS_ABILITY_BRONZE_WEAPONS'),
('SLTH_UNIT_SWORDSMAN', 'CLASS_ABILITY_BRONZE_WEAPONS'),
('SLTH_UNIT_SONS_OF_ASENA', 'CLASS_ABILITY_BRONZE_WEAPONS');

INSERT INTO Types(Type, Kind) VALUES
('NIGHTMARE_ABILITY_HELL_TERRAIN_STRENGTH', 'KIND_ABILITY'),
('ABILITY_BRONZE_WEAPONS', 'KIND_ABILITY'),
('ABILITY_IRON_WEAPONS', 'KIND_ABILITY'),
('ABILITY_MITHRIL_WEAPONS', 'KIND_ABILITY');