INSERT INTO Technologies(TechnologyType, Name, Cost, EmbarkUnitType, EmbarkAll, Description, EraType, UITreeRow, AdvisorType) VALUES
('TECH_AGRICULTURE', 'LOC_TECH_AGRICULTURE_NAME', '20', NULL, '0', 'LOC_TECH_AGRICULTURE_DESCRIPTION', 'ERA_ANCIENT', '-2', 'ADVISOR_GENERIC'),
('TECH_ALTERATION', 'LOC_TECH_ALTERATION_NAME', '160', NULL, '0', 'LOC_TECH_ALTERATION_DESCRIPTION', 'ERA_MEDIEVAL', '2', 'ADVISOR_GENERIC'),
('TECH_ANIMAL_HANDLING', 'LOC_TECH_ANIMAL_HANDLING_NAME', '450', NULL, '0', 'LOC_TECH_ANIMAL_HANDLING_DESCRIPTION', 'ERA_MEDIEVAL', '-2', 'ADVISOR_GENERIC'),
('TECH_ANIMAL_HUSBANDRY', 'LOC_TECH_ANIMAL_HUSBANDRY_NAME', '45', NULL, '0', 'LOC_TECH_ANIMAL_HUSBANDRY_DESCRIPTION', 'ERA_CLASSICAL', '-2', 'ADVISOR_GENERIC'),
('TECH_ANIMAL_MASTERY', 'LOC_TECH_ANIMAL_MASTERY_NAME', '450', NULL, '0', 'LOC_TECH_ANIMAL_MASTERY_DESCRIPTION', 'ERA_MODERN', '-3', 'ADVISOR_GENERIC'),
('TECH_ARCANE_LORE', 'LOC_TECH_ARCANE_LORE_NAME', '900', NULL, '0', 'LOC_TECH_ARCANE_LORE_DESCRIPTION', 'ERA_INDUSTRIAL', '1', 'ADVISOR_GENERIC'),
('TECH_ARCHERY', 'LOC_TECH_ARCHERY_NAME', '75', NULL, '0', 'LOC_TECH_ARCHERY_DESCRIPTION', 'ERA_MEDIEVAL', '1', 'ADVISOR_GENERIC'),
('TECH_ASTRONOMY', 'LOC_TECH_ASTRONOMY_NAME', '750', NULL, '0', 'LOC_TECH_ASTRONOMY_DESCRIPTION', 'ERA_INDUSTRIAL', '1', 'ADVISOR_GENERIC'),
('TECH_BLASTING_POWDER', 'LOC_TECH_BLASTING_POWDER_NAME', '1350', NULL, '0', 'LOC_TECH_BLASTING_POWDER_DESCRIPTION', 'ERA_MODERN', '-2', 'ADVISOR_GENERIC'),
('TECH_BOWYERS', 'LOC_TECH_BOWYERS_NAME', '600', NULL, '0', 'LOC_TECH_BOWYERS_DESCRIPTION', 'ERA_RENAISSANCE', '1', 'ADVISOR_GENERIC'),
('TECH_BRONZE_WORKING', 'LOC_TECH_BRONZE_WORKING_NAME', '100', NULL, '0', 'LOC_TECH_BRONZE_WORKING_DESCRIPTION', 'ERA_MEDIEVAL', '-2', 'ADVISOR_GENERIC'),
('TECH_CALENDAR', 'LOC_TECH_CALENDAR_NAME', '40', NULL, '0', 'LOC_TECH_CALENDAR_DESCRIPTION', 'ERA_CLASSICAL', '-1', 'ADVISOR_GENERIC'),
('TECH_CARTOGRAPHY', 'LOC_TECH_CARTOGRAPHY_NAME', '50', NULL, '0', 'LOC_TECH_CARTOGRAPHY_DESCRIPTION', 'ERA_CLASSICAL', '0', 'ADVISOR_GENERIC'),
('TECH_CONSTRUCTION', 'LOC_TECH_CONSTRUCTION_NAME', '100', NULL, '0', 'LOC_TECH_CONSTRUCTION_DESCRIPTION', 'ERA_MEDIEVAL', '-3', 'ADVISOR_GENERIC'),
('TECH_CRAFTING', 'LOC_TECH_CRAFTING_NAME', '30', NULL, '0', 'LOC_TECH_CRAFTING_DESCRIPTION', 'ERA_ANCIENT', '-3', 'ADVISOR_GENERIC'),
('TECH_DIVINATION', 'LOC_TECH_DIVINATION_NAME', '160', NULL, '0', 'LOC_TECH_DIVINATION_DESCRIPTION', 'ERA_MEDIEVAL', '3', 'ADVISOR_GENERIC'),
('TECH_ELEMENTALISM', 'LOC_TECH_ELEMENTALISM_NAME', '160', NULL, '0', 'LOC_TECH_ELEMENTALISM_DESCRIPTION', 'ERA_MEDIEVAL', '1', 'ADVISOR_GENERIC'),
('TECH_ENGINEERING', 'LOC_TECH_ENGINEERING_NAME', '550', NULL, '0', 'LOC_TECH_ENGINEERING_DESCRIPTION', 'ERA_INDUSTRIAL', '0', 'ADVISOR_GENERIC'),
('TECH_EXPLORATION', 'LOC_TECH_EXPLORATION_NAME', '20', NULL, '0', 'LOC_TECH_EXPLORATION_DESCRIPTION', 'ERA_ANCIENT', '0', 'ADVISOR_GENERIC'),
('TECH_FISHING', 'LOC_TECH_FISHING_NAME', '40', 'UNIT_BUILDER', '0', 'LOC_TECH_FISHING_DESCRIPTION', 'ERA_CLASSICAL', '1', 'ADVISOR_GENERIC'),
('TECH_FUTURE_TECH', 'LOC_TECH_FUTURE_TECH_NAME', '2500', NULL, '0', 'LOC_TECH_FUTURE_TECH_DESCRIPTION', 'ERA_INFORMATION', '0', 'ADVISOR_GENERIC'),
('TECH_HORSEBACK_RIDING', 'LOC_TECH_HORSEBACK_RIDING_NAME', '90', NULL, '0', 'LOC_TECH_HORSEBACK_RIDING_DESCRIPTION', 'ERA_RENAISSANCE', '-1', 'ADVISOR_GENERIC'),
('TECH_HUNTING', 'LOC_TECH_HUNTING_NAME', '115', NULL, '0', 'LOC_TECH_HUNTING_DESCRIPTION', 'ERA_CLASSICAL', '-1', 'ADVISOR_GENERIC'),
('TECH_IRON_WORKING', 'LOC_TECH_IRON_WORKING_NAME', '650', NULL, '0', 'LOC_TECH_IRON_WORKING_DESCRIPTION', 'ERA_INDUSTRIAL', '-2', 'ADVISOR_GENERIC'),
('TECH_KNOWLEDGE_OF_THE_ETHER', 'LOC_TECH_KNOWLEDGE_OF_THE_ETHER_NAME', '90', NULL, '0', 'LOC_TECH_KNOWLEDGE_OF_THE_ETHER_DESCRIPTION', 'ERA_CLASSICAL', '1', 'ADVISOR_GENERIC'),
('TECH_MACHINERY', 'LOC_TECH_MACHINERY_NAME', '1700', NULL, '0', 'LOC_TECH_MACHINERY_DESCRIPTION', 'ERA_INDUSTRIAL', '1', 'ADVISOR_GENERIC'),
('TECH_MASONRY', 'LOC_TECH_MASONRY_NAME', '35', NULL, '0', 'LOC_TECH_MASONRY_DESCRIPTION', 'ERA_CLASSICAL', '-3', 'ADVISOR_GENERIC'),
('TECH_MATHEMATICS', 'LOC_TECH_MATHEMATICS_NAME', '237', NULL, '0', 'LOC_TECH_MATHEMATICS_DESCRIPTION', 'ERA_MEDIEVAL', '0', 'ADVISOR_GENERIC'),
('TECH_MEDICINE', 'LOC_TECH_MEDICINE_NAME', '350', NULL, '0', 'LOC_TECH_MEDICINE_DESCRIPTION', 'ERA_INDUSTRIAL', '-3', 'ADVISOR_GENERIC'),
('TECH_MINING', 'LOC_TECH_MINING_NAME', '50', NULL, '0', 'LOC_TECH_MINING_DESCRIPTION', 'ERA_CLASSICAL', '-2', 'ADVISOR_GENERIC'),
('TECH_MITHRIL_WEAPONS', 'LOC_TECH_MITHRIL_WEAPONS_NAME', '2400', NULL, '0', 'LOC_TECH_MITHRIL_WEAPONS_DESCRIPTION', 'ERA_ATOMIC', '-3', 'ADVISOR_GENERIC'),
('TECH_MITHRIL_WORKING', 'LOC_TECH_MITHRIL_WORKING_NAME', '1850', NULL, '0', 'LOC_TECH_MITHRIL_WORKING_DESCRIPTION', 'ERA_MODERN', '-3', 'ADVISOR_GENERIC'),
('TECH_NECROMANCY', 'LOC_TECH_NECROMANCY_NAME', '160', NULL, '0', 'LOC_TECH_NECROMANCY_DESCRIPTION', 'ERA_MEDIEVAL', '0', 'ADVISOR_GENERIC'),
('TECH_OMNISCIENCE', 'LOC_TECH_OMNISCIENCE_NAME', '2400', NULL, '0', 'LOC_TECH_OMNISCIENCE_DESCRIPTION', 'ERA_ATOMIC', '1', 'ADVISOR_GENERIC'),
('TECH_OPTICS', 'LOC_TECH_OPTICS_NAME', '180', NULL, '0', 'LOC_TECH_OPTICS_DESCRIPTION', 'ERA_RENAISSANCE', '1', 'ADVISOR_GENERIC'),
('TECH_PASS_THROUGH_THE_ETHER', 'LOC_TECH_PASS_THROUGH_THE_ETHER_NAME', '2000', NULL, '0', 'LOC_TECH_PASS_THROUGH_THE_ETHER_DESCRIPTION', 'ERA_MODERN', '2', 'ADVISOR_GENERIC'),
('TECH_POISONS', 'LOC_TECH_POISONS_NAME', '400', NULL, '0', 'LOC_TECH_POISONS_DESCRIPTION', 'ERA_MEDIEVAL', '-1', 'ADVISOR_GENERIC'),
('TECH_PRECISION', 'LOC_TECH_PRECISION_NAME', '1950', NULL, '0', 'LOC_TECH_PRECISION_DESCRIPTION', 'ERA_INDUSTRIAL', '1', 'ADVISOR_GENERIC'),
('TECH_SAILING', 'LOC_TECH_SAILING_NAME', '80', 'SLTH_UNIT_MUD_GOLEM', '1', 'LOC_TECH_SAILING_DESCRIPTION', 'ERA_MEDIEVAL', '1', 'ADVISOR_GENERIC'),
('TECH_SANITATION', 'LOC_TECH_SANITATION_NAME', '160', NULL, '0', 'LOC_TECH_SANITATION_DESCRIPTION', 'ERA_RENAISSANCE', '-3', 'ADVISOR_GENERIC'),
('TECH_SMELTING', 'LOC_TECH_SMELTING_NAME', '400', NULL, '0', 'LOC_TECH_SMELTING_DESCRIPTION', 'ERA_RENAISSANCE', '-2', 'ADVISOR_GENERIC'),
('TECH_SORCERY', 'LOC_TECH_SORCERY_NAME', '500', NULL, '0', 'LOC_TECH_SORCERY_DESCRIPTION', 'ERA_RENAISSANCE', '1', 'ADVISOR_GENERIC'),
('TECH_STIRRUPS', 'LOC_TECH_STIRRUPS_NAME', '200', NULL, '0', 'LOC_TECH_STIRRUPS_DESCRIPTION', 'ERA_INDUSTRIAL', '-1', 'ADVISOR_GENERIC'),
('TECH_STRENGTH_OF_WILL', 'LOC_TECH_STRENGTH_OF_WILL_NAME', '2200', NULL, '0', 'LOC_TECH_STRENGTH_OF_WILL_DESCRIPTION', 'ERA_MODERN', '1', 'ADVISOR_GENERIC'),
('TECH_TRADE', 'LOC_TECH_TRADE_NAME', '112', NULL, '0', 'LOC_TECH_TRADE_DESCRIPTION', 'ERA_RENAISSANCE', '0', 'ADVISOR_GENERIC'),
('TECH_WARHORSES', 'LOC_TECH_WARHORSES_NAME', '1850', NULL, '0', 'LOC_TECH_WARHORSES_DESCRIPTION', 'ERA_MODERN', '-2', 'ADVISOR_GENERIC'),
('TECH_WRITING', 'LOC_TECH_WRITING_NAME', '95', NULL, '0', 'LOC_TECH_WRITING_DESCRIPTION', 'ERA_CLASSICAL', '0', 'ADVISOR_GENERIC');
INSERT INTO TechnologyPrereqs(Technology, PrereqTech) VALUES
('TECH_ALTERATION', 'TECH_KNOWLEDGE_OF_THE_ETHER'),
('TECH_ANIMAL_HANDLING', 'TECH_HUNTING'),
('TECH_ANIMAL_HANDLING', 'TECH_ANIMAL_HUSBANDRY'),
('TECH_ANIMAL_HUSBANDRY', 'TECH_AGRICULTURE'),
('TECH_ANIMAL_MASTERY', 'TECH_IRON_WORKING'),
('TECH_ARCANE_LORE', 'TECH_SORCERY'),
('TECH_ARCHERY', 'TECH_HUNTING'),
('TECH_ARCHERY', 'TECH_MINING'),
('TECH_ASTRONOMY', 'TECH_OPTICS'),
('TECH_ASTRONOMY', 'TECH_MATHEMATICS'),
('TECH_BLASTING_POWDER', 'TECH_IRON_WORKING'),
('TECH_BLASTING_POWDER', 'TECH_ENGINEERING'),
('TECH_BOWYERS', 'TECH_BRONZE_WORKING'),
('TECH_BOWYERS', 'TECH_ARCHERY'),
('TECH_BRONZE_WORKING', 'TECH_MINING'),
('TECH_CONSTRUCTION', 'TECH_MASONRY'),
('TECH_CALENDAR', 'TECH_AGRICULTURE'),
('TECH_CARTOGRAPHY', 'TECH_EXPLORATION'),
('TECH_DIVINATION', 'TECH_KNOWLEDGE_OF_THE_ETHER'),
('TECH_ELEMENTALISM', 'TECH_KNOWLEDGE_OF_THE_ETHER'),
('TECH_ENGINEERING', 'TECH_CONSTRUCTION'),
('TECH_ENGINEERING', 'TECH_MATHEMATICS'),
('TECH_FISHING', 'TECH_EXPLORATION'),
('TECH_FUTURE_TECH', 'TECH_OMNISCIENCE'),
('TECH_HUNTING', 'TECH_EXPLORATION'),
('TECH_HORSEBACK_RIDING', 'TECH_ANIMAL_HUSBANDRY'),
('TECH_IRON_WORKING', 'TECH_SMELTING'),
('TECH_MACHINERY', 'TECH_BOWYERS'),
('TECH_MACHINERY', 'TECH_ENGINEERING'),
('TECH_MASONRY', 'TECH_CRAFTING'),
('TECH_MATHEMATICS', 'TECH_WRITING'),
('TECH_MEDICINE', 'TECH_SANITATION'),
('TECH_MINING', 'TECH_CRAFTING'),
('TECH_MITHRIL_WEAPONS', 'TECH_MITHRIL_WORKING'),
('TECH_MITHRIL_WORKING', 'TECH_ENGINEERING'),
('TECH_MITHRIL_WORKING', 'TECH_IRON_WORKING'),
('TECH_NECROMANCY', 'TECH_KNOWLEDGE_OF_THE_ETHER'),
('TECH_OMNISCIENCE', 'TECH_STRENGTH_OF_WILL'),
('TECH_OMNISCIENCE', 'TECH_PASS_THROUGH_THE_ETHER'),
('TECH_OPTICS', 'TECH_SAILING'),
('TECH_PASS_THROUGH_THE_ETHER', 'TECH_ARCANE_LORE'),
('TECH_POISONS', 'TECH_HUNTING'),
('TECH_PRECISION', 'TECH_BOWYERS'),
('TECH_SAILING', 'TECH_FISHING'),
('TECH_SANITATION', 'TECH_CONSTRUCTION'),
('TECH_SANITATION', 'TECH_BRONZE_WORKING'),
('TECH_SMELTING', 'TECH_BRONZE_WORKING'),
('TECH_SORCERY', 'TECH_WRITING'),
('TECH_SORCERY', 'TECH_ALTERATION'),
('TECH_SORCERY', 'TECH_DIVINATION'),
('TECH_SORCERY', 'TECH_ELEMENTALISM'),
('TECH_SORCERY', 'TECH_NECROMANCY'),
('TECH_STIRRUPS', 'TECH_ARCHERY'),
('TECH_STIRRUPS', 'TECH_HORSEBACK_RIDING'),
('TECH_STRENGTH_OF_WILL', 'TECH_ARCANE_LORE'),
('TECH_TRADE', 'TECH_WRITING'),
('TECH_TRADE', 'TECH_HORSEBACK_RIDING'),
('TECH_TRADE', 'TECH_SAILING'),
('TECH_WARHORSES', 'TECH_HORSEBACK_RIDING'),
('TECH_WARHORSES', 'TECH_IRON_WORKING');
INSERT INTO TechnologyModifiers(TechnologyType, ModifierId) VALUES
('TECH_ASTRONOMY', 'CARTOGRAPHY_GRANT_OCEAN_NAVIGATION');
INSERT INTO Civics(CivicType, Name, Cost, Description, EraType, UITreeRow, AdvisorType) VALUES
('SLTH_CIVIC_ANCIENT_CHANTS', 'LOC_SLTH_CIVIC_ANCIENT_CHANTS_NAME', '80', 'LOC_SLTH_CIVIC_ANCIENT_CHANTS_DESCRIPTION', 'ERA_ANCIENT', '1', 'ADVISOR_GENERIC'),
('SLTH_CIVIC_ARETE', 'LOC_SLTH_CIVIC_ARETE_NAME', '640', 'LOC_SLTH_CIVIC_ARETE_DESCRIPTION', 'ERA_RENAISSANCE', '-3', 'ADVISOR_GENERIC'),
('SLTH_CIVIC_CODE_OF_LAWS', 'LOC_SLTH_CIVIC_CODE_OF_LAWS_NAME', '320', 'LOC_SLTH_CIVIC_CODE_OF_LAWS_DESCRIPTION', 'ERA_MEDIEVAL', '1', 'ADVISOR_GENERIC'),
('SLTH_CIVIC_COMMUNE_WITH_NATURE', 'LOC_SLTH_CIVIC_COMMUNE_WITH_NATURE_NAME', '6800', 'LOC_SLTH_CIVIC_COMMUNE_WITH_NATURE_DESCRIPTION', 'ERA_ATOMIC', '3', 'ADVISOR_GENERIC'),
('SLTH_CIVIC_CORRUPTION_OF_SPIRIT', 'LOC_SLTH_CIVIC_CORRUPTION_OF_SPIRIT_NAME', '800', 'LOC_SLTH_CIVIC_CORRUPTION_OF_SPIRIT_DESCRIPTION', 'ERA_INDUSTRIAL', '-3', 'ADVISOR_GENERIC'),
('SLTH_CIVIC_CURRENCY', 'LOC_SLTH_CIVIC_CURRENCY_NAME', '900', 'LOC_SLTH_CIVIC_CURRENCY_DESCRIPTION', 'ERA_RENAISSANCE', '0', 'ADVISOR_GENERIC'),
('SLTH_CIVIC_DECEPTION', 'LOC_SLTH_CIVIC_DECEPTION_NAME', '700', 'LOC_SLTH_CIVIC_DECEPTION_DESCRIPTION', 'ERA_INDUSTRIAL', '-1', 'ADVISOR_GENERIC'),
('SLTH_CIVIC_DIVINE_ESSENCE', 'LOC_SLTH_CIVIC_DIVINE_ESSENCE_NAME', '9600', 'LOC_SLTH_CIVIC_DIVINE_ESSENCE_DESCRIPTION', 'ERA_ATOMIC', '1', 'ADVISOR_GENERIC'),
('SLTH_CIVIC_DRAMA', 'LOC_SLTH_CIVIC_DRAMA_NAME', '600', 'LOC_SLTH_CIVIC_DRAMA_DESCRIPTION', 'ERA_MEDIEVAL', '2', 'ADVISOR_GENERIC'),
('SLTH_CIVIC_EDUCATION', 'LOC_SLTH_CIVIC_EDUCATION_NAME', '280', 'LOC_SLTH_CIVIC_EDUCATION_DESCRIPTION', 'ERA_CLASSICAL', '1', 'ADVISOR_GENERIC'),
('SLTH_CIVIC_FANATICISM', 'LOC_SLTH_CIVIC_FANATICISM_NAME', '1800', 'LOC_SLTH_CIVIC_FANATICISM_DESCRIPTION', 'ERA_RENAISSANCE', '-1', 'ADVISOR_GENERIC'),
('SLTH_CIVIC_FERAL_BOND', 'LOC_SLTH_CIVIC_FERAL_BOND_NAME', '2200', 'LOC_SLTH_CIVIC_FERAL_BOND_DESCRIPTION', 'ERA_MODERN', '3', 'ADVISOR_GENERIC'),
('SLTH_CIVIC_FESTIVALS', 'LOC_SLTH_CIVIC_FESTIVALS_NAME', '180', 'LOC_SLTH_CIVIC_FESTIVALS_DESCRIPTION', 'ERA_CLASSICAL', '1', 'ADVISOR_GENERIC'),
('SLTH_CIVIC_FEUDALISM', 'LOC_SLTH_CIVIC_FEUDALISM_NAME', '1400', 'LOC_SLTH_CIVIC_FEUDALISM_DESCRIPTION', 'ERA_RENAISSANCE', '1', 'ADVISOR_GENERIC'),
('SLTH_CIVIC_GUILDS', 'LOC_SLTH_CIVIC_GUILDS_NAME', '3200', 'LOC_SLTH_CIVIC_GUILDS_DESCRIPTION', 'ERA_MODERN', '-3', 'ADVISOR_GENERIC'),
('SLTH_CIVIC_HIDDEN_PATHS', 'LOC_SLTH_CIVIC_HIDDEN_PATHS_NAME', '640', 'LOC_SLTH_CIVIC_HIDDEN_PATHS_DESCRIPTION', 'ERA_RENAISSANCE', '-2', 'ADVISOR_GENERIC'),
('SLTH_CIVIC_HONOR', 'LOC_SLTH_CIVIC_HONOR_NAME', '700', 'LOC_SLTH_CIVIC_HONOR_DESCRIPTION', 'ERA_INDUSTRIAL', '-3', 'ADVISOR_GENERIC'),
('SLTH_CIVIC_INFERNAL_PACT', 'LOC_SLTH_CIVIC_INFERNAL_PACT_NAME', '1200', 'LOC_SLTH_CIVIC_INFERNAL_PACT_DESCRIPTION', 'ERA_MODERN', '-3', 'ADVISOR_GENERIC'),
('SLTH_CIVIC_MALEVOLENT_DESIGNS', 'LOC_SLTH_CIVIC_MALEVOLENT_DESIGNS_NAME', '7400', 'LOC_SLTH_CIVIC_MALEVOLENT_DESIGNS_DESCRIPTION', 'ERA_INDUSTRIAL', '-1', 'ADVISOR_GENERIC'),
('SLTH_CIVIC_MERCANTILISM', 'LOC_SLTH_CIVIC_MERCANTILISM_NAME', '3400', 'LOC_SLTH_CIVIC_MERCANTILISM_DESCRIPTION', 'ERA_MODERN', '-2', 'ADVISOR_GENERIC'),
('SLTH_CIVIC_MESSAGE_FROM_THE_DEEP', 'LOC_SLTH_CIVIC_MESSAGE_FROM_THE_DEEP_NAME', '400', 'LOC_SLTH_CIVIC_MESSAGE_FROM_THE_DEEP_DESCRIPTION', 'ERA_MEDIEVAL', '-3', 'ADVISOR_GENERIC'),
('SLTH_CIVIC_MILITARY_STRATEGY', 'LOC_SLTH_CIVIC_MILITARY_STRATEGY_NAME', '480', 'LOC_SLTH_CIVIC_MILITARY_STRATEGY_DESCRIPTION', 'ERA_INDUSTRIAL', '0', 'ADVISOR_GENERIC'),
('SLTH_CIVIC_MIND_STAPLING', 'LOC_SLTH_CIVIC_MIND_STAPLING_NAME', '800', 'LOC_SLTH_CIVIC_MIND_STAPLING_DESCRIPTION', 'ERA_RENAISSANCE', '-3', 'ADVISOR_GENERIC'),
('SLTH_CIVIC_MYSTICISM', 'LOC_SLTH_CIVIC_MYSTICISM_NAME', '200', 'LOC_SLTH_CIVIC_MYSTICISM_DESCRIPTION', 'ERA_CLASSICAL', '-2', 'ADVISOR_GENERIC'),
('SLTH_CIVIC_ORDERS_FROM_HEAVEN', 'LOC_SLTH_CIVIC_ORDERS_FROM_HEAVEN_NAME', '800', 'LOC_SLTH_CIVIC_ORDERS_FROM_HEAVEN_DESCRIPTION', 'ERA_INDUSTRIAL', '-2', 'ADVISOR_GENERIC'),
('SLTH_CIVIC_PHILOSOPHY', 'LOC_SLTH_CIVIC_PHILOSOPHY_NAME', '300', 'LOC_SLTH_CIVIC_PHILOSOPHY_DESCRIPTION', 'ERA_MEDIEVAL', '-1', 'ADVISOR_GENERIC'),
('SLTH_CIVIC_PRIESTHOOD', 'LOC_SLTH_CIVIC_PRIESTHOOD_NAME', '800', 'LOC_SLTH_CIVIC_PRIESTHOOD_DESCRIPTION', 'ERA_MEDIEVAL', '2', 'ADVISOR_GENERIC'),
('SLTH_CIVIC_RAGE', 'LOC_SLTH_CIVIC_RAGE_NAME', '6800', 'LOC_SLTH_CIVIC_RAGE_DESCRIPTION', 'ERA_INDUSTRIAL', '0', 'ADVISOR_GENERIC'),
('SLTH_CIVIC_RELIGIOUS_LAW', 'LOC_SLTH_CIVIC_RELIGIOUS_LAW_NAME', '2400', 'LOC_SLTH_CIVIC_RELIGIOUS_LAW_DESCRIPTION', 'ERA_RENAISSANCE', '2', 'ADVISOR_GENERIC'),
('SLTH_CIVIC_RIGHTEOUSNESS', 'LOC_SLTH_CIVIC_RIGHTEOUSNESS_NAME', '7400', 'LOC_SLTH_CIVIC_RIGHTEOUSNESS_DESCRIPTION', 'ERA_INDUSTRIAL', '-2', 'ADVISOR_GENERIC'),
('SLTH_CIVIC_TAXATION', 'LOC_SLTH_CIVIC_TAXATION_NAME', '1600', 'LOC_SLTH_CIVIC_TAXATION_DESCRIPTION', 'ERA_INDUSTRIAL', '2', 'ADVISOR_GENERIC'),
('SLTH_CIVIC_THEOLOGY', 'LOC_SLTH_CIVIC_THEOLOGY_NAME', '7600', 'LOC_SLTH_CIVIC_THEOLOGY_DESCRIPTION', 'ERA_MODERN', '1', 'ADVISOR_GENERIC'),
('SLTH_CIVIC_WARFARE', 'LOC_SLTH_CIVIC_WARFARE_NAME', '320', 'LOC_SLTH_CIVIC_WARFARE_DESCRIPTION', 'ERA_RENAISSANCE', '0', 'ADVISOR_GENERIC'),
('SLTH_CIVIC_WAY_OF_THE_EARTHMOTHER', 'LOC_SLTH_CIVIC_WAY_OF_THE_EARTHMOTHER_NAME', '400', 'LOC_SLTH_CIVIC_WAY_OF_THE_EARTHMOTHER_DESCRIPTION', 'ERA_MEDIEVAL', '-3', 'ADVISOR_GENERIC'),
('SLTH_CIVIC_WAY_OF_THE_FORESTS', 'LOC_SLTH_CIVIC_WAY_OF_THE_FORESTS_NAME', '400', 'LOC_SLTH_CIVIC_WAY_OF_THE_FORESTS_DESCRIPTION', 'ERA_MEDIEVAL', '-2', 'ADVISOR_GENERIC'),
('SLTH_CIVIC_WAY_OF_THE_WICKED', 'LOC_SLTH_CIVIC_WAY_OF_THE_WICKED_NAME', '280', 'LOC_SLTH_CIVIC_WAY_OF_THE_WICKED_DESCRIPTION', 'ERA_RENAISSANCE', '-1', 'ADVISOR_GENERIC'),
('SLTH_CIVIC_WAY_OF_THE_WISE', 'LOC_SLTH_CIVIC_WAY_OF_THE_WISE_NAME', '280', 'LOC_SLTH_CIVIC_WAY_OF_THE_WISE_DESCRIPTION', 'ERA_RENAISSANCE', '-2', 'ADVISOR_GENERIC');
INSERT INTO CivicPrereqs(Civic, PrereqCivic) VALUES
('SLTH_CIVIC_EDUCATION', 'SLTH_CIVIC_ANCIENT_CHANTS'),
('SLTH_CIVIC_WARFARE', 'SLTH_CIVIC_EDUCATION'),
('SLTH_CIVIC_MILITARY_STRATEGY', 'SLTH_CIVIC_WARFARE'),
('SLTH_CIVIC_MILITARY_STRATEGY', 'SLTH_CIVIC_PHILOSOPHY'),
('SLTH_CIVIC_DRAMA', 'SLTH_CIVIC_FESTIVALS'),
('SLTH_CIVIC_DRAMA', 'SLTH_CIVIC_EDUCATION'),
('SLTH_CIVIC_CODE_OF_LAWS', 'SLTH_CIVIC_EDUCATION'),
('SLTH_CIVIC_CURRENCY', 'SLTH_CIVIC_CODE_OF_LAWS'),
('SLTH_CIVIC_TAXATION', 'SLTH_CIVIC_CURRENCY'),
('SLTH_CIVIC_GUILDS', 'SLTH_CIVIC_TAXATION'),
('SLTH_CIVIC_MERCANTILISM', 'SLTH_CIVIC_TAXATION'),
('SLTH_CIVIC_MYSTICISM', 'SLTH_CIVIC_ANCIENT_CHANTS'),
('SLTH_CIVIC_PHILOSOPHY', 'SLTH_CIVIC_MYSTICISM'),
('SLTH_CIVIC_WAY_OF_THE_WISE', 'SLTH_CIVIC_PHILOSOPHY'),
('SLTH_CIVIC_WAY_OF_THE_WICKED', 'SLTH_CIVIC_PHILOSOPHY'),
('SLTH_CIVIC_PRIESTHOOD', 'SLTH_CIVIC_PHILOSOPHY'),
('SLTH_CIVIC_PRIESTHOOD', 'SLTH_CIVIC_EDUCATION'),
('SLTH_CIVIC_FANATICISM', 'SLTH_CIVIC_PRIESTHOOD'),
('SLTH_CIVIC_FANATICISM', 'SLTH_CIVIC_CODE_OF_LAWS'),
('SLTH_CIVIC_RIGHTEOUSNESS', 'SLTH_CIVIC_FANATICISM'),
('SLTH_CIVIC_RIGHTEOUSNESS', 'SLTH_CIVIC_WAY_OF_THE_WISE'),
('SLTH_CIVIC_MALEVOLENT_DESIGNS', 'SLTH_CIVIC_FANATICISM'),
('SLTH_CIVIC_MALEVOLENT_DESIGNS', 'SLTH_CIVIC_WAY_OF_THE_WICKED'),
('SLTH_CIVIC_RAGE', 'SLTH_CIVIC_FANATICISM'),
('SLTH_CIVIC_RELIGIOUS_LAW', 'SLTH_CIVIC_PRIESTHOOD'),
('SLTH_CIVIC_RELIGIOUS_LAW', 'SLTH_CIVIC_CODE_OF_LAWS'),
('SLTH_CIVIC_THEOLOGY', 'SLTH_CIVIC_RELIGIOUS_LAW'),
('SLTH_CIVIC_DIVINE_ESSENCE', 'SLTH_CIVIC_THEOLOGY'),
('SLTH_CIVIC_COMMUNE_WITH_NATURE', 'SLTH_CIVIC_FERAL_BOND'),
('SLTH_CIVIC_COMMUNE_WITH_NATURE', 'SLTH_CIVIC_PRIESTHOOD'),
('SLTH_CIVIC_FEUDALISM', 'SLTH_CIVIC_CODE_OF_LAWS'),
('SLTH_CIVIC_WAY_OF_THE_EARTHMOTHER', 'SLTH_CIVIC_MYSTICISM'),
('SLTH_CIVIC_ARETE', 'SLTH_CIVIC_WAY_OF_THE_EARTHMOTHER'),
('SLTH_CIVIC_WAY_OF_THE_FORESTS', 'SLTH_CIVIC_MYSTICISM'),
('SLTH_CIVIC_HIDDEN_PATHS', 'SLTH_CIVIC_WAY_OF_THE_FORESTS'),
('SLTH_CIVIC_MESSAGE_FROM_THE_DEEP', 'SLTH_CIVIC_MYSTICISM'),
('SLTH_CIVIC_MIND_STAPLING', 'SLTH_CIVIC_MESSAGE_FROM_THE_DEEP'),
('SLTH_CIVIC_DECEPTION', 'SLTH_CIVIC_WAY_OF_THE_WICKED'),
('SLTH_CIVIC_HONOR', 'SLTH_CIVIC_WAY_OF_THE_WISE'),
('SLTH_CIVIC_ORDERS_FROM_HEAVEN', 'SLTH_CIVIC_CODE_OF_LAWS'),
('SLTH_CIVIC_ORDERS_FROM_HEAVEN', 'SLTH_CIVIC_WAY_OF_THE_WISE'),
('SLTH_CIVIC_CORRUPTION_OF_SPIRIT', 'SLTH_CIVIC_WAY_OF_THE_WICKED'),
('SLTH_CIVIC_INFERNAL_PACT', 'SLTH_CIVIC_CORRUPTION_OF_SPIRIT');
INSERT INTO Types(Type, Kind) VALUES
('TECH_AGRICULTURE', 'KIND_TECH'),
('TECH_ALTERATION', 'KIND_TECH'),
('TECH_ANIMAL_HANDLING', 'KIND_TECH'),
('TECH_ANIMAL_MASTERY', 'KIND_TECH'),
('TECH_ARCANE_LORE', 'KIND_TECH'),
('TECH_BLASTING_POWDER', 'KIND_TECH'),
('TECH_BOWYERS', 'KIND_TECH'),
('TECH_CALENDAR', 'KIND_TECH'),
('TECH_CRAFTING', 'KIND_TECH'),
('TECH_DIVINATION', 'KIND_TECH'),
('TECH_ELEMENTALISM', 'KIND_TECH'),
('TECH_EXPLORATION', 'KIND_TECH'),
('TECH_FISHING', 'KIND_TECH'),
('TECH_HUNTING', 'KIND_TECH'),
('TECH_KNOWLEDGE_OF_THE_ETHER', 'KIND_TECH'),
('TECH_MEDICINE', 'KIND_TECH'),
('TECH_MITHRIL_WEAPONS', 'KIND_TECH'),
('TECH_MITHRIL_WORKING', 'KIND_TECH'),
('TECH_NECROMANCY', 'KIND_TECH'),
('TECH_OMNISCIENCE', 'KIND_TECH'),
('TECH_OPTICS', 'KIND_TECH'),
('TECH_PASS_THROUGH_THE_ETHER', 'KIND_TECH'),
('TECH_POISONS', 'KIND_TECH'),
('TECH_PRECISION', 'KIND_TECH'),
('TECH_SMELTING', 'KIND_TECH'),
('TECH_SORCERY', 'KIND_TECH'),
('TECH_STRENGTH_OF_WILL', 'KIND_TECH'),
('TECH_TRADE', 'KIND_TECH'),
('TECH_WARHORSES', 'KIND_TECH'),
('SLTH_CIVIC_ANCIENT_CHANTS', 'KIND_CIVIC'),
('SLTH_CIVIC_CURRENCY', 'KIND_CIVIC'),
('SLTH_CIVIC_CODE_OF_LAWS', 'KIND_CIVIC'),
('SLTH_CIVIC_DRAMA', 'KIND_CIVIC'),
('SLTH_CIVIC_EDUCATION', 'KIND_CIVIC'),
('SLTH_CIVIC_FESTIVALS', 'KIND_CIVIC'),
('SLTH_CIVIC_FEUDALISM', 'KIND_CIVIC'),
('SLTH_CIVIC_GUILDS', 'KIND_CIVIC'),
('SLTH_CIVIC_MERCANTILISM', 'KIND_CIVIC'),
('SLTH_CIVIC_MILITARY_STRATEGY', 'KIND_CIVIC'),
('SLTH_CIVIC_WARFARE', 'KIND_CIVIC'),
('SLTH_CIVIC_COMMUNE_WITH_NATURE', 'KIND_CIVIC'),
('SLTH_CIVIC_DIVINE_ESSENCE', 'KIND_CIVIC'),
('SLTH_CIVIC_FANATICISM', 'KIND_CIVIC'),
('SLTH_CIVIC_FERAL_BOND', 'KIND_CIVIC'),
('SLTH_CIVIC_MALEVOLENT_DESIGNS', 'KIND_CIVIC'),
('SLTH_CIVIC_MYSTICISM', 'KIND_CIVIC'),
('SLTH_CIVIC_PHILOSOPHY', 'KIND_CIVIC'),
('SLTH_CIVIC_PRIESTHOOD', 'KIND_CIVIC'),
('SLTH_CIVIC_RAGE', 'KIND_CIVIC'),
('SLTH_CIVIC_RELIGIOUS_LAW', 'KIND_CIVIC'),
('SLTH_CIVIC_RIGHTEOUSNESS', 'KIND_CIVIC'),
('SLTH_CIVIC_TAXATION', 'KIND_CIVIC'),
('SLTH_CIVIC_THEOLOGY', 'KIND_CIVIC'),
('SLTH_CIVIC_WAY_OF_THE_WICKED', 'KIND_CIVIC'),
('SLTH_CIVIC_WAY_OF_THE_WISE', 'KIND_CIVIC'),
('SLTH_CIVIC_WAY_OF_THE_EARTHMOTHER', 'KIND_CIVIC'),
('SLTH_CIVIC_WAY_OF_THE_FORESTS', 'KIND_CIVIC'),
('SLTH_CIVIC_MESSAGE_FROM_THE_DEEP', 'KIND_CIVIC'),
('SLTH_CIVIC_HONOR', 'KIND_CIVIC'),
('SLTH_CIVIC_DECEPTION', 'KIND_CIVIC'),
('SLTH_CIVIC_ORDERS_FROM_HEAVEN', 'KIND_CIVIC'),
('SLTH_CIVIC_CORRUPTION_OF_SPIRIT', 'KIND_CIVIC'),
('SLTH_CIVIC_ARETE', 'KIND_CIVIC'),
('SLTH_CIVIC_HIDDEN_PATHS', 'KIND_CIVIC'),
('SLTH_CIVIC_MIND_STAPLING', 'KIND_CIVIC'),
('SLTH_CIVIC_INFERNAL_PACT', 'KIND_CIVIC');
