INSERT INTO Types (Type, Kind)
VALUES 
('TECH_AGRICULTURE', 'KIND_TECH'),
('TECH_ALTERATION', 'KIND_TECH'),
('TECH_ANIMAL_HANDLING', 'KIND_TECH'),
('TECH_ANIMAL_MASTERY', 'KIND_TECH'),
('TECH_ARCANE_LORE', 'KIND_TECH'),
('TECH_BLASTING_POWDER', 'KIND_TECH'),
('TECH_BOWYERS', 'KIND_TECH'),
('TECH_CALENDAR', 'KIND_TECH'),
('TECH_CRAFTING', 'KIND_TECH'),
('TECH_DIVINATION', 'KIND_TECH'),
('TECH_ELEMENTALISM', 'KIND_TECH'),
('TECH_EXPLORATION', 'KIND_TECH'),
('TECH_FISHING', 'KIND_TECH'),
('TECH_HUNTING', 'KIND_TECH'),
('TECH_KNOWLEDGE_OF_THE_ETHER', 'KIND_TECH'),
('TECH_MEDICINE', 'KIND_TECH'),
('TECH_MITHRIL_WEAPONS', 'KIND_TECH'),
('TECH_MITHRIL_WORKING', 'KIND_TECH'),
('TECH_NECROMANCY', 'KIND_TECH'),
('TECH_OMNISCIENCE', 'KIND_TECH'),
('TECH_OPTICS', 'KIND_TECH'),
('TECH_PASS_THROUGH_THE_ETHER', 'KIND_TECH'),
('TECH_POISONS', 'KIND_TECH'),
('TECH_PRECISION', 'KIND_TECH'),
('TECH_SMELTING', 'KIND_TECH'),
('TECH_SORCERY', 'KIND_TECH'),
('TECH_STRENGTH_OF_WILL', 'KIND_TECH'),
('TECH_TRADE', 'KIND_TECH'),
('TECH_WARHORSES', 'KIND_TECH'),
('CIVIC_ANCIENT_CHANTS', 'KIND_CIVIC'),
('CIVIC_CURRENCY', 'KIND_CIVIC'),
('CIVIC_DRAMA', 'KIND_CIVIC'),
('CIVIC_EDUCATION', 'KIND_CIVIC'),
('CIVIC_FESTIVALS', 'KIND_CIVIC'),
('CIVIC_MILITARY_STRATEGY', 'KIND_CIVIC'),
('CIVIC_WARFARE', 'KIND_CIVIC'),
('CIVIC_COMMUNE_WITH_NATURE', 'KIND_CIVIC'),
('CIVIC_DIVINE_ESSENCE', 'KIND_CIVIC'),
('CIVIC_FANATICISM', 'KIND_CIVIC'),
('CIVIC_FERAL_BOND', 'KIND_CIVIC'),
('CIVIC_MALEVOLENT_DESIGNS', 'KIND_CIVIC'),
('CIVIC_PHILOSOPHY', 'KIND_CIVIC'),
('CIVIC_PRIESTHOOD', 'KIND_CIVIC'),
('CIVIC_RAGE', 'KIND_CIVIC'),
('CIVIC_RELIGIOUS_LAW', 'KIND_CIVIC'),
('CIVIC_RIGHTEOUSNESS', 'KIND_CIVIC'),
('CIVIC_TAXATION', 'KIND_CIVIC'),
('CIVIC_WAY_OF_THE_WICKED', 'KIND_CIVIC'),
('CIVIC_WAY_OF_THE_WISE', 'KIND_CIVIC'),
('CIVIC_WAY_OF_THE_EARTHMOTHER', 'KIND_CIVIC'),
('CIVIC_WAY_OF_THE_FORESTS', 'KIND_CIVIC'),
('CIVIC_MESSAGE_FROM_THE_DEEP', 'KIND_CIVIC'),
('CIVIC_HONOR', 'KIND_CIVIC'),
('CIVIC_DECEPTION', 'KIND_CIVIC'),
('CIVIC_ORDERS_FROM_HEAVEN', 'KIND_CIVIC'),
('CIVIC_CORRUPTION_OF_SPIRIT', 'KIND_CIVIC'),
('CIVIC_ARETE', 'KIND_CIVIC'),
('CIVIC_HIDDEN_PATHS', 'KIND_CIVIC'),
('CIVIC_MIND_STAPLING', 'KIND_CIVIC'),
('CIVIC_INFERNAL_PACT', 'KIND_CIVIC'),
('UNIT_ADEPT', 'KIND_UNIT'),
('UNIT_ARCANE_BARGE', 'KIND_UNIT'),
('UNIT_DWARVEN_SLINGER', 'KIND_UNIT'),
('UNIT_ARCHMAGE', 'KIND_UNIT'),
('UNIT_ARQUEBUS', 'KIND_UNIT'),
('UNIT_ARTHENDAIN', 'KIND_UNIT'),
('UNIT_ASSASSIN', 'KIND_UNIT'),
('UNIT_CHANTER', 'KIND_UNIT'),
('UNIT_AXEMAN', 'KIND_UNIT'),
('UNIT_MOROI', 'KIND_UNIT'),
('UNIT_WOOD_GOLEM', 'KIND_UNIT'),
('UNIT_BAMBUR', 'KIND_UNIT'),
('UNIT_BARNAXUS', 'KIND_UNIT'),
('UNIT_BEASTMASTER', 'KIND_UNIT'),
('UNIT_BERSERKER', 'KIND_UNIT'),
('UNIT_BRUJAH', 'KIND_UNIT'),
('UNIT_CANNON', 'KIND_UNIT'),
('UNIT_CHALID', 'KIND_UNIT'),
('UNIT_BATTLEMASTER', 'KIND_UNIT'),
('UNIT_CHAMPION', 'KIND_UNIT'),
('UNIT_IRON_GOLEM', 'KIND_UNIT'),
('UNIT_VAMPIRE', 'KIND_UNIT'),
('UNIT_CHARIOT', 'KIND_UNIT'),
('UNIT_CRUSADER', 'KIND_UNIT'),
('UNIT_DISCIPLE_OCTOPUS_OVERLORDS', 'KIND_UNIT'),
('UNIT_DISCIPLE_RUNES_OF_KILMORPH', 'KIND_UNIT'),
('UNIT_DISCIPLE_THE_ORDER', 'KIND_UNIT'),
('UNIT_DROWN', 'KIND_UNIT'),
('UNIT_DRUID', 'KIND_UNIT'),
('UNIT_DWARVEN_DRUID', 'KIND_UNIT'),
('UNIT_LIZARDMAN_DRUID', 'KIND_UNIT'),
('UNIT_DUIN', 'KIND_UNIT'),
('UNIT_DWARVEN_SOLDIER_RUNES', 'KIND_UNIT'),
('UNIT_EIDOLON', 'KIND_UNIT'),
('UNIT_GALLEON', 'KIND_UNIT'),
('UNIT_GILDEN', 'KIND_UNIT'),
('UNIT_GOVANNON', 'KIND_UNIT'),
('UNIT_HAWK', 'KIND_UNIT'),
('UNIT_HEMAH', 'KIND_UNIT'),
('UNIT_HIGH_PRIEST_OF_KILMORPH', 'KIND_UNIT'),
('UNIT_HIGH_PRIEST_OF_THE_ORDER', 'KIND_UNIT'),
('UNIT_HIGH_PRIEST_OF_THE_OVERLORDS', 'KIND_UNIT'),
('UNIT_HORSE_ARCHER', 'KIND_UNIT'),
('UNIT_BOAR_RIDER', 'KIND_UNIT'),
('UNIT_HUNTER', 'KIND_UNIT'),
('UNIT_BONE_GOLEM', 'KIND_UNIT'),
('UNIT_IMMORTAL', 'KIND_UNIT'),
('UNIT_VAMPIRE_LORD', 'KIND_UNIT'),
('UNIT_FIREBOW', 'KIND_UNIT'),
('UNIT_GARGOYLE', 'KIND_UNIT'),
('UNIT_LONGBOWMAN', 'KIND_UNIT'),
('UNIT_LOSHA', 'KIND_UNIT'),
('UNIT_LUNATIC', 'KIND_UNIT'),
('UNIT_MAGE', 'KIND_UNIT'),
('UNIT_WIZARD', 'KIND_UNIT'),
('UNIT_MAN_O_WAR', 'KIND_UNIT'),
('UNIT_MARDERO', 'KIND_UNIT'),
('UNIT_MARKSMAN', 'KIND_UNIT'),
('UNIT_MITHRIL_GOLEM', 'KIND_UNIT'),
('UNIT_PALADIN', 'KIND_UNIT'),
('UNIT_PARAMANDER', 'KIND_UNIT'),
('UNIT_NULLSTONE_GOLEM', 'KIND_UNIT'),
('UNIT_PHALANX', 'KIND_UNIT'),
('UNIT_PRIEST_OF_KILMORPH', 'KIND_UNIT'),
('UNIT_PRIEST_OF_THE_ORDER', 'KIND_UNIT'),
('UNIT_PRIEST_OF_THE_OVERLORDS', 'KIND_UNIT'),
('UNIT_QUEEN_OF_THE_LINE', 'KIND_UNIT'),
('UNIT_ROYAL_GUARD', 'KIND_UNIT'),
('UNIT_SAVEROUS', 'KIND_UNIT'),
('UNIT_SPHENER', 'KIND_UNIT'),
('UNIT_STYGIAN_GUARD', 'KIND_UNIT'),
('UNIT_TRIREME', 'KIND_UNIT'),
('UNIT_VALIN', 'KIND_UNIT'),
('UNIT_WAR_ELEPHANT', 'KIND_UNIT'),
('UNIT_BLOODPET', 'KIND_UNIT'),
('UNIT_MUD_GOLEM', 'KIND_UNIT'),
('TRAIT_CIVILIZATION_UNIT_CHANTER', 'KIND_TRAIT'),
('TRAIT_CIVILIZATION_UNIT_GOVANNON', 'KIND_TRAIT'),
('TRAIT_CIVILIZATION_UNIT_FIREBOW', 'KIND_TRAIT'),
('TRAIT_CIVILIZATION_UNIT_WIZARD', 'KIND_TRAIT'),
('TRAIT_CIVILIZATION_UNIT_MOROI', 'KIND_TRAIT'),
('TRAIT_CIVILIZATION_UNIT_BRUJAH', 'KIND_TRAIT'),
('TRAIT_CIVILIZATION_UNIT_VAMPIRE', 'KIND_TRAIT'),
('TRAIT_CIVILIZATION_UNIT_VAMPIRE_LORD', 'KIND_TRAIT'),
('TRAIT_CIVILIZATION_UNIT_LOSHA', 'KIND_TRAIT'),
('TRAIT_CIVILIZATION_UNIT_BLOODPET', 'KIND_TRAIT'),
('TRAIT_CIVILIZATION_UNIT_DWARVEN_SLINGER', 'KIND_TRAIT'),
('TRAIT_CIVILIZATION_UNIT_WOOD_GOLEM', 'KIND_TRAIT'),
('TRAIT_CIVILIZATION_UNIT_BARNAXUS', 'KIND_TRAIT'),
('TRAIT_CIVILIZATION_UNIT_IRON_GOLEM', 'KIND_TRAIT'),
('TRAIT_CIVILIZATION_UNIT_DWARVEN_DRUID', 'KIND_TRAIT'),
('TRAIT_CIVILIZATION_UNIT_BOAR_RIDER', 'KIND_TRAIT'),
('TRAIT_CIVILIZATION_UNIT_BONE_GOLEM', 'KIND_TRAIT'),
('TRAIT_CIVILIZATION_UNIT_GARGOYLE', 'KIND_TRAIT'),
('TRAIT_CIVILIZATION_UNIT_NULLSTONE_GOLEM', 'KIND_TRAIT'),
('TRAIT_CIVILIZATION_UNIT_MUD_GOLEM', 'KIND_TRAIT'),
('TRAIT_RELIGION_UNIT_HIGH_PRIEST_OF_KILMORPH', 'KIND_TRAIT'),
('TRAIT_RELIGION_UNIT_MITHRIL_GOLEM', 'KIND_TRAIT'),
('TRAIT_RELIGION_UNIT_PARAMANDER', 'KIND_TRAIT'),
('TRAIT_RELIGION_UNIT_PRIEST_OF_KILMORPH', 'KIND_TRAIT'),
('TRAIT_RELIGION_UNIT_DISCIPLE_OCTOPUS_OVERLORDS', 'KIND_TRAIT'),
('TRAIT_RELIGION_UNIT_DROWN', 'KIND_TRAIT'),
('TRAIT_RELIGION_UNIT_HIGH_PRIEST_OF_THE_OVERLORDS', 'KIND_TRAIT'),
('TRAIT_RELIGION_UNIT_LUNATIC', 'KIND_TRAIT'),
('TRAIT_RELIGION_UNIT_PRIEST_OF_THE_OVERLORDS', 'KIND_TRAIT'),
('TRAIT_RELIGION_UNIT_SAVEROUS', 'KIND_TRAIT'),
('TRAIT_RELIGION_UNIT_CRUSADER', 'KIND_TRAIT'),
('TRAIT_RELIGION_UNIT_DISCIPLE_THE_ORDER', 'KIND_TRAIT'),
('TRAIT_RELIGION_UNIT_HIGH_PRIEST_OF_THE_ORDER', 'KIND_TRAIT'),
('TRAIT_RELIGION_UNIT_PRIEST_OF_THE_ORDER', 'KIND_TRAIT'),
('TRAIT_RELIGION_UNIT_VALIN', 'KIND_TRAIT');
DELETE FROM TechnologyPrereqs WHERE Technology LIKE 'TECH_STIRRUPS' AND PrereqTech LIKE 'TECH_APPRENTICESHIP';
DELETE FROM TechnologyPrereqs WHERE Technology LIKE 'TECH_SCIENTIFIC_THEORY' AND PrereqTech LIKE 'TECH_ASTRONOMY';
DELETE FROM TechnologyPrereqs WHERE Technology LIKE 'TECH_WRITING' AND PrereqTech LIKE 'TECH_POTTERY';
DELETE FROM TechnologyPrereqs WHERE Technology LIKE 'TECH_SATELLITES' AND PrereqTech LIKE 'TECH_ADVANCED_FLIGHT';
DELETE FROM TechnologyPrereqs WHERE Technology LIKE 'TECH_SANITATION' AND PrereqTech LIKE 'TECH_SCIENTIFIC_THEORY';
DELETE FROM TechnologyPrereqs WHERE Technology LIKE 'TECH_ROCKETRY' AND PrereqTech LIKE 'TECH_CHEMISTRY';
DELETE FROM TechnologyPrereqs WHERE Technology LIKE 'TECH_ROBOTICS' AND PrereqTech LIKE 'TECH_LASERS';
DELETE FROM TechnologyPrereqs WHERE Technology LIKE 'TECH_ROBOTICS' AND PrereqTech LIKE 'TECH_GUIDANCE_SYSTEMS';
DELETE FROM TechnologyPrereqs WHERE Technology LIKE 'TECH_ROBOTICS' AND PrereqTech LIKE 'TECH_COMPUTERS';
DELETE FROM TechnologyPrereqs WHERE Technology LIKE 'TECH_RIFLING' AND PrereqTech LIKE 'TECH_BALLISTICS';
DELETE FROM TechnologyPrereqs WHERE Technology LIKE 'TECH_RADIO' AND PrereqTech LIKE 'TECH_FLIGHT';
DELETE FROM TechnologyPrereqs WHERE Technology LIKE 'TECH_NUCLEAR_FISSION' AND PrereqTech LIKE 'TECH_ADVANCED_BALLISTICS';
DELETE FROM TechnologyPrereqs WHERE Technology LIKE 'TECH_MILITARY_SCIENCE' AND PrereqTech LIKE 'TECH_PRINTING';
DELETE FROM TechnologyPrereqs WHERE Technology LIKE 'TECH_MATHEMATICS' AND PrereqTech LIKE 'TECH_CURRENCY';
DELETE FROM TechnologyPrereqs WHERE Technology LIKE 'TECH_MASS_PRODUCTION' AND PrereqTech LIKE 'TECH_EDUCATION';
DELETE FROM TechnologyPrereqs WHERE Technology LIKE 'TECH_MASS_PRODUCTION' AND PrereqTech LIKE 'TECH_BUTTRESS';
DELETE FROM TechnologyPrereqs WHERE Technology LIKE 'TECH_MACHINERY' AND PrereqTech LIKE 'TECH_IRON_WORKING';
DELETE FROM TechnologyPrereqs WHERE Technology LIKE 'TECH_IRON_WORKING' AND PrereqTech LIKE 'TECH_BRONZE_WORKING';
DELETE FROM TechnologyPrereqs WHERE Technology LIKE 'TECH_INDUSTRIALIZATION' AND PrereqTech LIKE 'TECH_MASS_PRODUCTION';
DELETE FROM TechnologyPrereqs WHERE Technology LIKE 'TECH_HORSEBACK_RIDING' AND PrereqTech LIKE 'TECH_ARCHERY';
DELETE FROM TechnologyPrereqs WHERE Technology LIKE 'TECH_GUNPOWDER' AND PrereqTech LIKE 'TECH_MILITARY_ENGINEERING';
DELETE FROM TechnologyPrereqs WHERE Technology LIKE 'TECH_GUNPOWDER' AND PrereqTech LIKE 'TECH_APPRENTICESHIP';
DELETE FROM TechnologyPrereqs WHERE Technology LIKE 'TECH_GUIDANCE_SYSTEMS' AND PrereqTech LIKE 'TECH_ADVANCED_BALLISTICS';
DELETE FROM TechnologyPrereqs WHERE Technology LIKE 'TECH_FLIGHT' AND PrereqTech LIKE 'TECH_INDUSTRIALIZATION';
DELETE FROM TechnologyPrereqs WHERE Technology LIKE 'TECH_ENGINEERING' AND PrereqTech LIKE 'TECH_THE_WHEEL';
DELETE FROM TechnologyPrereqs WHERE Technology LIKE 'TECH_EDUCATION' AND PrereqTech LIKE 'TECH_APPRENTICESHIP';
DELETE FROM TechnologyPrereqs WHERE Technology LIKE 'TECH_ECONOMICS' AND PrereqTech LIKE 'TECH_METAL_CASTING';
DELETE FROM TechnologyPrereqs WHERE Technology LIKE 'TECH_CONSTRUCTION' AND PrereqTech LIKE 'TECH_HORSEBACK_RIDING';
DELETE FROM TechnologyPrereqs WHERE Technology LIKE 'TECH_COMPUTERS' AND PrereqTech LIKE 'TECH_ELECTRICITY';
DELETE FROM TechnologyPrereqs WHERE Technology LIKE 'TECH_COMBUSTION' AND PrereqTech LIKE 'TECH_REFINING';
DELETE FROM TechnologyPrereqs WHERE Technology LIKE 'TECH_COMBINED_ARMS' AND PrereqTech LIKE 'TECH_COMBUSTION';
DELETE FROM TechnologyPrereqs WHERE Technology LIKE 'TECH_CHEMISTRY' AND PrereqTech LIKE 'TECH_REPLACEABLE_PARTS';
DELETE FROM TechnologyPrereqs WHERE Technology LIKE 'TECH_CELESTIAL_NAVIGATION' AND PrereqTech LIKE 'TECH_ASTROLOGY';
DELETE FROM TechnologyPrereqs WHERE Technology LIKE 'TECH_CARTOGRAPHY' AND PrereqTech LIKE 'TECH_BUTTRESS';
DELETE FROM TechnologyPrereqs WHERE Technology LIKE 'TECH_BUTTRESS' AND PrereqTech LIKE 'TECH_MATHEMATICS';
DELETE FROM TechnologyPrereqs WHERE Technology LIKE 'TECH_BANKING' AND PrereqTech LIKE 'TECH_EDUCATION';
DELETE FROM TechnologyPrereqs WHERE Technology LIKE 'TECH_ASTRONOMY' AND PrereqTech LIKE 'TECH_EDUCATION';
DELETE FROM TechnologyPrereqs WHERE Technology LIKE 'TECH_ARCHERY' AND PrereqTech LIKE 'TECH_ANIMAL_HUSBANDRY';
DELETE FROM TechnologyPrereqs WHERE Technology LIKE 'TECH_APPRENTICESHIP' AND PrereqTech LIKE 'TECH_CURRENCY';
DELETE FROM TechnologyPrereqs WHERE Technology LIKE 'TECH_ADVANCED_BALLISTICS' AND PrereqTech LIKE 'TECH_STEEL';
UPDATE TechnologyPrereqs SET PrereqTech = 'TECH_FUTURE_TECH' WHERE Technology LIKE 'TECH_THE_WHEEL' AND PrereqTech LIKE 'TECH_MINING';
UPDATE TechnologyPrereqs SET PrereqTech = 'TECH_FUTURE_TECH' WHERE Technology LIKE 'TECH_TELECOMMUNICATIONS' AND PrereqTech LIKE 'TECH_COMPUTERS';
UPDATE TechnologyPrereqs SET PrereqTech = 'TECH_FUTURE_TECH' WHERE Technology LIKE 'TECH_SYNTHETIC_MATERIALS' AND PrereqTech LIKE 'TECH_PLASTICS';
UPDATE TechnologyPrereqs SET PrereqTech = 'TECH_FUTURE_TECH' WHERE Technology LIKE 'TECH_STEEL' AND PrereqTech LIKE 'TECH_RIFLING';
UPDATE TechnologyPrereqs SET PrereqTech = 'TECH_FUTURE_TECH' WHERE Technology LIKE 'TECH_STEAM_POWER' AND PrereqTech LIKE 'TECH_INDUSTRIALIZATION';
UPDATE TechnologyPrereqs SET PrereqTech = 'TECH_FUTURE_TECH' WHERE Technology LIKE 'TECH_STEALTH_TECHNOLOGY' AND PrereqTech LIKE 'TECH_SYNTHETIC_MATERIALS';
UPDATE TechnologyPrereqs SET PrereqTech = 'TECH_FUTURE_TECH' WHERE Technology LIKE 'TECH_SQUARE_RIGGING' AND PrereqTech LIKE 'TECH_CARTOGRAPHY';
UPDATE TechnologyPrereqs SET PrereqTech = 'TECH_FUTURE_TECH' WHERE Technology LIKE 'TECH_SIEGE_TACTICS' AND PrereqTech LIKE 'TECH_CASTLES';
UPDATE TechnologyPrereqs SET PrereqTech = 'TECH_FUTURE_TECH' WHERE Technology LIKE 'TECH_SHIPBUILDING' AND PrereqTech LIKE 'TECH_SAILING';
UPDATE TechnologyPrereqs SET PrereqTech = 'TECH_FUTURE_TECH' WHERE Technology LIKE 'TECH_SCIENTIFIC_THEORY' AND PrereqTech LIKE 'TECH_BANKING';
UPDATE TechnologyPrereqs SET PrereqTech = 'TECH_FUTURE_TECH' WHERE Technology LIKE 'TECH_SATELLITES' AND PrereqTech LIKE 'TECH_ROCKETRY';
UPDATE TechnologyPrereqs SET PrereqTech = 'TECH_FUTURE_TECH' WHERE Technology LIKE 'TECH_ROCKETRY' AND PrereqTech LIKE 'TECH_RADIO';
UPDATE TechnologyPrereqs SET PrereqTech = 'TECH_FUTURE_TECH' WHERE Technology LIKE 'TECH_ROBOTICS' AND PrereqTech LIKE 'TECH_SATELLITES';
UPDATE TechnologyPrereqs SET PrereqTech = 'TECH_FUTURE_TECH' WHERE Technology LIKE 'TECH_RIFLING' AND PrereqTech LIKE 'TECH_MILITARY_SCIENCE';
UPDATE TechnologyPrereqs SET PrereqTech = 'TECH_FUTURE_TECH' WHERE Technology LIKE 'TECH_REPLACEABLE_PARTS' AND PrereqTech LIKE 'TECH_ECONOMICS';
UPDATE TechnologyPrereqs SET PrereqTech = 'TECH_FUTURE_TECH' WHERE Technology LIKE 'TECH_REFINING' AND PrereqTech LIKE 'TECH_RIFLING';
UPDATE TechnologyPrereqs SET PrereqTech = 'TECH_FUTURE_TECH' WHERE Technology LIKE 'TECH_RADIO' AND PrereqTech LIKE 'TECH_STEAM_POWER';
UPDATE TechnologyPrereqs SET PrereqTech = 'TECH_FUTURE_TECH' WHERE Technology LIKE 'TECH_PRINTING' AND PrereqTech LIKE 'TECH_MACHINERY';
UPDATE TechnologyPrereqs SET PrereqTech = 'TECH_FUTURE_TECH' WHERE Technology LIKE 'TECH_PLASTICS' AND PrereqTech LIKE 'TECH_COMBUSTION';
UPDATE TechnologyPrereqs SET PrereqTech = 'TECH_FUTURE_TECH' WHERE Technology LIKE 'TECH_NUCLEAR_FUSION' AND PrereqTech LIKE 'TECH_LASERS';
UPDATE TechnologyPrereqs SET PrereqTech = 'TECH_FUTURE_TECH' WHERE Technology LIKE 'TECH_NUCLEAR_FISSION' AND PrereqTech LIKE 'TECH_COMBINED_ARMS';
UPDATE TechnologyPrereqs SET PrereqTech = 'TECH_FUTURE_TECH' WHERE Technology LIKE 'TECH_NANOTECHNOLOGY' AND PrereqTech LIKE 'TECH_COMPOSITES';
UPDATE TechnologyPrereqs SET PrereqTech = 'TECH_FUTURE_TECH' WHERE Technology LIKE 'TECH_MILITARY_TACTICS' AND PrereqTech LIKE 'TECH_MATHEMATICS';
UPDATE TechnologyPrereqs SET PrereqTech = 'TECH_FUTURE_TECH' WHERE Technology LIKE 'TECH_MILITARY_SCIENCE' AND PrereqTech LIKE 'TECH_SIEGE_TACTICS';
UPDATE TechnologyPrereqs SET PrereqTech = 'TECH_FUTURE_TECH' WHERE Technology LIKE 'TECH_MILITARY_ENGINEERING' AND PrereqTech LIKE 'TECH_CONSTRUCTION';
UPDATE TechnologyPrereqs SET PrereqTech = 'TECH_FUTURE_TECH' WHERE Technology LIKE 'TECH_METAL_CASTING' AND PrereqTech LIKE 'TECH_GUNPOWDER';
UPDATE TechnologyPrereqs SET PrereqTech = 'TECH_FUTURE_TECH' WHERE Technology LIKE 'TECH_MASS_PRODUCTION' AND PrereqTech LIKE 'TECH_MILITARY_TACTICS';
UPDATE TechnologyPrereqs SET PrereqTech = 'TECH_FUTURE_TECH' WHERE Technology LIKE 'TECH_LASERS' AND PrereqTech LIKE 'TECH_NUCLEAR_FISSION';
UPDATE TechnologyPrereqs SET PrereqTech = 'TECH_FUTURE_TECH' WHERE Technology LIKE 'TECH_IRRIGATION' AND PrereqTech LIKE 'TECH_POTTERY';
UPDATE TechnologyPrereqs SET PrereqTech = 'TECH_FUTURE_TECH' WHERE Technology LIKE 'TECH_INDUSTRIALIZATION' AND PrereqTech LIKE 'TECH_SQUARE_RIGGING';
UPDATE TechnologyPrereqs SET PrereqTech = 'TECH_FUTURE_TECH' WHERE Technology LIKE 'TECH_GUNPOWDER' AND PrereqTech LIKE 'TECH_STIRRUPS';
UPDATE TechnologyPrereqs SET PrereqTech = 'TECH_FUTURE_TECH' WHERE Technology LIKE 'TECH_GUIDANCE_SYSTEMS' AND PrereqTech LIKE 'TECH_ROCKETRY';
UPDATE TechnologyPrereqs SET PrereqTech = 'TECH_FUTURE_TECH' WHERE Technology LIKE 'TECH_FLIGHT' AND PrereqTech LIKE 'TECH_SCIENTIFIC_THEORY';
UPDATE TechnologyPrereqs SET PrereqTech = 'TECH_FUTURE_TECH' WHERE Technology LIKE 'TECH_ELECTRICITY' AND PrereqTech LIKE 'TECH_STEAM_POWER';
UPDATE TechnologyPrereqs SET PrereqTech = 'TECH_FUTURE_TECH' WHERE Technology LIKE 'TECH_EDUCATION' AND PrereqTech LIKE 'TECH_MATHEMATICS';
UPDATE TechnologyPrereqs SET PrereqTech = 'TECH_FUTURE_TECH' WHERE Technology LIKE 'TECH_ECONOMICS' AND PrereqTech LIKE 'TECH_SCIENTIFIC_THEORY';
UPDATE TechnologyPrereqs SET PrereqTech = 'TECH_FUTURE_TECH' WHERE Technology LIKE 'TECH_CURRENCY' AND PrereqTech LIKE 'TECH_WRITING';
UPDATE TechnologyPrereqs SET PrereqTech = 'TECH_FUTURE_TECH' WHERE Technology LIKE 'TECH_COMPUTERS' AND PrereqTech LIKE 'TECH_RADIO';
UPDATE TechnologyPrereqs SET PrereqTech = 'TECH_FUTURE_TECH' WHERE Technology LIKE 'TECH_COMPOSITES' AND PrereqTech LIKE 'TECH_SYNTHETIC_MATERIALS';
UPDATE TechnologyPrereqs SET PrereqTech = 'TECH_FUTURE_TECH' WHERE Technology LIKE 'TECH_COMBUSTION' AND PrereqTech LIKE 'TECH_STEEL';
UPDATE TechnologyPrereqs SET PrereqTech = 'TECH_FUTURE_TECH' WHERE Technology LIKE 'TECH_COMBINED_ARMS' AND PrereqTech LIKE 'TECH_STEEL';
UPDATE TechnologyPrereqs SET PrereqTech = 'TECH_FUTURE_TECH' WHERE Technology LIKE 'TECH_CHEMISTRY' AND PrereqTech LIKE 'TECH_SANITATION';
UPDATE TechnologyPrereqs SET PrereqTech = 'TECH_FUTURE_TECH' WHERE Technology LIKE 'TECH_CELESTIAL_NAVIGATION' AND PrereqTech LIKE 'TECH_SAILING';
UPDATE TechnologyPrereqs SET PrereqTech = 'TECH_FUTURE_TECH' WHERE Technology LIKE 'TECH_CASTLES' AND PrereqTech LIKE 'TECH_CONSTRUCTION';
UPDATE TechnologyPrereqs SET PrereqTech = 'TECH_FUTURE_TECH' WHERE Technology LIKE 'TECH_BUTTRESS' AND PrereqTech LIKE 'TECH_SHIPBUILDING';
UPDATE TechnologyPrereqs SET PrereqTech = 'TECH_FUTURE_TECH' WHERE Technology LIKE 'TECH_BANKING' AND PrereqTech LIKE 'TECH_STIRRUPS';
UPDATE TechnologyPrereqs SET PrereqTech = 'TECH_FUTURE_TECH' WHERE Technology LIKE 'TECH_BALLISTICS' AND PrereqTech LIKE 'TECH_METAL_CASTING';
UPDATE TechnologyPrereqs SET PrereqTech = 'TECH_FUTURE_TECH' WHERE Technology LIKE 'TECH_APPRENTICESHIP' AND PrereqTech LIKE 'TECH_HORSEBACK_RIDING';
UPDATE TechnologyPrereqs SET PrereqTech = 'TECH_FUTURE_TECH' WHERE Technology LIKE 'TECH_ADVANCED_FLIGHT' AND PrereqTech LIKE 'TECH_RADIO';
UPDATE TechnologyPrereqs SET PrereqTech = 'TECH_FUTURE_TECH' WHERE Technology LIKE 'TECH_ADVANCED_BALLISTICS' AND PrereqTech LIKE 'TECH_REPLACEABLE_PARTS';
DELETE FROM CivicPrereqs WHERE Civic = 'CIVIC_MYSTICISM' AND PrereqCivic = 'CIVIC_FOREIGN_TRADE';
DELETE FROM CivicPrereqs WHERE Civic = 'CIVIC_POLITICAL_PHILOSOPHY' AND PrereqCivic = 'CIVIC_EARLY_EMPIRE';
DELETE FROM CivicPrereqs WHERE Civic = 'CIVIC_MILITARY_TRAINING' AND PrereqCivic = 'CIVIC_GAMES_RECREATION';
DELETE FROM CivicPrereqs WHERE Civic = 'CIVIC_DEFENSIVE_TACTICS' AND PrereqCivic = 'CIVIC_POLITICAL_PHILOSOPHY';
DELETE FROM CivicPrereqs WHERE Civic = 'CIVIC_RECORDED_HISTORY' AND PrereqCivic = 'CIVIC_DRAMA_POETRY';
DELETE FROM CivicPrereqs WHERE Civic = 'CIVIC_THEOLOGY' AND PrereqCivic = 'CIVIC_DRAMA_POETRY';
DELETE FROM CivicPrereqs WHERE Civic = 'CIVIC_THEOLOGY' AND PrereqCivic = 'CIVIC_MYSTICISM';
DELETE FROM CivicPrereqs WHERE Civic = 'CIVIC_FEUDALISM' AND PrereqCivic = 'CIVIC_DEFENSIVE_TACTICS';
DELETE FROM CivicPrereqs WHERE Civic = 'CIVIC_CIVIL_SERVICE' AND PrereqCivic = 'CIVIC_RECORDED_HISTORY';
DELETE FROM CivicPrereqs WHERE Civic = 'CIVIC_MERCENARIES' AND PrereqCivic = 'CIVIC_FEUDALISM';
DELETE FROM CivicPrereqs WHERE Civic = 'CIVIC_GUILDS' AND PrereqCivic = 'CIVIC_FEUDALISM';
DELETE FROM CivicPrereqs WHERE Civic = 'CIVIC_GUILDS' AND PrereqCivic = 'CIVIC_CIVIL_SERVICE';
DELETE FROM CivicPrereqs WHERE Civic = 'CIVIC_DIVINE_RIGHT' AND PrereqCivic = 'CIVIC_THEOLOGY';
DELETE FROM CivicPrereqs WHERE Civic = 'CIVIC_EXPLORATION' AND PrereqCivic = 'CIVIC_MEDIEVAL_FAIRES';
DELETE FROM CivicPrereqs WHERE Civic = 'CIVIC_HUMANISM' AND PrereqCivic = 'CIVIC_GUILDS';
DELETE FROM CivicPrereqs WHERE Civic = 'CIVIC_REFORMED_CHURCH' AND PrereqCivic = 'CIVIC_DIVINE_RIGHT';
DELETE FROM CivicPrereqs WHERE Civic = 'CIVIC_MERCANTILISM' AND PrereqCivic = 'CIVIC_HUMANISM';
DELETE FROM CivicPrereqs WHERE Civic = 'CIVIC_THE_ENLIGHTENMENT' AND PrereqCivic = 'CIVIC_DIPLOMATIC_SERVICE';
DELETE FROM CivicPrereqs WHERE Civic = 'CIVIC_URBANIZATION' AND PrereqCivic = 'CIVIC_NATIONALISM';
DELETE FROM CivicPrereqs WHERE Civic = 'CIVIC_MASS_MEDIA' AND PrereqCivic = 'CIVIC_URBANIZATION';
DELETE FROM CivicPrereqs WHERE Civic = 'CIVIC_IDEOLOGY' AND PrereqCivic = 'CIVIC_MOBILIZATION';
DELETE FROM CivicPrereqs WHERE Civic = 'CIVIC_GLOBALIZATION' AND PrereqCivic = 'CIVIC_SPACE_RACE';
DELETE FROM CivicPrereqs WHERE Civic = 'CIVIC_SOCIAL_MEDIA' AND PrereqCivic = 'CIVIC_PROFESSIONAL_SPORTS';
DELETE FROM CivicPrereqs WHERE Civic = 'CIVIC_FUTURE_CIVIC' AND PrereqCivic = 'CIVIC_GLOBALIZATION';
DELETE FROM CivicPrereqs WHERE Civic = 'CIVIC_FUTURE_CIVIC' AND PrereqCivic = 'CIVIC_SOCIAL_MEDIA';
DELETE FROM CivicPrereqs WHERE Civic = 'CIVIC_MOBILIZATION' AND PrereqCivic = 'CIVIC_SCORCHED_EARTH';
DELETE FROM CivicPrereqs WHERE Civic = 'CIVIC_ENVIRONMENTALISM' AND PrereqCivic = 'CIVIC_RAPID_DEPLOYMENT';
DELETE FROM CivicPrereqs WHERE Civic = 'CIVIC_CORPORATE_LIBERTARIANISM' AND PrereqCivic = 'CIVIC_SOCIAL_MEDIA';
DELETE FROM CivicPrereqs WHERE Civic = 'CIVIC_DIGITAL_DEMOCRACY' AND PrereqCivic = 'CIVIC_SOCIAL_MEDIA';
DELETE FROM CivicPrereqs WHERE Civic = 'CIVIC_SYNTHETIC_TECHNOCRACY' AND PrereqCivic = 'CIVIC_SOCIAL_MEDIA';
DELETE FROM CivicPrereqs WHERE Civic = 'CIVIC_NEAR_FUTURE_GOVERNANCE' AND PrereqCivic = 'CIVIC_GLOBALIZATION';
UPDATE CivicPrereqs SET PrereqCivic = 'CIVIC_FUTURE_CIVIC' WHERE Civic = 'CIVIC_CRAFTSMANSHIP' AND PrereqCivic = 'CIVIC_CODE_OF_LAWS';
UPDATE CivicPrereqs SET PrereqCivic = 'CIVIC_FUTURE_CIVIC' WHERE Civic = 'CIVIC_FOREIGN_TRADE' AND PrereqCivic = 'CIVIC_CODE_OF_LAWS';
UPDATE CivicPrereqs SET PrereqCivic = 'CIVIC_FUTURE_CIVIC' WHERE Civic = 'CIVIC_MILITARY_TRADITION' AND PrereqCivic = 'CIVIC_CRAFTSMANSHIP';
UPDATE CivicPrereqs SET PrereqCivic = 'CIVIC_FUTURE_CIVIC' WHERE Civic = 'CIVIC_STATE_WORKFORCE' AND PrereqCivic = 'CIVIC_CRAFTSMANSHIP';
UPDATE CivicPrereqs SET PrereqCivic = 'CIVIC_FUTURE_CIVIC' WHERE Civic = 'CIVIC_EARLY_EMPIRE' AND PrereqCivic = 'CIVIC_FOREIGN_TRADE';
UPDATE CivicPrereqs SET PrereqCivic = 'CIVIC_FUTURE_CIVIC' WHERE Civic = 'CIVIC_GAMES_RECREATION' AND PrereqCivic = 'CIVIC_STATE_WORKFORCE';
UPDATE CivicPrereqs SET PrereqCivic = 'CIVIC_FUTURE_CIVIC' WHERE Civic = 'CIVIC_POLITICAL_PHILOSOPHY' AND PrereqCivic = 'CIVIC_STATE_WORKFORCE';
UPDATE CivicPrereqs SET PrereqCivic = 'CIVIC_FUTURE_CIVIC' WHERE Civic = 'CIVIC_DRAMA_POETRY' AND PrereqCivic = 'CIVIC_EARLY_EMPIRE';
UPDATE CivicPrereqs SET PrereqCivic = 'CIVIC_FUTURE_CIVIC' WHERE Civic = 'CIVIC_MILITARY_TRAINING' AND PrereqCivic = 'CIVIC_MILITARY_TRADITION';
UPDATE CivicPrereqs SET PrereqCivic = 'CIVIC_FUTURE_CIVIC' WHERE Civic = 'CIVIC_DEFENSIVE_TACTICS' AND PrereqCivic = 'CIVIC_GAMES_RECREATION';
UPDATE CivicPrereqs SET PrereqCivic = 'CIVIC_FUTURE_CIVIC' WHERE Civic = 'CIVIC_RECORDED_HISTORY' AND PrereqCivic = 'CIVIC_POLITICAL_PHILOSOPHY';
UPDATE CivicPrereqs SET PrereqCivic = 'CIVIC_FUTURE_CIVIC' WHERE Civic = 'CIVIC_NAVAL_TRADITION' AND PrereqCivic = 'CIVIC_DEFENSIVE_TACTICS';
UPDATE CivicPrereqs SET PrereqCivic = 'CIVIC_FUTURE_CIVIC' WHERE Civic = 'CIVIC_CIVIL_SERVICE' AND PrereqCivic = 'CIVIC_DEFENSIVE_TACTICS';
UPDATE CivicPrereqs SET PrereqCivic = 'CIVIC_FUTURE_CIVIC' WHERE Civic = 'CIVIC_MERCENARIES' AND PrereqCivic = 'CIVIC_MILITARY_TRAINING';
UPDATE CivicPrereqs SET PrereqCivic = 'CIVIC_FUTURE_CIVIC' WHERE Civic = 'CIVIC_MEDIEVAL_FAIRES' AND PrereqCivic = 'CIVIC_FEUDALISM';
UPDATE CivicPrereqs SET PrereqCivic = 'CIVIC_FUTURE_CIVIC' WHERE Civic = 'CIVIC_DIVINE_RIGHT' AND PrereqCivic = 'CIVIC_CIVIL_SERVICE';
UPDATE CivicPrereqs SET PrereqCivic = 'CIVIC_FUTURE_CIVIC' WHERE Civic = 'CIVIC_EXPLORATION' AND PrereqCivic = 'CIVIC_MERCENARIES';
UPDATE CivicPrereqs SET PrereqCivic = 'CIVIC_FUTURE_CIVIC' WHERE Civic = 'CIVIC_DIPLOMATIC_SERVICE' AND PrereqCivic = 'CIVIC_GUILDS';
UPDATE CivicPrereqs SET PrereqCivic = 'CIVIC_FUTURE_CIVIC' WHERE Civic = 'CIVIC_HUMANISM' AND PrereqCivic = 'CIVIC_MEDIEVAL_FAIRES';
UPDATE CivicPrereqs SET PrereqCivic = 'CIVIC_FUTURE_CIVIC' WHERE Civic = 'CIVIC_REFORMED_CHURCH' AND PrereqCivic = 'CIVIC_GUILDS';
UPDATE CivicPrereqs SET PrereqCivic = 'CIVIC_FUTURE_CIVIC' WHERE Civic = 'CIVIC_THE_ENLIGHTENMENT' AND PrereqCivic = 'CIVIC_HUMANISM';
UPDATE CivicPrereqs SET PrereqCivic = 'CIVIC_FUTURE_CIVIC' WHERE Civic = 'CIVIC_COLONIALISM' AND PrereqCivic = 'CIVIC_MERCANTILISM';
UPDATE CivicPrereqs SET PrereqCivic = 'CIVIC_FUTURE_CIVIC' WHERE Civic = 'CIVIC_CIVIL_ENGINEERING' AND PrereqCivic = 'CIVIC_MERCANTILISM';
UPDATE CivicPrereqs SET PrereqCivic = 'CIVIC_FUTURE_CIVIC' WHERE Civic = 'CIVIC_NATIONALISM' AND PrereqCivic = 'CIVIC_THE_ENLIGHTENMENT';
UPDATE CivicPrereqs SET PrereqCivic = 'CIVIC_FUTURE_CIVIC' WHERE Civic = 'CIVIC_OPERA_BALLET' AND PrereqCivic = 'CIVIC_THE_ENLIGHTENMENT';
UPDATE CivicPrereqs SET PrereqCivic = 'CIVIC_FUTURE_CIVIC' WHERE Civic = 'CIVIC_NATURAL_HISTORY' AND PrereqCivic = 'CIVIC_COLONIALISM';
UPDATE CivicPrereqs SET PrereqCivic = 'CIVIC_FUTURE_CIVIC' WHERE Civic = 'CIVIC_SCORCHED_EARTH' AND PrereqCivic = 'CIVIC_NATIONALISM';
UPDATE CivicPrereqs SET PrereqCivic = 'CIVIC_FUTURE_CIVIC' WHERE Civic = 'CIVIC_URBANIZATION' AND PrereqCivic = 'CIVIC_CIVIL_ENGINEERING';
UPDATE CivicPrereqs SET PrereqCivic = 'CIVIC_FUTURE_CIVIC' WHERE Civic = 'CIVIC_CONSERVATION' AND PrereqCivic = 'CIVIC_NATURAL_HISTORY';
UPDATE CivicPrereqs SET PrereqCivic = 'CIVIC_FUTURE_CIVIC' WHERE Civic = 'CIVIC_MASS_MEDIA' AND PrereqCivic = 'CIVIC_NATURAL_HISTORY';
UPDATE CivicPrereqs SET PrereqCivic = 'CIVIC_FUTURE_CIVIC' WHERE Civic = 'CIVIC_CAPITALISM' AND PrereqCivic = 'CIVIC_MASS_MEDIA';
UPDATE CivicPrereqs SET PrereqCivic = 'CIVIC_FUTURE_CIVIC' WHERE Civic = 'CIVIC_MOBILIZATION' AND PrereqCivic = 'CIVIC_URBANIZATION';
UPDATE CivicPrereqs SET PrereqCivic = 'CIVIC_FUTURE_CIVIC' WHERE Civic = 'CIVIC_IDEOLOGY' AND PrereqCivic = 'CIVIC_MASS_MEDIA';
UPDATE CivicPrereqs SET PrereqCivic = 'CIVIC_FUTURE_CIVIC' WHERE Civic = 'CIVIC_NUCLEAR_PROGRAM' AND PrereqCivic = 'CIVIC_IDEOLOGY';
UPDATE CivicPrereqs SET PrereqCivic = 'CIVIC_FUTURE_CIVIC' WHERE Civic = 'CIVIC_SUFFRAGE' AND PrereqCivic = 'CIVIC_IDEOLOGY';
UPDATE CivicPrereqs SET PrereqCivic = 'CIVIC_FUTURE_CIVIC' WHERE Civic = 'CIVIC_TOTALITARIANISM' AND PrereqCivic = 'CIVIC_IDEOLOGY';
UPDATE CivicPrereqs SET PrereqCivic = 'CIVIC_FUTURE_CIVIC' WHERE Civic = 'CIVIC_CLASS_STRUGGLE' AND PrereqCivic = 'CIVIC_IDEOLOGY';
UPDATE CivicPrereqs SET PrereqCivic = 'CIVIC_FUTURE_CIVIC' WHERE Civic = 'CIVIC_COLD_WAR' AND PrereqCivic = 'CIVIC_IDEOLOGY';
UPDATE CivicPrereqs SET PrereqCivic = 'CIVIC_FUTURE_CIVIC' WHERE Civic = 'CIVIC_PROFESSIONAL_SPORTS' AND PrereqCivic = 'CIVIC_IDEOLOGY';
UPDATE CivicPrereqs SET PrereqCivic = 'CIVIC_FUTURE_CIVIC' WHERE Civic = 'CIVIC_CULTURAL_HERITAGE' AND PrereqCivic = 'CIVIC_CONSERVATION';
UPDATE CivicPrereqs SET PrereqCivic = 'CIVIC_FUTURE_CIVIC' WHERE Civic = 'CIVIC_RAPID_DEPLOYMENT' AND PrereqCivic = 'CIVIC_COLD_WAR';
UPDATE CivicPrereqs SET PrereqCivic = 'CIVIC_FUTURE_CIVIC' WHERE Civic = 'CIVIC_SPACE_RACE' AND PrereqCivic = 'CIVIC_COLD_WAR';
UPDATE CivicPrereqs SET PrereqCivic = 'CIVIC_FUTURE_CIVIC' WHERE Civic = 'CIVIC_GLOBALIZATION' AND PrereqCivic = 'CIVIC_RAPID_DEPLOYMENT';
UPDATE CivicPrereqs SET PrereqCivic = 'CIVIC_FUTURE_CIVIC' WHERE Civic = 'CIVIC_SOCIAL_MEDIA' AND PrereqCivic = 'CIVIC_SPACE_RACE';
UPDATE CivicPrereqs SET PrereqCivic = 'CIVIC_FUTURE_CIVIC' WHERE Civic = 'CIVIC_ENVIRONMENTALISM' AND PrereqCivic = 'CIVIC_CULTURAL_HERITAGE';
UPDATE CivicPrereqs SET PrereqCivic = 'CIVIC_FUTURE_CIVIC' WHERE Civic = 'CIVIC_CORPORATE_LIBERTARIANISM' AND PrereqCivic = 'CIVIC_GLOBALIZATION';
UPDATE CivicPrereqs SET PrereqCivic = 'CIVIC_FUTURE_CIVIC' WHERE Civic = 'CIVIC_DIGITAL_DEMOCRACY' AND PrereqCivic = 'CIVIC_GLOBALIZATION';
UPDATE CivicPrereqs SET PrereqCivic = 'CIVIC_FUTURE_CIVIC' WHERE Civic = 'CIVIC_SYNTHETIC_TECHNOCRACY' AND PrereqCivic = 'CIVIC_GLOBALIZATION';
UPDATE CivicPrereqs SET PrereqCivic = 'CIVIC_FUTURE_CIVIC' WHERE Civic = 'CIVIC_NEAR_FUTURE_GOVERNANCE' AND PrereqCivic = 'CIVIC_ENVIRONMENTALISM';
UPDATE Civics SET EraType = 'ERA_FUTURE' WHERE EraType is not null;
UPDATE Technologies SET EraType = 'ERA_FUTURE' WHERE EraType is not null;
UPDATE Technologies SET EraType = 'ERA_CLASSICAL', UITreeRow = '-2' WHERE TechnologyType is 'TECH_ANIMAL_HUSBANDRY';
UPDATE Technologies SET EraType = 'ERA_MEDIEVAL', UITreeRow = '1' WHERE TechnologyType is 'TECH_ARCHERY';
UPDATE Technologies SET EraType = 'ERA_INDUSTRIAL', UITreeRow = '1' WHERE TechnologyType is 'TECH_ASTRONOMY';
UPDATE Technologies SET EraType = 'ERA_MEDIEVAL', UITreeRow = '-2' WHERE TechnologyType is 'TECH_BRONZE_WORKING';
UPDATE Technologies SET EraType = 'ERA_CLASSICAL', UITreeRow = '0' WHERE TechnologyType is 'TECH_CARTOGRAPHY';
UPDATE Technologies SET EraType = 'ERA_MEDIEVAL', UITreeRow = '-3' WHERE TechnologyType is 'TECH_CONSTRUCTION';
UPDATE Technologies SET EraType = 'ERA_INDUSTRIAL', UITreeRow = '0' WHERE TechnologyType is 'TECH_ENGINEERING';
UPDATE Technologies SET EraType = 'ERA_INFORMATION', UITreeRow = '0' WHERE TechnologyType is 'TECH_FUTURE_TECH';
UPDATE Technologies SET EraType = 'ERA_RENAISSANCE', UITreeRow = '-1' WHERE TechnologyType is 'TECH_HORSEBACK_RIDING';
UPDATE Technologies SET EraType = 'ERA_INDUSTRIAL', UITreeRow = '-2' WHERE TechnologyType is 'TECH_IRON_WORKING';
UPDATE Technologies SET EraType = 'ERA_INDUSTRIAL', UITreeRow = '1' WHERE TechnologyType is 'TECH_MACHINERY';
UPDATE Technologies SET EraType = 'ERA_CLASSICAL', UITreeRow = '-3' WHERE TechnologyType is 'TECH_MASONRY';
UPDATE Technologies SET EraType = 'ERA_MEDIEVAL', UITreeRow = '0' WHERE TechnologyType is 'TECH_MATHEMATICS';
UPDATE Technologies SET EraType = 'ERA_CLASSICAL', UITreeRow = '-2' WHERE TechnologyType is 'TECH_MINING';
UPDATE Technologies SET EraType = 'ERA_MEDIEVAL', UITreeRow = '1' WHERE TechnologyType is 'TECH_SAILING';
UPDATE Technologies SET EraType = 'ERA_RENAISSANCE', UITreeRow = '-3' WHERE TechnologyType is 'TECH_SANITATION';
UPDATE Technologies SET EraType = 'ERA_INDUSTRIAL', UITreeRow = '-1' WHERE TechnologyType is 'TECH_STIRRUPS';
UPDATE Technologies SET EraType = 'ERA_CLASSICAL', UITreeRow = '0' WHERE TechnologyType is 'TECH_WRITING';
UPDATE Units SET ObsoleteTech = NULL WHERE ObsoleteTech NOT IN ('TECH_ANIMAL_HUSBANDRY', 'TECH_ARCHERY', 'TECH_ASTRONOMY', 'TECH_BRONZE_WORKING', 'TECH_CARTOGRAPHY', 'TECH_CONSTRUCTION', 'TECH_ENGINEERING', 'TECH_FUTURE_TECH', 'TECH_HORSEBACK_RIDING', 'TECH_IRON_WORKING', 'TECH_MACHINERY', 'TECH_MASONRY', 'TECH_MATHEMATICS', 'TECH_MINING', 'TECH_SAILING', 'TECH_SANITATION', 'TECH_STIRRUPS', 'TECH_WRITING');
UPDATE Units SET ObsoleteCivic = NULL WHERE ObsoleteCivic NOT IN ('CIVIC_CODE_OF_LAWS', 'CIVIC_FEUDALISM', 'CIVIC_GUILDS', 'CIVIC_MERCANTILISM', 'CIVIC_MYSTICISM', 'CIVIC_THEOLOGY');
UPDATE Units SET PrereqTech = 'TECH_FUTURE_TECH' WHERE UnitType NOT IN ('UNIT_SETTLER', 'UNIT_BUILDER', 'UNIT_TRADER', 'UNIT_GREAT_GENERAL', 'UNIT_GREAT_ENGINEER', 'UNIT_GREAT_MERCHANT', 'UNIT_GREAT_PROPHET', 'UNIT_GREAT_SCIENTIST', 'UNIT_GREAT_ARTIST', 'UNIT_SCOUT', 'UNIT_WARRIOR', 'UNIT_ARCHER', 'UNIT_GALLEY', 'UNIT_HORSEMAN', 'UNIT_CROSSBOWMAN', 'UNIT_CATAPULT', 'UNIT_SWORDSMAN', 'UNIT_KNIGHT', 'UNIT_RANGER', 'UNIT_FRIGATE', 'UNIT_CARAVEL', 'UNIT_PRIVATEER', 'UNIT_TREBUCHET', 'UNIT_GREAT_ADMIRAL', 'UNIT_GREAT_WRITER', 'UNIT_GREAT_MUSICIAN');
UPDATE Units SET PrereqCivic = 'CIVIC_FUTURE_CIVIC' WHERE UnitType NOT IN ('UNIT_SETTLER', 'UNIT_BUILDER', 'UNIT_TRADER', 'UNIT_GREAT_GENERAL', 'UNIT_GREAT_ENGINEER', 'UNIT_GREAT_MERCHANT', 'UNIT_GREAT_PROPHET', 'UNIT_GREAT_SCIENTIST', 'UNIT_GREAT_ARTIST', 'UNIT_SCOUT', 'UNIT_WARRIOR', 'UNIT_ARCHER', 'UNIT_GALLEY', 'UNIT_HORSEMAN', 'UNIT_CROSSBOWMAN', 'UNIT_CATAPULT', 'UNIT_SWORDSMAN', 'UNIT_KNIGHT', 'UNIT_RANGER', 'UNIT_FRIGATE', 'UNIT_CARAVEL', 'UNIT_PRIVATEER', 'UNIT_TREBUCHET', 'UNIT_GREAT_ADMIRAL', 'UNIT_GREAT_WRITER', 'UNIT_GREAT_MUSICIAN');
DELETE from Routes_XP2 WHERE PrereqTech is 'TECH_STEAM_POWER';

INSERT INTO Technologies(TechnologyType, Description, Cost, Repeatable, EmbarkUnitType, EmbarkAll, EraType, Critical, BarbarianFree, UITreeRow, AdvisorType, Name) VALUES
('TECH_AGRICULTURE', 'LOC_TECH_AGRICULTURE_DESCRIPTION', '20', '0', NULL, '0', 'ERA_ANCIENT', '0', '0', '-2', 'ADVISOR_GENERIC', 'LOC_TECH_AGRICULTURE_NAME'),
('TECH_ALTERATION', 'LOC_TECH_ALTERATION_DESCRIPTION', '160', '0', NULL, '0', 'ERA_MEDIEVAL', '0', '0', '2', 'ADVISOR_GENERIC', 'LOC_TECH_ALTERATION_NAME'),
('TECH_ANIMAL_HANDLING', 'LOC_TECH_ANIMAL_HANDLING_DESCRIPTION', '450', '0', NULL, '0', 'ERA_MEDIEVAL', '0', '0', '-2', 'ADVISOR_GENERIC', 'LOC_TECH_ANIMAL_HANDLING_NAME'),
('TECH_ANIMAL_MASTERY', 'LOC_TECH_ANIMAL_MASTERY_DESCRIPTION', '450', '0', NULL, '0', 'ERA_MODERN', '0', '0', '-3', 'ADVISOR_GENERIC', 'LOC_TECH_ANIMAL_MASTERY_NAME'),
('TECH_ARCANE_LORE', 'LOC_TECH_ARCANE_LORE_DESCRIPTION', '900', '0', NULL, '0', 'ERA_INDUSTRIAL', '0', '0', '1', 'ADVISOR_GENERIC', 'LOC_TECH_ARCANE_LORE_NAME'),
('TECH_BLASTING_POWDER', 'LOC_TECH_BLASTING_POWDER_DESCRIPTION', '1350', '0', NULL, '0', 'ERA_MODERN', '0', '0', '-2', 'ADVISOR_GENERIC', 'LOC_TECH_BLASTING_POWDER_NAME'),
('TECH_BOWYERS', 'LOC_TECH_BOWYERS_DESCRIPTION', '600', '0', NULL, '0', 'ERA_RENAISSANCE', '0', '0', '1', 'ADVISOR_GENERIC', 'LOC_TECH_BOWYERS_NAME'),
('TECH_CALENDAR', 'LOC_TECH_CALENDAR_DESCRIPTION', '40', '0', NULL, '0', 'ERA_CLASSICAL', '0', '0', '-1', 'ADVISOR_GENERIC', 'LOC_TECH_CALENDAR_NAME'),
('TECH_CRAFTING', 'LOC_TECH_CRAFTING_DESCRIPTION', '30', '0', NULL, '0', 'ERA_ANCIENT', '0', '0', '-3', 'ADVISOR_GENERIC', 'LOC_TECH_CRAFTING_NAME'),
('TECH_DIVINATION', 'LOC_TECH_DIVINATION_DESCRIPTION', '160', '0', NULL, '0', 'ERA_MEDIEVAL', '0', '0', '3', 'ADVISOR_GENERIC', 'LOC_TECH_DIVINATION_NAME'),
('TECH_ELEMENTALISM', 'LOC_TECH_ELEMENTALISM_DESCRIPTION', '160', '0', NULL, '0', 'ERA_MEDIEVAL', '0', '0', '1', 'ADVISOR_GENERIC', 'LOC_TECH_ELEMENTALISM_NAME'),
('TECH_EXPLORATION', 'LOC_TECH_EXPLORATION_DESCRIPTION', '20', '0', NULL, '0', 'ERA_ANCIENT', '0', '0', '0', 'ADVISOR_GENERIC', 'LOC_TECH_EXPLORATION_NAME'),
('TECH_FISHING', 'LOC_TECH_FISHING_DESCRIPTION', '40', '0', NULL, '0', 'ERA_CLASSICAL', '0', '0', '1', 'ADVISOR_GENERIC', 'LOC_TECH_FISHING_NAME'),
('TECH_HUNTING', 'LOC_TECH_HUNTING_DESCRIPTION', '115', '0', NULL, '0', 'ERA_CLASSICAL', '0', '0', '-1', 'ADVISOR_GENERIC', 'LOC_TECH_HUNTING_NAME'),
('TECH_KNOWLEDGE_OF_THE_ETHER', 'LOC_TECH_KNOWLEDGE_OF_THE_ETHER_DESCRIPTION', '90', '0', NULL, '0', 'ERA_CLASSICAL', '0', '0', '1', 'ADVISOR_GENERIC', 'LOC_TECH_KNOWLEDGE_OF_THE_ETHER_NAME'),
('TECH_MEDICINE', 'LOC_TECH_MEDICINE_DESCRIPTION', '350', '0', NULL, '0', 'ERA_INDUSTRIAL', '0', '0', '-3', 'ADVISOR_GENERIC', 'LOC_TECH_MEDICINE_NAME'),
('TECH_MITHRIL_WEAPONS', 'LOC_TECH_MITHRIL_WEAPONS_DESCRIPTION', '2400', '0', NULL, '0', 'ERA_ATOMIC', '0', '0', '-3', 'ADVISOR_GENERIC', 'LOC_TECH_MITHRIL_WEAPONS_NAME'),
('TECH_MITHRIL_WORKING', 'LOC_TECH_MITHRIL_WORKING_DESCRIPTION', '1850', '0', NULL, '0', 'ERA_MODERN', '0', '0', '-3', 'ADVISOR_GENERIC', 'LOC_TECH_MITHRIL_WORKING_NAME'),
('TECH_NECROMANCY', 'LOC_TECH_NECROMANCY_DESCRIPTION', '160', '0', NULL, '0', 'ERA_MEDIEVAL', '0', '0', '0', 'ADVISOR_GENERIC', 'LOC_TECH_NECROMANCY_NAME'),
('TECH_OMNISCIENCE', 'LOC_TECH_OMNISCIENCE_DESCRIPTION', '2400', '0', NULL, '0', 'ERA_ATOMIC', '0', '0', '1', 'ADVISOR_GENERIC', 'LOC_TECH_OMNISCIENCE_NAME'),
('TECH_OPTICS', 'LOC_TECH_OPTICS_DESCRIPTION', '180', '0', NULL, '0', 'ERA_RENAISSANCE', '0', '0', '1', 'ADVISOR_GENERIC', 'LOC_TECH_OPTICS_NAME'),
('TECH_PASS_THROUGH_THE_ETHER', 'LOC_TECH_PASS_THROUGH_THE_ETHER_DESCRIPTION', '2000', '0', NULL, '0', 'ERA_MODERN', '0', '0', '2', 'ADVISOR_GENERIC', 'LOC_TECH_PASS_THROUGH_THE_ETHER_NAME'),
('TECH_POISONS', 'LOC_TECH_POISONS_DESCRIPTION', '400', '0', NULL, '0', 'ERA_MEDIEVAL', '0', '0', '-1', 'ADVISOR_GENERIC', 'LOC_TECH_POISONS_NAME'),
('TECH_PRECISION', 'LOC_TECH_PRECISION_DESCRIPTION', '1950', '0', NULL, '0', 'ERA_INDUSTRIAL', '0', '0', '1', 'ADVISOR_GENERIC', 'LOC_TECH_PRECISION_NAME'),
('TECH_SMELTING', 'LOC_TECH_SMELTING_DESCRIPTION', '400', '0', NULL, '0', 'ERA_RENAISSANCE', '0', '0', '-2', 'ADVISOR_GENERIC', 'LOC_TECH_SMELTING_NAME'),
('TECH_SORCERY', 'LOC_TECH_SORCERY_DESCRIPTION', '500', '0', NULL, '0', 'ERA_RENAISSANCE', '0', '0', '1', 'ADVISOR_GENERIC', 'LOC_TECH_SORCERY_NAME'),
('TECH_STRENGTH_OF_WILL', 'LOC_TECH_STRENGTH_OF_WILL_DESCRIPTION', '2200', '0', NULL, '0', 'ERA_MODERN', '0', '0', '1', 'ADVISOR_GENERIC', 'LOC_TECH_STRENGTH_OF_WILL_NAME'),
('TECH_TRADE', 'LOC_TECH_TRADE_DESCRIPTION', '112', '0', NULL, '0', 'ERA_RENAISSANCE', '0', '0', '0', 'ADVISOR_GENERIC', 'LOC_TECH_TRADE_NAME'),
('TECH_WARHORSES', 'LOC_TECH_WARHORSES_DESCRIPTION', '1850', '0', NULL, '0', 'ERA_MODERN', '0', '0', '-2', 'ADVISOR_GENERIC', 'LOC_TECH_WARHORSES_NAME');
INSERT INTO Civics(Description, Cost, Repeatable, EmbarkUnitType, EmbarkAll, EraType, BarbarianFree, UITreeRow, AdvisorType, CivicType, Name) VALUES
('LOC_CIVIC_ANCIENT_CHANTS_DESCRIPTION', '80', '0', NULL, '0', 'ERA_ANCIENT', '0', '0', 'ADVISOR_GENERIC', 'CIVIC_ANCIENT_CHANTS', 'LOC_CIVIC_ANCIENT_CHANTS_NAME'),
('LOC_CIVIC_ARETE_DESCRIPTION', '640', '0', NULL, '0', 'ERA_ANCIENT', '0', '0', 'ADVISOR_GENERIC', 'CIVIC_ARETE', 'LOC_CIVIC_ARETE_NAME'),
('LOC_CIVIC_COMMUNE_WITH_NATURE_DESCRIPTION', '6800', '0', NULL, '0', 'ERA_ANCIENT', '0', '0', 'ADVISOR_GENERIC', 'CIVIC_COMMUNE_WITH_NATURE', 'LOC_CIVIC_COMMUNE_WITH_NATURE_NAME'),
('LOC_CIVIC_CORRUPTION_OF_SPIRIT_DESCRIPTION', '800', '0', NULL, '0', 'ERA_ANCIENT', '0', '0', 'ADVISOR_GENERIC', 'CIVIC_CORRUPTION_OF_SPIRIT', 'LOC_CIVIC_CORRUPTION_OF_SPIRIT_NAME'),
('LOC_CIVIC_CURRENCY_DESCRIPTION', '900', '0', NULL, '0', 'ERA_ANCIENT', '0', '0', 'ADVISOR_GENERIC', 'CIVIC_CURRENCY', 'LOC_CIVIC_CURRENCY_NAME'),
('LOC_CIVIC_DECEPTION_DESCRIPTION', '700', '0', NULL, '0', 'ERA_ANCIENT', '0', '0', 'ADVISOR_GENERIC', 'CIVIC_DECEPTION', 'LOC_CIVIC_DECEPTION_NAME'),
('LOC_CIVIC_DIVINE_ESSENCE_DESCRIPTION', '9600', '0', NULL, '0', 'ERA_ANCIENT', '0', '0', 'ADVISOR_GENERIC', 'CIVIC_DIVINE_ESSENCE', 'LOC_CIVIC_DIVINE_ESSENCE_NAME'),
('LOC_CIVIC_DRAMA_DESCRIPTION', '600', '0', NULL, '0', 'ERA_ANCIENT', '0', '0', 'ADVISOR_GENERIC', 'CIVIC_DRAMA', 'LOC_CIVIC_DRAMA_NAME'),
('LOC_CIVIC_EDUCATION_DESCRIPTION', '280', '0', NULL, '0', 'ERA_ANCIENT', '0', '0', 'ADVISOR_GENERIC', 'CIVIC_EDUCATION', 'LOC_CIVIC_EDUCATION_NAME'),
('LOC_CIVIC_FANATICISM_DESCRIPTION', '1800', '0', NULL, '0', 'ERA_ANCIENT', '0', '0', 'ADVISOR_GENERIC', 'CIVIC_FANATICISM', 'LOC_CIVIC_FANATICISM_NAME'),
('LOC_CIVIC_FERAL_BOND_DESCRIPTION', '2200', '0', NULL, '0', 'ERA_ANCIENT', '0', '0', 'ADVISOR_GENERIC', 'CIVIC_FERAL_BOND', 'LOC_CIVIC_FERAL_BOND_NAME'),
('LOC_CIVIC_FESTIVALS_DESCRIPTION', '180', '0', NULL, '0', 'ERA_ANCIENT', '0', '0', 'ADVISOR_GENERIC', 'CIVIC_FESTIVALS', 'LOC_CIVIC_FESTIVALS_NAME'),
('LOC_CIVIC_HIDDEN_PATHS_DESCRIPTION', '640', '0', NULL, '0', 'ERA_ANCIENT', '0', '0', 'ADVISOR_GENERIC', 'CIVIC_HIDDEN_PATHS', 'LOC_CIVIC_HIDDEN_PATHS_NAME'),
('LOC_CIVIC_HONOR_DESCRIPTION', '700', '0', NULL, '0', 'ERA_ANCIENT', '0', '0', 'ADVISOR_GENERIC', 'CIVIC_HONOR', 'LOC_CIVIC_HONOR_NAME'),
('LOC_CIVIC_MALEVOLENT_DESIGNS_DESCRIPTION', '7400', '0', NULL, '0', 'ERA_ANCIENT', '0', '0', 'ADVISOR_GENERIC', 'CIVIC_MALEVOLENT_DESIGNS', 'LOC_CIVIC_MALEVOLENT_DESIGNS_NAME'),
('LOC_CIVIC_MESSAGE_FROM_THE_DEEP_DESCRIPTION', '400', '0', NULL, '0', 'ERA_ANCIENT', '0', '0', 'ADVISOR_GENERIC', 'CIVIC_MESSAGE_FROM_THE_DEEP', 'LOC_CIVIC_MESSAGE_FROM_THE_DEEP_NAME'),
('LOC_CIVIC_MILITARY_STRATEGY_DESCRIPTION', '480', '0', NULL, '0', 'ERA_ANCIENT', '0', '0', 'ADVISOR_GENERIC', 'CIVIC_MILITARY_STRATEGY', 'LOC_CIVIC_MILITARY_STRATEGY_NAME'),
('LOC_CIVIC_MIND_STAPLING_DESCRIPTION', '800', '0', NULL, '0', 'ERA_ANCIENT', '0', '0', 'ADVISOR_GENERIC', 'CIVIC_MIND_STAPLING', 'LOC_CIVIC_MIND_STAPLING_NAME'),
('LOC_CIVIC_ORDERS_FROM_HEAVEN_DESCRIPTION', '800', '0', NULL, '0', 'ERA_ANCIENT', '0', '0', 'ADVISOR_GENERIC', 'CIVIC_ORDERS_FROM_HEAVEN', 'LOC_CIVIC_ORDERS_FROM_HEAVEN_NAME'),
('LOC_CIVIC_PHILOSOPHY_DESCRIPTION', '300', '0', NULL, '0', 'ERA_ANCIENT', '0', '0', 'ADVISOR_GENERIC', 'CIVIC_PHILOSOPHY', 'LOC_CIVIC_PHILOSOPHY_NAME'),
('LOC_CIVIC_PRIESTHOOD_DESCRIPTION', '800', '0', NULL, '0', 'ERA_ANCIENT', '0', '0', 'ADVISOR_GENERIC', 'CIVIC_PRIESTHOOD', 'LOC_CIVIC_PRIESTHOOD_NAME'),
('LOC_CIVIC_RAGE_DESCRIPTION', '6800', '0', NULL, '0', 'ERA_ANCIENT', '0', '0', 'ADVISOR_GENERIC', 'CIVIC_RAGE', 'LOC_CIVIC_RAGE_NAME'),
('LOC_CIVIC_RELIGIOUS_LAW_DESCRIPTION', '2400', '0', NULL, '0', 'ERA_ANCIENT', '0', '0', 'ADVISOR_GENERIC', 'CIVIC_RELIGIOUS_LAW', 'LOC_CIVIC_RELIGIOUS_LAW_NAME'),
('LOC_CIVIC_RIGHTEOUSNESS_DESCRIPTION', '7400', '0', NULL, '0', 'ERA_ANCIENT', '0', '0', 'ADVISOR_GENERIC', 'CIVIC_RIGHTEOUSNESS', 'LOC_CIVIC_RIGHTEOUSNESS_NAME'),
('LOC_CIVIC_TAXATION_DESCRIPTION', '1600', '0', NULL, '0', 'ERA_ANCIENT', '0', '0', 'ADVISOR_GENERIC', 'CIVIC_TAXATION', 'LOC_CIVIC_TAXATION_NAME'),
('LOC_CIVIC_WARFARE_DESCRIPTION', '320', '0', NULL, '0', 'ERA_ANCIENT', '0', '0', 'ADVISOR_GENERIC', 'CIVIC_WARFARE', 'LOC_CIVIC_WARFARE_NAME'),
('LOC_CIVIC_WAY_OF_THE_EARTHMOTHER_DESCRIPTION', '400', '0', NULL, '0', 'ERA_ANCIENT', '0', '0', 'ADVISOR_GENERIC', 'CIVIC_WAY_OF_THE_EARTHMOTHER', 'LOC_CIVIC_WAY_OF_THE_EARTHMOTHER_NAME'),
('LOC_CIVIC_WAY_OF_THE_FORESTS_DESCRIPTION', '400', '0', NULL, '0', 'ERA_ANCIENT', '0', '0', 'ADVISOR_GENERIC', 'CIVIC_WAY_OF_THE_FORESTS', 'LOC_CIVIC_WAY_OF_THE_FORESTS_NAME'),
('LOC_CIVIC_WAY_OF_THE_WICKED_DESCRIPTION', '280', '0', NULL, '0', 'ERA_ANCIENT', '0', '0', 'ADVISOR_GENERIC', 'CIVIC_WAY_OF_THE_WICKED', 'LOC_CIVIC_WAY_OF_THE_WICKED_NAME'),
('LOC_CIVIC_WAY_OF_THE_WISE_DESCRIPTION', '280', '0', NULL, '0', 'ERA_ANCIENT', '0', '0', 'ADVISOR_GENERIC', 'CIVIC_WAY_OF_THE_WISE', 'LOC_CIVIC_WAY_OF_THE_WISE_NAME');
UPDATE Resource_Harvests SET PrereqTech = 'TECH_AGRICULTURE' WHERE PrereqTech = 'TECH_POTTERY';
INSERT INTO Buildings(BuildingType, AdvisorType, PrereqTech, MaxPlayerInstances, Cost, Housing, Entertainment, CitizenSlots, MaxWorldInstances, PrereqDistrict, Name, Description, PrereqCivic) VALUES
('BUILDING_ALCHEMY_LAB', 'ADVISOR_TECHNOLOGY', 'TECH_SORCERY', '-1', '300', '0', '0', '1', '-1', 'DISTRICT_CAMPUS', 'LOC_BUILDING_ALCHEMY_LAB_NAME', 'LOC_BUILDING_ALCHEMY_LAB_DESCRIPTION', NULL),
('BUILDING_ALTAR_OF_THE_LUONNOTAR_FINAL', 'ADVISOR_CONQUEST', 'TECH_OMNISCIENCE', '-1', '4000', '0', '0', '3', '-1', 'DISTRICT_HOLY_SITE', 'LOC_BUILDING_ALTAR_OF_THE_LUONNOTAR_FINAL_NAME', 'LOC_BUILDING_ALTAR_OF_THE_LUONNOTAR_FINAL_DESCRIPTION', NULL),
('BUILDING_AQUAE_SUCELLUS', 'ADVISOR_GENERIC', 'TECH_SANITATION', '-1', '600', '2', '0', NULL, '-1', 'DISTRICT_CITY_CENTER', 'LOC_BUILDING_AQUAE_SUCELLUS_NAME', 'LOC_BUILDING_AQUAE_SUCELLUS_DESCRIPTION', NULL),
('BUILDING_AQUEDUCT', 'ADVISOR_GENERIC', 'TECH_SANITATION', '-1', '180', '2', '0', NULL, '-1', 'DISTRICT_CITY_CENTER', 'LOC_BUILDING_AQUEDUCT_NAME', 'LOC_BUILDING_AQUEDUCT_DESCRIPTION', NULL),
('BUILDING_ARCHERY_RANGE', 'ADVISOR_CONQUEST', 'TECH_ARCHERY', '-1', '100', '0', '0', NULL, '-1', 'DISTRICT_CITY_CENTER', 'LOC_BUILDING_ARCHERY_RANGE_NAME', 'LOC_BUILDING_ARCHERY_RANGE_DESCRIPTION', NULL),
('BUILDING_ASYLUM', 'ADVISOR_TECHNOLOGY', NULL, '-1', '150', '0', '-1', '1', '-1', 'DISTRICT_CAMPUS', 'LOC_BUILDING_ASYLUM_NAME', 'LOC_BUILDING_ASYLUM_DESCRIPTION', 'CIVIC_MIND_STAPLING'),
('BUILDING_BASILICA', 'ADVISOR_GENERIC', NULL, '-1', '200', '0', '0', NULL, '-1', 'DISTRICT_CITY_CENTER', 'LOC_BUILDING_BASILICA_NAME', 'LOC_BUILDING_BASILICA_DESCRIPTION', 'CIVIC_RELIGIOUS_LAW'),
('BUILDING_BAZAAR_OF_MAMMON', 'ADVISOR_GENERIC', 'TECH_MATHEMATICS', '-1', '600', '0', '0', '3', '-1', 'DISTRICT_COMMERCIAL_HUB', 'LOC_BUILDING_BAZAAR_OF_MAMMON_NAME', 'LOC_BUILDING_BAZAAR_OF_MAMMON_DESCRIPTION', NULL),
('BUILDING_BONE_PALACE', 'ADVISOR_GENERIC', NULL, '-1', '700', '0', '0', NULL, '-1', 'DISTRICT_CITY_CENTER', 'LOC_BUILDING_BONE_PALACE_NAME', 'LOC_BUILDING_BONE_PALACE_DESCRIPTION', 'CIVIC_PHILOSOPHY'),
('BUILDING_BREWERY', 'ADVISOR_GENERIC', 'TECH_CRAFTING', '-1', '240', '0', '0', NULL, '-1', 'DISTRICT_CITY_CENTER', 'LOC_BUILDING_BREWERY_NAME', 'LOC_BUILDING_BREWERY_DESCRIPTION', NULL),
('BUILDING_CARNIVAL', 'ADVISOR_CULTURE', NULL, '-1', '120', '0', '1', '1', '-1', 'DISTRICT_THEATER', 'LOC_BUILDING_CARNIVAL_NAME', 'LOC_BUILDING_CARNIVAL_DESCRIPTION', 'CIVIC_FESTIVALS'),
('BUILDING_CATACOMB_LIBRALUS', 'ADVISOR_TECHNOLOGY', 'TECH_KNOWLEDGE_OF_THE_ETHER', '-1', '600', '0', '0', '1', '-1', 'DISTRICT_CAMPUS', 'LOC_BUILDING_CATACOMB_LIBRALUS_NAME', 'LOC_BUILDING_CATACOMB_LIBRALUS_DESCRIPTION', NULL),
('BUILDING_CELESTIAL_COMPASS', 'ADVISOR_RELIGIOUS', 'TECH_ASTRONOMY', '-1', '500', '0', '0', NULL, '-1', 'DISTRICT_CITY_CENTER', 'LOC_BUILDING_CELESTIAL_COMPASS_NAME', 'LOC_BUILDING_CELESTIAL_COMPASS_DESCRIPTION', NULL),
('BUILDING_CITY_OF_A_THOUSAND_SLUMS', 'ADVISOR_RELIGIOUS', 'TECH_ENGINEERING', '-1', '500', '0', '0', NULL, '-1', 'DISTRICT_CITY_CENTER', 'LOC_BUILDING_CITY_OF_A_THOUSAND_SLUMS_NAME', 'LOC_BUILDING_CITY_OF_A_THOUSAND_SLUMS_DESCRIPTION', NULL),
('BUILDING_ADVENTURERS_GUILD', 'ADVISOR_CONQUEST', NULL, '-1', '120', '0', '0', NULL, '-1', 'DISTRICT_CITY_CENTER', 'LOC_BUILDING_ADVENTURERS_GUILD_NAME', 'LOC_BUILDING_ADVENTURERS_GUILD_DESCRIPTION', 'CIVIC_CURRENCY'),
('BUILDING_BLASTING_WORKSHOP', 'ADVISOR_CONQUEST', 'TECH_SORCERY', '-1', '120', '0', '0', NULL, '-1', 'DISTRICT_CITY_CENTER', 'LOC_BUILDING_BLASTING_WORKSHOP_NAME', 'LOC_BUILDING_BLASTING_WORKSHOP_DESCRIPTION', NULL),
('BUILDING_BREEDING_PIT', 'ADVISOR_GENERIC', 'NONE', '-1', '120', '-1', '0', NULL, '-1', 'DISTRICT_CITY_CENTER', 'LOC_BUILDING_BREEDING_PIT_NAME', 'LOC_BUILDING_BREEDING_PIT_DESCRIPTION', NULL),
('BUILDING_CAVE_OF_ANCESTORS', 'ADVISOR_TECHNOLOGY', 'TECH_SORCERY', '-1', '120', '0', '0', NULL, '-1', 'DISTRICT_CITY_CENTER', 'LOC_BUILDING_CAVE_OF_ANCESTORS_NAME', 'LOC_BUILDING_CAVE_OF_ANCESTORS_DESCRIPTION', NULL),
('BUILDING_CHANCEL_OF_GUARDIANS', 'ADVISOR_GENERIC', NULL, '-1', '120', '0', '0', NULL, '-1', 'DISTRICT_CITY_CENTER', 'LOC_BUILDING_CHANCEL_OF_GUARDIANS_NAME', 'LOC_BUILDING_CHANCEL_OF_GUARDIANS_DESCRIPTION', 'CIVIC_PRIESTHOOD'),
('BUILDING_CITADEL_OF_LIGHT', 'ADVISOR_CONQUEST', 'TECH_SORCERY', '-1', '240', '0', '0', NULL, '-1', 'DISTRICT_CITY_CENTER', 'LOC_BUILDING_CITADEL_OF_LIGHT_NAME', 'LOC_BUILDING_CITADEL_OF_LIGHT_DESCRIPTION', NULL),
('BUILDING_PLANAR_GATE', 'ADVISOR_CONQUEST', 'TECH_KNOWLEDGE_OF_THE_ETHER', '-1', '300', '0', '0', NULL, '-1', 'DISTRICT_CITY_CENTER', 'LOC_BUILDING_PLANAR_GATE_NAME', 'LOC_BUILDING_PLANAR_GATE_DESCRIPTION', NULL),
('BUILDING_TAILOR', 'ADVISOR_GENERIC', 'TECH_CRAFTING', '-1', '140', '0', '0', NULL, '-1', 'DISTRICT_CITY_CENTER', 'LOC_BUILDING_TAILOR_NAME', 'LOC_BUILDING_TAILOR_DESCRIPTION', NULL),
('BUILDING_WARRENS', 'ADVISOR_CONQUEST', 'TECH_MASONRY', '-1', '180', '0', '0', NULL, '-1', 'DISTRICT_CITY_CENTER', 'LOC_BUILDING_WARRENS_NAME', 'LOC_BUILDING_WARRENS_DESCRIPTION', NULL),
('BUILDING_PALLENS_ENGINE', 'ADVISOR_CONQUEST', 'TECH_DIVINATION', '-1', '180', '0', '0', NULL, '-1', 'DISTRICT_CITY_CENTER', 'LOC_BUILDING_PALLENS_ENGINE_NAME', 'LOC_BUILDING_PALLENS_ENGINE_DESCRIPTION', NULL),
('BUILDING_HALL_OF_MIRRORS', 'ADVISOR_CONQUEST', 'TECH_ALTERATION', '-1', '180', '0', '1', NULL, '-1', 'DISTRICT_CITY_CENTER', 'LOC_BUILDING_HALL_OF_MIRRORS_NAME', 'LOC_BUILDING_HALL_OF_MIRRORS_DESCRIPTION', NULL),
('BUILDING_JEWELER', 'ADVISOR_GENERIC', 'TECH_SMELTING', '-1', '120', '0', '0', NULL, '-1', 'DISTRICT_CITY_CENTER', 'LOC_BUILDING_JEWELER_NAME', 'LOC_BUILDING_JEWELER_DESCRIPTION', NULL),
('BUILDING_RELIQUARY', 'ADVISOR_GENERIC', NULL, '-1', '100', '-1', '0', NULL, '-1', 'DISTRICT_CITY_CENTER', 'LOC_BUILDING_RELIQUARY_NAME', 'LOC_BUILDING_RELIQUARY_DESCRIPTION', 'CIVIC_WAY_OF_THE_WISE'),
('BUILDING_ADULARIA_CHAMBER', 'ADVISOR_CONQUEST', 'TECH_NECROMANCY', '-1', '180', '0', '0', NULL, '-1', 'DISTRICT_CITY_CENTER', 'LOC_BUILDING_ADULARIA_CHAMBER_NAME', 'LOC_BUILDING_ADULARIA_CHAMBER_DESCRIPTION', NULL),
('BUILDING_COMMAND_POST', 'ADVISOR_CONQUEST', NULL, '-1', '180', '0', '0', NULL, '-1', 'DISTRICT_CITY_CENTER', 'LOC_BUILDING_COMMAND_POST_NAME', 'LOC_BUILDING_COMMAND_POST_DESCRIPTION', 'CIVIC_MILITARY_STRATEGY'),
('BUILDING_COURTHOUSE', 'ADVISOR_GENERIC', NULL, '-1', '120', '0', '0', NULL, '-1', 'DISTRICT_CITY_CENTER', 'LOC_BUILDING_COURTHOUSE_NAME', 'LOC_BUILDING_COURTHOUSE_DESCRIPTION', 'CIVIC_CODE_OF_LAWS'),
('BUILDING_GOVERNORS_MANOR', 'ADVISOR_GENERIC', NULL, '-1', '180', '0', '-1', NULL, '-1', 'DISTRICT_CITY_CENTER', 'LOC_BUILDING_GOVERNORS_MANOR_NAME', 'LOC_BUILDING_GOVERNORS_MANOR_DESCRIPTION', 'CIVIC_CODE_OF_LAWS'),
('BUILDING_CROWN_OF_AKHARIEN', 'ADVISOR_TECHNOLOGY', 'TECH_ARCANE_LORE', '-1', '900', '0', '0', NULL, '-1', 'DISTRICT_CITY_CENTER', 'LOC_BUILDING_CROWN_OF_AKHARIEN_NAME', 'LOC_BUILDING_CROWN_OF_AKHARIEN_DESCRIPTION', NULL),
('BUILDING_DEMONS_ALTAR', 'ADVISOR_RELIGIOUS', 'TECH_INFERNAL_PACT', '-1', '150', '0', '-1', NULL, '-1', 'DISTRICT_CITY_CENTER', 'LOC_BUILDING_DEMONS_ALTAR_NAME', 'LOC_BUILDING_DEMONS_ALTAR_DESCRIPTION', NULL),
('BUILDING_DUNGEON', 'ADVISOR_CONQUEST', 'TECH_MASONRY', '-1', '160', '0', '0', NULL, '-1', 'DISTRICT_CITY_CENTER', 'LOC_BUILDING_DUNGEON_NAME', 'LOC_BUILDING_DUNGEON_DESCRIPTION', NULL),
('BUILDING_ELDER_COUNCIL', 'ADVISOR_TECHNOLOGY', NULL, '-1', '60', '0', '0', '1', '-1', 'DISTRICT_CAMPUS', 'LOC_BUILDING_ELDER_COUNCIL_NAME', 'LOC_BUILDING_ELDER_COUNCIL_DESCRIPTION', 'CIVIC_MYSTICISM'),
('BUILDING_EYES_AND_EARS_NETWORK', 'ADVISOR_TECHNOLOGY', NULL, '-1', '1500', '0', '0', NULL, '-1', 'DISTRICT_CITY_CENTER', 'LOC_BUILDING_EYES_AND_EARS_NETWORK_NAME', 'LOC_BUILDING_EYES_AND_EARS_NETWORK_DESCRIPTION', 'CIVIC_GUILDS'),
('BUILDING_FORBIDDEN_PALACE', 'ADVISOR_GENERIC', 'NONE', '-1', '300', '0', '0', NULL, '-1', 'DISTRICT_CITY_CENTER', 'LOC_BUILDING_FORBIDDEN_PALACE_NAME', 'LOC_BUILDING_FORBIDDEN_PALACE_DESCRIPTION', NULL),
('BUILDING_DWARVEN_SMITHY', 'ADVISOR_GENERIC', 'TECH_SMELTING', '-1', '250', '-1', '0', '1', '-1', 'DISTRICT_INDUSTRIAL_ZONE', 'LOC_BUILDING_DWARVEN_SMITHY_NAME', 'LOC_BUILDING_DWARVEN_SMITHY_DESCRIPTION', NULL),
('BUILDING_FORGE', 'ADVISOR_GENERIC', 'TECH_SMELTING', '-1', '250', '-1', '0', '1', '-1', 'DISTRICT_INDUSTRIAL_ZONE', 'LOC_BUILDING_FORGE_NAME', 'LOC_BUILDING_FORGE_DESCRIPTION', NULL),
('BUILDING_FORM_OF_THE_TITAN', 'ADVISOR_CONQUEST', NULL, '-1', '500', '0', '0', NULL, '-1', 'DISTRICT_CITY_CENTER', 'LOC_BUILDING_FORM_OF_THE_TITAN_NAME', 'LOC_BUILDING_FORM_OF_THE_TITAN_DESCRIPTION', 'CIVIC_WARFARE'),
('BUILDING_GAMBLING_HOUSE', 'ADVISOR_GENERIC', 'TECH_MATHEMATICS', '-1', '200', '0', '0', NULL, '-1', 'DISTRICT_CITY_CENTER', 'LOC_BUILDING_GAMBLING_HOUSE_NAME', 'LOC_BUILDING_GAMBLING_HOUSE_DESCRIPTION', NULL),
('BUILDING_GRANARY', 'ADVISOR_GENERIC', 'TECH_AGRICULTURE', '-1', '120', '0', '0', NULL, '-1', 'DISTRICT_CITY_CENTER', 'LOC_BUILDING_GRANARY_NAME', 'LOC_BUILDING_GRANARY_DESCRIPTION', NULL),
('BUILDING_GRAND_MENAGERIE', 'ADVISOR_CULTURE', NULL, '-1', '120', '0', '0', NULL, '-1', 'DISTRICT_CITY_CENTER', 'LOC_BUILDING_GRAND_MENAGERIE_NAME', 'LOC_BUILDING_GRAND_MENAGERIE_DESCRIPTION', 'CIVIC_FESTIVALS'),
('BUILDING_GREAT_LIBRARY', 'ADVISOR_TECHNOLOGY', 'TECH_WRITING', '-1', '350', '0', '0', NULL, '-1', 'DISTRICT_CITY_CENTER', 'LOC_BUILDING_GREAT_LIBRARY_NAME', 'LOC_BUILDING_GREAT_LIBRARY_DESCRIPTION', NULL),
('BUILDING_GREAT_LIGHTHOUSE', 'ADVISOR_GENERIC', 'TECH_SAILING', '-1', '600', '0', '0', NULL, '-1', 'DISTRICT_CITY_CENTER', 'LOC_BUILDING_GREAT_LIGHTHOUSE_NAME', 'LOC_BUILDING_GREAT_LIGHTHOUSE_DESCRIPTION', NULL),
('BUILDING_GROVE', 'ADVISOR_CONQUEST', NULL, '-1', '300', '0', '0', NULL, '-1', 'DISTRICT_CITY_CENTER', 'LOC_BUILDING_GROVE_NAME', 'LOC_BUILDING_GROVE_DESCRIPTION', 'CIVIC_FERAL_BOND'),
('BUILDING_GUILD_OF_HAMMERS', 'ADVISOR_GENERIC', 'TECH_ENGINEERING', '-1', '550', '0', '0', NULL, '-1', 'DISTRICT_CITY_CENTER', 'LOC_BUILDING_GUILD_OF_HAMMERS_NAME', 'LOC_BUILDING_GUILD_OF_HAMMERS_DESCRIPTION', NULL),
('BUILDING_GUILD_OF_THE_NINE', 'ADVISOR_GENERIC', NULL, '-1', '500', '0', '0', NULL, '-1', 'DISTRICT_CITY_CENTER', 'LOC_BUILDING_GUILD_OF_THE_NINE_NAME', 'LOC_BUILDING_GUILD_OF_THE_NINE_DESCRIPTION', 'CIVIC_CURRENCY'),
('BUILDING_HERON_THRONE', 'ADVISOR_GENERIC', 'TECH_FISHING', '-1', '250', '0', '0', NULL, '-1', 'DISTRICT_CITY_CENTER', 'LOC_BUILDING_HERON_THRONE_NAME', 'LOC_BUILDING_HERON_THRONE_DESCRIPTION', NULL),
('BUILDING_HALL_OF_KINGS', 'ADVISOR_CULTURE', NULL, '-1', '600', '0', '0', NULL, '-1', 'DISTRICT_CITY_CENTER', 'LOC_BUILDING_HALL_OF_KINGS_NAME', 'LOC_BUILDING_HALL_OF_KINGS_DESCRIPTION', 'CIVIC_FEUDALISM'),
('BUILDING_HARBOR', 'ADVISOR_GENERIC', 'TECH_FISHING', '-1', '120', '0', '0', NULL, '-1', 'DISTRICT_CITY_CENTER', 'LOC_BUILDING_HARBOR_NAME', 'LOC_BUILDING_HARBOR_DESCRIPTION', NULL),
('BUILDING_HARBOR_LANUN', 'ADVISOR_GENERIC', 'TECH_FISHING', '-1', '90', '0', '0', NULL, '-1', 'DISTRICT_CITY_CENTER', 'LOC_BUILDING_HARBOR_LANUN_NAME', 'LOC_BUILDING_HARBOR_LANUN_DESCRIPTION', NULL),
('BUILDING_HERBALIST', 'ADVISOR_GENERIC', 'TECH_AGRICULTURE', '-1', '90', '1', '0', NULL, '-1', 'DISTRICT_CITY_CENTER', 'LOC_BUILDING_HERBALIST_NAME', 'LOC_BUILDING_HERBALIST_DESCRIPTION', NULL),
('BUILDING_HEROIC_EPIC', 'ADVISOR_CONQUEST', NULL, '-1', '200', '0', '0', NULL, '-1', 'DISTRICT_CITY_CENTER', 'LOC_BUILDING_HEROIC_EPIC_NAME', 'LOC_BUILDING_HEROIC_EPIC_DESCRIPTION', 'CIVIC_MILITARY_STRATEGY'),
('BUILDING_HUNTING_LODGE', 'ADVISOR_CONQUEST', 'TECH_HUNTING', '-1', '100', '0', '0', NULL, '-1', 'DISTRICT_CITY_CENTER', 'LOC_BUILDING_HUNTING_LODGE_NAME', 'LOC_BUILDING_HUNTING_LODGE_DESCRIPTION', NULL),
('BUILDING_INFERNAL_GRIMOIRE', 'ADVISOR_CONQUEST', 'TECH_INFERNAL_PACT', '-1', '400', '0', '0', NULL, '-1', 'DISTRICT_CITY_CENTER', 'LOC_BUILDING_INFERNAL_GRIMOIRE_NAME', 'LOC_BUILDING_INFERNAL_GRIMOIRE_DESCRIPTION', NULL),
('BUILDING_INFIRMARY', 'ADVISOR_GENERIC', 'TECH_MEDICINE', '-1', '300', '3', '0', NULL, '-1', 'DISTRICT_CITY_CENTER', 'LOC_BUILDING_INFIRMARY_NAME', 'LOC_BUILDING_INFIRMARY_DESCRIPTION', NULL),
('BUILDING_INN', 'ADVISOR_GENERIC', 'TECH_TRADE', '-1', '250', '0', '0', NULL, '-1', 'DISTRICT_CITY_CENTER', 'LOC_BUILDING_INN_NAME', 'LOC_BUILDING_INN_DESCRIPTION', NULL),
('BUILDING_LIBRARY', 'ADVISOR_TECHNOLOGY', 'TECH_WRITING', '-1', '120', '0', '0', '1', '-1', 'DISTRICT_CAMPUS', 'LOC_BUILDING_LIBRARY_NAME', 'LOC_BUILDING_LIBRARY_DESCRIPTION', NULL),
('BUILDING_LIGHTHOUSE', 'ADVISOR_GENERIC', 'TECH_SAILING', '-1', '160', '0', '0', NULL, '-1', 'DISTRICT_CITY_CENTER', 'LOC_BUILDING_LIGHTHOUSE_NAME', 'LOC_BUILDING_LIGHTHOUSE_DESCRIPTION', NULL),
('BUILDING_MAGE_GUILD', 'ADVISOR_CONQUEST', 'TECH_KNOWLEDGE_OF_THE_ETHER', '-1', '120', '0', '0', NULL, '-1', 'DISTRICT_CITY_CENTER', 'LOC_BUILDING_MAGE_GUILD_NAME', 'LOC_BUILDING_MAGE_GUILD_DESCRIPTION', NULL),
('BUILDING_MARKET', 'ADVISOR_GENERIC', NULL, '-1', '60', '0', '0', '1', '-1', 'DISTRICT_COMMERCIAL_HUB', 'LOC_BUILDING_MARKET_NAME', 'LOC_BUILDING_MARKET_DESCRIPTION', 'CIVIC_FESTIVALS'),
('BUILDING_MERCURIAN_GATE', 'ADVISOR_CONQUEST', NULL, '-1', '600', '0', '0', NULL, '-1', 'DISTRICT_CITY_CENTER', 'LOC_BUILDING_MERCURIAN_GATE_NAME', 'LOC_BUILDING_MERCURIAN_GATE_DESCRIPTION', 'CIVIC_FANATICISM'),
('BUILDING_MINES_OF_GALDUR', 'ADVISOR_GENERIC', NULL, '-1', '700', '-2', '0', '3', '-1', 'DISTRICT_INDUSTRIAL_ZONE', 'LOC_BUILDING_MINES_OF_GALDUR_NAME', 'LOC_BUILDING_MINES_OF_GALDUR_DESCRIPTION', 'CIVIC_ARETE'),
('BUILDING_MOKKAS_CAULDRON', 'ADVISOR_CONQUEST', 'TECH_NECROMANCY', '-1', '600', '0', '0', NULL, '-1', 'DISTRICT_CITY_CENTER', 'LOC_BUILDING_MOKKAS_CAULDRON_NAME', 'LOC_BUILDING_MOKKAS_CAULDRON_DESCRIPTION', NULL),
('BUILDING_MONEYCHANGER', 'ADVISOR_GENERIC', NULL, '-1', '250', '0', '0', '1', '-1', 'DISTRICT_COMMERCIAL_HUB', 'LOC_BUILDING_MONEYCHANGER_NAME', 'LOC_BUILDING_MONEYCHANGER_DESCRIPTION', 'CIVIC_CURRENCY'),
('BUILDING_NATIONAL_EPIC', 'ADVISOR_CULTURE', NULL, '-1', '250', '0', '0', NULL, '-1', 'DISTRICT_CITY_CENTER', 'LOC_BUILDING_NATIONAL_EPIC_NAME', 'LOC_BUILDING_NATIONAL_EPIC_DESCRIPTION', 'CIVIC_WARFARE'),
('BUILDING_MONUMENT', 'ADVISOR_CULTURE', NULL, '-1', '60', '0', '0', NULL, '-1', 'DISTRICT_CITY_CENTER', 'LOC_BUILDING_MONUMENT_NAME', 'LOC_BUILDING_MONUMENT_DESCRIPTION', 'CIVIC_ANCIENT_CHANTS'),
('BUILDING_OBSIDIAN_GATE', 'ADVISOR_GENERIC', 'TECH_PASS_THROUGH_THE_ETHER', '-1', '300', '0', '0', NULL, '-1', 'DISTRICT_CITY_CENTER', 'LOC_BUILDING_OBSIDIAN_GATE_NAME', 'LOC_BUILDING_OBSIDIAN_GATE_DESCRIPTION', NULL),
('BUILDING_DESERT_SHRINE', 'ADVISOR_CULTURE', NULL, '-1', '100', '0', '0', '1', '-1', 'DISTRICT_HOLY_SITE', 'LOC_BUILDING_DESERT_SHRINE_NAME', 'LOC_BUILDING_DESERT_SHRINE_DESCRIPTION', 'CIVIC_MYSTICISM'),
('BUILDING_PAGAN_TEMPLE', 'ADVISOR_CULTURE', NULL, '-1', '100', '0', '0', '1', '-1', 'DISTRICT_HOLY_SITE', 'LOC_BUILDING_PAGAN_TEMPLE_NAME', 'LOC_BUILDING_PAGAN_TEMPLE_DESCRIPTION', 'CIVIC_MYSTICISM'),
('BUILDING_TEMPLE_OF_THE_HAND', 'ADVISOR_CULTURE', NULL, '-1', '100', '0', '0', '1', '-1', 'DISTRICT_HOLY_SITE', 'LOC_BUILDING_TEMPLE_OF_THE_HAND_NAME', 'LOC_BUILDING_TEMPLE_OF_THE_HAND_DESCRIPTION', 'CIVIC_MYSTICISM'),
('BUILDING_PALACE_AMURITES', 'ADVISOR_GENERIC', 'NONE', '1', '160', '0', '1', NULL, '-1', 'DISTRICT_CITY_CENTER', 'LOC_BUILDING_PALACE_AMURITES_NAME', 'LOC_BUILDING_PALACE_AMURITES_DESCRIPTION', NULL),
('BUILDING_PALACE_BALSERAPHS', 'ADVISOR_GENERIC', 'NONE', '1', '160', '0', '1', NULL, '-1', 'DISTRICT_CITY_CENTER', 'LOC_BUILDING_PALACE_BALSERAPHS_NAME', 'LOC_BUILDING_PALACE_BALSERAPHS_DESCRIPTION', NULL),
('BUILDING_PALACE_BANNOR', 'ADVISOR_GENERIC', 'NONE', '1', '160', '0', '1', NULL, '-1', 'DISTRICT_CITY_CENTER', 'LOC_BUILDING_PALACE_BANNOR_NAME', 'LOC_BUILDING_PALACE_BANNOR_DESCRIPTION', NULL),
('BUILDING_PALACE_CALABIM', 'ADVISOR_GENERIC', 'NONE', '1', '160', '0', '1', NULL, '-1', 'DISTRICT_CITY_CENTER', 'LOC_BUILDING_PALACE_CALABIM_NAME', 'LOC_BUILDING_PALACE_CALABIM_DESCRIPTION', NULL),
('BUILDING_PALACE_CLAN_OF_EMBERS', 'ADVISOR_GENERIC', 'NONE', '1', '160', '0', '1', NULL, '-1', 'DISTRICT_CITY_CENTER', 'LOC_BUILDING_PALACE_CLAN_OF_EMBERS_NAME', 'LOC_BUILDING_PALACE_CLAN_OF_EMBERS_DESCRIPTION', NULL),
('BUILDING_PALACE_DOVIELLO', 'ADVISOR_GENERIC', 'NONE', '1', '160', '0', '1', NULL, '-1', 'DISTRICT_CITY_CENTER', 'LOC_BUILDING_PALACE_DOVIELLO_NAME', 'LOC_BUILDING_PALACE_DOVIELLO_DESCRIPTION', NULL),
('BUILDING_PALACE_ELOHIM', 'ADVISOR_GENERIC', 'NONE', '1', '160', '0', '1', NULL, '-1', 'DISTRICT_CITY_CENTER', 'LOC_BUILDING_PALACE_ELOHIM_NAME', 'LOC_BUILDING_PALACE_ELOHIM_DESCRIPTION', NULL),
('BUILDING_PALACE_GRIGORI', 'ADVISOR_GENERIC', 'NONE', '1', '160', '0', '1', NULL, '-1', 'DISTRICT_CITY_CENTER', 'LOC_BUILDING_PALACE_GRIGORI_NAME', 'LOC_BUILDING_PALACE_GRIGORI_DESCRIPTION', NULL),
('BUILDING_PALACE_HIPPUS', 'ADVISOR_GENERIC', 'NONE', '1', '160', '0', '1', NULL, '-1', 'DISTRICT_CITY_CENTER', 'LOC_BUILDING_PALACE_HIPPUS_NAME', 'LOC_BUILDING_PALACE_HIPPUS_DESCRIPTION', NULL),
('BUILDING_PALACE_ILLIANS', 'ADVISOR_GENERIC', 'NONE', '1', '160', '0', '1', NULL, '-1', 'DISTRICT_CITY_CENTER', 'LOC_BUILDING_PALACE_ILLIANS_NAME', 'LOC_BUILDING_PALACE_ILLIANS_DESCRIPTION', NULL),
('BUILDING_PALACE_INFERNAL', 'ADVISOR_GENERIC', 'NONE', '1', '160', '0', '1', NULL, '-1', 'DISTRICT_CITY_CENTER', 'LOC_BUILDING_PALACE_INFERNAL_NAME', 'LOC_BUILDING_PALACE_INFERNAL_DESCRIPTION', NULL),
('BUILDING_PALACE_KHAZAD', 'ADVISOR_GENERIC', 'NONE', '1', '160', '0', '1', NULL, '-1', 'DISTRICT_CITY_CENTER', 'LOC_BUILDING_PALACE_KHAZAD_NAME', 'LOC_BUILDING_PALACE_KHAZAD_DESCRIPTION', NULL),
('BUILDING_PALACE_KURIOTATES', 'ADVISOR_GENERIC', 'NONE', '1', '160', '0', '1', NULL, '-1', 'DISTRICT_CITY_CENTER', 'LOC_BUILDING_PALACE_KURIOTATES_NAME', 'LOC_BUILDING_PALACE_KURIOTATES_DESCRIPTION', NULL),
('BUILDING_PALACE_LANUN', 'ADVISOR_GENERIC', 'NONE', '1', '160', '0', '1', NULL, '-1', 'DISTRICT_CITY_CENTER', 'LOC_BUILDING_PALACE_LANUN_NAME', 'LOC_BUILDING_PALACE_LANUN_DESCRIPTION', NULL),
('BUILDING_PALACE_LJOSALFAR', 'ADVISOR_GENERIC', 'NONE', '1', '160', '0', '1', NULL, '-1', 'DISTRICT_CITY_CENTER', 'LOC_BUILDING_PALACE_LJOSALFAR_NAME', 'LOC_BUILDING_PALACE_LJOSALFAR_DESCRIPTION', NULL),
('BUILDING_PALACE_LUCHUIRP', 'ADVISOR_GENERIC', 'NONE', '1', '160', '0', '1', NULL, '-1', 'DISTRICT_CITY_CENTER', 'LOC_BUILDING_PALACE_LUCHUIRP_NAME', 'LOC_BUILDING_PALACE_LUCHUIRP_DESCRIPTION', NULL),
('BUILDING_PALACE_MALAKIM', 'ADVISOR_GENERIC', 'NONE', '1', '160', '0', '1', NULL, '-1', 'DISTRICT_CITY_CENTER', 'LOC_BUILDING_PALACE_MALAKIM_NAME', 'LOC_BUILDING_PALACE_MALAKIM_DESCRIPTION', NULL),
('BUILDING_PALACE_MERCURIANS', 'ADVISOR_GENERIC', 'NONE', '1', '160', '0', '1', NULL, '-1', 'DISTRICT_CITY_CENTER', 'LOC_BUILDING_PALACE_MERCURIANS_NAME', 'LOC_BUILDING_PALACE_MERCURIANS_DESCRIPTION', NULL),
('BUILDING_PALACE_SHEAIM', 'ADVISOR_GENERIC', 'NONE', '1', '160', '0', '1', NULL, '-1', 'DISTRICT_CITY_CENTER', 'LOC_BUILDING_PALACE_SHEAIM_NAME', 'LOC_BUILDING_PALACE_SHEAIM_DESCRIPTION', NULL),
('BUILDING_PALACE_SIDAR', 'ADVISOR_GENERIC', 'NONE', '1', '160', '0', '1', NULL, '-1', 'DISTRICT_CITY_CENTER', 'LOC_BUILDING_PALACE_SIDAR_NAME', 'LOC_BUILDING_PALACE_SIDAR_DESCRIPTION', NULL),
('BUILDING_PALACE_SVARTALFAR', 'ADVISOR_GENERIC', 'NONE', '1', '160', '0', '1', NULL, '-1', 'DISTRICT_CITY_CENTER', 'LOC_BUILDING_PALACE_SVARTALFAR_NAME', 'LOC_BUILDING_PALACE_SVARTALFAR_DESCRIPTION', NULL),
('BUILDING_PALISADE', 'ADVISOR_CONQUEST', 'NONE', '-1', '40', '0', '0', NULL, '-1', 'DISTRICT_CITY_CENTER', 'LOC_BUILDING_PALISADE_NAME', 'LOC_BUILDING_PALISADE_DESCRIPTION', NULL),
('BUILDING_PILLAR_OF_CHAINS', 'ADVISOR_GENERIC', NULL, '-1', '500', '0', '0', NULL, '-1', 'DISTRICT_CITY_CENTER', 'LOC_BUILDING_PILLAR_OF_CHAINS_NAME', 'LOC_BUILDING_PILLAR_OF_CHAINS_DESCRIPTION', 'CIVIC_TAXATION'),
('BUILDING_PROPHECY_OF_RAGNAROK', 'ADVISOR_RELIGIOUS', NULL, '-1', '500', '0', '0', '1', '-1', 'DISTRICT_HOLY_SITE', 'LOC_BUILDING_PROPHECY_OF_RAGNAROK_NAME', 'LOC_BUILDING_PROPHECY_OF_RAGNAROK_DESCRIPTION', 'CIVIC_WAY_OF_THE_WICKED'),
('BUILDING_PUBLIC_BATHS', 'ADVISOR_GENERIC', 'TECH_SANITATION', '-1', '150', '-1', '3', NULL, '-1', 'DISTRICT_CITY_CENTER', 'LOC_BUILDING_PUBLIC_BATHS_NAME', 'LOC_BUILDING_PUBLIC_BATHS_DESCRIPTION', NULL),
('BUILDING_RIDE_OF_THE_NINE_KINGS', 'ADVISOR_CONQUEST', 'TECH_WARHORSES', '-1', '600', '0', '0', NULL, '-1', 'DISTRICT_CITY_CENTER', 'LOC_BUILDING_RIDE_OF_THE_NINE_KINGS_NAME', 'LOC_BUILDING_RIDE_OF_THE_NINE_KINGS_DESCRIPTION', NULL),
('BUILDING_SHIPYARD', 'ADVISOR_CONQUEST', 'TECH_IRON_WORKING', '-1', '200', '0', '0', NULL, '-1', 'DISTRICT_CITY_CENTER', 'LOC_BUILDING_SHIPYARD_NAME', 'LOC_BUILDING_SHIPYARD_DESCRIPTION', NULL),
('BUILDING_SHRINE_OF_SIRONA', 'ADVISOR_RELIGIOUS', 'TECH_DIVINATION', '-1', '500', '0', '0', NULL, '-1', 'DISTRICT_CITY_CENTER', 'LOC_BUILDING_SHRINE_OF_SIRONA_NAME', 'LOC_BUILDING_SHRINE_OF_SIRONA_DESCRIPTION', NULL),
('BUILDING_SHRINE_OF_THE_CHAMPION', 'ADVISOR_CONQUEST', 'NONE', '-1', '250', '0', '0', NULL, '-1', 'DISTRICT_CITY_CENTER', 'LOC_BUILDING_SHRINE_OF_THE_CHAMPION_NAME', 'LOC_BUILDING_SHRINE_OF_THE_CHAMPION_DESCRIPTION', NULL),
('BUILDING_SIEGE_WORKSHOP', 'ADVISOR_CONQUEST', 'TECH_CONSTRUCTION', '-1', '120', '0', '0', NULL, '-1', 'DISTRICT_CITY_CENTER', 'LOC_BUILDING_SIEGE_WORKSHOP_NAME', 'LOC_BUILDING_SIEGE_WORKSHOP_DESCRIPTION', NULL),
('BUILDING_SMOKEHOUSE', 'ADVISOR_GENERIC', 'TECH_ANIMAL_HUSBANDRY', '-1', '120', '0', '0', NULL, '-1', 'DISTRICT_CITY_CENTER', 'LOC_BUILDING_SMOKEHOUSE_NAME', 'LOC_BUILDING_SMOKEHOUSE_DESCRIPTION', NULL),
('BUILDING_SMUGGLERS_PORT', 'ADVISOR_GENERIC', 'NONE', '-1', '120', '0', '0', '1', '-1', 'DISTRICT_COMMERCIAL_HUB', 'LOC_BUILDING_SMUGGLERS_PORT_NAME', 'LOC_BUILDING_SMUGGLERS_PORT_DESCRIPTION', NULL),
('BUILDING_SOUL_FORGE', 'ADVISOR_GENERIC', NULL, '-1', '600', '-2', '0', NULL, '-1', 'DISTRICT_CITY_CENTER', 'LOC_BUILDING_SOUL_FORGE_NAME', 'LOC_BUILDING_SOUL_FORGE_DESCRIPTION', 'CIVIC_MALEVOLENT_DESIGNS'),
('BUILDING_STABLE', 'ADVISOR_CONQUEST', 'TECH_HORSEBACK_RIDING', '-1', '100', '0', '0', NULL, '-1', 'DISTRICT_CITY_CENTER', 'LOC_BUILDING_STABLE_NAME', 'LOC_BUILDING_STABLE_DESCRIPTION', NULL),
('BUILDING_SYLIVENS_PERFECT_LYRE', 'ADVISOR_CULTURE', NULL, '-1', '900', '0', '0', NULL, '-1', 'DISTRICT_CITY_CENTER', 'LOC_BUILDING_SYLIVENS_PERFECT_LYRE_NAME', 'LOC_BUILDING_SYLIVENS_PERFECT_LYRE_DESCRIPTION', 'CIVIC_DRAMA'),
('BUILDING_TAVERN', 'ADVISOR_GENERIC', NULL, '-1', '250', '0', '0', NULL, '-1', 'DISTRICT_CITY_CENTER', 'LOC_BUILDING_TAVERN_NAME', 'LOC_BUILDING_TAVERN_DESCRIPTION', 'CIVIC_MERCANTILISM'),
('BUILDING_TAVERN_GRIGORI', 'ADVISOR_GENERIC', NULL, '-1', '250', '0', '0', NULL, '-1', 'DISTRICT_CITY_CENTER', 'LOC_BUILDING_TAVERN_GRIGORI_NAME', 'LOC_BUILDING_TAVERN_GRIGORI_DESCRIPTION', 'CIVIC_MERCANTILISM'),
('BUILDING_TAX_OFFICE', 'ADVISOR_GENERIC', NULL, '-1', '200', '0', '-1', NULL, '-1', 'DISTRICT_CITY_CENTER', 'LOC_BUILDING_TAX_OFFICE_NAME', 'LOC_BUILDING_TAX_OFFICE_DESCRIPTION', 'CIVIC_TAXATION'),
('BUILDING_TEMPLE_OF_KILMORPH', 'ADVISOR_RELIGIOUS', NULL, '-1', '120', '0', '0', '1', '-1', 'DISTRICTS_HOLY_SITE', 'LOC_BUILDING_TEMPLE_OF_KILMORPH_NAME', 'LOC_BUILDING_TEMPLE_OF_KILMORPH_DESCRIPTION', 'CIVIC_WAY_OF_THE_EARTHMOTHER'),
('BUILDING_TEMPLE_OF_LEAVES', 'ADVISOR_RELIGIOUS', NULL, '-1', '120', '1', '0', '1', '-1', 'DISTRICTS_HOLY_SITE', 'LOC_BUILDING_TEMPLE_OF_LEAVES_NAME', 'LOC_BUILDING_TEMPLE_OF_LEAVES_DESCRIPTION', 'CIVIC_WAY_OF_THE_FORESTS'),
('BUILDING_TEMPLE_OF_TEMPORENCE', 'ADVISOR_GENERIC', NULL, '-1', '650', '0', '0', NULL, '-1', 'DISTRICT_CITY_CENTER', 'LOC_BUILDING_TEMPLE_OF_TEMPORENCE_NAME', 'LOC_BUILDING_TEMPLE_OF_TEMPORENCE_DESCRIPTION', 'CIVIC_RELIGIOUS_LAW'),
('BUILDING_TEMPLE_OF_THE_EMPYREAN', 'ADVISOR_RELIGIOUS', NULL, '-1', '120', '0', '0', '2', '-1', 'DISTRICT_HOLY_SITE', 'LOC_BUILDING_TEMPLE_OF_THE_EMPYREAN_NAME', 'LOC_BUILDING_TEMPLE_OF_THE_EMPYREAN_DESCRIPTION', 'CIVIC_HONOR'),
('BUILDING_TEMPLE_OF_THE_ORDER', 'ADVISOR_RELIGIOUS', NULL, '-1', '120', '0', '0', '2', '-1', 'DISTRICT_HOLY_SITE', 'LOC_BUILDING_TEMPLE_OF_THE_ORDER_NAME', 'LOC_BUILDING_TEMPLE_OF_THE_ORDER_DESCRIPTION', 'CIVIC_ORDERS_FROM_HEAVEN'),
('BUILDING_TEMPLE_OF_THE_OVERLORDS', 'ADVISOR_RELIGIOUS', NULL, '-1', '120', '0', '0', '1', '-1', 'DISTRICTS_HOLY_SITE', 'LOC_BUILDING_TEMPLE_OF_THE_OVERLORDS_NAME', 'LOC_BUILDING_TEMPLE_OF_THE_OVERLORDS_DESCRIPTION', 'CIVIC_MESSAGE_FROM_THE_DEEP'),
('BUILDING_TEMPLE_OF_THE_VEIL', 'ADVISOR_RELIGIOUS', NULL, '-1', '120', '0', '0', '1', '-1', 'DISTRICTS_HOLY_SITE', 'LOC_BUILDING_TEMPLE_OF_THE_VEIL_NAME', 'LOC_BUILDING_TEMPLE_OF_THE_VEIL_DESCRIPTION', 'CIVIC_CORRUPTION_OF_SPIRIT'),
('BUILDING_THE_NEXUS', 'ADVISOR_CONQUEST', 'TECH_PASS_THROUGH_THE_ETHER', '-1', '600', '0', '0', NULL, '-1', 'DISTRICT_CITY_CENTER', 'LOC_BUILDING_THE_NEXUS_NAME', 'LOC_BUILDING_THE_NEXUS_DESCRIPTION', NULL),
('BUILDING_THEATRE', 'ADVISOR_CULTURE', NULL, '-1', '250', '0', '0', '1', '-1', 'DISTRICT_THEATER', 'LOC_BUILDING_THEATRE_NAME', 'LOC_BUILDING_THEATRE_DESCRIPTION', 'CIVIC_DRAMA'),
('BUILDING_THEATRE_OF_DREAMS', 'ADVISOR_CULTURE', NULL, '-1', '500', '0', '1', '2', '-1', 'DISTRICT_THEATER', 'LOC_BUILDING_THEATRE_OF_DREAMS_NAME', 'LOC_BUILDING_THEATRE_OF_DREAMS_DESCRIPTION', 'CIVIC_DRAMA'),
('BUILDING_TOWER_OF_ALTERATION', 'ADVISOR_TECHNOLOGY', 'TECH_ALTERATION', '-1', '800', '0', '0', NULL, '-1', 'DISTRICT_CITY_CENTER', 'LOC_BUILDING_TOWER_OF_ALTERATION_NAME', 'LOC_BUILDING_TOWER_OF_ALTERATION_DESCRIPTION', NULL),
('BUILDING_TOWER_OF_COMPLACENCY', 'ADVISOR_GENERIC', NULL, '-1', '750', '0', '0', NULL, '-1', 'DISTRICT_CITY_CENTER', 'LOC_BUILDING_TOWER_OF_COMPLACENCY_NAME', 'LOC_BUILDING_TOWER_OF_COMPLACENCY_DESCRIPTION', 'CIVIC_MIND_STAPLING'),
('BUILDING_TOWER_OF_DIVINATION', 'ADVISOR_TECHNOLOGY', 'TECH_DIVINATION', '-1', '800', '0', '0', NULL, '-1', 'DISTRICT_CITY_CENTER', 'LOC_BUILDING_TOWER_OF_DIVINATION_NAME', 'LOC_BUILDING_TOWER_OF_DIVINATION_DESCRIPTION', NULL),
('BUILDING_TOWER_OF_EYES', 'ADVISOR_CONQUEST', 'TECH_OPTICS', '-1', '700', '0', '0', NULL, '-1', 'DISTRICT_CITY_CENTER', 'LOC_BUILDING_TOWER_OF_EYES_NAME', 'LOC_BUILDING_TOWER_OF_EYES_DESCRIPTION', NULL),
('BUILDING_TOWER_OF_MASTERY', 'ADVISOR_TECHNOLOGY', 'TECH_STRENGTH_OF_WILL', '-1', '4000', '0', '0', NULL, '-1', 'DISTRICT_CITY_CENTER', 'LOC_BUILDING_TOWER_OF_MASTERY_NAME', 'LOC_BUILDING_TOWER_OF_MASTERY_DESCRIPTION', NULL),
('BUILDING_TOWER_OF_NECROMANCY', 'ADVISOR_TECHNOLOGY', 'TECH_NECROMANCY', '-1', '800', '0', '0', NULL, '-1', 'DISTRICT_CITY_CENTER', 'LOC_BUILDING_TOWER_OF_NECROMANCY_NAME', 'LOC_BUILDING_TOWER_OF_NECROMANCY_DESCRIPTION', NULL),
('BUILDING_TOWER_OF_THE_ELEMENTS', 'ADVISOR_TECHNOLOGY', 'TECH_ELEMENTALISM', '-1', '800', '0', '0', NULL, '-1', 'DISTRICT_CITY_CENTER', 'LOC_BUILDING_TOWER_OF_THE_ELEMENTS_NAME', 'LOC_BUILDING_TOWER_OF_THE_ELEMENTS_DESCRIPTION', NULL),
('BUILDING_ARENA', 'ADVISOR_CONQUEST', 'TECH_BRONZE_WORKING', '-1', '100', '0', '0', NULL, '-1', 'DISTRICT_CITY_CENTER', 'LOC_BUILDING_ARENA_NAME', 'LOC_BUILDING_ARENA_DESCRIPTION', NULL),
('BUILDING_SCULPTORS_STUDIO', 'ADVISOR_CONQUEST', 'TECH_CONSTRUCTION', '-1', '90', '0', '0', NULL, '-1', 'DISTRICT_CITY_CENTER', 'LOC_BUILDING_SCULPTORS_STUDIO_NAME', 'LOC_BUILDING_SCULPTORS_STUDIO_DESCRIPTION', NULL),
('BUILDING_TRAINING_YARD', 'ADVISOR_CONQUEST', 'TECH_BRONZE_WORKING', '-1', '100', '0', '0', NULL, '-1', 'DISTRICT_CITY_CENTER', 'LOC_BUILDING_TRAINING_YARD_NAME', 'LOC_BUILDING_TRAINING_YARD_DESCRIPTION', NULL),
('BUILDING_WALLS', 'ADVISOR_CONQUEST', 'TECH_MASONRY', '-1', '120', '0', '0', NULL, '-1', 'DISTRICT_CITY_CENTER', 'LOC_BUILDING_WALLS_NAME', 'LOC_BUILDING_WALLS_DESCRIPTION', NULL),
('BUILDING_WINTER_PALACE', 'ADVISOR_GENERIC', NULL, '-1', '800', '0', '0', NULL, '-1', 'DISTRICT_CITY_CENTER', 'LOC_BUILDING_WINTER_PALACE_NAME', 'LOC_BUILDING_WINTER_PALACE_DESCRIPTION', 'CIVIC_CODE_OF_LAWS');
INSERT INTO TechnologyPrereqs(Technology, PrereqTech)
VALUES
('TECH_ALTERATION',	'TECH_KNOWLEDGE_OF_THE_ETHER'),
('TECH_ANIMAL_HANDLING', 'TECH_HUNTING'),
('TECH_ANIMAL_HANDLING', 'TECH_ANIMAL_HUSBANDRY'),
('TECH_ANIMAL_HUSBANDRY', 'TECH_AGRICULTURE'),
('TECH_ANIMAL_MASTERY', 'TECH_IRON_WORKING'),
('TECH_ARCANE_LORE', 'TECH_SORCERY'),
('TECH_ARCHERY', 'TECH_HUNTING'),
('TECH_ARCHERY', 'TECH_MINING'),
('TECH_ASTRONOMY', 'TECH_OPTICS'),
('TECH_ASTRONOMY', 'TECH_MATHEMATICS'),
('TECH_BLASTING_POWDER', 'TECH_IRON_WORKING'),
('TECH_BLASTING_POWDER', 'TECH_ENGINEERING'),
('TECH_BOWYERS', 'TECH_BRONZE_WORKING'),
('TECH_BOWYERS', 'TECH_ARCHERY'),
('TECH_CALENDAR', 'TECH_AGRICULTURE'),
('TECH_CARTOGRAPHY', 'TECH_EXPLORATION'),
('TECH_DIVINATION', 'TECH_KNOWLEDGE_OF_THE_ETHER'),
('TECH_ELEMENTALISM', 'TECH_KNOWLEDGE_OF_THE_ETHER'),
('TECH_ENGINEERING', 'TECH_CONSTRUCTION'),
('TECH_ENGINEERING', 'TECH_MATHEMATICS'),
('TECH_FISHING', 'TECH_EXPLORATION'),
('TECH_FUTURE_TECH', 'TECH_OMNISCIENCE'),
('TECH_HUNTING', 'TECH_EXPLORATION'),
('TECH_HORSEBACK_RIDING', 'TECH_ANIMAL_HUSBANDRY'),
('TECH_IRON_WORKING', 'TECH_SMELTING'),
('TECH_MACHINERY', 'TECH_BOWYERS'),
('TECH_MASONRY', 'TECH_CRAFTING'),
('TECH_MATHEMATICS', 'TECH_WRITING'),
('TECH_MEDICINE', 'TECH_SANITATION'),
('TECH_MINING', 'TECH_CRAFTING'),
('TECH_MITHRIL_WEAPONS', 'TECH_MITHRIL_WORKING'),
('TECH_MITHRIL_WORKING', 'TECH_ENGINEERING'),
('TECH_MITHRIL_WORKING', 'TECH_IRON_WORKING'),
('TECH_NECROMANCY', 'TECH_KNOWLEDGE_OF_THE_ETHER'),
('TECH_OMNISCIENCE', 'TECH_STRENGTH_OF_WILL'),
('TECH_OMNISCIENCE', 'TECH_PASS_THROUGH_THE_ETHER'),
('TECH_OPTICS', 'TECH_SAILING'),
('TECH_PASS_THROUGH_THE_ETHER', 'TECH_ARCANE_LORE'),
('TECH_POISONS', 'TECH_HUNTING'),
('TECH_PRECISION', 'TECH_BOWYERS'),
('TECH_SAILING', 'TECH_FISHING'),
('TECH_SANITATION', 'TECH_CONSTRUCTION'),
('TECH_SANITATION', 'TECH_BRONZE_WORKING'),
('TECH_SMELTING', 'TECH_BRONZE_WORKING'),
('TECH_SORCERY', 'TECH_WRITING'),
('TECH_SORCERY', 'TECH_ALTERATION'),
('TECH_SORCERY', 'TECH_DIVINATION'),
('TECH_SORCERY', 'TECH_ELEMENTALISM'),
('TECH_SORCERY', 'TECH_NECROMANCY'),
('TECH_STIRRUPS', 'TECH_ARCHERY'),
('TECH_STRENGTH_OF_WILL', 'TECH_ARCANE_LORE'),
('TECH_TRADE', 'TECH_WRITING'),
('TECH_TRADE', 'TECH_HORSEBACK_RIDING'),
('TECH_TRADE', 'TECH_SAILING'),
('TECH_WARHORSES', 'TECH_HORSEBACK_RIDING'),
('TECH_WARHORSES', 'TECH_IRON_WORKING'),
('TECH_ASTROLOGY', 'TECH_FUTURE_TECH'),
('TECH_POTTERY', 'TECH_FUTURE_TECH');
INSERT INTO CivicPrereqs(Civic, PrereqCivic)
VALUES
('CIVIC_EDUCATION', 'CIVIC_ANCIENT_CHANTS'),
('CIVIC_WARFARE', 'CIVIC_EDUCATION'),
('CIVIC_MILITARY_STRATEGY', 'CIVIC_WARFARE'),
('CIVIC_MILITARY_STRATEGY', 'CIVIC_PHILOSOPHY'),
('CIVIC_DRAMA', 'CIVIC_FESTIVALS'),
('CIVIC_DRAMA', 'CIVIC_EDUCATION'),
('CIVIC_CODE_OF_LAWS', 'CIVIC_EDUCATION'),
('CIVIC_CURRENCY', 'CIVIC_CODE_OF_LAWS'),
('CIVIC_TAXATION', 'CIVIC_CURRENCY'),
('CIVIC_GUILDS', 'CIVIC_TAXATION'),
('CIVIC_MERCANTILISM', 'CIVIC_TAXATION'),
('CIVIC_MYSTICISM', 'CIVIC_ANCIENT_CHANTS'),
('CIVIC_PHILOSOPHY', 'CIVIC_MYSTICISM'),
('CIVIC_WAY_OF_THE_WISE', 'CIVIC_PHILOSOPHY'),
('CIVIC_WAY_OF_THE_WICKED', 'CIVIC_PHILOSOPHY'),
('CIVIC_PRIESTHOOD', 'CIVIC_PHILOSOPHY'),
('CIVIC_PRIESTHOOD', 'CIVIC_EDUCATION'),
('CIVIC_FANATICISM', 'CIVIC_PRIESTHOOD'),
('CIVIC_FANATICISM', 'CIVIC_CODE_OF_LAWS'),
('CIVIC_RIGHTEOUSNESS', 'CIVIC_FANATICISM'),
('CIVIC_RIGHTEOUSNESS', 'CIVIC_WAY_OF_THE_WISE'),
('CIVIC_MALEVOLENT_DESIGNS', 'CIVIC_FANATICISM'),
('CIVIC_MALEVOLENT_DESIGNS', 'CIVIC_WAY_OF_THE_WICKED'),
('CIVIC_RAGE', 'CIVIC_FANATICISM'),
('CIVIC_RELIGIOUS_LAW', 'CIVIC_PRIESTHOOD'),
('CIVIC_RELIGIOUS_LAW', 'CIVIC_CODE_OF_LAWS'),
('CIVIC_THEOLOGY', 'CIVIC_RELIGIOUS_LAW'),
('CIVIC_DIVINE_ESSENCE', 'CIVIC_THEOLOGY'),
('CIVIC_COMMUNE_WITH_NATURE', 'CIVIC_FERAL_BOND'),
('CIVIC_COMMUNE_WITH_NATURE', 'CIVIC_PRIESTHOOD'),
('CIVIC_FEUDALISM', 'CIVIC_CODE_OF_LAWS'),
('CIVIC_WAY_OF_THE_EARTHMOTHER', 'CIVIC_MYSTICISM'),
('CIVIC_ARETE', 'CIVIC_WAY_OF_THE_EARTHMOTHER'),
('CIVIC_WAY_OF_THE_FORESTS', 'CIVIC_MYSTICISM'),
('CIVIC_HIDDEN_PATHS', 'CIVIC_WAY_OF_THE_FORESTS'),
('CIVIC_MESSAGE_FROM_THE_DEEP', 'CIVIC_MYSTICISM'),
('CIVIC_MIND_STAPLING', 'CIVIC_MESSAGE_FROM_THE_DEEP'),
('CIVIC_DECEPTION', 'CIVIC_WAY_OF_THE_WICKED'),
('CIVIC_HONOR', 'CIVIC_WAY_OF_THE_WISE'),
('CIVIC_ORDERS_FROM_HEAVEN', 'CIVIC_CODE_OF_LAWS'),
('CIVIC_ORDERS_FROM_HEAVEN', 'CIVIC_WAY_OF_THE_WISE'),
('CIVIC_CORRUPTION_OF_SPIRIT', 'CIVIC_WAY_OF_THE_WICKED');
UPDATE Improvement_ValidBuildUnits SET UnitType = 'UNIT_BUILDER' WHERE UnitType = 'UNIT_MILITARY_ENGINEER';
UPDATE Route_ValidBuildUnits SET UnitType = 'UNIT_BUILDER' WHERE UnitType = 'UNIT_MILITARY_ENGINEER';
UPDATE Building_BuildChargeProductions SET UnitType = 'UNIT_BUILDER' WHERE UnitType = 'UNIT_MILITARY_ENGINEER';
UPDATE District_BuildChargeProductions SET UnitType = 'UNIT_BUILDER' WHERE UnitType = 'UNIT_MILITARY_ENGINEER';
UPDATE Boosts SET Unit1Type = NULL WHERE Unit1Type NOT IN ('UNIT_SETTLER', 'UNIT_BUILDER', 'UNIT_TRADER', 'UNIT_GREAT_GENERAL', 'UNIT_GREAT_ENGINEER', 'UNIT_GREAT_MERCHANT', 'UNIT_GREAT_PROPHET', 'UNIT_GREAT_SCIENTIST', 'UNIT_GREAT_ARTIST', 'UNIT_SCOUT', 'UNIT_WARRIOR', 'UNIT_ARCHER', 'UNIT_GALLEY', 'UNIT_HORSEMAN', 'UNIT_CROSSBOWMAN', 'UNIT_CATAPULT', 'UNIT_SWORDSMAN', 'UNIT_KNIGHT', 'UNIT_RANGER', 'UNIT_FRIGATE', 'UNIT_CARAVEL', 'UNIT_PRIVATEER', 'UNIT_TREBUCHET', 'UNIT_GREAT_ADMIRAL', 'UNIT_GREAT_WRITER', 'UNIT_GREAT_MUSICIAN');
UPDATE UnitUpgrades SET UpgradeUnit = 'UNIT_AXEMAN' WHERE Unit LIKE 'UNIT_WARRIOR';
UPDATE UnitUpgrades SET UpgradeUnit = 'UNIT_LONGBOWMAN' WHERE Unit LIKE 'UNIT_ARCHER';
UPDATE UnitUpgrades SET UpgradeUnit = 'UNIT_CHARIOT' WHERE Unit LIKE 'UNIT_HORSEMAN';
UPDATE UnitUpgrades SET UpgradeUnit = 'UNIT_HUNTER' WHERE Unit LIKE 'UNIT_SCOUT';
UPDATE UnitUpgrades SET UpgradeUnit = 'UNIT_BEASTMASTER' WHERE Unit LIKE 'UNIT_RANGER';
UPDATE UnitUpgrades SET UpgradeUnit = 'UNIT_CANNON' WHERE Unit LIKE 'UNIT_CATAPULT';
UPDATE UnitUpgrades SET UpgradeUnit = 'UNIT_CARAVEL' WHERE Unit LIKE 'UNIT_GALLEY';
UPDATE UnitUpgrades SET UpgradeUnit = 'UNIT_GALLEON' WHERE Unit LIKE 'UNIT_CARAVEL';
UPDATE UnitUpgrades SET UpgradeUnit = 'UNIT_MAN_O_WAR' WHERE Unit LIKE 'UNIT_FRIGATE';
UPDATE RandomAgendaCivicTags SET CivicType = 'CIVIC_FEUDALISM' WHERE CivicType = 'CIVIC_NATIONALISM';
INSERT INTO Traits(TraitType, Name, Description, InternalOnly) VALUES
('TRAIT_CIVILIZATION_UNIT_CHANTER', 'LOC_TRAIT_CIVILIZATION_UNIT_CHANTER_NAME', NULL, 0),
('TRAIT_CIVILIZATION_UNIT_GOVANNON', 'LOC_TRAIT_CIVILIZATION_UNIT_GOVANNON_NAME', NULL, 0),
('TRAIT_CIVILIZATION_UNIT_FIREBOW', 'LOC_TRAIT_CIVILIZATION_UNIT_FIREBOW_NAME', NULL, 0),
('TRAIT_CIVILIZATION_UNIT_WIZARD', 'LOC_TRAIT_CIVILIZATION_UNIT_WIZARD_NAME', NULL, 0),
('TRAIT_CIVILIZATION_UNIT_MOROI', 'LOC_TRAIT_CIVILIZATION_UNIT_MOROI_NAME', NULL, 0),
('TRAIT_CIVILIZATION_UNIT_BRUJAH', 'LOC_TRAIT_CIVILIZATION_UNIT_BRUJAH_NAME', NULL, 0),
('TRAIT_CIVILIZATION_UNIT_VAMPIRE', 'LOC_TRAIT_CIVILIZATION_UNIT_VAMPIRE_NAME', NULL, 0),
('TRAIT_CIVILIZATION_UNIT_VAMPIRE_LORD', 'LOC_TRAIT_CIVILIZATION_UNIT_VAMPIRE_LORD_NAME', NULL, 0),
('TRAIT_CIVILIZATION_UNIT_LOSHA', 'LOC_TRAIT_CIVILIZATION_UNIT_LOSHA_NAME', NULL, 0),
('TRAIT_CIVILIZATION_UNIT_BLOODPET', 'LOC_TRAIT_CIVILIZATION_UNIT_BLOODPET_NAME', NULL, 0),
('TRAIT_CIVILIZATION_UNIT_DWARVEN_SLINGER', 'LOC_TRAIT_CIVILIZATION_UNIT_DWARVEN_SLINGER_NAME', NULL, 0),
('TRAIT_CIVILIZATION_UNIT_WOOD_GOLEM', 'LOC_TRAIT_CIVILIZATION_UNIT_WOOD_GOLEM_NAME', NULL, 0),
('TRAIT_CIVILIZATION_UNIT_BARNAXUS', 'LOC_TRAIT_CIVILIZATION_UNIT_BARNAXUS_NAME', NULL, 0),
('TRAIT_CIVILIZATION_UNIT_IRON_GOLEM', 'LOC_TRAIT_CIVILIZATION_UNIT_IRON_GOLEM_NAME', NULL, 0),
('TRAIT_CIVILIZATION_UNIT_DWARVEN_DRUID', 'LOC_TRAIT_CIVILIZATION_UNIT_DWARVEN_DRUID_NAME', NULL, 0),
('TRAIT_CIVILIZATION_UNIT_BOAR_RIDER', 'LOC_TRAIT_CIVILIZATION_UNIT_BOAR_RIDER_NAME', NULL, 0),
('TRAIT_CIVILIZATION_UNIT_BONE_GOLEM', 'LOC_TRAIT_CIVILIZATION_UNIT_BONE_GOLEM_NAME', NULL, 0),
('TRAIT_CIVILIZATION_UNIT_GARGOYLE', 'LOC_TRAIT_CIVILIZATION_UNIT_GARGOYLE_NAME', NULL, 0),
('TRAIT_CIVILIZATION_UNIT_NULLSTONE_GOLEM', 'LOC_TRAIT_CIVILIZATION_UNIT_NULLSTONE_GOLEM_NAME', NULL, 0),
('TRAIT_CIVILIZATION_UNIT_MUD_GOLEM', 'LOC_TRAIT_CIVILIZATION_UNIT_MUD_GOLEM_NAME', NULL, 0),
('TRAIT_RELIGION_UNIT_HIGH_PRIEST_OF_KILMORPH', 'LOC_TRAIT_RELIGION_UNIT_HIGH_PRIEST_OF_KILMORPH_NAME', NULL, 0),
('TRAIT_RELIGION_UNIT_MITHRIL_GOLEM', 'LOC_TRAIT_RELIGION_UNIT_MITHRIL_GOLEM_NAME', NULL, 0),
('TRAIT_RELIGION_UNIT_PARAMANDER', 'LOC_TRAIT_RELIGION_UNIT_PARAMANDER_NAME', NULL, 0),
('TRAIT_RELIGION_UNIT_PRIEST_OF_KILMORPH', 'LOC_TRAIT_RELIGION_UNIT_PRIEST_OF_KILMORPH_NAME', NULL, 0),
('TRAIT_RELIGION_UNIT_DISCIPLE_OCTOPUS_OVERLORDS', 'LOC_TRAIT_RELIGION_UNIT_DISCIPLE_OCTOPUS_OVERLORDS_NAME', NULL, 0),
('TRAIT_RELIGION_UNIT_DROWN', 'LOC_TRAIT_RELIGION_UNIT_DROWN_NAME', NULL, 0),
('TRAIT_RELIGION_UNIT_HIGH_PRIEST_OF_THE_OVERLORDS', 'LOC_TRAIT_RELIGION_UNIT_HIGH_PRIEST_OF_THE_OVERLORDS_NAME', NULL, 0),
('TRAIT_RELIGION_UNIT_LUNATIC', 'LOC_TRAIT_RELIGION_UNIT_LUNATIC_NAME', NULL, 0),
('TRAIT_RELIGION_UNIT_PRIEST_OF_THE_OVERLORDS', 'LOC_TRAIT_RELIGION_UNIT_PRIEST_OF_THE_OVERLORDS_NAME', NULL, 0),
('TRAIT_RELIGION_UNIT_SAVEROUS', 'LOC_TRAIT_RELIGION_UNIT_SAVEROUS_NAME', NULL, 0),
('TRAIT_RELIGION_UNIT_CRUSADER', 'LOC_TRAIT_RELIGION_UNIT_CRUSADER_NAME', NULL, 0),
('TRAIT_RELIGION_UNIT_DISCIPLE_THE_ORDER', 'LOC_TRAIT_RELIGION_UNIT_DISCIPLE_THE_ORDER_NAME', NULL, 0),
('TRAIT_RELIGION_UNIT_HIGH_PRIEST_OF_THE_ORDER', 'LOC_TRAIT_RELIGION_UNIT_HIGH_PRIEST_OF_THE_ORDER_NAME', NULL, 0),
('TRAIT_RELIGION_UNIT_PRIEST_OF_THE_ORDER', 'LOC_TRAIT_RELIGION_UNIT_PRIEST_OF_THE_ORDER_NAME', NULL, 0),
('TRAIT_RELIGION_UNIT_VALIN', 'LOC_TRAIT_RELIGION_UNIT_VALIN_NAME', NULL, 0);
INSERT INTO Units(UnitType, Name, RangedCombat, Domain, Description, AdvisorType, PrereqTech, Cost, BaseMoves, Combat, Maintenance, TraitType, BaseSightRange, FormationClass, PrereqCivic) VALUES
('UNIT_ADEPT', 'LOC_UNIT_ADEPT_NAME', '3', 'DOMAIN_LAND', 'LOC_UNIT_ADEPT_DESCRIPTION', 'ADVISOR_CONQUEST', 'TECH_KNOWLEDGE_OF_THE_ETHER', '90', '1', '3', '1', NULL, '2', 'FORMATION_CLASS_LAND_COMBAT', NULL),
('UNIT_ARCANE_BARGE', 'LOC_UNIT_ARCANE_BARGE_NAME', '0', 'DOMAIN_SEA', 'LOC_UNIT_ARCANE_BARGE_DESCRIPTION', 'ADVISOR_CONQUEST', 'TECH_ASTRONOMY', '250', '3', '8', '1', NULL, '2', 'FORMATION_CLASS_LAND_COMBAT', NULL),
('UNIT_DWARVEN_SLINGER', 'LOC_UNIT_DWARVEN_SLINGER_NAME', '3', 'DOMAIN_LAND', 'LOC_UNIT_DWARVEN_SLINGER_DESCRIPTION', 'ADVISOR_CONQUEST', 'TECH_ARCHERY', '60', '1', '3', '1', 'TRAIT_CIVILIZATION_UNIT_DWARVEN_SLINGER', '2', 'FORMATION_CLASS_LAND_COMBAT', NULL),
('UNIT_ARCHMAGE', 'LOC_UNIT_ARCHMAGE_NAME', '5', 'DOMAIN_LAND', 'LOC_UNIT_ARCHMAGE_DESCRIPTION', 'ADVISOR_CONQUEST', 'TECH_STRENGTH_OF_WILL', '240', '1', '5', '1', NULL, '2', 'FORMATION_CLASS_LAND_COMBAT', NULL),
('UNIT_ARQUEBUS', 'LOC_UNIT_ARQUEBUS_NAME', '10', 'DOMAIN_LAND', 'LOC_UNIT_ARQUEBUS_DESCRIPTION', 'ADVISOR_CONQUEST', 'TECH_BLASTING_POWDER', '180', '1', '10', '1', NULL, '2', 'FORMATION_CLASS_LAND_COMBAT', NULL),
('UNIT_ARTHENDAIN', 'LOC_UNIT_ARTHENDAIN_NAME', '9', 'DOMAIN_LAND', 'LOC_UNIT_ARTHENDAIN_DESCRIPTION', 'ADVISOR_CONQUEST', 'TECH_MEDICINE', '180', '1', '9', '1', NULL, '2', 'FORMATION_CLASS_LAND_COMBAT', NULL),
('UNIT_ASSASSIN', 'LOC_UNIT_ASSASSIN_NAME', '0', 'DOMAIN_LAND', 'LOC_UNIT_ASSASSIN_DESCRIPTION', 'ADVISOR_CONQUEST', 'TECH_POISONS', '120', '2', '5', '1', NULL, '2', 'FORMATION_CLASS_LAND_COMBAT', NULL),
('UNIT_CHANTER', 'LOC_UNIT_CHANTER_NAME', '0', 'DOMAIN_LAND', 'LOC_UNIT_CHANTER_DESCRIPTION', 'ADVISOR_CONQUEST', 'TECH_POISONS', '120', '2', '5', '1', 'TRAIT_CIVILIZATION_UNIT_CHANTER', '2', 'FORMATION_CLASS_LAND_COMBAT', NULL),
('UNIT_AXEMAN', 'LOC_UNIT_AXEMAN_NAME', '0', 'DOMAIN_LAND', 'LOC_UNIT_AXEMAN_DESCRIPTION', 'ADVISOR_CONQUEST', 'TECH_BRONZE_WORKING', '60', '1', '4', '1', NULL, '2', 'FORMATION_CLASS_LAND_COMBAT', NULL),
('UNIT_MOROI', 'LOC_UNIT_MOROI_NAME', '0', 'DOMAIN_LAND', 'LOC_UNIT_MOROI_DESCRIPTION', 'ADVISOR_CONQUEST', 'TECH_BRONZE_WORKING', '60', '1', '4', '1', 'TRAIT_CIVILIZATION_UNIT_MOROI', '2', 'FORMATION_CLASS_LAND_COMBAT', NULL),
('UNIT_WOOD_GOLEM', 'LOC_UNIT_WOOD_GOLEM_NAME', '0', 'DOMAIN_LAND', 'LOC_UNIT_WOOD_GOLEM_DESCRIPTION', 'ADVISOR_CONQUEST', 'TECH_CONSTRUCTION', '90', '1', '6', '1', 'TRAIT_CIVILIZATION_UNIT_WOOD_GOLEM', '2', 'FORMATION_CLASS_LAND_COMBAT', NULL),
('UNIT_BAMBUR', 'LOC_UNIT_BAMBUR_NAME', '0', 'DOMAIN_LAND', 'LOC_UNIT_BAMBUR_DESCRIPTION', 'ADVISOR_CONQUEST', NULL, '180', '1', '5', '1', NULL, '2', 'FORMATION_CLASS_LAND_COMBAT', 'CIVIC_ARETE'),
('UNIT_BARNAXUS', 'LOC_UNIT_BARNAXUS_NAME', '0', 'DOMAIN_LAND', 'LOC_UNIT_BARNAXUS_DESCRIPTION', 'ADVISOR_CONQUEST', 'TECH_CONSTRUCTION', '180', '1', '5', '1', 'TRAIT_CIVILIZATION_UNIT_BARNAXUS', '2', 'FORMATION_CLASS_LAND_COMBAT', NULL),
('UNIT_BEASTMASTER', 'LOC_UNIT_BEASTMASTER_NAME', '0', 'DOMAIN_LAND', 'LOC_UNIT_BEASTMASTER_DESCRIPTION', 'ADVISOR_GENERIC', 'TECH_ANIMAL_MASTERY', '240', '2', '14', '1', NULL, '2', 'FORMATION_CLASS_LAND_COMBAT', NULL),
('UNIT_BERSERKER', 'LOC_UNIT_BERSERKER_NAME', '0', 'DOMAIN_LAND', 'LOC_UNIT_BERSERKER_DESCRIPTION', 'ADVISOR_CONQUEST', NULL, '240', '1', '11', '1', NULL, '2', 'FORMATION_CLASS_LAND_COMBAT', 'CIVIC_RAGE'),
('UNIT_BRUJAH', 'LOC_UNIT_BRUJAH_NAME', '0', 'DOMAIN_LAND', 'LOC_UNIT_BRUJAH_DESCRIPTION', 'ADVISOR_CONQUEST', NULL, '240', '1', '11', '1', 'TRAIT_CIVILIZATION_UNIT_BRUJAH', '2', 'FORMATION_CLASS_LAND_COMBAT', 'CIVIC_RAGE'),
('UNIT_CANNON', 'LOC_UNIT_CANNON_NAME', '8', 'DOMAIN_LAND', 'LOC_UNIT_CANNON_DESCRIPTION', 'ADVISOR_CONQUEST', 'TECH_BLASTING_POWDER', '180', '1', '8', '1', NULL, '2', 'FORMATION_CLASS_LAND_COMBAT', NULL),
('UNIT_CHALID', 'LOC_UNIT_CHALID_NAME', '0', 'DOMAIN_LAND', 'LOC_UNIT_CHALID_DESCRIPTION', 'ADVISOR_CONQUEST', NULL, '300', '2', '7', '1', NULL, '2', 'FORMATION_CLASS_LAND_COMBAT', 'CIVIC_RELIGIOUS_LAW'),
('UNIT_BATTLEMASTER', 'LOC_UNIT_BATTLEMASTER_NAME', '0', 'DOMAIN_LAND', 'LOC_UNIT_BATTLEMASTER_DESCRIPTION', 'ADVISOR_CONQUEST', 'TECH_IRON_WORKING', '150', '1', '6', '1', NULL, '2', 'FORMATION_CLASS_LAND_COMBAT', NULL),
('UNIT_CHAMPION', 'LOC_UNIT_CHAMPION_NAME', '0', 'DOMAIN_LAND', 'LOC_UNIT_CHAMPION_DESCRIPTION', 'ADVISOR_CONQUEST', 'TECH_IRON_WORKING', '120', '1', '6', '1', NULL, '2', 'FORMATION_CLASS_LAND_COMBAT', NULL),
('UNIT_IRON_GOLEM', 'LOC_UNIT_IRON_GOLEM_NAME', '0', 'DOMAIN_LAND', 'LOC_UNIT_IRON_GOLEM_DESCRIPTION', 'ADVISOR_CONQUEST', 'TECH_IRON_WORKING', '180', '1', '10', '1', 'TRAIT_CIVILIZATION_UNIT_IRON_GOLEM', '2', 'FORMATION_CLASS_LAND_COMBAT', NULL),
('UNIT_VAMPIRE', 'LOC_UNIT_VAMPIRE_NAME', '0', 'DOMAIN_LAND', 'LOC_UNIT_VAMPIRE_DESCRIPTION', 'ADVISOR_CONQUEST', NULL, '180', '1', '5', '1', 'TRAIT_CIVILIZATION_UNIT_VAMPIRE', '2', 'FORMATION_CLASS_LAND_COMBAT', 'CIVIC_FEUDALISM'),
('UNIT_CHARIOT', 'LOC_UNIT_CHARIOT_NAME', '0', 'DOMAIN_LAND', 'LOC_UNIT_CHARIOT_DESCRIPTION', 'ADVISOR_CONQUEST', 'TECH_TRADE', '120', '3', '5', '1', NULL, '2', 'FORMATION_CLASS_LAND_COMBAT', NULL),
('UNIT_CRUSADER', 'LOC_UNIT_CRUSADER_NAME', '0', 'DOMAIN_LAND', 'LOC_UNIT_CRUSADER_DESCRIPTION', 'ADVISOR_CONQUEST', NULL, '120', '1', '6', '1', 'TRAIT_RELIGION_UNIT_CRUSADER', '2', 'FORMATION_CLASS_LAND_COMBAT', 'CIVIC_FANATICISM'),
('UNIT_DISCIPLE_OCTOPUS_OVERLORDS', 'LOC_UNIT_DISCIPLE_OCTOPUS_OVERLORDS_NAME', '0', 'DOMAIN_LAND', 'LOC_UNIT_DISCIPLE_OCTOPUS_OVERLORDS_DESCRIPTION', 'ADVISOR_RELIGIOUS', NULL, '60', '1', '3', '1', 'TRAIT_RELIGION_UNIT_DISCIPLE_OCTOPUS_OVERLORDS', '2', 'FORMATION_CLASS_LAND_COMBAT', 'CIVIC_MESSAGE_FROM_THE_DEEP'),
('UNIT_DISCIPLE_RUNES_OF_KILMORPH', 'LOC_UNIT_DISCIPLE_RUNES_OF_KILMORPH_NAME', '0', 'DOMAIN_LAND', 'LOC_UNIT_DISCIPLE_RUNES_OF_KILMORPH_DESCRIPTION', 'ADVISOR_RELIGIOUS', NULL, '60', '1', '3', '1', NULL, '2', 'FORMATION_CLASS_LAND_COMBAT', 'CIVIC_WAY_OF_THE_EARTHMOTHER'),
('UNIT_DISCIPLE_THE_ORDER', 'LOC_UNIT_DISCIPLE_THE_ORDER_NAME', '0', 'DOMAIN_LAND', 'LOC_UNIT_DISCIPLE_THE_ORDER_DESCRIPTION', 'ADVISOR_RELIGIOUS', NULL, '60', '1', '3', '1', 'TRAIT_RELIGION_UNIT_DISCIPLE_THE_ORDER', '2', 'FORMATION_CLASS_LAND_COMBAT', 'CIVIC_ORDERS_FROM_HEAVEN'),
('UNIT_DROWN', 'LOC_UNIT_DROWN_NAME', '0', 'DOMAIN_LAND', 'LOC_UNIT_DROWN_DESCRIPTION', 'ADVISOR_CONQUEST', NULL, '90', '1', '3', '1', 'TRAIT_RELIGION_UNIT_DROWN', '2', 'FORMATION_CLASS_LAND_COMBAT', 'CIVIC_MESSAGE_FROM_THE_DEEP'),
('UNIT_DRUID', 'LOC_UNIT_DRUID_NAME', '0', 'DOMAIN_LAND', 'LOC_UNIT_DRUID_DESCRIPTION', 'ADVISOR_GENERIC', NULL, '240', '2', '8', '1', NULL, '2', 'FORMATION_CLASS_LAND_COMBAT', 'CIVIC_COMMUNE_WITH_NATURE'),
('UNIT_DWARVEN_DRUID', 'LOC_UNIT_DWARVEN_DRUID_NAME', '0', 'DOMAIN_LAND', 'LOC_UNIT_DWARVEN_DRUID_DESCRIPTION', 'ADVISOR_GENERIC', NULL, '240', '2', '8', '1', 'TRAIT_CIVILIZATION_UNIT_DWARVEN_DRUID', '2', 'FORMATION_CLASS_LAND_COMBAT', 'CIVIC_COMMUNE_WITH_NATURE'),
('UNIT_LIZARDMAN_DRUID', 'LOC_UNIT_LIZARDMAN_DRUID_NAME', '0', 'DOMAIN_LAND', 'LOC_UNIT_DRUID_DESCRIPTION', 'ADVISOR_GENERIC', NULL, '240', '2', '8', '1', NULL, '2', 'FORMATION_CLASS_LAND_COMBAT', 'CIVIC_COMMUNE_WITH_NATURE'),
('UNIT_DUIN', 'LOC_UNIT_DUIN_NAME', '0', 'DOMAIN_LAND', 'LOC_UNIT_DUIN_DESCRIPTION', 'ADVISOR_CONQUEST', NULL, '500', '3', '11', '1', NULL, '2', 'FORMATION_CLASS_LAND_COMBAT', 'CIVIC_FERAL_BOND'),
('UNIT_DWARVEN_SOLDIER_RUNES', 'LOC_UNIT_DWARVEN_SOLDIER_RUNES_NAME', '0', 'DOMAIN_LAND', 'LOC_UNIT_SOLDIER_OF_KILMORPH_DESCRIPTION', 'ADVISOR_CONQUEST', NULL, '90', '1', '4', '1', NULL, '2', 'FORMATION_CLASS_LAND_COMBAT', 'CIVIC_WAY_OF_THE_EARTHMOTHER'),
('UNIT_EIDOLON', 'LOC_UNIT_EIDOLON_NAME', '0', 'DOMAIN_LAND', 'LOC_UNIT_EIDOLON_DESCRIPTION', 'ADVISOR_CONQUEST', NULL, '240', '1', '11', '1', NULL, '2', 'FORMATION_CLASS_LAND_COMBAT', 'CIVIC_MALEVOLENT_DESIGNS'),
('UNIT_GALLEON', 'LOC_UNIT_GALLEON_NAME', '0', 'DOMAIN_SEA', 'LOC_UNIT_GALLEON_DESCRIPTION', 'ADVISOR_CONQUEST', 'TECH_ASTRONOMY', '150', '5', '7', '1', NULL, '2', 'FORMATION_CLASS_LAND_COMBAT', NULL),
('UNIT_GILDEN', 'LOC_UNIT_GILDEN_NAME', '5', 'DOMAIN_LAND', 'LOC_UNIT_GILDEN_DESCRIPTION', 'ADVISOR_CONQUEST', 'TECH_ARCHERY', '120', '1', '5', '1', NULL, '2', 'FORMATION_CLASS_LAND_COMBAT', NULL),
('UNIT_GOVANNON', 'LOC_UNIT_GOVANNON_NAME', '5', 'DOMAIN_LAND', 'LOC_UNIT_GOVANNON_DESCRIPTION', 'ADVISOR_CONQUEST', 'TECH_ARCANE_LORE', '480', '1', '5', '1', 'TRAIT_CIVILIZATION_UNIT_GOVANNON', '2', 'FORMATION_CLASS_LAND_COMBAT', NULL),
('UNIT_HAWK', 'LOC_UNIT_HAWK_NAME', '0', 'DOMAIN_AIR', 'LOC_UNIT_HAWK_DESCRIPTION', 'ADVISOR_CONQUEST', 'TECH_HUNTING', '20', '1', '0', '1', NULL, '2', 'FORMATION_CLASS_CIVILIAN', NULL),
('UNIT_HEMAH', 'LOC_UNIT_HEMAH_NAME', '7', 'DOMAIN_LAND', 'LOC_UNIT_HEMAH_DESCRIPTION', 'ADVISOR_CONQUEST', 'TECH_ARCANE_LORE', '180', '1', '7', '1', NULL, '2', 'FORMATION_CLASS_LAND_COMBAT', NULL),
('UNIT_HIGH_PRIEST_OF_KILMORPH', 'LOC_UNIT_HIGH_PRIEST_OF_KILMORPH_NAME', '0', 'DOMAIN_LAND', 'LOC_UNIT_RUNEKEEPER_DESCRIPTION', 'ADVISOR_RELIGIOUS', NULL, '240', '1', '7', '1', 'TRAIT_RELIGION_UNIT_HIGH_PRIEST_OF_KILMORPH', '2', 'FORMATION_CLASS_LAND_COMBAT', 'CIVIC_THEOLOGY'),
('UNIT_HIGH_PRIEST_OF_THE_ORDER', 'LOC_UNIT_HIGH_PRIEST_OF_THE_ORDER_NAME', '0', 'DOMAIN_LAND', 'LOC_UNIT_PRIOR_DESCRIPTION', 'ADVISOR_RELIGIOUS', NULL, '240', '1', '6', '1', 'TRAIT_RELIGION_UNIT_HIGH_PRIEST_OF_THE_ORDER', '2', 'FORMATION_CLASS_LAND_COMBAT', 'CIVIC_THEOLOGY'),
('UNIT_HIGH_PRIEST_OF_THE_OVERLORDS', 'LOC_UNIT_HIGH_PRIEST_OF_THE_OVERLORDS_NAME', '0', 'DOMAIN_LAND', 'LOC_UNIT_SPEAKER_DESCRIPTION', 'ADVISOR_RELIGIOUS', NULL, '240', '1', '7', '1', 'TRAIT_RELIGION_UNIT_HIGH_PRIEST_OF_THE_OVERLORDS', '2', 'FORMATION_CLASS_LAND_COMBAT', 'CIVIC_THEOLOGY'),
('UNIT_HORSE_ARCHER', 'LOC_UNIT_HORSE_ARCHER_NAME', '0', 'DOMAIN_LAND', 'LOC_UNIT_HORSE_ARCHER_DESCRIPTION', 'ADVISOR_CONQUEST', 'TECH_STIRRUPS', '120', '3', '6', '1', NULL, '2', 'FORMATION_CLASS_LAND_COMBAT', NULL),
('UNIT_BOAR_RIDER', 'LOC_UNIT_BOAR_RIDER_NAME', '0', 'DOMAIN_LAND', 'LOC_UNIT_BOAR_RIDER_DESCRIPTION', 'ADVISOR_CONQUEST', 'TECH_HORSEBACK_RIDING', '60', '2', '4', '1', 'TRAIT_CIVILIZATION_UNIT_BOAR_RIDER', '2', 'FORMATION_CLASS_LAND_COMBAT', NULL),
('UNIT_HUNTER', 'LOC_UNIT_HUNTER_NAME', '0', 'DOMAIN_LAND', 'LOC_UNIT_HUNTER_DESCRIPTION', 'ADVISOR_GENERIC', 'TECH_HUNTING', '60', '2', '4', '1', NULL, '2', 'FORMATION_CLASS_LAND_COMBAT', NULL),
('UNIT_BONE_GOLEM', 'LOC_UNIT_BONE_GOLEM_NAME', '0', 'DOMAIN_LAND', 'LOC_UNIT_BONE_GOLEM_DESCRIPTION', 'ADVISOR_CONQUEST', NULL, '360', '1', '13', '1', 'TRAIT_CIVILIZATION_UNIT_BONE_GOLEM', '2', 'FORMATION_CLASS_LAND_COMBAT', 'CIVIC_DIVINE_ESSENCE'),
('UNIT_IMMORTAL', 'LOC_UNIT_IMMORTAL_NAME', '0', 'DOMAIN_LAND', 'LOC_UNIT_IMMORTAL_DESCRIPTION', 'ADVISOR_CONQUEST', NULL, '240', '1', '9', '1', NULL, '2', 'FORMATION_CLASS_LAND_COMBAT', 'CIVIC_DIVINE_ESSENCE'),
('UNIT_VAMPIRE_LORD', 'LOC_UNIT_VAMPIRE_LORD_NAME', '0', 'DOMAIN_LAND', 'LOC_UNIT_VAMPIRE_LORD_DESCRIPTION', 'ADVISOR_CONQUEST', NULL, '240', '1', '9', '1', 'TRAIT_CIVILIZATION_UNIT_VAMPIRE_LORD', '2', 'FORMATION_CLASS_LAND_COMBAT', 'CIVIC_DIVINE_ESSENCE'),
('UNIT_FIREBOW', 'LOC_UNIT_FIREBOW_NAME', '5', 'DOMAIN_LAND', 'LOC_UNIT_FIREBOW_DESCRIPTION', 'ADVISOR_CONQUEST', 'TECH_BOWYERS', '120', '1', '5', '1', 'TRAIT_CIVILIZATION_UNIT_FIREBOW', '2', 'FORMATION_CLASS_LAND_COMBAT', NULL),
('UNIT_GARGOYLE', 'LOC_UNIT_GARGOYLE_NAME', '0', 'DOMAIN_LAND', 'LOC_UNIT_GARGOYLE_DESCRIPTION', 'ADVISOR_CONQUEST', 'TECH_ENGINEERING', '180', '1', '8', '1', 'TRAIT_CIVILIZATION_UNIT_GARGOYLE', '2', 'FORMATION_CLASS_LAND_COMBAT', NULL),
('UNIT_LONGBOWMAN', 'LOC_UNIT_LONGBOWMAN_NAME', '5', 'DOMAIN_LAND', 'LOC_UNIT_LONGBOWMAN_DESCRIPTION', 'ADVISOR_CONQUEST', 'TECH_BOWYERS', '120', '1', '5', '1', NULL, '2', 'FORMATION_CLASS_LAND_COMBAT', NULL),
('UNIT_LOSHA', 'LOC_UNIT_LOSHA_NAME', '0', 'DOMAIN_LAND', 'LOC_UNIT_LOSHA_DESCRIPTION', 'ADVISOR_CONQUEST', NULL, '300', '1', '7', '1', 'TRAIT_CIVILIZATION_UNIT_LOSHA', '2', 'FORMATION_CLASS_LAND_COMBAT', 'CIVIC_FANATICISM'),
('UNIT_LUNATIC', 'LOC_UNIT_LUNATIC_NAME', '0', 'DOMAIN_LAND', 'LOC_UNIT_LUNATIC_DESCRIPTION', 'ADVISOR_CONQUEST', NULL, '90', '1', '7', '1', 'TRAIT_RELIGION_UNIT_LUNATIC', '2', 'FORMATION_CLASS_LAND_COMBAT', 'CIVIC_MIND_STAPLING'),
('UNIT_MAGE', 'LOC_UNIT_MAGE_NAME', '4', 'DOMAIN_LAND', 'LOC_UNIT_MAGE_DESCRIPTION', 'ADVISOR_CONQUEST', 'TECH_SORCERY', '120', '1', '4', '1', NULL, '2', 'FORMATION_CLASS_LAND_COMBAT', NULL),
('UNIT_WIZARD', 'LOC_UNIT_WIZARD_NAME', '4', 'DOMAIN_LAND', 'LOC_UNIT_WIZARD_DESCRIPTION', 'ADVISOR_CONQUEST', 'TECH_SORCERY', '120', '1', '4', '1', 'TRAIT_CIVILIZATION_UNIT_WIZARD', '2', 'FORMATION_CLASS_LAND_COMBAT', NULL),
('UNIT_MAN_O_WAR', 'LOC_UNIT_MAN_O_WAR_NAME', '0', 'DOMAIN_SEA', 'LOC_UNIT_MAN_O_WAR_DESCRIPTION', 'ADVISOR_CONQUEST', 'TECH_BLASTING_POWDER', '225', '5', '13', '1', NULL, '2', 'FORMATION_CLASS_LAND_COMBAT', NULL),
('UNIT_MARDERO', 'LOC_UNIT_MARDERO_NAME', '0', 'DOMAIN_LAND', 'LOC_UNIT_MARDERO_DESCRIPTION', 'ADVISOR_CONQUEST', NULL, '240', '2', '10', '1', NULL, '2', 'FORMATION_CLASS_LAND_COMBAT', 'CIVIC_MALEVOLENT_DESIGNS'),
('UNIT_MARKSMAN', 'LOC_UNIT_MARKSMAN_NAME', '11', 'DOMAIN_LAND', 'LOC_UNIT_MARKSMAN_DESCRIPTION', 'ADVISOR_CONQUEST', 'TECH_PRECISION', '240', '1', '11', '1', NULL, '2', 'FORMATION_CLASS_LAND_COMBAT', NULL),
('UNIT_MITHRIL_GOLEM', 'LOC_UNIT_MITHRIL_GOLEM_NAME', '0', 'DOMAIN_LAND', 'LOC_UNIT_MITHRIL_GOLEM_DESCRIPTION', 'ADVISOR_CONQUEST', 'TECH_MITHRIL_WORKING', '1200', '1', '25', '1', 'TRAIT_RELIGION_UNIT_MITHRIL_GOLEM', '2', 'FORMATION_CLASS_LAND_COMBAT', NULL),
('UNIT_PALADIN', 'LOC_UNIT_PALADIN_NAME', '0', 'DOMAIN_LAND', 'LOC_UNIT_PALADIN_DESCRIPTION', 'ADVISOR_CONQUEST', NULL, '240', '1', '11', '1', NULL, '2', 'FORMATION_CLASS_LAND_COMBAT', 'CIVIC_RIGHTEOUSNESS'),
('UNIT_PARAMANDER', 'LOC_UNIT_PARAMANDER_NAME', '0', 'DOMAIN_LAND', 'LOC_UNIT_PARAMANDER_DESCRIPTION', 'ADVISOR_CONQUEST', NULL, '120', '1', '7', '1', 'TRAIT_RELIGION_UNIT_PARAMANDER', '2', 'FORMATION_CLASS_LAND_COMBAT', 'CIVIC_FANATICISM'),
('UNIT_NULLSTONE_GOLEM', 'LOC_UNIT_NULLSTONE_GOLEM_NAME', '0', 'DOMAIN_LAND', 'LOC_UNIT_NULLSTONE_GOLEM_DESCRIPTION', 'ADVISOR_CONQUEST', 'TECH_MITHRIL_WEAPONS', '240', '1', '13', '1', 'TRAIT_CIVILIZATION_UNIT_NULLSTONE_GOLEM', '2', 'FORMATION_CLASS_LAND_COMBAT', NULL),
('UNIT_PHALANX', 'LOC_UNIT_PHALANX_NAME', '0', 'DOMAIN_LAND', 'LOC_UNIT_PHALANX_DESCRIPTION', 'ADVISOR_CONQUEST', 'TECH_MITHRIL_WEAPONS', '240', '1', '12', '1', NULL, '2', 'FORMATION_CLASS_LAND_COMBAT', NULL),
('UNIT_PRIEST_OF_KILMORPH', 'LOC_UNIT_PRIEST_OF_KILMORPH_NAME', '0', 'DOMAIN_LAND', 'LOC_UNIT_PRIEST_OF_KILMORPH_DESCRIPTION', 'ADVISOR_RELIGIOUS', NULL, '120', '1', '5', '1', 'TRAIT_RELIGION_UNIT_PRIEST_OF_KILMORPH', '2', 'FORMATION_CLASS_LAND_COMBAT', 'CIVIC_PRIESTHOOD'),
('UNIT_PRIEST_OF_THE_ORDER', 'LOC_UNIT_PRIEST_OF_THE_ORDER_NAME', '0', 'DOMAIN_LAND', 'LOC_UNIT_PRIEST_OF_THE_ORDER_DESCRIPTION', 'ADVISOR_RELIGIOUS', NULL, '120', '1', '4', '1', 'TRAIT_RELIGION_UNIT_PRIEST_OF_THE_ORDER', '2', 'FORMATION_CLASS_LAND_COMBAT', 'CIVIC_PRIESTHOOD'),
('UNIT_PRIEST_OF_THE_OVERLORDS', 'LOC_UNIT_PRIEST_OF_THE_OVERLORDS_NAME', '0', 'DOMAIN_LAND', 'LOC_UNIT_PRIEST_OF_THE_OVERLORDS_DESCRIPTION', 'ADVISOR_RELIGIOUS', NULL, '120', '1', '5', '1', 'TRAIT_RELIGION_UNIT_PRIEST_OF_THE_OVERLORDS', '2', 'FORMATION_CLASS_LAND_COMBAT', 'CIVIC_PRIESTHOOD'),
('UNIT_QUEEN_OF_THE_LINE', 'LOC_UNIT_QUEEN_OF_THE_LINE_NAME', '0', 'DOMAIN_SEA', 'LOC_UNIT_QUEEN_OF_THE_LINE_DESCRIPTION', 'ADVISOR_CONQUEST', 'TECH_ASTRONOMY', '225', '3', '9', '1', NULL, '2', 'FORMATION_CLASS_LAND_COMBAT', NULL),
('UNIT_ROYAL_GUARD', 'LOC_UNIT_ROYAL_GUARD_NAME', '0', 'DOMAIN_LAND', 'LOC_UNIT_ROYAL_GUARD_DESCRIPTION', 'ADVISOR_CONQUEST', NULL, '180', '3', '4', '1', NULL, '2', 'FORMATION_CLASS_LAND_COMBAT', 'CIVIC_FEUDALISM'),
('UNIT_SAVEROUS', 'LOC_UNIT_SAVEROUS_NAME', '0', 'DOMAIN_LAND', 'LOC_UNIT_SAVEROUS_DESCRIPTION', 'ADVISOR_CONQUEST', NULL, '180', '1', '5', '1', 'TRAIT_RELIGION_UNIT_SAVEROUS', '2', 'FORMATION_CLASS_LAND_COMBAT', 'CIVIC_MIND_STAPLING'),
('UNIT_SPHENER', 'LOC_UNIT_SPHENER_NAME', '0', 'DOMAIN_LAND', 'LOC_UNIT_SPHENER_DESCRIPTION', 'ADVISOR_CONQUEST', NULL, '240', '2', '12', '1', NULL, '2', 'FORMATION_CLASS_LAND_COMBAT', 'CIVIC_RIGHTEOUSNESS'),
('UNIT_STYGIAN_GUARD', 'LOC_UNIT_STYGIAN_GUARD_NAME', '0', 'DOMAIN_LAND', 'LOC_UNIT_STYGIAN_GUARD_DESCRIPTION', 'ADVISOR_CONQUEST', NULL, '120', '1', '5', '1', NULL, '2', 'FORMATION_CLASS_LAND_COMBAT', 'CIVIC_FANATICISM'),
('UNIT_TRIREME', 'LOC_UNIT_TRIREME_NAME', '0', 'DOMAIN_SEA', 'LOC_UNIT_TRIREME_DESCRIPTION', 'ADVISOR_CONQUEST', 'TECH_SAILING', '75', '2', '7', '1', NULL, '2', 'FORMATION_CLASS_LAND_COMBAT', NULL),
('UNIT_VALIN', 'LOC_UNIT_VALIN_NAME', '0', 'DOMAIN_LAND', 'LOC_UNIT_VALIN_DESCRIPTION', 'ADVISOR_CONQUEST', NULL, '180', '3', '6', '1', 'TRAIT_RELIGION_UNIT_VALIN', '2', 'FORMATION_CLASS_LAND_COMBAT', 'CIVIC_ORDERS_FROM_HEAVEN'),
('UNIT_WAR_ELEPHANT', 'LOC_UNIT_WAR_ELEPHANT_NAME', '0', 'DOMAIN_LAND', 'LOC_UNIT_WAR_ELEPHANT_DESCRIPTION', 'ADVISOR_CONQUEST', 'TECH_HORSEBACK_RIDING', '90', '2', '7', '1', NULL, '2', 'FORMATION_CLASS_LAND_COMBAT', NULL),
('UNIT_BLOODPET', 'LOC_UNIT_BLOODPET_NAME', '0', 'DOMAIN_LAND', 'LOC_UNIT_BLOODPET_DESCRIPTION', 'ADVISOR_CONQUEST', NULL, '25', '1', '3', '1', 'TRAIT_CIVILIZATION_UNIT_BLOODPET', '2', 'FORMATION_CLASS_LAND_COMBAT', NULL),
('UNIT_MUD_GOLEM', 'LOC_UNIT_MUD_GOLEM_NAME', '0', 'DOMAIN_LAND', 'LOC_UNIT_MUD_GOLEM_DESCRIPTION', 'ADVISOR_GENERIC', NULL, '100', '2', '0', '1', 'TRAIT_CIVILIZATION_UNIT_MUD_GOLEM', '2', 'FORMATION_CLASS_CIVILIAN', NULL);
INSERT INTO UnitReplaces(CivUniqueUnitType, ReplacesUnitType) VALUES
('UNIT_DWARVEN_SLINGER', 'UNIT_ARCHER'),
('UNIT_CHANTER', 'UNIT_ASSASSIN'),
('UNIT_MOROI', 'UNIT_AXEMAN'),
('UNIT_WOOD_GOLEM', 'UNIT_AXEMAN'),
('UNIT_BRUJAH', 'UNIT_BERSERKER'),
('UNIT_BATTLEMASTER', 'UNIT_CHAMPION'),
('UNIT_IRON_GOLEM', 'UNIT_CHAMPION'),
('UNIT_VAMPIRE', 'UNIT_CHAMPION'),
('UNIT_DWARVEN_DRUID', 'UNIT_DRUID'),
('UNIT_LIZARDMAN_DRUID', 'UNIT_DRUID'),
('UNIT_BOAR_RIDER', 'UNIT_HORSEMAN'),
('UNIT_BONE_GOLEM', 'UNIT_IMMORTAL'),
('UNIT_VAMPIRE_LORD', 'UNIT_IMMORTAL'),
('UNIT_FIREBOW', 'UNIT_LONGBOWMAN'),
('UNIT_GARGOYLE', 'UNIT_LONGBOWMAN'),
('UNIT_WIZARD', 'UNIT_MAGE'),
('UNIT_NULLSTONE_GOLEM', 'UNIT_PHALANX'),
('UNIT_BLOODPET', 'UNIT_WARRIOR'),
('UNIT_MUD_GOLEM', 'UNIT_BUILDER');
INSERT INTO UnitUpgrades(Unit, Upgradeunit) VALUES
('UNIT_AXEMAN', 'UNIT_CHAMPION'),
('UNIT_CHAMPION', 'UNIT_IMMORTAL'),
('UNIT_LONGBOWMAN', 'UNIT_CROSSBOWMAN'),
('UNIT_ADEPT', 'UNIT_MAGE'),
('UNIT_MAGE', 'UNIT_ARCHMAGE'),
('UNIT_CHARIOT', 'UNIT_KNIGHT'),
('UNIT_HORSE_ARCHER', 'UNIT_KNIGHT'),
('UNIT_HUNTER', 'UNIT_RANGER'),
('UNIT_ASSASSIN', 'UNIT_MARKSMAN'),
('UNIT_TRIREME', 'UNIT_PRIVATEER'),
('UNIT_PRIEST_OF_THE_OVERLORDS', 'UNIT_HIGH_PRIEST_OF_THE_OVERLORDS'),
('UNIT_DROWN', 'UNIT_STYGIAN_GUARD'),
('UNIT_STYGIAN_GUARD', 'UNIT_EIDOLON'),
('UNIT_LUNATIC', 'UNIT_BERSERKER'),
('UNIT_DISCIPLE_THE_ORDER', 'UNIT_PRIEST_OF_THE_ORDER'),
('UNIT_PRIEST_OF_THE_ORDER', 'UNIT_HIGH_PRIEST_OF_THE_ORDER'),
('UNIT_CRUSADER', 'UNIT_PALADIN'),
('UNIT_DISCIPLE_RUNES_OF_KILMORPH', 'UNIT_PRIEST_OF_KILMORPH'),
('UNIT_PRIEST_OF_KILMORPH', 'UNIT_HIGH_PRIEST_OF_KILMORPH'),
('UNIT_DWARVEN_SOLDIER_RUNES', 'UNIT_PARAMANDER'),
('UNIT_PARAMANDER', 'UNIT_PALADIN'),
('UNIT_ROYAL_GUARD', 'UNIT_KNIGHT');
