INSERT INTO Units(UnitType, Name, BaseSightRange, BaseMoves, Combat, RangedCombat, Range, Domain, FormationClass, Cost, BuildCharges, Description, TraitType, AllowBarbarians, PromotionClass, PrereqTech, PrereqCivic, CanTrain, Maintenance, Stackable, AirSlots, CanTargetAir, PseudoYieldType, IgnoreMoves, AdvisorType, EnabledByReligion) VALUES
('SLTH_UNIT_ARCANE_BARGE', 'LOC_SLTH_UNIT_ARCANE_BARGE_NAME', '2', '3', '38', '0', '0', 'DOMAIN_SEA', 'FORMATION_CLASS_LAND_COMBAT', '250', '0', 'LOC_SLTH_UNIT_ARCANE_BARGE_DESCRIPTION', NULL, '1', 'PROMOTION_CLASS_NAVAL_MELEE', 'TECH_ASTRONOMY', NULL, '1', '1', '0', '0', '0', NULL, '0', 'ADVISOR_CONQUEST', '0'),
('SLTH_UNIT_ARCHER', 'LOC_SLTH_UNIT_ARCHER_NAME', '2', '1', '14', '14', '2', 'DOMAIN_LAND', 'FORMATION_CLASS_LAND_COMBAT', '60', '0', 'LOC_SLTH_UNIT_ARCHER_DESCRIPTION', NULL, '1', 'PROMOTION_CLASS_RANGED', 'TECH_ARCHERY', NULL, '1', '1', '0', '0', '0', NULL, '0', 'ADVISOR_CONQUEST', '0'),
('SLTH_UNIT_JAVELIN_THROWER', 'LOC_SLTH_UNIT_JAVELIN_THROWER_NAME', '2', '1', '19', '4', '2', 'DOMAIN_LAND', 'FORMATION_CLASS_LAND_COMBAT', '90', '0', 'LOC_SLTH_UNIT_JAVELIN_THROWER_DESCRIPTION', 'SLTH_TRAIT_CIVILIZATION_UNIT_JAVELIN_THROWER', '1', 'PROMOTION_CLASS_RANGED', 'TECH_ARCHERY', NULL, '1', '1', '0', '0', '0', NULL, '0', 'ADVISOR_CONQUEST', '0'),
('SLTH_UNIT_ARQUEBUS', 'LOC_SLTH_UNIT_ARQUEBUS_NAME', '2', '1', '48', '53', '2', 'DOMAIN_LAND', 'FORMATION_CLASS_LAND_COMBAT', '180', '0', 'LOC_SLTH_UNIT_ARQUEBUS_DESCRIPTION', NULL, '1', 'PROMOTION_CLASS_RANGED', 'TECH_BLASTING_POWDER', NULL, '1', '1', '0', '0', '0', NULL, '0', 'ADVISOR_CONQUEST', '0'),
('SLTH_UNIT_ASSASSIN', 'LOC_SLTH_UNIT_ASSASSIN_NAME', '2', '2', '24', '0', '0', 'DOMAIN_LAND', 'FORMATION_CLASS_LAND_COMBAT', '120', '0', 'LOC_SLTH_UNIT_ASSASSIN_DESCRIPTION', NULL, '1', 'PROMOTION_CLASS_RECON', 'TECH_POISONS', NULL, '1', '1', '0', '0', '0', NULL, '0', 'ADVISOR_CONQUEST', '0'),
('SLTH_UNIT_SWORDSMAN', 'LOC_SLTH_UNIT_SWORDSMAN_NAME', '2', '1', '19', '0', '0', 'DOMAIN_LAND', 'FORMATION_CLASS_LAND_COMBAT', '60', '0', 'LOC_SLTH_UNIT_SWORDSMAN_DESCRIPTION', NULL, '1', 'PROMOTION_CLASS_MELEE', 'TECH_BRONZE_WORKING', NULL, '1', '1', '0', '0', '0', NULL, '0', 'ADVISOR_CONQUEST', '0'),
('SLTH_UNIT_BALOR', 'LOC_SLTH_UNIT_BALOR_NAME', '2', '1', '34', '0', '0', 'DOMAIN_LAND', 'FORMATION_CLASS_LAND_COMBAT', '240', '0', 'LOC_SLTH_UNIT_BALOR_DESCRIPTION', 'SLTH_TRAIT_CIVILIZATION_UNIT_BALOR', '1', 'PROMOTION_CLASS_MELEE', NULL, 'CIVIC_RAGE', '1', '1', '0', '0', '0', NULL, '0', 'ADVISOR_CONQUEST', '0'),
('SLTH_UNIT_CANNON', 'LOC_SLTH_UNIT_CANNON_NAME', '2', '1', '38', '43', '2', 'DOMAIN_LAND', 'FORMATION_CLASS_LAND_COMBAT', '180', '0', 'LOC_SLTH_UNIT_CANNON_DESCRIPTION', NULL, '1', 'PROMOTION_CLASS_SIEGE', 'TECH_BLASTING_POWDER', NULL, '1', '1', '0', '0', '0', NULL, '0', 'ADVISOR_CONQUEST', '0'),
('SLTH_UNIT_CATAPULT', 'LOC_SLTH_UNIT_CATAPULT_NAME', '2', '1', '19', '24', '2', 'DOMAIN_LAND', 'FORMATION_CLASS_LAND_COMBAT', '90', '0', 'LOC_SLTH_UNIT_CATAPULT_DESCRIPTION', NULL, '1', 'PROMOTION_CLASS_SIEGE', 'TECH_CONSTRUCTION', NULL, '1', '1', '0', '0', '0', NULL, '0', 'ADVISOR_CONQUEST', '0'),
('SLTH_UNIT_CHAMPION', 'LOC_SLTH_UNIT_CHAMPION_NAME', '2', '1', '29', '0', '0', 'DOMAIN_LAND', 'FORMATION_CLASS_LAND_COMBAT', '120', '0', 'LOC_SLTH_UNIT_CHAMPION_DESCRIPTION', NULL, '1', 'PROMOTION_CLASS_MELEE', 'TECH_IRON_WORKING', NULL, '1', '1', '0', '0', '0', NULL, '0', 'ADVISOR_CONQUEST', '0'),
('SLTH_UNIT_CHARIOT', 'LOC_SLTH_UNIT_CHARIOT_NAME', '2', '3', '24', '0', '0', 'DOMAIN_LAND', 'FORMATION_CLASS_LAND_COMBAT', '120', '0', 'LOC_SLTH_UNIT_CHARIOT_DESCRIPTION', NULL, '1', 'PROMOTION_CLASS_LIGHT_CAVALRY', 'TECH_TRADE', NULL, '1', '1', '0', '0', '0', NULL, '0', 'ADVISOR_CONQUEST', '0'),
('SLTH_UNIT_CROSSBOWMAN', 'LOC_SLTH_UNIT_CROSSBOWMAN_NAME', '2', '1', '44', '48', '2', 'DOMAIN_LAND', 'FORMATION_CLASS_LAND_COMBAT', '240', '0', 'LOC_SLTH_UNIT_CROSSBOWMAN_DESCRIPTION', NULL, '1', 'PROMOTION_CLASS_RANGED', 'TECH_MACHINERY', NULL, '1', '1', '0', '0', '0', NULL, '0', 'ADVISOR_CONQUEST', '0'),
('SLTH_UNIT_HAWK', 'LOC_SLTH_UNIT_HAWK_NAME', '4', '8', '0', '0', '5', 'DOMAIN_AIR', 'FORMATION_CLASS_AIR', '20', '0', 'LOC_SLTH_UNIT_HAWK_DESCRIPTION', NULL, '0', 'PROMOTION_CLASS_MELEE', 'TECH_HUNTING', NULL, '1', '1', '1', '0', '1', 'PSEUDOYIELD_UNIT_AIR_COMBAT', '1', 'ADVISOR_CONQUEST', '0'),
('SLTH_UNIT_HORSE_ARCHER', 'LOC_SLTH_UNIT_HORSE_ARCHER_NAME', '2', '3', '29', '0', '0', 'DOMAIN_LAND', 'FORMATION_CLASS_LAND_COMBAT', '120', '0', 'LOC_SLTH_UNIT_HORSE_ARCHER_DESCRIPTION', NULL, '1', 'PROMOTION_CLASS_LIGHT_CAVALRY', 'TECH_STIRRUPS', NULL, '1', '1', '0', '0', '0', NULL, '0', 'ADVISOR_CONQUEST', '0'),
('SLTH_UNIT_HORSEMAN', 'LOC_SLTH_UNIT_HORSEMAN_NAME', '2', '3', '19', '0', '0', 'DOMAIN_LAND', 'FORMATION_CLASS_LAND_COMBAT', '60', '0', 'LOC_SLTH_UNIT_HORSEMAN_DESCRIPTION', NULL, '1', 'PROMOTION_CLASS_LIGHT_CAVALRY', 'TECH_HORSEBACK_RIDING', NULL, '1', '1', '0', '0', '0', NULL, '0', 'ADVISOR_CONQUEST', '0'),
('SLTH_UNIT_HUNTER', 'LOC_SLTH_UNIT_HUNTER_NAME', '2', '2', '19', '0', '0', 'DOMAIN_LAND', 'FORMATION_CLASS_LAND_COMBAT', '60', '0', 'LOC_SLTH_UNIT_HUNTER_DESCRIPTION', NULL, '1', 'PROMOTION_CLASS_RECON', 'TECH_HUNTING', NULL, '1', '1', '0', '1', '0', NULL, '0', 'ADVISOR_GENERIC', '0'),
('SLTH_UNIT_GARGOYLE', 'LOC_SLTH_UNIT_GARGOYLE_NAME', '2', '1', '39', '0', '0', 'DOMAIN_LAND', 'FORMATION_CLASS_LAND_COMBAT', '180', '0', 'LOC_SLTH_UNIT_GARGOYLE_DESCRIPTION', 'SLTH_TRAIT_CIVILIZATION_UNIT_GARGOYLE', '1', NULL, 'TECH_ENGINEERING', NULL, '1', '1', '0', '0', '0', NULL, '0', 'ADVISOR_CONQUEST', '0'),
('SLTH_UNIT_LONGBOWMAN', 'LOC_SLTH_UNIT_LONGBOWMAN_NAME', '2', '1', '24', '29', '2', 'DOMAIN_LAND', 'FORMATION_CLASS_LAND_COMBAT', '120', '0', 'LOC_SLTH_UNIT_LONGBOWMAN_DESCRIPTION', NULL, '1', 'PROMOTION_CLASS_RANGED', 'TECH_BOWYERS', NULL, '1', '1', '0', '0', '0', NULL, '0', 'ADVISOR_CONQUEST', '0'),
('SLTH_UNIT_MARKSMAN', 'LOC_SLTH_UNIT_MARKSMAN_NAME', '2', '1', '53', '58', '2', 'DOMAIN_LAND', 'FORMATION_CLASS_LAND_COMBAT', '240', '0', 'LOC_SLTH_UNIT_MARKSMAN_DESCRIPTION', NULL, '1', 'PROMOTION_CLASS_RANGED', 'TECH_PRECISION', NULL, '1', '1', '0', '0', '0', NULL, '0', 'ADVISOR_CONQUEST', '0'),
('SLTH_UNIT_DUIN', 'LOC_SLTH_UNIT_DUIN_NAME', '2', '3', '53', '0', '0', 'DOMAIN_LAND', 'FORMATION_CLASS_LAND_COMBAT', '500', '0', 'LOC_SLTH_UNIT_DUIN_DESCRIPTION', NULL, '1', 'PROMOTION_CLASS_BEAST', NULL, 'CIVIC_FERAL_BOND', '1', '1', '0', '0', '0', NULL, '0', 'ADVISOR_CONQUEST', '0'),
('SLTH_UNIT_MUIRIN', 'LOC_SLTH_UNIT_MUIRIN_NAME', '2', '1', '14', '0', '0', 'DOMAIN_LAND', 'FORMATION_CLASS_LAND_COMBAT', '-1', '0', 'LOC_SLTH_UNIT_MUIRIN_DESCRIPTION', NULL, '1', 'PROMOTION_CLASS_MELEE', NULL, NULL, '0', '1', '0', '0', '0', NULL, '0', 'ADVISOR_CONQUEST', '0'),
('SLTH_UNIT_RANGER', 'LOC_SLTH_UNIT_RANGER_NAME', '2', '2', '34', '0', '0', 'DOMAIN_LAND', 'FORMATION_CLASS_LAND_COMBAT', '150', '0', 'LOC_SLTH_UNIT_RANGER_DESCRIPTION', NULL, '1', 'PROMOTION_CLASS_RECON', 'TECH_ANIMAL_HANDLING', NULL, '1', '1', '0', '1', '0', NULL, '0', 'ADVISOR_GENERIC', '0'),
('SLTH_UNIT_SCOUT', 'LOC_SLTH_UNIT_SCOUT_NAME', '2', '2', '10', '0', '0', 'DOMAIN_LAND', 'FORMATION_CLASS_LAND_COMBAT', '25', '0', 'LOC_SLTH_UNIT_SCOUT_DESCRIPTION', NULL, '1', 'PROMOTION_CLASS_RECON', NULL, NULL, '1', '1', '0', '0', '0', NULL, '0', 'ADVISOR_GENERIC', '0'),
('SLTH_UNIT_SUPPLIES', 'LOC_SLTH_UNIT_SUPPLIES_NAME', '2', '1', '0', '0', '0', 'DOMAIN_LAND', 'FORMATION_CLASS_CIVILIAN', '-1', '0', 'LOC_SLTH_UNIT_SUPPLIES_DESCRIPTION', NULL, '1', NULL, NULL, NULL, '0', '1', '0', '0', '0', NULL, '0', 'ADVISOR_CONQUEST', '0'),
('SLTH_UNIT_CARAVEL', 'LOC_SLTH_UNIT_CARAVEL_NAME', '2', '4', '34', '0', '0', 'DOMAIN_SEA', 'FORMATION_CLASS_LAND_COMBAT', '100', '0', 'LOC_SLTH_UNIT_CARAVEL_DESCRIPTION', NULL, '1', 'PROMOTION_CLASS_NAVAL_MELEE', 'TECH_OPTICS', NULL, '1', '1', '0', '0', '0', NULL, '0', 'ADVISOR_CONQUEST', '0'),
('SLTH_UNIT_FRIGATE', 'LOC_SLTH_UNIT_FRIGATE_NAME', '2', '3', '48', '0', '0', 'DOMAIN_SEA', 'FORMATION_CLASS_LAND_COMBAT', '150', '0', 'LOC_SLTH_UNIT_FRIGATE_DESCRIPTION', NULL, '1', 'PROMOTION_CLASS_NAVAL_MELEE', 'TECH_OPTICS', NULL, '1', '1', '0', '0', '0', NULL, '0', 'ADVISOR_CONQUEST', '0'),
('SLTH_UNIT_GALLEON', 'LOC_SLTH_UNIT_GALLEON_NAME', '2', '5', '34', '0', '0', 'DOMAIN_SEA', 'FORMATION_CLASS_LAND_COMBAT', '150', '0', 'LOC_SLTH_UNIT_GALLEON_DESCRIPTION', NULL, '1', 'PROMOTION_CLASS_NAVAL_MELEE', 'TECH_ASTRONOMY', NULL, '1', '1', '0', '0', '0', NULL, '0', 'ADVISOR_CONQUEST', '0'),
('SLTH_UNIT_GALLEY', 'LOC_SLTH_UNIT_GALLEY_NAME', '2', '3', '24', '0', '0', 'DOMAIN_SEA', 'FORMATION_CLASS_LAND_COMBAT', '50', '0', 'LOC_SLTH_UNIT_GALLEY_DESCRIPTION', NULL, '1', 'PROMOTION_CLASS_NAVAL_MELEE', 'TECH_SAILING', NULL, '1', '1', '0', '0', '0', NULL, '0', 'ADVISOR_CONQUEST', '0'),
('SLTH_UNIT_MAN_O_WAR', 'LOC_SLTH_UNIT_MAN_O_WAR_NAME', '2', '5', '63', '0', '0', 'DOMAIN_SEA', 'FORMATION_CLASS_LAND_COMBAT', '225', '0', 'LOC_SLTH_UNIT_MAN_O_WAR_DESCRIPTION', NULL, '1', 'PROMOTION_CLASS_NAVAL_MELEE', 'TECH_BLASTING_POWDER', NULL, '1', '1', '0', '0', '0', NULL, '0', 'ADVISOR_CONQUEST', '0'),
('SLTH_UNIT_PRIVATEER', 'LOC_SLTH_UNIT_PRIVATEER_NAME', '2', '4', '39', '0', '0', 'DOMAIN_SEA', 'FORMATION_CLASS_LAND_COMBAT', '100', '0', 'LOC_SLTH_UNIT_PRIVATEER_DESCRIPTION', NULL, '1', 'PROMOTION_CLASS_NAVAL_MELEE', 'TECH_OPTICS', NULL, '1', '1', '0', '0', '0', NULL, '0', 'ADVISOR_CONQUEST', '0'),
('SLTH_UNIT_AIRSHIP', 'LOC_SLTH_UNIT_AIRSHIP_NAME', '2', '3', '14', '0', '0', 'DOMAIN_LAND', 'FORMATION_CLASS_LAND_COMBAT', '300', '0', 'LOC_SLTH_UNIT_AIRSHIP_DESCRIPTION', 'SLTH_TRAIT_CIVILIZATION_UNIT_AIRSHIP', '1', 'PROMOTION_CLASS_NAVAL_MELEE', 'TECH_ASTRONOMY', NULL, '1', '1', '0', '0', '0', NULL, '0', 'ADVISOR_CONQUEST', '0'),
('SLTH_UNIT_QUEEN_OF_THE_LINE', 'LOC_SLTH_UNIT_QUEEN_OF_THE_LINE_NAME', '2', '3', '43', '0', '0', 'DOMAIN_SEA', 'FORMATION_CLASS_LAND_COMBAT', '225', '0', 'LOC_SLTH_UNIT_QUEEN_OF_THE_LINE_DESCRIPTION', NULL, '1', 'PROMOTION_CLASS_NAVAL_MELEE', 'TECH_ASTRONOMY', NULL, '1', '1', '0', '0', '0', NULL, '0', 'ADVISOR_CONQUEST', '0'),
('SLTH_UNIT_TRIREME', 'LOC_SLTH_UNIT_TRIREME_NAME', '2', '2', '34', '0', '0', 'DOMAIN_SEA', 'FORMATION_CLASS_LAND_COMBAT', '75', '0', 'LOC_SLTH_UNIT_TRIREME_DESCRIPTION', NULL, '1', 'PROMOTION_CLASS_NAVAL_MELEE', 'TECH_SAILING', NULL, '1', '1', '0', '0', '0', NULL, '0', 'ADVISOR_CONQUEST', '0');

INSERT INTO Units(UnitType, Name, BaseSightRange, BaseMoves, Combat, RangedCombat, Range, Domain, FormationClass, Cost, BuildCharges, Description, TraitType, AllowBarbarians, PromotionClass, PrereqTech, PrereqCivic, CanTrain, Maintenance, Stackable, AirSlots, CanTargetAir, PseudoYieldType, IgnoreMoves, AdvisorType, EnabledByReligion) VALUES
('SLTH_UNIT_BATTERING_RAM', 'LOC_SLTH_UNIT_BATTERING_RAM_NAME', '2', '1', '0', '0', '2', 'DOMAIN_LAND', 'FORMATION_CLASS_LAND_COMBAT', '-1', '0', 'LOC_SLTH_UNIT_BATTERING_RAM_DESCRIPTION', NULL, '1', 'PROMOTION_CLASS_SIEGE', NULL, NULL, '0', '1', '0', '0', '0', NULL, '0', 'ADVISOR_CONQUEST', '0'),
('SLTH_UNIT_AIR_ELEMENTAL', 'LOC_SLTH_UNIT_AIR_ELEMENTAL_NAME', '2', '2', '24', '0', '0', 'DOMAIN_LAND', 'FORMATION_CLASS_LAND_COMBAT', '-1', '0', 'LOC_SLTH_UNIT_AIR_ELEMENTAL_DESCRIPTION', NULL, '1', NULL, NULL, NULL, '0', '1', '0', '0', '0', NULL, '0', 'ADVISOR_CONQUEST', '0'),
('SLTH_UNIT_CHAOS_MARAUDER', 'LOC_SLTH_UNIT_CHAOS_MARAUDER_NAME', '2', '1', '19', '0', '0', 'DOMAIN_LAND', 'FORMATION_CLASS_LAND_COMBAT', '-1', '0', 'LOC_SLTH_UNIT_CHAOS_MARAUDER_DESCRIPTION', NULL, '1', 'PROMOTION_CLASS_MELEE', NULL, NULL, '0', '1', '0', '0', '0', NULL, '0', 'ADVISOR_CONQUEST', '0'),
('SLTH_UNIT_DJINN', 'LOC_SLTH_UNIT_DJINN_NAME', '2', '2', '5', '0', '0', 'DOMAIN_LAND', 'FORMATION_CLASS_LAND_COMBAT', '-1', '0', 'LOC_SLTH_UNIT_DJINN_DESCRIPTION', NULL, '1', NULL, NULL, NULL, '0', '1', '0', '0', '0', NULL, '0', 'ADVISOR_CONQUEST', '0'),
('SLTH_UNIT_EARTH_ELEMENTAL', 'LOC_SLTH_UNIT_EARTH_ELEMENTAL_NAME', '2', '1', '53', '0', '0', 'DOMAIN_LAND', 'FORMATION_CLASS_LAND_COMBAT', '-1', '0', 'LOC_SLTH_UNIT_EARTH_ELEMENTAL_DESCRIPTION', NULL, '1', NULL, NULL, NULL, '0', '1', '0', '0', '0', NULL, '0', 'ADVISOR_CONQUEST', '0'),
('SLTH_UNIT_EYE', 'LOC_SLTH_UNIT_EYE_NAME', '4', '8', '0', '0', '5', 'DOMAIN_AIR', 'FORMATION_CLASS_AIR', '-1', '0', 'LOC_SLTH_UNIT_EYE_DESCRIPTION', NULL, '1', 'PROMOTION_CLASS_MELEE', NULL, NULL, '0', '1', '1', '0', '1', 'PSEUDOYIELD_UNIT_AIR_COMBAT', '1', 'ADVISOR_CONQUEST', '0'),
('SLTH_UNIT_FIRE_ELEMENTAL', 'LOC_SLTH_UNIT_FIRE_ELEMENTAL_NAME', '2', '2', '29', '0', '0', 'DOMAIN_LAND', 'FORMATION_CLASS_LAND_COMBAT', '-1', '0', 'LOC_SLTH_UNIT_FIRE_ELEMENTAL_DESCRIPTION', NULL, '1', NULL, NULL, NULL, '0', '1', '0', '0', '0', NULL, '0', 'ADVISOR_CONQUEST', '0'),
('SLTH_UNIT_FIREBALL', 'LOC_SLTH_UNIT_FIREBALL_NAME', '2', '1', '0', '0', '0', 'DOMAIN_LAND', 'FORMATION_CLASS_LAND_COMBAT', '-1', '0', 'LOC_SLTH_UNIT_FIREBALL_DESCRIPTION', NULL, '1', NULL, NULL, NULL, '0', '1', '0', '0', '0', NULL, '0', 'ADVISOR_CONQUEST', '0'),
('SLTH_UNIT_FLESH_GOLEM', 'LOC_SLTH_UNIT_FLESH_GOLEM_NAME', '2', '1', '29', '0', '0', 'DOMAIN_LAND', 'FORMATION_CLASS_LAND_COMBAT', '-1', '0', 'LOC_SLTH_UNIT_FLESH_GOLEM_DESCRIPTION', NULL, '1', NULL, NULL, NULL, '0', '1', '0', '0', '0', NULL, '0', 'ADVISOR_CONQUEST', '0'),
('SLTH_UNIT_SKELETON', 'LOC_SLTH_UNIT_SKELETON_NAME', '2', '1', '10', '0', '0', 'DOMAIN_LAND', 'FORMATION_CLASS_LAND_COMBAT', '-1', '0', 'LOC_SLTH_UNIT_SKELETON_DESCRIPTION', 'TRAIT_BARBARIAN_BUT_SHOWS_UP_IN_PEDIA', '1', 'PROMOTION_CLASS_MELEE', NULL, NULL, '1', '1', '0', '0', '0', NULL, '0', NULL, '0'),
('SLTH_UNIT_ICE_ELEMENTAL', 'LOC_SLTH_UNIT_ICE_ELEMENTAL_NAME', '2', '1', '10', '0', '0', 'DOMAIN_LAND', 'FORMATION_CLASS_LAND_COMBAT', '-1', '0', 'LOC_SLTH_UNIT_ICE_ELEMENTAL_DESCRIPTION', NULL, '0', 'PROMOTION_CLASS_MELEE', NULL, NULL, '0', '1', '0', '0', '0', NULL, '0', 'ADVISOR_CONQUEST', '0'),
('SLTH_UNIT_IRA', 'LOC_SLTH_UNIT_IRA_NAME', '2', '2', '39', '0', '0', 'DOMAIN_LAND', 'FORMATION_CLASS_LAND_COMBAT', '-1', '0', 'LOC_SLTH_UNIT_IRA_DESCRIPTION', NULL, '1', 'PROMOTION_CLASS_MELEE', NULL, NULL, '0', '1', '0', '0', '0', NULL, '0', 'ADVISOR_CONQUEST', '0'),
('SLTH_UNIT_LIGHTNING_ELEMENTAL', 'LOC_SLTH_UNIT_LIGHTNING_ELEMENTAL_NAME', '2', '2', '1', '0', '0', 'DOMAIN_LAND', 'FORMATION_CLASS_CIVILIAN', '-1', '0', 'LOC_SLTH_UNIT_LIGHTNING_ELEMENTAL_DESCRIPTION', NULL, '1', NULL, NULL, NULL, '0', '1', '0', '0', '0', NULL, '0', NULL, '0'),
('SLTH_UNIT_EINHERJAR', 'LOC_SLTH_UNIT_EINHERJAR_NAME', '2', '1', '6', '0', '0', 'DOMAIN_LAND', 'FORMATION_CLASS_LAND_COMBAT', '-1', '0', 'LOC_SLTH_UNIT_EINHERJAR_DESCRIPTION', NULL, '1', 'PROMOTION_CLASS_DISCIPLE', NULL, NULL, '0', '1', '0', '0', '0', NULL, '0', 'ADVISOR_CONQUEST', '0'),
('SLTH_UNIT_AUREALIS', 'LOC_SLTH_UNIT_AUREALIS_NAME', '2', '1', '29', '0', '0', 'DOMAIN_LAND', 'FORMATION_CLASS_LAND_COMBAT', '-1', '0', 'LOC_SLTH_UNIT_AUREALIS_DESCRIPTION', NULL, '1', NULL, NULL, NULL, '0', '1', '0', '0', '0', NULL, '0', 'ADVISOR_CONQUEST', '0'),
('SLTH_UNIT_GUARDIAN_VINES', 'LOC_SLTH_UNIT_GUARDIAN_VINES_NAME', '2', '0', '43', '0', '0', 'DOMAIN_IMMOBILE', 'FORMATION_CLASS_LAND_COMBAT', '-1', '0', 'LOC_SLTH_UNIT_GUARDIAN_VINES_DESCRIPTION', NULL, '1', NULL, NULL, NULL, '0', '1', '0', '0', '0', NULL, '0', 'ADVISOR_CONQUEST', '0'),
('SLTH_UNIT_PIT_BEAST', 'LOC_SLTH_UNIT_PIT_BEAST_NAME', '2', '1', '19', '0', '0', 'DOMAIN_LAND', 'FORMATION_CLASS_LAND_COMBAT', '-1', '0', 'LOC_SLTH_UNIT_PIT_BEAST_DESCRIPTION', NULL, '1', 'PROMOTION_CLASS_BEAST', NULL, NULL, '0', '1', '0', '0', '0', NULL, '0', 'ADVISOR_CONQUEST', '0'),
('SLTH_UNIT_METEOR', 'LOC_SLTH_UNIT_METEOR_NAME', '2', '1', '0', '0', '0', 'DOMAIN_LAND', 'FORMATION_CLASS_LAND_COMBAT', '-1', '0', 'LOC_SLTH_UNIT_METEOR_DESCRIPTION', NULL, '1', NULL, NULL, NULL, '0', '1', '0', '0', '0', NULL, '0', 'ADVISOR_CONQUEST', '0'),
('SLTH_UNIT_MISTFORM', 'LOC_SLTH_UNIT_MISTFORM_NAME', '2', '2', '29', '0', '0', 'DOMAIN_LAND', 'FORMATION_CLASS_LAND_COMBAT', '-1', '0', 'LOC_SLTH_UNIT_MISTFORM_DESCRIPTION', NULL, '1', 'PROMOTION_CLASS_MELEE', NULL, NULL, '0', '1', '0', '0', '0', NULL, '0', 'ADVISOR_CONQUEST', '0'),
('SLTH_UNIT_SAND_LION', 'LOC_SLTH_UNIT_SAND_LION_NAME', '2', '3', '24', '0', '0', 'DOMAIN_LAND', 'FORMATION_CLASS_LAND_COMBAT', '-1', '0', 'LOC_SLTH_UNIT_SAND_LION_DESCRIPTION', NULL, '1', 'PROMOTION_CLASS_BEAST', NULL, NULL, '0', '1', '0', '0', '0', NULL, '0', NULL, '0'),
('SLTH_UNIT_SPECTRE', 'LOC_SLTH_UNIT_SPECTRE_NAME', '2', '2', '14', '0', '0', 'DOMAIN_LAND', 'FORMATION_CLASS_LAND_COMBAT', '-1', '0', 'LOC_SLTH_UNIT_SPECTRE_DESCRIPTION', NULL, '1', 'PROMOTION_CLASS_MELEE', NULL, NULL, '0', '1', '0', '0', '0', NULL, '0', 'ADVISOR_CONQUEST', '0'),
('SLTH_UNIT_SEVERED_SOUL', 'LOC_SLTH_UNIT_SEVERED_SOUL_NAME', '2', '1', '0', '0', '0', 'DOMAIN_LAND', 'FORMATION_CLASS_CIVILIAN', '-1', '0', 'LOC_SLTH_UNIT_SEVERED_SOUL_DESCRIPTION', NULL, '1', NULL, NULL, NULL, '0', '1', '0', '0', '0', NULL, '0', 'ADVISOR_CONQUEST', '0'),
('SLTH_UNIT_TREANT', 'LOC_SLTH_UNIT_TREANT_NAME', '2', '1', '48', '0', '0', 'DOMAIN_LAND', 'FORMATION_CLASS_LAND_COMBAT', '-1', '0', 'LOC_SLTH_UNIT_TREANT_DESCRIPTION', NULL, '1', NULL, NULL, NULL, '0', '1', '0', '0', '0', NULL, '0', 'ADVISOR_CONQUEST', '0'),
('SLTH_UNIT_WATER_ELEMENTAL', 'LOC_SLTH_UNIT_WATER_ELEMENTAL_NAME', '2', '1', '39', '0', '0', 'DOMAIN_LAND', 'FORMATION_CLASS_LAND_COMBAT', '-1', '0', 'LOC_SLTH_UNIT_WATER_ELEMENTAL_DESCRIPTION', NULL, '1', NULL, NULL, NULL, '0', '1', '0', '0', '0', NULL, '0', 'ADVISOR_CONQUEST', '0'),
('SLTH_UNIT_WRAITH', 'LOC_SLTH_UNIT_WRAITH_NAME', '2', '2', '29', '0', '0', 'DOMAIN_LAND', 'FORMATION_CLASS_LAND_COMBAT', '-1', '0', 'LOC_SLTH_UNIT_WRAITH_DESCRIPTION', NULL, '1', NULL, NULL, NULL, '0', '1', '0', '0', '0', NULL, '0', 'ADVISOR_CONQUEST', '0');

UPDATE Units SET Name='LOC_UNIT_WARRIOR_NAME', BaseMoves='1', Combat='14', Cost='25', Description='LOC_UNIT_WARRIOR_DESCRIPTION', Maintenance='1' WHERE UnitType='UNIT_WARRIOR';


-- convert into/unbuildable
INSERT INTO Units(UnitType, Name, BaseSightRange, BaseMoves, Combat, RangedCombat, Range, Domain, FormationClass, Cost, BuildCharges, Description, TraitType, AllowBarbarians, PromotionClass, PrereqTech, PrereqCivic, CanTrain, Maintenance, Stackable, AirSlots, CanTargetAir, PseudoYieldType, IgnoreMoves, AdvisorType, EnabledByReligion) VALUES
('SLTH_UNIT_MARY', 'LOC_SLTH_UNIT_MARY_NAME', '2', '2', '29', '0', '0', 'DOMAIN_LAND', 'FORMATION_CLASS_LAND_COMBAT', '-1', '0', 'LOC_SLTH_UNIT_MARY_DESCRIPTION', NULL, '1', 'PROMOTION_CLASS_MELEE', NULL, NULL, '0', '1', '0', '0', '0', NULL, '0', 'ADVISOR_CONQUEST', '0'),
('SLTH_UNIT_LICH', 'LOC_SLTH_UNIT_LICH_NAME', '2', '1', '24', '29', '2', 'DOMAIN_LAND', 'FORMATION_CLASS_LAND_COMBAT', '-1', '1', 'LOC_SLTH_UNIT_LICH_DESCRIPTION', NULL, '1', 'PROMOTION_CLASS_ADEPT', NULL, NULL, '0', '1', '0', '0', '0', NULL, '0', 'ADVISOR_CONQUEST', '0'),
('SLTH_UNIT_GAELAN', 'LOC_SLTH_UNIT_GAELAN_NAME', '2', '1', '29', '34', '2', 'DOMAIN_LAND', 'FORMATION_CLASS_LAND_COMBAT', '-1', '1', 'LOC_SLTH_UNIT_GAELAN_DESCRIPTION', NULL, '1', 'PROMOTION_CLASS_ADEPT', NULL, NULL, '0', '1', '0', '0', '0', NULL, '0', 'ADVISOR_CONQUEST', '0'),
('SLTH_UNIT_MERCENARY', 'LOC_SLTH_UNIT_MERCENARY_NAME', '2', '1', '24', '0', '0', 'DOMAIN_LAND', 'FORMATION_CLASS_LAND_COMBAT', '-1', '0', 'LOC_SLTH_UNIT_MERCENARY_DESCRIPTION', NULL, '1', 'PROMOTION_CLASS_MELEE', NULL, NULL, '0', '1', '0', '0', '0', NULL, '0', 'ADVISOR_CONQUEST', '0'),
('SLTH_UNIT_WAR_ELEPHANT', 'LOC_SLTH_UNIT_WAR_ELEPHANT_NAME', '2', '2', '34', '0', '0', 'DOMAIN_LAND', 'FORMATION_CLASS_LAND_COMBAT', '90', '0', 'LOC_SLTH_UNIT_WAR_ELEPHANT_DESCRIPTION', NULL, '0', 'PROMOTION_CLASS_LIGHT_CAVALRY', 'TECH_HORSEBACK_RIDING', NULL, '0', '1', '0', '0', '0', NULL, '0', 'ADVISOR_CONQUEST', '0'),
('SLTH_UNIT_SLAVE', 'LOC_SLTH_UNIT_SLAVE_NAME', '2', '2', '0', '0', '0', 'DOMAIN_LAND', 'FORMATION_CLASS_CIVILIAN', '60', '0', 'LOC_SLTH_UNIT_SLAVE_DESCRIPTION', NULL, '1', NULL, NULL, NULL, '0', '1', '0', '0', '0', NULL, '0', 'ADVISOR_GENERIC', '0'),
('SLTH_UNIT_SHADE', 'LOC_SLTH_UNIT_SHADE_NAME', '2', '1', '10', '0', '0', 'DOMAIN_LAND', 'FORMATION_CLASS_LAND_COMBAT', '-1', '0', 'LOC_SLTH_UNIT_SHADE_DESCRIPTION', NULL, '1', NULL, NULL, NULL, '0', '1', '0', '0', '0', NULL, '0', 'ADVISOR_CONQUEST', '0'),
('SLTH_UNIT_RAVENOUS_WEREWOLF', 'LOC_SLTH_UNIT_RAVENOUS_WEREWOLF_NAME', '2', '1', '24', '0', '0', 'DOMAIN_LAND', 'FORMATION_CLASS_LAND_COMBAT', '-1', '0', 'LOC_SLTH_UNIT_RAVENOUS_WEREWOLF_DESCRIPTION', NULL, '1', 'PROMOTION_CLASS_BEAST', NULL, NULL, '0', '1', '0', '0', '0', NULL, '0', 'ADVISOR_CONQUEST', '0'),
('SLTH_UNIT_WEREWOLF', 'LOC_SLTH_UNIT_WEREWOLF_NAME', '2', '2', '39', '0', '0', 'DOMAIN_LAND', 'FORMATION_CLASS_LAND_COMBAT', '-1', '0', 'LOC_SLTH_UNIT_WEREWOLF_DESCRIPTION', NULL, '1', 'PROMOTION_CLASS_BEAST', NULL, NULL, '0', '1', '0', '0', '0', NULL, '0', 'ADVISOR_CONQUEST', '0'),
('SLTH_UNIT_GREATER_WEREWOLF', 'LOC_SLTH_UNIT_GREATER_WEREWOLF_NAME', '2', '3', '54', '0', '0', 'DOMAIN_LAND', 'FORMATION_CLASS_LAND_COMBAT', '-1', '0', 'LOC_SLTH_UNIT_GREATER_WEREWOLF_DESCRIPTION', NULL, '1', 'PROMOTION_CLASS_BEAST', NULL, NULL, '0', '1', '0', '0', '0', NULL, '0', 'ADVISOR_CONQUEST', '0');

-- mages
INSERT INTO Units(UnitType, Name, BaseSightRange, BaseMoves, Combat, RangedCombat, Range, Domain, FormationClass, Cost, BuildCharges, Description, TraitType, AllowBarbarians, PromotionClass, PrereqTech, PrereqCivic, CanTrain, Maintenance, Stackable, AirSlots, CanTargetAir, PseudoYieldType, IgnoreMoves, AdvisorType, EnabledByReligion) VALUES
('SLTH_UNIT_ADEPT', 'LOC_SLTH_UNIT_ADEPT_NAME', '2', '1', '14', '19', '2', 'DOMAIN_LAND', 'FORMATION_CLASS_LAND_COMBAT', '90', '1', 'LOC_SLTH_UNIT_ADEPT_DESCRIPTION', NULL, '0', 'PROMOTION_CLASS_ADEPT', 'TECH_KNOWLEDGE_OF_THE_ETHER', NULL, '1', '1', '0', '0', '0', NULL, '0', 'ADVISOR_CONQUEST', '0'),
('SLTH_UNIT_SHAMAN', 'LOC_SLTH_UNIT_SHAMAN_NAME', '2', '1', '14', '19', '2', 'DOMAIN_LAND', 'FORMATION_CLASS_LAND_COMBAT', '90', '1', 'LOC_SLTH_UNIT_SHAMAN_DESCRIPTION', 'SLTH_TRAIT_CIVILIZATION_UNIT_SHAMAN', '1', 'PROMOTION_CLASS_ADEPT', 'TECH_KNOWLEDGE_OF_THE_ETHER', NULL, '1', '1', '0', '0', '0', NULL, '0', 'ADVISOR_CONQUEST', '0'),
('SLTH_UNIT_MAGE', 'LOC_SLTH_UNIT_MAGE_NAME', '2', '1', '4', '4', '10', 'DOMAIN_LAND', 'FORMATION_CLASS_LAND_COMBAT', '120', '1', 'LOC_SLTH_UNIT_MAGE_DESCRIPTION', NULL, '1', 'PROMOTION_CLASS_ADEPT', 'TECH_SORCERY', NULL, '0', '1', '0', '0', '0', NULL, '0', 'ADVISOR_CONQUEST', '0'),
('SLTH_UNIT_ARCHMAGE', 'LOC_SLTH_UNIT_ARCHMAGE_NAME', '2', '1', '24', '36', '2', 'DOMAIN_LAND', 'FORMATION_CLASS_LAND_COMBAT', '240', '1', 'LOC_SLTH_UNIT_ARCHMAGE_DESCRIPTION', NULL, '1', 'PROMOTION_CLASS_ADEPT', 'TECH_STRENGTH_OF_WILL', NULL, '0', '1', '0', '0', '0', NULL, '0', 'ADVISOR_CONQUEST', '0');


INSERT INTO UnitReplaces(CivUniqueUnitType, ReplacesUnitType) VALUES
('SLTH_UNIT_SHAMAN', 'SLTH_UNIT_ADEPT'),
('SLTH_UNIT_ARCHER_SCORPION_CLAN', 'SLTH_UNIT_ARCHER'),
('SLTH_UNIT_JAVELIN_THROWER', 'SLTH_UNIT_ARCHER'),
('SLTH_UNIT_POLAR_BEAR', 'SLTH_UNIT_BEAR'),
('SLTH_UNIT_BALOR', 'SLTH_UNIT_BERSERKER'),
('SLTH_UNIT_OGRE', 'SLTH_UNIT_CHAMPION'),
('SLTH_UNIT_CHARIOT_SCORPION_CLAN', 'SLTH_UNIT_CHARIOT'),
('SLTH_UNIT_WOLF_RIDER', 'SLTH_UNIT_HORSEMAN'),
('SLTH_UNIT_WOLF_RIDER_SCORPION_CLAN', 'SLTH_UNIT_HORSEMAN'),
('SLTH_UNIT_OGRE_WARCHIEF', 'SLTH_UNIT_IMMORTAL'),
('SLTH_UNIT_GARGOYLE', 'SLTH_UNIT_LONGBOWMAN'),
('SLTH_UNIT_STONESKIN_OGRE', 'SLTH_UNIT_PHALANX'),
('SLTH_UNIT_AIRSHIP', 'SLTH_UNIT_QUEEN_OF_THE_LINE'),
('SLTH_UNIT_GOBLIN', 'SLTH_UNIT_SCOUT'),
('SLTH_UNIT_GOBLIN_SCORPION_CLAN', 'SLTH_UNIT_SCOUT');

INSERT INTO Unit_BuildingPrereqs(Unit, PrereqBuilding) VALUES
('SLTH_UNIT_BEASTMASTER', 'BUILDING_GROVE'),
('SLTH_UNIT_DRUID', 'BUILDING_GROVE'),
('SLTH_UNIT_CANNON', 'SLTH_BUILDING_SIEGE_WORKSHOP'),
('SLTH_UNIT_CATAPULT', 'SLTH_BUILDING_SIEGE_WORKSHOP'),
('SLTH_UNIT_CHARIOT', 'SLTH_BUILDING_SIEGE_WORKSHOP'),
('SLTH_UNIT_SWORDSMAN', 'BUILDING_BARRACKS'),
('SLTH_UNIT_CHAMPION', 'BUILDING_BARRACKS'),
('SLTH_UNIT_QUEEN_OF_THE_LINE', 'BUILDING_SHIPYARD'),
('SLTH_UNIT_ADEPT', 'BUILDING_MAGE_GUILD'),
('SLTH_UNIT_ARCHER', 'SLTH_BUILDING_ARCHERY_RANGE'),
('SLTH_UNIT_LONGBOWMAN', 'SLTH_BUILDING_ARCHERY_RANGE'),
('SLTH_UNIT_LUNATIC', 'SLTH_BUILDING_ASYLUM');

INSERT INTO Unit_BuildingPrereqs(Unit, PrereqBuilding) VALUES
('SLTH_UNIT_CHARIOT_SCORPION_CLAN', 'SLTH_BUILDING_SIEGE_WORKSHOP'),
('SLTH_UNIT_OGRE', 'BUILDING_BARRACKS');

INSERT INTO Tags(Tag, Vocabulary) VALUES
('CLASS_ANIMAL', 'ABILITY_CLASS'),
('CLASS_BEAST', 'ABILITY_CLASS'),
('CLASS_ADEPT', 'ABILITY_CLASS'),
('CLASS_DISCIPLE', 'ABILITY_CLASS'),
('CAN_BE_RACIALIZED', 'ABILITY_CLASS'),
('RACE_HUMAN', 'ABILITY_CLASS'),
('RACE_ELVEN', 'ABILITY_CLASS'),
('RACE_ORCISH', 'ABILITY_CLASS'),
('RACE_DWARVEN', 'ABILITY_CLASS'),
('RACE_LIZARDMEN', 'ABILITY_CLASS'),
('RACE_WINTERBORN', 'ABILITY_CLASS'),
('RACE_FROSTLING', 'ABILITY_CLASS'),
('RACE_DEMON', 'ABILITY_CLASS'),
('IS_UNDEAD', 'ABILITY_CLASS'),
('RACE_ANGEL', 'ABILITY_CLASS'),
('RACE_GOLEM', 'ABILITY_CLASS'),
('RACE_ELEMENTAL', 'ABILITY_CLASS'),
('TAG_VULN_FIRE', 'ABILITY_CLASS');

INSERT INTO TypeTags(Type, Tag) VALUES
('SLTH_UNIT_ADEPT', 'CLASS_ADEPT'),
('SLTH_UNIT_SHAMAN', 'CLASS_ADEPT'),
('SLTH_UNIT_ARCANE_BARGE', 'CLASS_NAVAL_MELEE'),
('SLTH_UNIT_ARCHER', 'CLASS_RANGED'),
('SLTH_UNIT_ARCHER_SCORPION_CLAN', 'CLASS_RANGED'),
('SLTH_UNIT_JAVELIN_THROWER', 'CLASS_RANGED'),
('SLTH_UNIT_ARCHMAGE', 'CLASS_ADEPT'),
('SLTH_UNIT_ARQUEBUS', 'CLASS_RANGED'),
('SLTH_UNIT_ASSASSIN', 'CLASS_RECON'),
('SLTH_UNIT_SWORDSMAN', 'CLASS_MELEE'),

('SLTH_UNIT_BATTERING_RAM', 'CLASS_SIEGE'),
('SLTH_UNIT_CHAOS_MARAUDER', 'CLASS_MELEE'),
('SLTH_UNIT_EINHERJAR', 'CLASS_DISCIPLE'),
('SLTH_UNIT_EYE', 'CLASS_MELEE'),
('SLTH_UNIT_ICE_ELEMENTAL', 'CLASS_MELEE'),
('SLTH_UNIT_IRA', 'CLASS_MELEE'),
('SLTH_UNIT_PIT_BEAST', 'CLASS_BEAST'),

('SLTH_UNIT_BEASTMASTER', 'CLASS_RECON'),
('SLTH_UNIT_BALOR', 'CLASS_MELEE'),
('SLTH_UNIT_BERSERKER', 'CLASS_MELEE'),
('SLTH_UNIT_CANNON', 'CLASS_SIEGE'),
('SLTH_UNIT_CARAVEL', 'CLASS_NAVAL_MELEE'),
('SLTH_UNIT_CATAPULT', 'CLASS_SIEGE'),
('SLTH_UNIT_CHAMPION', 'CLASS_MELEE'),
('SLTH_UNIT_OGRE', 'CLASS_MELEE'),
('SLTH_UNIT_CHARIOT', 'CLASS_LIGHT_CAVALRY'),
('SLTH_UNIT_CHARIOT_SCORPION_CLAN', 'CLASS_LIGHT_CAVALRY'),
('SLTH_UNIT_CROSSBOWMAN', 'CLASS_RANGED'),
('SLTH_UNIT_DRIFA', 'CLASS_BEAST'),
('SLTH_UNIT_DRUID', 'CLASS_DISCIPLE'),
('SLTH_UNIT_DUIN', 'CLASS_BEAST'),
('SLTH_UNIT_DWARVEN_SOLDIER_RUNES', 'CLASS_MELEE'),
('SLTH_UNIT_EIDOLON', 'CLASS_DISCIPLE'),

('SLTH_UNIT_FRIGATE', 'CLASS_NAVAL_MELEE'),
('SLTH_UNIT_GAELAN', 'CLASS_ADEPT'),
('SLTH_UNIT_GALLEON', 'CLASS_NAVAL_MELEE'),
('SLTH_UNIT_GALLEY', 'CLASS_NAVAL_MELEE'),

('SLTH_UNIT_GREATER_WEREWOLF', 'CLASS_BEAST'),
('SLTH_UNIT_GRIGORI_MEDIC', 'CLASS_MELEE'),
('SLTH_UNIT_HAWK', 'CLASS_MELEE'),
('SLTH_UNIT_DISCIPLE_OF_ACHERON', 'CLASS_ADEPT'),
('SLTH_UNIT_DISCIPLE_OF_ACHERON', 'CAN_BE_RACIALIZED'),
('SLTH_UNIT_HILL_GIANT', 'CLASS_BEAST'),
('SLTH_UNIT_HORSE_ARCHER', 'CLASS_LIGHT_CAVALRY'),
('SLTH_UNIT_HORSEMAN', 'CLASS_LIGHT_CAVALRY'),
('SLTH_UNIT_WOLF_RIDER', 'CLASS_LIGHT_CAVALRY'),
('SLTH_UNIT_WOLF_RIDER_SCORPION_CLAN', 'CLASS_LIGHT_CAVALRY'),
('SLTH_UNIT_HUNTER', 'CLASS_RECON'),
('SLTH_UNIT_IMMORTAL', 'CLASS_MELEE'),
('SLTH_UNIT_OGRE_WARCHIEF', 'CLASS_MELEE'),
('SLTH_UNIT_LICH', 'CLASS_ADEPT'),
('SLTH_UNIT_LONGBOWMAN', 'CLASS_RANGED'),
('SLTH_UNIT_LUNATIC', 'CLASS_MELEE'),
('SLTH_UNIT_MAGE', 'CLASS_ADEPT'),
('SLTH_UNIT_MAN_O_WAR', 'CLASS_NAVAL_MELEE'),
('SLTH_UNIT_MANTICORE', 'CLASS_BEAST'),
('SLTH_UNIT_MARKSMAN', 'CLASS_RANGED'),
('SLTH_UNIT_MARY', 'CLASS_MELEE'),
('SLTH_UNIT_MERCENARY', 'CLASS_MELEE'),
('SLTH_UNIT_MESHABBER', 'CLASS_MELEE'),
('SLTH_UNIT_MISTFORM', 'CLASS_MELEE'),
('SLTH_UNIT_MUIRIN', 'CLASS_MELEE'),
('SLTH_UNIT_PALADIN', 'CLASS_DISCIPLE'),
('SLTH_UNIT_PHALANX', 'CLASS_MELEE'),
('SLTH_UNIT_STONESKIN_OGRE', 'CLASS_MELEE'),
('SLTH_UNIT_PRIVATEER', 'CLASS_NAVAL_MELEE'),
('SLTH_UNIT_AIRSHIP', 'CLASS_NAVAL_MELEE'),
('SLTH_UNIT_QUEEN_OF_THE_LINE', 'CLASS_NAVAL_MELEE'),
('SLTH_UNIT_RANGER', 'CLASS_RECON'),
('SLTH_UNIT_RANTINE', 'CLASS_MELEE'),
('SLTH_UNIT_RAVENOUS_WEREWOLF', 'CLASS_BEAST'),
('SLTH_UNIT_REVELERS', 'CLASS_RECON'),
('SLTH_UNIT_ROYAL_GUARD', 'CLASS_LIGHT_CAVALRY'),
('SLTH_UNIT_SAILORS_DIRGE', 'CLASS_NAVAL_MELEE'),
('SLTH_UNIT_SAND_LION', 'CLASS_BEAST'),
('SLTH_UNIT_SCORPION', 'CLASS_ANIMAL'),
('SLTH_UNIT_GOBLIN', 'CLASS_RECON'),
('SLTH_UNIT_GOBLIN_SCORPION_CLAN', 'CLASS_RECON'),
('SLTH_UNIT_SCOUT', 'CLASS_RECON'),
('SLTH_UNIT_SKELETON', 'CLASS_MELEE'),
('SLTH_UNIT_SPECTRE', 'CLASS_MELEE'),
('SLTH_UNIT_TRIREME', 'CLASS_NAVAL_MELEE'),
('SLTH_UNIT_WAR_ELEPHANT', 'CLASS_LIGHT_CAVALRY'),
('SLTH_UNIT_WEREWOLF', 'CLASS_BEAST'),
('SLTH_UNIT_ADEPT', 'CAN_BE_RACIALIZED'),
('SLTH_UNIT_SHAMAN', 'CAN_BE_RACIALIZED'),
('SLTH_UNIT_ARCHER', 'CAN_BE_RACIALIZED'),
('SLTH_UNIT_ARCHER_SCORPION_CLAN', 'RACE_ORCISH'),
('SLTH_UNIT_JAVELIN_THROWER', 'CAN_BE_RACIALIZED'),
('SLTH_UNIT_ARCHMAGE', 'CAN_BE_RACIALIZED'),
('SLTH_UNIT_ARQUEBUS', 'CAN_BE_RACIALIZED'),
('SLTH_UNIT_ASSASSIN', 'CAN_BE_RACIALIZED'),
('SLTH_UNIT_SWORDSMAN', 'CAN_BE_RACIALIZED'),
('SLTH_UNIT_BEASTMASTER', 'CAN_BE_RACIALIZED'),
('SLTH_UNIT_BALOR', 'RACE_DEMON'),
('SLTH_UNIT_BERSERKER', 'CAN_BE_RACIALIZED'),
('SLTH_UNIT_CHAMPION', 'CAN_BE_RACIALIZED'),
('SLTH_UNIT_OGRE', 'RACE_ORCISH'),
('SLTH_UNIT_CHAOS_MARAUDER', 'RACE_DEMON'),
('SLTH_UNIT_CHARIOT_SCORPION_CLAN', 'RACE_ORCISH'),
('SLTH_UNIT_CROSSBOWMAN', 'CAN_BE_RACIALIZED'),
('SLTH_UNIT_DRUID', 'CAN_BE_RACIALIZED'),
('SLTH_UNIT_DUIN', 'RACE_WINTERBORN'),
('SLTH_UNIT_DWARVEN_SOLDIER_RUNES', 'RACE_DWARVEN'),
('SLTH_UNIT_EIDOLON', 'RACE_DEMON'),
('SLTH_UNIT_EINHERJAR', 'RACE_ANGEL'),
('SLTH_UNIT_GAELAN', 'RACE_HUMAN'),
('SLTH_UNIT_GRIGORI_MEDIC', 'CAN_BE_RACIALIZED'),
('SLTH_UNIT_HORSE_ARCHER', 'CAN_BE_RACIALIZED'),
('SLTH_UNIT_HORSEMAN', 'CAN_BE_RACIALIZED'),
('SLTH_UNIT_WOLF_RIDER', 'RACE_ORCISH'),
('SLTH_UNIT_WOLF_RIDER_SCORPION_CLAN', 'RACE_ORCISH'),
('SLTH_UNIT_HUNTER', 'CAN_BE_RACIALIZED'),
('SLTH_UNIT_IMMORTAL', 'CAN_BE_RACIALIZED'),
('SLTH_UNIT_OGRE_WARCHIEF', 'RACE_ORCISH'),
('SLTH_UNIT_LICH', 'IS_UNDEAD'),
('SLTH_UNIT_GARGOYLE', 'RACE_GOLEM'),
('SLTH_UNIT_LONGBOWMAN', 'CAN_BE_RACIALIZED'),
('SLTH_UNIT_LUNATIC', 'CAN_BE_RACIALIZED'),
('SLTH_UNIT_MAGE', 'CAN_BE_RACIALIZED'),
('SLTH_UNIT_MARKSMAN', 'CAN_BE_RACIALIZED'),
('SLTH_UNIT_MARY', 'RACE_HUMAN'),
('SLTH_UNIT_MERCENARY', 'CAN_BE_RACIALIZED'),
('SLTH_UNIT_MESHABBER', 'RACE_DEMON'),
('SLTH_UNIT_MOKKA', 'RACE_FROSTLING'),
('SLTH_UNIT_MUIRIN', 'RACE_DWARVEN'),
('SLTH_UNIT_PALADIN', 'CAN_BE_RACIALIZED'),
('SLTH_UNIT_PHALANX', 'CAN_BE_RACIALIZED'),
('SLTH_UNIT_STONESKIN_OGRE', 'RACE_ORCISH'),
('SLTH_UNIT_PIT_BEAST', 'RACE_DEMON'),
('SLTH_UNIT_PRIEST_OF_WINTER', 'CAN_BE_RACIALIZED'),
('SLTH_UNIT_RANGER', 'CAN_BE_RACIALIZED'),
('SLTH_UNIT_RANTINE', 'RACE_ORCISH'),
('SLTH_UNIT_ROYAL_GUARD', 'CAN_BE_RACIALIZED'),
('SLTH_UNIT_GOBLIN', 'RACE_ORCISH'),
('SLTH_UNIT_GOBLIN_SCORPION_CLAN', 'RACE_ORCISH'),
('SLTH_UNIT_SCOUT', 'CAN_BE_RACIALIZED'),
('SLTH_UNIT_SKELETON', 'IS_UNDEAD'),
('SLTH_UNIT_SLAVE', 'CAN_BE_RACIALIZED'),
('UNIT_WARRIOR', 'CAN_BE_RACIALIZED'),
('SLTH_UNIT_AIR_ELEMENTAL', 'RACE_ELEMENTAL'),
('SLTH_UNIT_DJINN',  'RACE_ELEMENTAL'),
('SLTH_UNIT_FIRE_ELEMENTAL', 'RACE_ELEMENTAL'),
('SLTH_UNIT_FIREBALL', 'RACE_ELEMENTAL'),
('SLTH_UNIT_ICE_ELEMENTAL', 'RACE_ELEMENTAL'),
('SLTH_UNIT_LIGHTNING_ELEMENTAL', 'RACE_ELEMENTAL'),
('SLTH_UNIT_AUREALIS', 'RACE_ELEMENTAL'),
('SLTH_UNIT_MISTFORM', 'RACE_ELEMENTAL'),
('SLTH_UNIT_SAND_LION', 'RACE_ELEMENTAL'),
('SLTH_UNIT_WATER_ELEMENTAL', 'RACE_ELEMENTAL'),
('SLTH_UNIT_TREANT', 'TAG_VULN_FIRE'),
('SLTH_UNIT_DROWN', 'TAG_VULN_FIRE'),
('SLTH_UNIT_WILBOMAN', 'TAG_VULN_FIRE'),
('SLTH_UNIT_DRIFA', 'TAG_VULN_FIRE'),
('SLTH_UNIT_ICE_ELEMENTAL', 'TAG_VULN_FIRE'),
('SLTH_UNIT_MUIRIN', 'TAG_VULN_FIRE');

-- make table of all units that arent alive.
-- all angels, avatars, demons, elemental, golem, illusion, puppet, undead

CREATE TABLE IF NOT EXISTS UnitsNotAlive(
    UnitType text primary key);
--   references Units
--                                                    on update cascade on delete set null
INSERT INTO UnitsNotAlive(UnitType) VALUES
('SLTH_UNIT_REPENTANT_ANGEL'),
('SLTH_UNIT_ANGEL'),
('SLTH_UNIT_ANGEL_OF_DEATH'),
('SLTH_UNIT_VALKYRIE'),
('SLTH_UNIT_BASIUM'),
('SLTH_UNIT_HERALD'),
('SLTH_UNIT_OPHANIM'),
('SLTH_UNIT_SERAPH'),
('SLTH_UNIT_SPHENER'),
('SLTH_UNIT_EINHERJAR'),
('SLTH_UNIT_WRATH'),
('SLTH_UNIT_AURIC_ASCENDED'),
('SLTH_UNIT_MANES'),
('SLTH_UNIT_HELLHOUND'),
('SLTH_UNIT_HYBOREM'),
('SLTH_UNIT_IMP'),
('SLTH_UNIT_SUCCUBUS'),
('SLTH_UNIT_TAR_DEMON'),
('SLTH_UNIT_MARDERO'),
('SLTH_UNIT_DEATH_KNIGHT'),
('SLTH_UNIT_BALOR'),
('SLTH_UNIT_CHAOS_MARAUDER'),
('SLTH_UNIT_EIDOLON'),
('SLTH_UNIT_MESHABBER'),
('SLTH_UNIT_PIT_BEAST'),
('SLTH_UNIT_SAVEROUS'),
('SLTH_UNIT_STYGIAN_GUARD'),
('SLTH_UNIT_AIR_ELEMENTAL'),
('SLTH_UNIT_DJINN'),
('SLTH_UNIT_FIRE_ELEMENTAL'),
('SLTH_UNIT_FIREBALL'),
('SLTH_UNIT_ICE_ELEMENTAL'),
('SLTH_UNIT_LIGHTNING_ELEMENTAL'),
('SLTH_UNIT_AUREALIS'),
('SLTH_UNIT_MISTFORM'),
('SLTH_UNIT_SAND_LION'),
('SLTH_UNIT_WATER_ELEMENTAL'),
('SLTH_UNIT_WOOD_GOLEM'),
('SLTH_UNIT_CLOCKWORK_GOLEM'),
('SLTH_UNIT_IRON_GOLEM'),
('SLTH_UNIT_BONE_GOLEM'),
('SLTH_UNIT_NULLSTONE_GOLEM'),
('SLTH_UNIT_BARNAXUS'),
('SLTH_UNIT_MUD_GOLEM'),
('SLTH_UNIT_LICH'),
('SLTH_UNIT_SKELETON'),
('SLTH_UNIT_DISEASED_CORPSE'),
('SLTH_UNIT_DROWN'),
('SLTH_UNIT_PYRE_ZOMBIE');

INSERT INTO TypeProperties(Type, Name, Value, PropertyType) VALUES
('SLTH_UNIT_EARTH_ELEMENTAL', 'LIFESPAN', '1', 'PROPERTYTYPE_IDENTITY'),
('SLTH_UNIT_EINHERJAR', 'LIFESPAN', '1', 'PROPERTYTYPE_IDENTITY'),
('SLTH_UNIT_EYE', 'LIFESPAN', '1', 'PROPERTYTYPE_IDENTITY'),
('SLTH_UNIT_FIRE_ELEMENTAL', 'LIFESPAN', '1', 'PROPERTYTYPE_IDENTITY'),
('SLTH_UNIT_FIREBALL', 'LIFESPAN', '1', 'PROPERTYTYPE_IDENTITY'),
('SLTH_UNIT_ICE_ELEMENTAL', 'LIFESPAN', '1', 'PROPERTYTYPE_IDENTITY'),
('SLTH_UNIT_LIGHTNING_ELEMENTAL', 'LIFESPAN', '1', 'PROPERTYTYPE_IDENTITY'),
('SLTH_UNIT_MISTFORM', 'LIFESPAN', '1', 'PROPERTYTYPE_IDENTITY'),
('SLTH_UNIT_PIT_BEAST', 'LIFESPAN', '1', 'PROPERTYTYPE_IDENTITY'),
('SLTH_UNIT_SPECTRE', 'LIFESPAN', '1', 'PROPERTYTYPE_IDENTITY'),
('SLTH_UNIT_WATER_ELEMENTAL', 'LIFESPAN', '1', 'PROPERTYTYPE_IDENTITY'),
('SLTH_UNIT_WRAITH', 'LIFESPAN', '1', 'PROPERTYTYPE_IDENTITY');
INSERT INTO UnitPromotionClasses(PromotionClassType, Name) VALUES
('PROMOTION_CLASS_ANIMAL', 'LOC_PROMOTION_CLASS_ANIMAL_NAME'),
('PROMOTION_CLASS_BEAST', 'LOC_PROMOTION_CLASS_BEAST_NAME'),
('PROMOTION_CLASS_ADEPT', 'LOC_PROMOTION_CLASS_ADEPT_NAME'),
('PROMOTION_CLASS_DISCIPLE', 'LOC_PROMOTION_CLASS_DISCIPLE_NAME');
INSERT INTO Types(Type, Kind) VALUES
('PROMOTION_CLASS_ANIMAL', 'KIND_PROMOTION_CLASS'),
('PROMOTION_CLASS_BEAST', 'KIND_PROMOTION_CLASS'),
('PROMOTION_CLASS_ADEPT', 'KIND_PROMOTION_CLASS'),
('PROMOTION_CLASS_DISCIPLE', 'KIND_PROMOTION_CLASS'),
('SLTH_UNIT_ADEPT', 'KIND_UNIT'),
('SLTH_UNIT_SHAMAN', 'KIND_UNIT'),
('SLTH_UNIT_ARCANE_BARGE', 'KIND_UNIT'),
('SLTH_UNIT_ARCHER', 'KIND_UNIT'),
('SLTH_UNIT_ARCHER_SCORPION_CLAN', 'KIND_UNIT'),
('SLTH_UNIT_JAVELIN_THROWER', 'KIND_UNIT'),
('SLTH_UNIT_ARCHMAGE', 'KIND_UNIT'),
('SLTH_UNIT_ARQUEBUS', 'KIND_UNIT'),
('SLTH_UNIT_ASSASSIN', 'KIND_UNIT'),
('SLTH_UNIT_AURIC_ASCENDED', 'KIND_UNIT'),
('SLTH_UNIT_SWORDSMAN', 'KIND_UNIT'),
('SLTH_UNIT_BEASTMASTER', 'KIND_UNIT'),
('SLTH_UNIT_BALOR', 'KIND_UNIT'),
('SLTH_UNIT_BERSERKER', 'KIND_UNIT'),
('SLTH_UNIT_CANNON', 'KIND_UNIT'),
('SLTH_UNIT_CARAVEL', 'KIND_UNIT'),
('SLTH_UNIT_CATAPULT', 'KIND_UNIT'),
('SLTH_UNIT_CHAMPION', 'KIND_UNIT'),
('SLTH_UNIT_OGRE', 'KIND_UNIT'),
('SLTH_UNIT_CHAOS_MARAUDER', 'KIND_UNIT'),
('SLTH_UNIT_CHARIOT', 'KIND_UNIT'),
('SLTH_UNIT_CHARIOT_SCORPION_CLAN', 'KIND_UNIT'),
('SLTH_UNIT_CROSSBOWMAN', 'KIND_UNIT'),
('SLTH_UNIT_DRUID', 'KIND_UNIT'),
('SLTH_UNIT_DUIN', 'KIND_UNIT'),
('SLTH_UNIT_DWARVEN_SOLDIER_RUNES', 'KIND_UNIT'),
('SLTH_UNIT_EIDOLON', 'KIND_UNIT'),
('SLTH_UNIT_FRIGATE', 'KIND_UNIT'),
('SLTH_UNIT_GAELAN', 'KIND_UNIT'),
('SLTH_UNIT_GALLEON', 'KIND_UNIT'),
('SLTH_UNIT_GALLEY', 'KIND_UNIT'),
('SLTH_UNIT_GREATER_WEREWOLF', 'KIND_UNIT'),
('SLTH_UNIT_GRIGORI_MEDIC', 'KIND_UNIT'),
('SLTH_UNIT_HAWK', 'KIND_UNIT'),
('SLTH_UNIT_HILL_GIANT', 'KIND_UNIT'),
('SLTH_UNIT_HORSE_ARCHER', 'KIND_UNIT'),
('SLTH_UNIT_HORSEMAN', 'KIND_UNIT'),
('SLTH_UNIT_WOLF_RIDER', 'KIND_UNIT'),
('SLTH_UNIT_WOLF_RIDER_SCORPION_CLAN', 'KIND_UNIT'),
('SLTH_UNIT_HUNTER', 'KIND_UNIT'),
('SLTH_UNIT_IMMORTAL', 'KIND_UNIT'),
('SLTH_UNIT_OGRE_WARCHIEF', 'KIND_UNIT'),
('SLTH_UNIT_LICH', 'KIND_UNIT'),
('SLTH_UNIT_GARGOYLE', 'KIND_UNIT'),
('SLTH_UNIT_LONGBOWMAN', 'KIND_UNIT'),
('SLTH_UNIT_LUNATIC', 'KIND_UNIT'),
('SLTH_UNIT_MAGE', 'KIND_UNIT'),
('SLTH_UNIT_MAN_O_WAR', 'KIND_UNIT'),
('SLTH_UNIT_MANTICORE', 'KIND_UNIT'),
('SLTH_UNIT_MARKSMAN', 'KIND_UNIT'),
('SLTH_UNIT_MARY', 'KIND_UNIT'),
('SLTH_UNIT_MERCENARY', 'KIND_UNIT'),
('SLTH_UNIT_MESHABBER', 'KIND_UNIT'),
('SLTH_UNIT_MUIRIN', 'KIND_UNIT'),
('SLTH_UNIT_PALADIN', 'KIND_UNIT'),
('SLTH_UNIT_PHALANX', 'KIND_UNIT'),
('SLTH_UNIT_STONESKIN_OGRE', 'KIND_UNIT'),
('SLTH_UNIT_PRIEST_OF_WINTER', 'KIND_UNIT'),
('SLTH_UNIT_PRIVATEER', 'KIND_UNIT'),
('SLTH_UNIT_AIRSHIP', 'KIND_UNIT'),
('SLTH_UNIT_QUEEN_OF_THE_LINE', 'KIND_UNIT'),
('SLTH_UNIT_RANGER', 'KIND_UNIT'),
('SLTH_UNIT_RANTINE', 'KIND_UNIT'),
('SLTH_UNIT_RAVENOUS_WEREWOLF', 'KIND_UNIT'),
('SLTH_UNIT_ROYAL_GUARD', 'KIND_UNIT'),
('SLTH_UNIT_SAILORS_DIRGE', 'KIND_UNIT'),
('SLTH_UNIT_SAND_LION', 'KIND_UNIT'),
('SLTH_UNIT_SCORPION', 'KIND_UNIT'),
('SLTH_UNIT_GOBLIN', 'KIND_UNIT'),
('SLTH_UNIT_GOBLIN_SCORPION_CLAN', 'KIND_UNIT'),
('SLTH_UNIT_SCOUT', 'KIND_UNIT'),
('SLTH_UNIT_SHADE', 'KIND_UNIT'),
('SLTH_UNIT_SLAVE', 'KIND_UNIT'),
('SLTH_UNIT_SUPPLIES', 'KIND_UNIT'),
('SLTH_UNIT_TRIREME', 'KIND_UNIT'),
('SLTH_UNIT_WAR_ELEPHANT', 'KIND_UNIT'),
('SLTH_UNIT_WEREWOLF', 'KIND_UNIT'),
('SLTH_UNIT_DISCIPLE_OF_ACHERON', 'KIND_UNIT'),
('SLTH_UNIT_IRA', 'KIND_UNIT'),
('SLTH_UNIT_LIGHTNING_ELEMENTAL', 'KIND_UNIT'),
('SLTH_UNIT_ICE_ELEMENTAL', 'KIND_UNIT'),
('SLTH_UNIT_GUARDIAN_VINES', 'KIND_UNIT'),
('SLTH_UNIT_EINHERJAR', 'KIND_UNIT'),
('SLTH_UNIT_BATTERING_RAM', 'KIND_UNIT'),
('SLTH_UNIT_AIR_ELEMENTAL', 'KIND_UNIT'),
('SLTH_UNIT_AUREALIS', 'KIND_UNIT'),
('SLTH_UNIT_DJINN', 'KIND_UNIT'),
('SLTH_UNIT_EARTH_ELEMENTAL', 'KIND_UNIT'),
('SLTH_UNIT_EYE', 'KIND_UNIT'),
('SLTH_UNIT_FIRE_ELEMENTAL', 'KIND_UNIT'),
('SLTH_UNIT_FIREBALL', 'KIND_UNIT'),
('SLTH_UNIT_FLESH_GOLEM', 'KIND_UNIT'),
('SLTH_UNIT_WRAITH', 'KIND_UNIT'),
('SLTH_UNIT_TREANT', 'KIND_UNIT'),
('SLTH_UNIT_METEOR', 'KIND_UNIT'),
('SLTH_UNIT_MISTFORM', 'KIND_UNIT'),
('SLTH_UNIT_PIT_BEAST', 'KIND_UNIT'),
('SLTH_UNIT_SEVERED_SOUL', 'KIND_UNIT'),
('SLTH_UNIT_SKELETON', 'KIND_UNIT'),
('SLTH_UNIT_SPECTRE', 'KIND_UNIT'),
('SLTH_UNIT_WATER_ELEMENTAL', 'KIND_UNIT');
