INSERT INTO UnitOperations (OperationType, Description, Icon, VisibleInUI, HoldCycling, CategoryInUI) VALUES
('UNITOPERATION_SUMMON_AIR_ELEMENTAL', 'LOC_SUMMON_AIR_ELEMENTAL_DESCRIPTION', 'ICON_UNITCOMMAND_TREAT_WITH_CLAN_DISPERSE', 1, 1, 'BUILD'),
('UNITOPERATION_SUMMON_DJINN', 'LOC_SUMMON_DJINN_DESCRIPTION', 'ICON_UNITCOMMAND_TREAT_WITH_CLAN_DISPERSE', 1, 1, 'BUILD'),
('UNITOPERATION_SUMMON_EYE', 'LOC_SUMMON_EYE_DESCRIPTION', 'ICON_UNITCOMMAND_TREAT_WITH_CLAN_DISPERSE', 1, 1, 'BUILD'),
('UNITOPERATION_SUMMON_EARTH_ELEMENTAL', 'LOC_SUMMON_EARTH_ELEMENTAL_DESCRIPTION', 'ICON_UNITCOMMAND_TREAT_WITH_CLAN_DISPERSE', 1, 1, 'BUILD'),
('UNITOPERATION_SUMMON_FIRE_ELEMENTAL', 'LOC_SUMMON_FIRE_ELEMENTAL_DESCRIPTION', 'ICON_UNITCOMMAND_TREAT_WITH_CLAN_DISPERSE', 1, 1, 'BUILD'),
('UNITOPERATION_SUMMON_FIREBALL', 'LOC_SUMMON_FIREBALL_DESCRIPTION', 'ICON_UNITCOMMAND_TREAT_WITH_CLAN_DISPERSE', 1, 1, 'BUILD'),
('UNITOPERATION_SUMMON_ICE_ELEMENTAL', 'LOC_SUMMON_ICE_ELEMENTAL_DESCRIPTION', 'ICON_UNITCOMMAND_TREAT_WITH_CLAN_DISPERSE', 1, 1, 'BUILD'),
('UNITOPERATION_SUMMON_EINHERJAR', 'LOC_SUMMON_EINHERJAR_DESCRIPTION', 'ICON_UNITCOMMAND_TREAT_WITH_CLAN_DISPERSE', 1, 1, 'BUILD'),
('UNITOPERATION_SUMMON_AUREALIS', 'LOC_SUMMON_AUREALIS_DESCRIPTION', 'ICON_UNITCOMMAND_TREAT_WITH_CLAN_DISPERSE', 1, 1, 'BUILD'),
('UNITOPERATION_SUMMON_PIT_BEAST', 'LOC_SUMMON_PIT_BEAST_DESCRIPTION', 'ICON_UNITCOMMAND_TREAT_WITH_CLAN_DISPERSE', 1, 1, 'BUILD'),
('UNITOPERATION_SUMMON_MISTFORM', 'LOC_SUMMON_MISTFORM_DESCRIPTION', 'ICON_UNITCOMMAND_TREAT_WITH_CLAN_DISPERSE', 1, 1, 'BUILD'),
('UNITOPERATION_SUMMON_SPECTRE', 'LOC_SUMMON_SPECTRE_DESCRIPTION', 'ICON_UNITCOMMAND_TREAT_WITH_CLAN_DISPERSE', 1, 1, 'BUILD'),
('UNITOPERATION_SUMMON_WATER_ELEMENTAL', 'LOC_SUMMON_WATER_ELEMENTAL_DESCRIPTION', 'ICON_UNITCOMMAND_TREAT_WITH_CLAN_DISPERSE', 1, 1, 'BUILD'),
('UNITOPERATION_SUMMON_WRAITH', 'LOC_SUMMON_WRAITH_DESCRIPTION', 'ICON_UNITCOMMAND_TREAT_WITH_CLAN_DISPERSE', 1, 1, 'BUILD'),
('UNITOPERATION_SUMMON_FLESH_GOLEM', 'LOC_SUMMON_FLESH_GOLEM_DESCRIPTION', 'ICON_UNITCOMMAND_TREAT_WITH_CLAN_DISPERSE', 1, 1, 'BUILD'),
('UNITOPERATION_SUMMON_SKELETON', 'LOC_SUMMON_SKELETON_DESCRIPTION', 'ICON_UNITCOMMAND_TREAT_WITH_CLAN_DISPERSE', 1, 1, 'BUILD'),
('UNITOPERATION_SUMMON_IRA', 'LOC_SUMMON_IRA_DESCRIPTION', 'ICON_UNITCOMMAND_TREAT_WITH_CLAN_DISPERSE', 1, 1, 'BUILD'),
('UNITOPERATION_GRANT_STONESKIN_SELF', 'LOC_GRANT_STONESKIN_SELF_DESCRIPTION', 'ICON_UNITCOMMAND_TREAT_WITH_CLAN_DISPERSE', 1, 1, 'BUILD'),
('UNITOPERATION_GRANT_WATERWALKING_SELF', 'LOC_GRANT_WATERWALKING_SELF_DESCRIPTION', 'ICON_UNITCOMMAND_TREAT_WITH_CLAN_DISPERSE', 1, 1, 'BUILD'),
('UNITOPERATION_GRANT_SPELL_STAFF_SELF', 'LOC_GRANT_SPELL_STAFF_SELF_DESCRIPTION', 'ICON_UNITCOMMAND_TREAT_WITH_CLAN_DISPERSE', 1, 1, 'BUILD'),

('UNITOPERATION_GRANT_ENCHANTED_BLADE_AOE', 'LOC_GRANT_ENCHANTED_BLADE_AOE_DESCRIPTION', 'ICON_UNITCOMMAND_TREAT_WITH_CLAN_DISPERSE', 1, 1, 'BUILD'),
('UNITOPERATION_GRANT_FAIR_WINDS', 'LOC_GRANT_FAIR_WINDS_DESCRIPTION', 'ICON_UNITCOMMAND_TREAT_WITH_CLAN_DISPERSE', 1, 1, 'BUILD'),
('UNITOPERATION_GRANT_HASTE_AOE', 'LOC_GRANT_HASTE_AOE_DESCRIPTION', 'ICON_UNITCOMMAND_TREAT_WITH_CLAN_DISPERSE', 1, 1, 'BUILD'),
('UNITOPERATION_GRANT_REGENERATION_AOE', 'LOC_GRANT_REGENERATION_AOE_DESCRIPTION', 'ICON_UNITCOMMAND_TREAT_WITH_CLAN_DISPERSE', 1, 1, 'BUILD'),
('UNITOPERATION_GRANT_DANCE_OF_BLADES_AOE', 'LOC_GRANT_DANCE_OF_BLADES_AOE_DESCRIPTION', 'ICON_UNITCOMMAND_TREAT_WITH_CLAN_DISPERSE', 1, 1, 'BUILD'),
('UNITOPERATION_GRANT_FLAMING_ARROWS_AOE', 'LOC_GRANT_FLAMING_ARROWS_AOE_DESCRIPTION', 'ICON_UNITCOMMAND_TREAT_WITH_CLAN_DISPERSE', 1, 1, 'BUILD'),
('UNITOPERATION_GRANT_LOYALTY_AOE', 'LOC_GRANT_LOYALTY_AOE_DESCRIPTION', 'ICON_UNITCOMMAND_TREAT_WITH_CLAN_DISPERSE', 1, 1, 'BUILD'),
('UNITOPERATION_GRANT_VALOR_AOE', 'LOC_GRANT_VALOR_AOE_DESCRIPTION', 'ICON_UNITCOMMAND_TREAT_WITH_CLAN_DISPERSE', 1, 1, 'BUILD'),
('UNITOPERATION_GRANT_POISONED_BLADE_AOE', 'LOC_GRANT_POISONED_BLADE_AOE_DESCRIPTION', 'ICON_UNITCOMMAND_TREAT_WITH_CLAN_DISPERSE', 1, 1, 'BUILD'),
('UNITOPERATION_GRANT_TREETOP_DEFENSE_AOE', 'LOC_GRANT_TREETOP_DEFENSE_AOE_DESCRIPTION', 'ICON_UNITCOMMAND_TREAT_WITH_CLAN_DISPERSE', 1, 1, 'BUILD'),
('UNITOPERATION_GRANT_BLUR_AOE', 'LOC_GRANT_BLUR_AOE_DESCRIPTION', 'ICON_UNITCOMMAND_TREAT_WITH_CLAN_DISPERSE', 1, 1, 'BUILD'),
('UNITOPERATION_GRANT_SHADOWWALK_AOE', 'LOC_GRANT_SHADOWWALK_AOE_DESCRIPTION', 'ICON_UNITCOMMAND_TREAT_WITH_CLAN_DISPERSE', 1, 1, 'BUILD'),
('UNITOPERATION_GRANT_COURAGE_AOE', 'LOC_GRANT_COURAGE_AOE_DESCRIPTION', 'ICON_UNITCOMMAND_TREAT_WITH_CLAN_DISPERSE', 1, 1, 'BUILD'),
('UNITOPERATION_GRANT_MUTATION_AOE', 'LOC_GRANT_MUTATION_AOE_DESCRIPTION', 'ICON_UNITCOMMAND_TREAT_WITH_CLAN_DISPERSE', 1, 1, 'BUILD'),
('UNITOPERATION_DEBUFF_CHARMED_AOE', 'LOC_DEBUFF_CHARMED_AOE_DESCRIPTION', 'ICON_UNITCOMMAND_TREAT_WITH_CLAN_DISPERSE', 1, 1, 'BUILD'),
('UNITOPERATION_DEBUFF_RUSTED_AOE', 'LOC_DEBUFF_RUSTED_AOE_DESCRIPTION', 'ICON_UNITCOMMAND_TREAT_WITH_CLAN_DISPERSE', 1, 1, 'BUILD'),
('UNITOPERATION_DEBUFF_BLINDED_AOE', 'LOC_DEBUFF_BLINDED_AOE_DESCRIPTION', 'ICON_UNITCOMMAND_TREAT_WITH_CLAN_DISPERSE', 1, 1, 'BUILD'),
('UNITOPERATION_DEBUFF_SLOW_AOE', 'LOC_DEBUFF_SLOW_AOE_DESCRIPTION', 'ICON_UNITCOMMAND_TREAT_WITH_CLAN_DISPERSE', 1, 1, 'BUILD'),
('UNITOPERATION_TERRAIN_CHANGE_SPRING', 'LOC_TERRAIN_CHANGE_SPRING_DESCRIPTION', 'ICON_UNITCOMMAND_TREAT_WITH_CLAN_DISPERSE', 1, 1, 'BUILD'),
('UNITOPERATION_TERRAIN_CHANGE_SCORCH', 'LOC_TERRAIN_CHANGE_SCORCH_DESCRIPTION', 'ICON_UNITCOMMAND_TREAT_WITH_CLAN_DISPERSE', 1, 1, 'BUILD'),
('UNITOPERATION_TERRAIN_CHANGE_VITALIZE', 'LOC_TERRAIN_CHANGE_VITALIZE_DESCRIPTION', 'ICON_UNITCOMMAND_TREAT_WITH_CLAN_DISPERSE', 1, 1, 'BUILD'),
('UNITOPERATION_AOE_DAMAGE_MAELSTROM', 'LOC_AOE_DAMAGE_MAELSTROM_DESCRIPTION', 'ICON_UNITCOMMAND_TREAT_WITH_CLAN_DISPERSE', 1, 1, 'BUILD'),
('UNITOPERATION_AOE_DAMAGE_DESTROY_UNDEAD', 'LOC_AOE_DAMAGE_DESTROY_UNDEAD_DESCRIPTION', 'ICON_UNITCOMMAND_TREAT_WITH_CLAN_DISPERSE', 1, 1, 'BUILD'),
('UNITOPERATION_AOE_DAMAGE_WITHER', 'LOC_AOE_DAMAGE_WITHER_DESCRIPTION', 'ICON_UNITCOMMAND_TREAT_WITH_CLAN_DISPERSE', 1, 1, 'BUILD'),
('UNITOPERATION_AOE_DAMAGE_SNOWFALL', 'LOC_AOE_DAMAGE_SNOWFALL_DESCRIPTION', 'ICON_UNITCOMMAND_TREAT_WITH_CLAN_DISPERSE', 1, 1, 'BUILD'),
('UNITOPERATION_WONDER', 'LOC__WONDER_DESCRIPTION', 'ICON_UNITCOMMAND_TREAT_WITH_CLAN_DISPERSE', 1, 1, 'BUILD'),
('UNITOPERATION_BLAZE', 'LOC__BLAZE_DESCRIPTION', 'ICON_UNITCOMMAND_TREAT_WITH_CLAN_DISPERSE', 1, 1, 'BUILD'),
('UNITOPERATION_RESURRECTION', 'LOC__RESURRECTION_DESCRIPTION', 'ICON_UNITCOMMAND_TREAT_WITH_CLAN_DISPERSE', 1, 1, 'BUILD'),
('UNITOPERATION_DOMINATION', 'LOC__DOMINATION_DESCRIPTION', 'ICON_UNITCOMMAND_TREAT_WITH_CLAN_DISPERSE', 1, 1, 'BUILD'),
('UNITOPERATION_TRUST', 'LOC__TRUST_DESCRIPTION', 'ICON_UNITCOMMAND_TREAT_WITH_CLAN_DISPERSE', 1, 1, 'BUILD'),
('UNITOPERATION_SANCTIFY', 'LOC__SANCTIFY_DESCRIPTION', 'ICON_UNITCOMMAND_TREAT_WITH_CLAN_DISPERSE', 1, 1, 'BUILD'),
('UNITOPERATION_DISPELL_MAGIC', 'LOC__DISPELL_MAGIC_DESCRIPTION', 'ICON_UNITCOMMAND_TREAT_WITH_CLAN_DISPERSE', 1, 1, 'BUILD'),
('UNITOPERATION_FEED_ON_CITY', 'LOC_FEED_ON_CITY_DESCRIPTION', 'ICON_UNITCOMMAND_TREAT_WITH_CLAN_DISPERSE', 1, 1, 'BUILD');


-- ('UNITOPERATION_$', 'LOC_$_DESCRIPTION', 'ICON_UNITCOMMAND_TREAT_WITH_CLAN_DISPERSE', 1, 1, 'BUILD'),
--

INSERT INTO Types(Type, Kind) VALUES
('UNITOPERATION_SUMMON_AIR_ELEMENTAL', 'KIND_UNITOPERATION'),
('UNITOPERATION_SUMMON_DJINN', 'KIND_UNITOPERATION'),
('UNITOPERATION_SUMMON_EYE', 'KIND_UNITOPERATION'),
('UNITOPERATION_SUMMON_EARTH_ELEMENTAL', 'KIND_UNITOPERATION'),
('UNITOPERATION_SUMMON_FIRE_ELEMENTAL', 'KIND_UNITOPERATION'),
('UNITOPERATION_SUMMON_FIREBALL', 'KIND_UNITOPERATION'),
('UNITOPERATION_SUMMON_EINHERJAR', 'KIND_UNITOPERATION'),
('UNITOPERATION_SUMMON_AUREALIS', 'KIND_UNITOPERATION'),
('UNITOPERATION_SUMMON_PIT_BEAST', 'KIND_UNITOPERATION'),
('UNITOPERATION_SUMMON_MISTFORM', 'KIND_UNITOPERATION'),
('UNITOPERATION_SUMMON_SPECTRE', 'KIND_UNITOPERATION'),
('UNITOPERATION_SUMMON_WATER_ELEMENTAL', 'KIND_UNITOPERATION'),
('UNITOPERATION_SUMMON_WRAITH', 'KIND_UNITOPERATION'),
('UNITOPERATION_SUMMON_FLESH_GOLEM', 'KIND_UNITOPERATION'),
('UNITOPERATION_SUMMON_SKELETON', 'KIND_UNITOPERATION'),
('UNITOPERATION_SUMMON_IRA', 'KIND_UNITOPERATION'),
('UNITOPERATION_GRANT_STONESKIN_SELF', 'KIND_UNITOPERATION'),
('UNITOPERATION_GRANT_WATERWALKING_SELF', 'KIND_UNITOPERATION'),
('UNITOPERATION_GRANT_SPELL_STAFF_SELF', 'KIND_UNITOPERATION'),
('UNITOPERATION_GRANT_ENCHANTED_BLADE_AOE', 'KIND_UNITOPERATION'),
('UNITOPERATION_GRANT_FAIR_WINDS', 'KIND_UNITOPERATION'),
('UNITOPERATION_GRANT_HASTE_AOE', 'KIND_UNITOPERATION'),
('UNITOPERATION_GRANT_REGENERATION_AOE', 'KIND_UNITOPERATION'),
('UNITOPERATION_GRANT_DANCE_OF_BLADES_AOE', 'KIND_UNITOPERATION'),
('UNITOPERATION_GRANT_FLAMING_ARROWS_AOE', 'KIND_UNITOPERATION'),
('UNITOPERATION_GRANT_LOYALTY_AOE', 'KIND_UNITOPERATION'),
('UNITOPERATION_GRANT_VALOR_AOE', 'KIND_UNITOPERATION'),
('UNITOPERATION_GRANT_POISONED_BLADE_AOE', 'KIND_UNITOPERATION'),
('UNITOPERATION_GRANT_TREETOP_DEFENSE_AOE', 'KIND_UNITOPERATION'),
('UNITOPERATION_GRANT_BLUR_AOE', 'KIND_UNITOPERATION'),
('UNITOPERATION_GRANT_SHADOWWALK_AOE', 'KIND_UNITOPERATION'),
('UNITOPERATION_GRANT_COURAGE_AOE', 'KIND_UNITOPERATION'),
('UNITOPERATION_GRANT_MUTATION_AOE', 'KIND_UNITOPERATION'),
('UNITOPERATION_DEBUFF_CHARMED_AOE', 'KIND_UNITOPERATION'),
('UNITOPERATION_DEBUFF_RUSTED_AOE', 'KIND_UNITOPERATION'),
('UNITOPERATION_DEBUFF_BLINDED_AOE', 'KIND_UNITOPERATION'),
('UNITOPERATION_DEBUFF_SLOW_AOE', 'KIND_UNITOPERATION'),
('UNITOPERATION_TERRAIN_CHANGE_SPRING', 'KIND_UNITOPERATION'),
('UNITOPERATION_TERRAIN_CHANGE_SCORCH', 'KIND_UNITOPERATION'),
('UNITOPERATION_TERRAIN_CHANGE_VITALIZE', 'KIND_UNITOPERATION'),
('UNITOPERATION_AOE_DAMAGE_MAELSTROM', 'KIND_UNITOPERATION'),
('UNITOPERATION_AOE_DAMAGE_DESTROY_UNDEAD', 'KIND_UNITOPERATION'),
('UNITOPERATION_AOE_DAMAGE_WITHER', 'KIND_UNITOPERATION'),
('UNITOPERATION_AOE_DAMAGE_SNOWFALL', 'KIND_UNITOPERATION'),
('UNITOPERATION_WONDER', 'KIND_UNITOPERATION'),
('UNITOPERATION_BLAZE', 'KIND_UNITOPERATION'),
('UNITOPERATION_RESURRECTION', 'KIND_UNITOPERATION'),
('UNITOPERATION_DOMINATION', 'KIND_UNITOPERATION'),
('UNITOPERATION_TRUST', 'KIND_UNITOPERATION'),
('UNITOPERATION_SANCTIFY', 'KIND_UNITOPERATION'),
('UNITOPERATION_DISPELL_MAGIC', 'KIND_UNITOPERATION'),
('UNITOPERATION_FEED_ON_CITY', 'KIND_UNITOPERATION');


CREATE TABLE IF NOT EXISTS CustomOperations(OperationType text primary key, Callback text, SimpleText text, PromotionPrereq text,
                                            UnitPrereq text, simpleAmount integer default 0, SecondAmount integer default 0,
                                            ThirdAmount integer default 0);

INSERT INTO CustomOperations (OperationType, Callback, SimpleText, PromotionPrereq, UnitPrereq) VALUES
('UNITOPERATION_SUMMON_AIR_ELEMENTAL', 'SlthOnSummon', 'SLTH_UNIT_AIR_ELEMENTAL', 'AIR_THREE', NULL),
('UNITOPERATION_SUMMON_DJINN', 'SlthOnSummon', 'SLTH_UNIT_DJINN', 'METAMAGIC_THREE', NULL),
('UNITOPERATION_SUMMON_EYE', 'SlthOnSummon', 'SLTH_UNIT_EYE', 'METAMAGIC_ONE', NULL),
('UNITOPERATION_SUMMON_EARTH_ELEMENTAL', 'SlthOnSummon', 'SLTH_UNIT_EARTH_ELEMENTAL', 'EARTH_THREE', NULL),
('UNITOPERATION_SUMMON_FIRE_ELEMENTAL', 'SlthOnSummon', 'SLTH_UNIT_FIRE_ELEMENTAL', 'FIRE_THREE', NULL),
('UNITOPERATION_SUMMON_FIREBALL', 'SlthOnSummon', 'SLTH_UNIT_FIREBALL', 'FIRE_TWO', NULL),
('UNITOPERATION_SUMMON_ICE_ELEMENTAL', 'SlthOnSummon', 'SLTH_UNIT_ICE_ELEMENTAL', 'ICE_TWO', NULL),
('UNITOPERATION_SUMMON_EINHERJAR', 'SlthOnSummon', 'SLTH_UNIT_EINHERJAR', 'LAW_TWO', NULL),
('UNITOPERATION_SUMMON_AUREALIS', 'SlthOnSummon', 'SLTH_UNIT_AUREALIS', 'SUN_THREE', NULL),
('UNITOPERATION_SUMMON_PIT_BEAST', 'SlthOnSummon', 'SLTH_UNIT_PIT_BEAST', 'ENTROPY_TWO', NULL),
('UNITOPERATION_SUMMON_MISTFORM', 'SlthOnSummon', 'SLTH_UNIT_MISTFORM', 'SHADOW_THREE', NULL),
('UNITOPERATION_SUMMON_SPECTRE', 'SlthOnSummon', 'SLTH_UNIT_SPECTRE', 'DEATH_TWO', NULL),
('UNITOPERATION_SUMMON_WATER_ELEMENTAL', 'SlthOnSummon', 'SLTH_UNIT_WATER_ELEMENTAL', 'WATER_THREE', NULL),
('UNITOPERATION_SUMMON_WRAITH', 'SlthOnSummon', 'SLTH_UNIT_WRAITH', 'DEATH_THREE', NULL),
('UNITOPERATION_SUMMON_FLESH_GOLEM', 'SlthOnSummonPerm', 'SLTH_UNIT_FLESH_GOLEM', 'BODY_THREE', NULL),
('UNITOPERATION_SUMMON_SKELETON', 'SlthOnSummonPerm', 'SLTH_UNIT_SKELETON', 'DEATH_ONE', NULL),
('UNITOPERATION_SUMMON_IRA', 'SlthOnSummonPerm', 'SLTH_UNIT_IRA', NULL, 'SLTH_UNIT_WRATH'),
('UNITOPERATION_GRANT_STONESKIN_SELF', 'SlthOnGrantBuffSelf', 'BUFF_STONESKIN', 'EARTH_TWO', NULL),
('UNITOPERATION_GRANT_WATERWALKING_SELF', 'SlthOnGrantBuffSelf', 'BUFF_WATERWALKING', 'WATER_TWO', NULL),
('UNITOPERATION_GRANT_SPELL_STAFF_SELF', 'SlthOnGrantBuffSelf', 'SLTH_EQUIPMENT_SPELL_STAFF_ABILITY', 'ENCHANTMENT_THREE', NULL),
('UNITOPERATION_GRANT_ENCHANTED_BLADE_AOE', 'SlthOnGrantBuffAoEAlly', 'BUFF_ENCHANTED_BLADE', 'ENCHANTMENT_ONE', NULL),
('UNITOPERATION_GRANT_FAIR_WINDS', 'SlthOnGrantBuffAoEAlly', 'BUFF_FAIR_WINDS', 'AIR_ONE', NULL),
('UNITOPERATION_GRANT_HASTE_AOE', 'SlthOnGrantBuffAoEAlly', 'BUFF_HASTE', 'BODY_ONE', NULL),
('UNITOPERATION_GRANT_REGENERATION_AOE', 'SlthOnGrantBuffAoEAlly', 'BUFF_REGENERATION', 'BODY_TWO', NULL),
('UNITOPERATION_GRANT_DANCE_OF_BLADES_AOE', 'SlthOnGrantBuffAoEAlly', 'BUFF_DANCE_OF_BLADES', 'CHAOS_ONE', NULL),
('UNITOPERATION_GRANT_FLAMING_ARROWS_AOE', 'SlthOnGrantBuffAoEAlly', 'ABILITY_FLAMING_ARROWS', 'ENCHANTMENT_TWO', NULL),
('UNITOPERATION_GRANT_LOYALTY_AOE', 'SlthOnGrantBuffAoEAlly', 'BUFF_LOYALTY', 'LAW_ONE', NULL),
('UNITOPERATION_GRANT_VALOR_AOE', 'SlthOnGrantBuffAoEAlly', 'BUFF_VALOR', 'LAW_THREE', NULL),
('UNITOPERATION_GRANT_POISONED_BLADE_AOE', 'SlthOnGrantBuffAoEAlly', 'ABILITY_POISONED_BLADE', 'NATURE_ONE', NULL),
('UNITOPERATION_GRANT_TREETOP_DEFENSE_AOE', 'SlthOnGrantBuffAoEAlly', 'BUFF_TREETOP', 'NATURE_TWO', NULL),
('UNITOPERATION_GRANT_BLUR_AOE', 'SlthOnGrantBuffAoEAlly', 'BUFF_BLUR', 'SHADOW_ONE', NULL),
('UNITOPERATION_GRANT_SHADOWWALK_AOE', 'SlthOnGrantBuffAoEAlly', 'BUFF_SHADOWWALK', 'SHADOW_TWO', NULL),
('UNITOPERATION_GRANT_COURAGE_AOE', 'SlthOnGrantBuffAoEAlly', 'BUFF_COURAGE', 'SPIRIT_ONE', NULL),
('UNITOPERATION_GRANT_MUTATION_AOE', 'SlthOnGrantBuffAoEAlly', 'BUFF_MUTATION', 'CHAOS_TWO', NULL),
('UNITOPERATION_DEBUFF_CHARMED_AOE', 'SlthOnGrantAbilityAoeEnemy', 'BUFF_CHARMED', 'MIND_TWO', NULL),
('UNITOPERATION_DEBUFF_RUSTED_AOE', 'SlthOnGrantAbilityAoeEnemy', 'BUFF_RUSTED', 'ENTROPY_ONE', NULL),
('UNITOPERATION_DEBUFF_BLINDED_AOE', 'SlthOnGrantAbilityAoeEnemy', 'BUFF_BLINDED', 'SUN_TWO', NULL),
('UNITOPERATION_DEBUFF_SLOW_AOE', 'SlthOnGrantAbilityAoeEnemy', 'BUFF_SLOW', 'ICE_ONE', NULL),
('UNITOPERATION_TERRAIN_CHANGE_SPRING', 'SlthOnChangeTerrain', 'SpringTo', 'WATER_ONE', NULL),
('UNITOPERATION_TERRAIN_CHANGE_SCORCH', 'SlthOnChangeTerrain', 'ScorchTo', 'SUN_ONE', NULL),
('UNITOPERATION_TERRAIN_CHANGE_VITALIZE', 'SlthOnChangeTerrain', 'VitalizeTo', 'NATURE_THREE', NULL),
('UNITOPERATION_WONDER', 'SlthOnBespokeSpell', NULL, 'CHAOS_THREE', NULL),
('UNITOPERATION_BLAZE', 'SlthOnBespokeSpell', NULL, 'FIRE_ONE', NULL),
('UNITOPERATION_RESURRECTION', 'SlthOnBespokeSpell', NULL, 'LIFE_THREE', NULL),
('UNITOPERATION_DOMINATION', 'SlthOnBespokeSpell', NULL, 'MIND_THREE', NULL),             -- this needs targetting
('UNITOPERATION_TRUST', 'SlthOnBespokeSpell', NULL, 'SPIRIT_THREE', NULL),
('UNITOPERATION_SANCTIFY', 'SlthOnBespokeSpell', NULL, 'LIFE_ONE', NULL),
('UNITOPERATION_DISPELL_MAGIC', 'SlthOnBespokeSpell', NULL, 'METAMAGIC_TWO', NULL),
('UNITOPERATION_FEED_ON_CITY', 'SlthOnBespokeSpell', NULL, NULL, 'SLTH_UNIT_VAMPIRE');          -- port to ability


INSERT INTO CustomOperations (OperationType, Callback, SimpleText, PromotionPrereq, UnitPrereq, SimpleAmount, SecondAmount, ThirdAmount) VALUES
('UNITOPERATION_AOE_DAMAGE_MAELSTROM', 'SlthOnAoeDamage', NULL, 'AIR_TWO', NULL, 10, 40, 60),                    -- placeholder amounts for now
('UNITOPERATION_AOE_DAMAGE_DESTROY_UNDEAD', 'SlthOnAoeDamage', NULL, 'LIFE_TWO', 'IS_UNDEAD', 10, 40, 60),
('UNITOPERATION_AOE_DAMAGE_WITHER', 'SlthOnAoeDamage', NULL, 'ENTROPY_THREE', NULL, 10, 40,  60),
('UNITOPERATION_AOE_DAMAGE_SNOWFALL', 'SlthOnAoeDamage', 'TERRAIN_SNOW', 'ICE_THREE', NULL, 30, 50, 90);


       -- Hope, Inspiration, Wall of Stone. just do REQUIREMENT_PLOT_ADJACENT_TO_OWNER? and ability on unit? PLAYER_CITIES Modifier?
    -- 	['LOC_UNITOPERATION_BUILDING_DESCRIPTION'] = {OnStart=OnRemoveBuff, iAmount=50},  FEATURE_BURNING_FOREST
    -- Special: Wonder, Blaze, Resurrection, Domination, Trust, Sanctify, Dispell_Magic.
-- }

       -- non spells: Grant Vampirism, Feed on City, Moroi Burning Blood, Consume Bloodpet, Myconid Spores,
       -- Ships change Crews, Doviello Duels, Sidar Shade, Arena Gladiator, Luichuirp repair Golem,
       -- Zoo buildings, Svartalfar kidnapping

CREATE TABLE IF NOT EXISTS TerrainTransforms(
    TerrainType text primary key,
    VitalizeTo text,
    ScorchTo text,
    SpringTo text,
    HellTerrainVariant text,
    IsHellTerrain boolean);

INSERT INTO TerrainTransforms (TerrainType, VitalizeTo, ScorchTo, SpringTo, HellTerrainVariant, IsHellTerrain) VALUES
('TERRAIN_BURNING_SANDS', 'TERRAIN_BROKEN_LANDS', NULL, 'TERRAIN_BROKEN_LANDS', 'TERRAIN_DESERT', 1),
('TERRAIN_BURNING_SANDS_HILLS', 'TERRAIN_BROKEN_LANDS_HILLS', NULL,'TERRAIN_BROKEN_LANDS_HILLS', 'TERRAIN_DESERT_HILLS', 1),
('TERRAIN_FIELDS_OF_PERDITION', 'TERRAIN_BROKEN_LANDS', 'TERRAIN_BURNING_SANDS', NULL, 'TERRAIN_PLAINS', 1),
('TERRAIN_FIELDS_OF_PERDITION_HILLS', 'TERRAIN_BROKEN_LANDS_HILLS', 'TERRAIN_BURNING_SANDS_HILLS', NULL, 'TERRAIN_PLAINS_HILLS', 1),
('TERRAIN_BROKEN_LANDS', NULL, NULL, NULL, 'TERRAIN_GRASS', 1),
('TERRAIN_BROKEN_LANDS_HILLS', NULL, NULL,  NULL, 'TERRAIN_GRASS_HILLS', 1),
('TERRAIN_DESERT', 'TERRAIN_PLAINS', NULL, 'TERRAIN_PLAINS','TERRAIN_BURNING_SANDS', 0),
('TERRAIN_DESERT_HILLS', 'TERRAIN_PLAINS_HILLS', NULL, 'TERRAIN_PLAINS_HILLS', 'TERRAIN_BURNING_SANDS_HILLS', 0),
('TERRAIN_PLAINS', 'TERRAIN_GRASS', 'TERRAIN_DESERT', NULL, 'TERRAIN_FIELDS_OF_PERDITION', 0),
('TERRAIN_PLAINS_HILLS', 'TERRAIN_GRASS_HILLS', 'TERRAIN_DESERT_HILLS',NULL, 'TERRAIN_FIELDS_OF_PERDITION_HILLS', 0),
('TERRAIN_GRASS', NULL, NULL, NULL, 'TERRAIN_BROKEN_LANDS', 0),
('TERRAIN_GRASS_HILLS', NULL, NULL, NULL, 'TERRAIN_BROKEN_LANDS_HILLS', 0),
('TERRAIN_TUNDRA', 'TERRAIN_PLAINS', 'TERRAIN_PLAINS', NULL, NULL, 0),
('TERRAIN_TUNDRA_HILLS', 'TERRAIN_PLAINS_HILLS', 'TERRAIN_PLAINS_HILLS', NULL, NULL, 0),
('TERRAIN_SNOW', 'TERRAIN_TUNDRA', 'TERRAIN_TUNDRA', NULL, NULL, 0),
('TERRAIN_SNOW_HILLS', 'TERRAIN_TUNDRA_HILLS',  'TERRAIN_TUNDRA_HILLS', NULL, NULL, 0);

CREATE TABLE IF NOT EXISTS ResourceTransforms(
    ResourceType text primary key ,
    ConvertedResource text,
    ConvertedResourceVariant text,
    IsHellResource boolean);

INSERT INTO ResourceTransforms (ResourceType, ConvertedResource, ConvertedResourceVariant, IsHellResource) VALUES
('RESOURCE_PIG', 'RESOURCE_TOAD', NULL, 0),
('RESOURCE_SHEEP', 'RESOURCE_TOAD', NULL, 0),
('RESOURCE_TOAD', 'RESOURCE_PIG', 'RESOURCE_SHEEP', 1),
('RESOURCE_COW', 'RESOURCE_NIGHTMARE', NULL, 0),
('RESOURCE_HORSE', 'RESOURCE_NIGHTMARE', NULL, 0),
('RESOURCE_NIGHTMARE', 'RESOURCE_COW', 'RESOURCE_HORSE', 1),
('RESOURCE_MARBLE', 'RESOURCE_SHEUT_STONE', NULL, 0),
('RESOURCE_SHEUT_STONE', 'RESOURCE_MARBLE', NULL, 1),
('RESOURCE_BANANA', 'RESOURCE_GULAGARM', NULL, 0),
('RESOURCE_SUGAR', 'RESOURCE_GULAGARM', NULL, 0),
('RESOURCE_GULAGARM', 'RESOURCE_BANANA', 'RESOURCE_SUGAR', 1),
('RESOURCE_SILK', 'RESOURCE_RAZORWEED', NULL, 0),
('RESOURCE_COTTON', 'RESOURCE_RAZORWEED', NULL, 0),
('RESOURCE_RAZORWEED', 'RESOURCE_SILK', 'RESOURCE_COTTON', 1);
