INSERT INTO Modifiers(ModifierId, ModifierType, RunOnce, Permanent) VALUES ('MODIFIER_INTO_THE_MIST', 'MODIFIER_PLAYER_UNITS_GRANT_ABILITY', '1', '1');
INSERT INTO ModifierArguments(ModifierId, Name, Value) VALUES ('MODIFIER_INTO_THE_MIST', 'AbilityType', 'BUFF_HIDDEN');

INSERT INTO Modifiers(ModifierId, ModifierType, SubjectRequirementSetId) VALUES
('STASIS_NO_SCIENCE', 'MODIFIER_PLAYER_CITIES_ADJUST_CITY_YIELD_MODIFIER', 'PLAYER_STASIS_SCIENCE_REQS'),
('STASIS_NO_CULTURE', 'MODIFIER_PLAYER_CITIES_ADJUST_CITY_YIELD_MODIFIER', 'PLAYER_STASIS_CULTURE_REQS'),
('STASIS_NO_PRODUCTION', 'MODIFIER_PLAYER_CITIES_ADJUST_CITY_YIELD_MODIFIER', 'PLAYER_STASIS_PRODUCTION_REQS');

INSERT INTO ModifierArguments(ModifierId, Name, Type, "Value") VALUES
('STASIS_NO_SCIENCE', 'YieldType', 'ARGTYPE_IDENTITY', 'YIELD_SCIENCE'),
('STASIS_NO_SCIENCE', 'Amount', 'ARGTYPE_IDENTITY', '-100'),
('STASIS_NO_CULTURE', 'YieldType', 'ARGTYPE_IDENTITY', 'YIELD_CULTURE'),
('STASIS_NO_CULTURE', 'Amount', 'ARGTYPE_IDENTITY', '-100'),
('STASIS_NO_PRODUCTION', 'YieldType', 'ARGTYPE_IDENTITY', 'YIELD_PRODUCTION'),
('STASIS_NO_PRODUCTION', 'Amount', 'ARGTYPE_IDENTITY', '-100');

-- stasis Science

INSERT INTO Requirements(RequirementId, RequirementType) VALUES ('SLTH_REQUIREMENT_STASIS_SCIENCE_PROPERTY', 'REQUIREMENT_PLOT_PROPERTY_MATCHES');

INSERT INTO RequirementArguments(RequirementId, Name, Value) VALUES
('SLTH_REQUIREMENT_STASIS_SCIENCE_PROPERTY', 'PropertyName','InStasis'),
('SLTH_REQUIREMENT_STASIS_SCIENCE_PROPERTY', 'PropertyMinimum','1');

INSERT INTO RequirementSetRequirements(RequirementSetId, RequirementId) VALUES ('PLAYER_STASIS_SCIENCE_REQS', 'SLTH_REQUIREMENT_STASIS_SCIENCE_PROPERTY');
INSERT INTO RequirementSets(RequirementSetId, RequirementSetType) VALUES ('PLAYER_STASIS_SCIENCE_REQS', 'REQUIREMENTSET_TEST_ALL');

INSERT INTO Modifiers(ModifierId, ModifierType, SubjectRequirementSetId) VALUES
('ATTACH_CAPITAL_STASIS_SCIENCE_TRAIT', 'MODIFIER_ATTACH_MODIFIER_PLAYER_CAPITAL', NULL),
('ATTACH_CITIES_STASIS_SCIENCE_TRAIT', 'MODIFIER_PLAYER_CITIES_ATTACH_MODIFIER', 'PLAYER_STASIS_SCIENCE_REQS');

INSERT INTO ModifierArguments(ModifierId, Name, Value) VALUES
('ATTACH_CAPITAL_STASIS_SCIENCE_TRAIT', 'ModifierId', 'ATTACH_CITIES_STASIS_SCIENCE_TRAIT'),
('ATTACH_CITIES_STASIS_SCIENCE_TRAIT', 'ModifierId', 'STASIS_NO_SCIENCE');

INSERT INTO TraitModifiers(TraitType, ModifierId) VALUES
('TRAIT_LEADER_MAJOR_CIV', 'ATTACH_CAPITAL_STASIS_SCIENCE_TRAIT'),
('MINOR_CIV_DEFAULT_TRAIT', 'ATTACH_CAPITAL_STASIS_SCIENCE_TRAIT');


-- STASIS Culture

INSERT INTO Requirements(RequirementId, RequirementType) VALUES ('SLTH_REQUIREMENT_STASIS_CULTURE_PROPERTY', 'REQUIREMENT_PLOT_PROPERTY_MATCHES');

INSERT INTO RequirementArguments(RequirementId, Name, Value) VALUES
('SLTH_REQUIREMENT_STASIS_CULTURE_PROPERTY', 'PropertyName','InStasis'),
('SLTH_REQUIREMENT_STASIS_CULTURE_PROPERTY', 'PropertyMinimum','1');

INSERT INTO RequirementSetRequirements(RequirementSetId, RequirementId) VALUES ('PLAYER_STASIS_CULTURE_REQS', 'SLTH_REQUIREMENT_STASIS_CULTURE_PROPERTY');
INSERT INTO RequirementSets(RequirementSetId, RequirementSetType) VALUES ('PLAYER_STASIS_CULTURE_REQS', 'REQUIREMENTSET_TEST_ALL');

INSERT INTO Modifiers(ModifierId, ModifierType, SubjectRequirementSetId) VALUES
('ATTACH_CAPITAL_STASIS_CULTURE_TRAIT', 'MODIFIER_ATTACH_MODIFIER_PLAYER_CAPITAL', NULL),
('ATTACH_CITIES_STASIS_CULTURE_TRAIT', 'MODIFIER_PLAYER_CITIES_ATTACH_MODIFIER', 'PLAYER_STASIS_CULTURE_REQS');

INSERT INTO ModifierArguments(ModifierId, Name, Value) VALUES
('ATTACH_CAPITAL_STASIS_CULTURE_TRAIT', 'ModifierId', 'ATTACH_CITIES_STASIS_CULTURE_TRAIT'),
('ATTACH_CITIES_STASIS_CULTURE_TRAIT', 'ModifierId', 'STASIS_NO_CULTURE');

INSERT INTO TraitModifiers(TraitType, ModifierId) VALUES
('TRAIT_LEADER_MAJOR_CIV', 'ATTACH_CAPITAL_STASIS_CULTURE_TRAIT'),
('MINOR_CIV_DEFAULT_TRAIT', 'ATTACH_CAPITAL_STASIS_CULTURE_TRAIT');

-- stasis Production
INSERT INTO Requirements(RequirementId, RequirementType) VALUES ('SLTH_REQUIREMENT_STASIS_PRODUCTION_PROPERTY', 'REQUIREMENT_PLOT_PROPERTY_MATCHES');

INSERT INTO RequirementArguments(RequirementId, Name, Value) VALUES
('SLTH_REQUIREMENT_STASIS_PRODUCTION_PROPERTY', 'PropertyName','InStasis'),
('SLTH_REQUIREMENT_STASIS_PRODUCTION_PROPERTY', 'PropertyMinimum','1');

INSERT INTO RequirementSetRequirements(RequirementSetId, RequirementId) VALUES ('PLAYER_STASIS_PRODUCTION_REQS', 'SLTH_REQUIREMENT_STASIS_PRODUCTION_PROPERTY');
INSERT INTO RequirementSets(RequirementSetId, RequirementSetType) VALUES ('PLAYER_STASIS_PRODUCTION_REQS', 'REQUIREMENTSET_TEST_ALL');

INSERT INTO Modifiers(ModifierId, ModifierType, SubjectRequirementSetId) VALUES
('ATTACH_CAPITAL_STASIS_PRODUCTION_TRAIT', 'MODIFIER_ATTACH_MODIFIER_PLAYER_CAPITAL', NULL),
('ATTACH_CITIES_STASIS_PRODUCTION_TRAIT', 'MODIFIER_PLAYER_CITIES_ATTACH_MODIFIER', 'PLAYER_STASIS_PRODUCTION_REQS');

INSERT INTO ModifierArguments(ModifierId, Name, Value) VALUES
('ATTACH_CAPITAL_STASIS_PRODUCTION_TRAIT', 'ModifierId', 'ATTACH_CITIES_STASIS_PRODUCTION_TRAIT'),
('ATTACH_CITIES_STASIS_PRODUCTION_TRAIT', 'ModifierId', 'STASIS_NO_PRODUCTION');

INSERT INTO TraitModifiers(TraitType, ModifierId) VALUES
('TRAIT_LEADER_MAJOR_CIV', 'ATTACH_CAPITAL_STASIS_PRODUCTION_TRAIT'),
('MINOR_CIV_DEFAULT_TRAIT', 'ATTACH_CAPITAL_STASIS_PRODUCTION_TRAIT');

/*          -- TEMPLATE OF A PLOT PROPERTY REQUIREMENT MODIFIER
 INSERT INTO Requirements(RequirementId, RequirementType) VALUES ('SLTH_REQUIREMENT_$1_PROPERTY', 'REQUIREMENT_PLOT_PROPERTY_MATCHES');

INSERT INTO RequirementArguments(RequirementId, Name, Value) VALUES
('SLTH_REQUIREMENT_$1_PROPERTY', 'PropertyName','YourProperty'),
('SLTH_REQUIREMENT_$1_PROPERTY', 'PropertyMinimum','1');

INSERT INTO RequirementSetRequirements(RequirementSetId, RequirementId) VALUES ('PLAYER_$1_REQS', 'SLTH_REQUIREMENT_$1_PROPERTY');
INSERT INTO RequirementSets(RequirementSetId, RequirementSetType) VALUES ('PLAYER_$1_REQS', 'REQUIREMENTSET_TEST_ALL');

INSERT INTO Modifiers(ModifierId, ModifierType, SubjectRequirementSetId) VALUES
('ATTACH_CAPITAL_$1_TRAIT', 'MODIFIER_ATTACH_MODIFIER_PLAYER_CAPITAL', NULL),
('ATTACH_CITIES_$1_TRAIT', 'MODIFIER_PLAYER_CITIES_ATTACH_MODIFIER', 'PLAYER_$1_REQS');

INSERT INTO ModifierArguments(ModifierId, Name, Value) VALUES
('ATTACH_CAPITAL_$1_TRAIT', 'ModifierId', 'ATTACH_CITIES_$1_TRAIT'),
('ATTACH_CITIES_$1_TRAIT', 'ModifierId', 'YourPlannedEffectModifier');

INSERT INTO TraitModifiers(TraitType, ModifierId) VALUES
('TRAIT_LEADER_MAJOR_CIV', 'ATTACH_CAPITAL_$1_TRAIT'),
('MINOR_CIV_DEFAULT_TRAIT', 'ATTACH_CAPITAL_$1_TRAIT');
 */