INSERT INTO Civilizations(CivilizationType, Name, Description, Adjective, RandomCityNameDepth, StartingCivilizationLevelType, Ethnicity) VALUES
('SLTH_CIVILIZATION_DOVIELLO', 'LOC_CIV_DOVIELLO_NAME', 'LOC_CIV_DOVIELLO_DESCRIPTION', 'LOC_SLTH_CIV_DOVIELLO_ADJECTIVE', '10', 'CIVILIZATION_LEVEL_FULL_CIV', 'ETHNICITY_EURO');
INSERT INTO Leaders(LeaderType, Name, InheritFrom) VALUES
('SLTH_LEADER_CHARADON', 'LOC_SLTH_LEADER_CHARADON_NAME', 'LEADER_DEFAULT'),
('SLTH_LEADER_MAHALA', 'LOC_SLTH_LEADER_MAHALA_NAME', 'LEADER_DEFAULT');
INSERT INTO CivilizationLeaders(LeaderType, CivilizationType, CapitalName) VALUES
('SLTH_LEADER_CHARADON', 'SLTH_CIVILIZATION_DOVIELLO', 'LOC_CITY_DOVIELLO_1_NAME'),
('SLTH_LEADER_MAHALA', 'SLTH_CIVILIZATION_DOVIELLO', 'LOC_CITY_DOVIELLO_1_NAME');
INSERT INTO CivilizationTraits(CivilizationType, TraitType) VALUES
('SLTH_CIVILIZATION_DOVIELLO', 'SLTH_TRAIT_CIVILIZATION_UNIT_LUCIAN'),
('SLTH_CIVILIZATION_DOVIELLO', 'SLTH_TRAIT_CIVILIZATION_UNIT_WAR_MACHINE'),
('SLTH_CIVILIZATION_DOVIELLO', 'SLTH_TRAIT_CIVILIZATION_UNIT_SONS_OF_ASENA'),       -- these are just swordsman?
('SLTH_CIVILIZATION_DOVIELLO', 'SLTH_TRAIT_CIVILIZATION_UNIT_JAVELIN_THROWER'),
('SLTH_CIVILIZATION_DOVIELLO', 'SLTH_TRAIT_CIVILIZATION_UNIT_CIRCLE_OF_URD'),       -- some of these units are only
('SLTH_CIVILIZATION_DOVIELLO', 'SLTH_TRAIT_CIVILIZATION_UNIT_BATTLEMASTER'),        -- different as they dont need
('SLTH_CIVILIZATION_DOVIELLO', 'SLTH_TRAIT_CIVILIZATION_UNIT_SKULD'),               -- the building normally needed
('SLTH_CIVILIZATION_DOVIELLO', 'SLTH_TRAIT_CIVILIZATION_UNIT_BISON_RIDER'),         -- can we manage without that?
('SLTH_CIVILIZATION_DOVIELLO', 'SLTH_TRAIT_CIVILIZATION_UNIT_VERDANDI'),
('SLTH_CIVILIZATION_DOVIELLO', 'SLTH_TRAIT_CIVILIZATION_UNIT_SHAMAN'),
('SLTH_CIVILIZATION_DOVIELLO', 'SLTH_TRAIT_CIVILIZATION_UNIT_BEASTMAN'),
('SLTH_CIVILIZATION_DOVIELLO', 'SLTH_TRAIT_CIVILIZATION_DOVIELLO_COOL');

INSERT INTO Traits(TraitType, Name, Description) VALUES
('NULL_CIVILIZATION_DOVIELLO', 'LOC_SLTH_NULL_CIVILIZATION_DOVIELLO_NAME', 'LOC_NULL_DESCRIPTION'),
('SLTH_TRAIT_CIVILIZATION_DOVIELLO_COOL', 'LOC_SLTH_TRAIT_CIVILIZATION_DOVIELLO_COOL_NAME', 'LOC_SLTH_TRAIT_CIVILIZATION_DOVIELLO_COOL_DESCRIPTION'),
('SLTH_TRAIT_CIVILIZATION_UNIT_LUCIAN', 'LOC_SLTH_TRAIT_CIVILIZATION_UNIT_LUCIAN_NAME', 'LOC_SLTH_TRAIT_CIVILIZATION_UNIT_LUCIAN_DESCRIPTION'),
('SLTH_TRAIT_CIVILIZATION_UNIT_WAR_MACHINE', 'LOC_SLTH_TRAIT_CIVILIZATION_UNIT_WAR_MACHINE_NAME', 'LOC_SLTH_TRAIT_CIVILIZATION_UNIT_WAR_MACHINE_DESCRIPTION'),
('SLTH_TRAIT_CIVILIZATION_UNIT_SONS_OF_ASENA', 'LOC_SLTH_TRAIT_CIVILIZATION_UNIT_SONS_OF_ASENA_NAME', 'LOC_SLTH_TRAIT_CIVILIZATION_UNIT_SONS_OF_ASENA_DESCRIPTION'),
('SLTH_TRAIT_CIVILIZATION_UNIT_BEASTMAN', 'LOC_SLTH_TRAIT_CIVILIZATION_UNIT_BEASTMAN_NAME', 'LOC_SLTH_TRAIT_CIVILIZATION_UNIT_BEASTMAN_DESCRIPTION'),
('SLTH_TRAIT_CIVILIZATION_UNIT_BISON_RIDER', 'LOC_SLTH_TRAIT_CIVILIZATION_UNIT_BISON_RIDER_NAME', 'LOC_SLTH_TRAIT_CIVILIZATION_UNIT_BISON_RIDER_DESCRIPTION'),
('SLTH_TRAIT_CIVILIZATION_UNIT_SKULD', 'LOC_SLTH_TRAIT_CIVILIZATION_UNIT_SKULD_NAME', 'LOC_SLTH_TRAIT_CIVILIZATION_UNIT_SKULD_DESCRIPTION'),
('SLTH_TRAIT_CIVILIZATION_UNIT_VERDANDI', 'LOC_SLTH_TRAIT_CIVILIZATION_UNIT_VERDANDI_NAME', 'LOC_SLTH_TRAIT_CIVILIZATION_UNIT_VERDANDI_DESCRIPTION'),
('SLTH_TRAIT_CIVILIZATION_UNIT_BATTLEMASTER', 'LOC_SLTH_TRAIT_CIVILIZATION_UNIT_BATTLEMASTER_NAME', 'LOC_SLTH_TRAIT_CIVILIZATION_UNIT_BATTLEMASTER_DESCRIPTION'),
('SLTH_TRAIT_CIVILIZATION_UNIT_CIRCLE_OF_URD', 'LOC_SLTH_TRAIT_CIVILIZATION_UNIT_CIRCLE_OF_URD_NAME', 'LOC_SLTH_TRAIT_CIVILIZATION_UNIT_CIRCLE_OF_URD_DESCRIPTION');
-- Missing implementation of upgrade outside territory. Also the scavenger thing?
INSERT INTO TraitModifiers(TraitType, ModifierId) VALUES
('SLTH_TRAIT_CIVILIZATION_DOVIELLO_COOL', 'MODIFIER_BAN_SLTH_UNIT_ARQUEBUS'),
('SLTH_TRAIT_CIVILIZATION_DOVIELLO_COOL', 'MODIFIER_BAN_SLTH_UNIT_MARKSMAN'),
('SLTH_TRAIT_CIVILIZATION_DOVIELLO_COOL', 'MODIFIER_BAN_SLTH_UNIT_CANNON'),
('SLTH_TRAIT_CIVILIZATION_DOVIELLO_COOL', 'TRAIT_GRANT_WINTERBORN_ABILITY_TERRAINATTACKS'),
('SLTH_TRAIT_CIVILIZATION_DOVIELLO_COOL', 'TRAIT_GRANT_WINTERBORN_ABILITY_TERRAINDEFENSES'),
('SLTH_TRAIT_CIVILIZATION_DOVIELLO_COOL', 'MODIFIER_SLTH_GRANT_MANA_CHAOS'),
('SLTH_TRAIT_CIVILIZATION_DOVIELLO_COOL', 'MODIFIER_SLTH_LARGE_ADJUST_WAR_WEARINESS'),
('SLTH_TRAIT_CIVILIZATION_DOVIELLO_COOL', 'MODIFIER_SLTH_GRANT_MANA_EARTH'),
('SLTH_TRAIT_CIVILIZATION_DOVIELLO_COOL', 'MODIFIER_SLTH_GRANT_MANA_BODY');

INSERT INTO BuildingReplaces(CivUniqueBuildingType, ReplacesBuildingType) VALUES
('SLTH_BUILDING_NULL_CIVILIZATION_DOVIELLO_ALCHEMY_LAB', 'SLTH_BUILDING_ALCHEMY_LAB'),
('SLTH_BUILDING_NULL_CIVILIZATION_DOVIELLO_LIBRARY', 'SLTH_BUILDING_LIBRARY'),
('SLTH_BUILDING_NULL_CIVILIZATION_DOVIELLO_MAGE_GUILD', 'SLTH_BUILDING_MAGE_GUILD');

INSERT INTO Units(UnitType, Name, BaseSightRange, BaseMoves, Combat, RangedCombat, Range, Domain, FormationClass, Cost, BuildCharges, Description, TraitType, AllowBarbarians, PromotionClass, PrereqTech, PrereqCivic, CanTrain, Maintenance, Stackable, AirSlots, CanTargetAir, PseudoYieldType, IgnoreMoves, AdvisorType, EnabledByReligion) VALUES
('SLTH_UNIT_LUCIAN', 'LOC_SLTH_UNIT_LUCIAN_NAME', '2', '1', '4', '0', '0', 'DOMAIN_LAND', 'FORMATION_CLASS_LAND_COMBAT', '60', '0', 'LOC_SLTH_UNIT_LUCIAN_DESCRIPTION', 'SLTH_TRAIT_CIVILIZATION_UNIT_LUCIAN', '1', 'PROMOTION_CLASS_MELEE', NULL, NULL, '1', '1', '0', '0', '0', NULL, '0', 'ADVISOR_CONQUEST', '0'),
('SLTH_UNIT_WAR_MACHINE', 'LOC_SLTH_UNIT_WAR_MACHINE_NAME', '2', '3', '19', '0', '0', 'DOMAIN_LAND', 'FORMATION_CLASS_LAND_COMBAT', '240', '0', 'LOC_SLTH_UNIT_WAR_MACHINE_DESCRIPTION', 'SLTH_TRAIT_CIVILIZATION_UNIT_WAR_MACHINE', '1', 'PROMOTION_CLASS_LIGHT_CAVALRY', 'SLTH_TECH_MACHINERY', NULL, '1', '1', '0', '0', '0', NULL, '0', 'ADVISOR_CONQUEST', '0'),
('SLTH_UNIT_SONS_OF_ASENA', 'LOC_SLTH_UNIT_SONS_OF_ASENA_NAME', '2', '1', '4', '0', '0', 'DOMAIN_LAND', 'FORMATION_CLASS_LAND_COMBAT', '60', '0', 'LOC_SLTH_UNIT_SONS_OF_ASENA_DESCRIPTION', 'SLTH_TRAIT_CIVILIZATION_UNIT_SONS_OF_ASENA', '1', 'PROMOTION_CLASS_MELEE', 'SLTH_TECH_BRONZE_WORKING', NULL, '1', '1', '0', '0', '0', NULL, '0', 'ADVISOR_CONQUEST', '0'),
('SLTH_UNIT_CIRCLE_OF_URD', 'LOC_SLTH_UNIT_CIRCLE_OF_URD_NAME', '2', '1', '11', '0', '0', 'DOMAIN_LAND', 'FORMATION_CLASS_LAND_COMBAT', '240', '0', 'LOC_SLTH_UNIT_CIRCLE_OF_URD_DESCRIPTION', 'SLTH_TRAIT_CIVILIZATION_UNIT_CIRCLE_OF_URD', '1', 'PROMOTION_CLASS_MELEE', NULL, 'SLTH_CIVIC_RAGE', '1', '1', '0', '0', '0', NULL, '0', 'ADVISOR_CONQUEST', '0'),
('SLTH_UNIT_BATTLEMASTER', 'LOC_SLTH_UNIT_BATTLEMASTER_NAME', '2', '1', '6', '0', '0', 'DOMAIN_LAND', 'FORMATION_CLASS_LAND_COMBAT', '150', '0', 'LOC_SLTH_UNIT_BATTLEMASTER_DESCRIPTION', 'SLTH_TRAIT_CIVILIZATION_UNIT_BATTLEMASTER', '1', 'PROMOTION_CLASS_MELEE', 'SLTH_TECH_IRON_WORKING', NULL, '1', '1', '0', '0', '0', NULL, '0', 'ADVISOR_CONQUEST', '0'),
('SLTH_UNIT_SKULD', 'LOC_SLTH_UNIT_SKULD_NAME', '2', '1', '9', '0', '0', 'DOMAIN_LAND', 'FORMATION_CLASS_LAND_COMBAT', '240', '0', 'LOC_SLTH_UNIT_SKULD_DESCRIPTION', 'SLTH_TRAIT_CIVILIZATION_UNIT_SKULD', '1', 'PROMOTION_CLASS_MELEE', NULL, 'SLTH_CIVIC_DIVINE_ESSENCE', '1', '1', '0', '0', '0', NULL, '0', 'ADVISOR_CONQUEST', '0'),
('SLTH_UNIT_BISON_RIDER', 'LOC_SLTH_UNIT_BISON_RIDER_NAME', '2', '2', '12', '0', '0', 'DOMAIN_LAND', 'FORMATION_CLASS_LAND_COMBAT', '240', '0', 'LOC_SLTH_UNIT_BISON_RIDER_DESCRIPTION', 'SLTH_TRAIT_CIVILIZATION_UNIT_BISON_RIDER', '1', 'PROMOTION_CLASS_LIGHT_CAVALRY', 'SLTH_TECH_WARHORSES', NULL, '1', '1', '0', '0', '0', NULL, '0', 'ADVISOR_CONQUEST', '0'),
('SLTH_UNIT_VERDANDI', 'LOC_SLTH_UNIT_VERDANDI_NAME', '2', '1', '12', '0', '0', 'DOMAIN_LAND', 'FORMATION_CLASS_LAND_COMBAT', '240', '0', 'LOC_SLTH_UNIT_VERDANDI_DESCRIPTION', 'SLTH_TRAIT_CIVILIZATION_UNIT_VERDANDI', '1', 'PROMOTION_CLASS_MELEE', 'SLTH_TECH_MITHRIL_WEAPONS', NULL, '1', '1', '0', '0', '0', NULL, '0', 'ADVISOR_CONQUEST', '0'),
('SLTH_UNIT_BEASTMAN', 'LOC_SLTH_UNIT_BEASTMAN_NAME', '2', '1', '3', '0', '0', 'DOMAIN_LAND', 'FORMATION_CLASS_LAND_COMBAT', '25', '0', 'LOC_SLTH_UNIT_BEASTMAN_DESCRIPTION', 'SLTH_TRAIT_CIVILIZATION_UNIT_BEASTMAN', '1', 'PROMOTION_CLASS_MELEE', NULL, NULL, '1', '1', '0', '0', '0', NULL, '0', 'ADVISOR_CONQUEST', '0');

INSERT INTO UnitReplaces(CivUniqueUnitType, ReplacesUnitType) VALUES
('SLTH_UNIT_SONS_OF_ASENA', 'SLTH_UNIT_AXEMAN'),
('SLTH_UNIT_CIRCLE_OF_URD', 'SLTH_UNIT_BERSERKER'),
('SLTH_UNIT_BATTLEMASTER', 'SLTH_UNIT_CHAMPION'),
('SLTH_UNIT_SKULD', 'SLTH_UNIT_IMMORTAL'),
('SLTH_UNIT_BISON_RIDER', 'SLTH_UNIT_KNIGHT'),
('SLTH_UNIT_VERDANDI', 'SLTH_UNIT_PHALANX'),
('SLTH_UNIT_BEASTMAN', 'SLTH_UNIT_WARRIOR');

INSERT INTO TypeTags(Type, Tag) VALUES
('SLTH_UNIT_LUCIAN', 'CLASS_MELEE'),
('SLTH_UNIT_WAR_MACHINE', 'CLASS_LIGHT_CAVALRY'),       --? seems wrong
('SLTH_UNIT_SONS_OF_ASENA', 'CLASS_MELEE'),
('SLTH_UNIT_CIRCLE_OF_URD', 'CLASS_MELEE'),
('SLTH_UNIT_BATTLEMASTER', 'CLASS_MELEE'),
('SLTH_UNIT_SKULD', 'CLASS_MELEE'),
('SLTH_UNIT_BISON_RIDER', 'CLASS_LIGHT_CAVALRY'),
('SLTH_UNIT_VERDANDI', 'CLASS_MELEE'),
('SLTH_UNIT_BEASTMAN', 'CLASS_MELEE');

INSERT INTO Types(Type, Kind) VALUES
('SLTH_CIVILIZATION_DOVIELLO', 'KIND_CIVILIZATION'),
('SLTH_LEADER_CHARADON', 'KIND_LEADER'),
('SLTH_LEADER_MAHALA', 'KIND_LEADER'),
('SLTH_TRAIT_CIVILIZATION_DOVIELLO_COOL', 'KIND_TRAIT'),
('NULL_CIVILIZATION_DOVIELLO', 'KIND_TRAIT'),
('SLTH_TRAIT_CIVILIZATION_UNIT_LUCIAN', 'KIND_TRAIT'),
('SLTH_TRAIT_CIVILIZATION_UNIT_WAR_MACHINE', 'KIND_TRAIT'),
('SLTH_TRAIT_CIVILIZATION_UNIT_SONS_OF_ASENA', 'KIND_TRAIT'),
('SLTH_TRAIT_CIVILIZATION_UNIT_BEASTMAN', 'KIND_TRAIT'),
('SLTH_TRAIT_CIVILIZATION_UNIT_BISON_RIDER', 'KIND_TRAIT'),
('SLTH_TRAIT_CIVILIZATION_UNIT_SKULD', 'KIND_TRAIT'),
('SLTH_TRAIT_CIVILIZATION_UNIT_VERDANDI', 'KIND_TRAIT'),
('SLTH_TRAIT_CIVILIZATION_UNIT_BATTLEMASTER', 'KIND_TRAIT'),
('SLTH_TRAIT_CIVILIZATION_UNIT_CIRCLE_OF_URD', 'KIND_TRAIT'),
('SLTH_UNIT_LUCIAN', 'KIND_UNIT'),
('SLTH_UNIT_WAR_MACHINE', 'KIND_UNIT'),
('SLTH_UNIT_SONS_OF_ASENA', 'KIND_UNIT'),
('SLTH_UNIT_CIRCLE_OF_URD', 'KIND_UNIT'),
('SLTH_UNIT_BATTLEMASTER', 'KIND_UNIT'),
('SLTH_UNIT_SKULD', 'KIND_UNIT'),
('SLTH_UNIT_BISON_RIDER', 'KIND_UNIT'),
('SLTH_UNIT_VERDANDI', 'KIND_UNIT'),
('SLTH_UNIT_BEASTMAN', 'KIND_UNIT');