INSERT INTO Civilizations(CivilizationType, Name, Description, Adjective, RandomCityNameDepth, StartingCivilizationLevelType, Ethnicity) VALUES
('SLTH_CIVILIZATION_INFERNAL', 'LOC_CIV_INFERNAL_NAME', 'LOC_CIV_INFERNAL_DESCRIPTION', 'LOC_SLTH_CIV_INFERNAL_ADJECTIVE', '10', 'CIVILIZATION_LEVEL_FULL_CIV', 'ETHNICITY_EURO');
INSERT INTO Leaders(LeaderType, Name, InheritFrom) VALUES
('LEADER_HYBOREM', 'LOC_LEADER_HYBOREM_NAME', 'LEADER_DEFAULT');
INSERT INTO CivilizationLeaders(LeaderType, CivilizationType, CapitalName) VALUES
('LEADER_HYBOREM', 'SLTH_CIVILIZATION_INFERNAL', 'LOC_CITY_INFERNAL_1_NAME');

INSERT INTO Leaders_XP2 (LeaderType, OceanStart) VALUES ('LEADER_HYBOREM', 1);

INSERT INTO CivilizationTraits(CivilizationType, TraitType) VALUES
('SLTH_CIVILIZATION_INFERNAL', 'SLTH_TRAIT_CIVILIZATION_INFERNAL_COOL'),
('SLTH_CIVILIZATION_INFERNAL', 'SLTH_TRAIT_CIVILIZATION_UNIT_IMP'),
('SLTH_CIVILIZATION_INFERNAL', 'SLTH_TRAIT_CIVILIZATION_UNIT_HELLHOUND'),
('SLTH_CIVILIZATION_INFERNAL', 'SLTH_TRAIT_CIVILIZATION_UNIT_DEATH_KNIGHT'),
('SLTH_CIVILIZATION_INFERNAL', 'SLTH_TRAIT_CIVILIZATION_UNIT_BALOR'),
('SLTH_CIVILIZATION_INFERNAL', 'SLTH_TRAIT_CIVILIZATION_UNIT_HYBOREM');

INSERT INTO Traits(TraitType, Name, Description) VALUES
('SLTH_TRAIT_CIVILIZATION_INFERNAL_COOL', 'LOC_SLTH_TRAIT_CIVILIZATION_INFERNAL_COOL_NAME', 'LOC_SLTH_TRAIT_CIVILIZATION_INFERNAL_COOL_DESCRIPTION'),
('NULL_CIVILIZATION_INFERNAL', 'LOC_SLTH_NULL_CIVILIZATION_INFERNAL_NAME', 'LOC_NULL_DESCRIPTION'),
('SLTH_TRAIT_CIVILIZATION_UNIT_IMP', 'LOC_SLTH_TRAIT_CIVILIZATION_UNIT_IMP_NAME', 'LOC_SLTH_TRAIT_CIVILIZATION_UNIT_IMP_DESCRIPTION'),
('SLTH_TRAIT_CIVILIZATION_UNIT_HELLHOUND', 'LOC_SLTH_TRAIT_CIVILIZATION_UNIT_HELLHOUND_NAME', 'LOC_SLTH_TRAIT_CIVILIZATION_UNIT_HELLHOUND_DESCRIPTION'),
('SLTH_TRAIT_CIVILIZATION_UNIT_DEATH_KNIGHT', 'LOC_SLTH_TRAIT_CIVILIZATION_UNIT_DEATH_KNIGHT_NAME', 'LOC_SLTH_TRAIT_CIVILIZATION_UNIT_DEATH_KNIGHT_DESCRIPTION'),
('SLTH_TRAIT_CIVILIZATION_UNIT_BALOR', 'LOC_SLTH_TRAIT_CIVILIZATION_UNIT_BALOR_NAME', 'LOC_SLTH_TRAIT_CIVILIZATION_UNIT_BALOR_DESCRIPTION'),
('SLTH_TRAIT_CIVILIZATION_UNIT_HYBOREM', 'LOC_SLTH_TRAIT_CIVILIZATION_UNIT_HYBOREM_NAME', 'LOC_SLTH_TRAIT_CIVILIZATION_UNIT_HYBOREM_DESCRIPTION');

INSERT INTO TraitModifiers(TraitType, ModifierId) VALUES
('SLTH_TRAIT_CIVILIZATION_INFERNAL_COOL', 'MODIFIER_SLTH_GRANT_TECH_CRAFTING'),
('SLTH_TRAIT_CIVILIZATION_INFERNAL_COOL', 'MODIFIER_SLTH_GRANT_MANA_ENTROPY'),
('SLTH_TRAIT_CIVILIZATION_INFERNAL_COOL', 'MODIFIER_SLTH_GRANT_MANA_FIRE'),
('SLTH_TRAIT_CIVILIZATION_INFERNAL_COOL', 'MODIFIER_SLTH_GRANT_IRON'),
('SLTH_TRAIT_CIVILIZATION_INFERNAL_COOL', 'TRAIT_TOWORLDSEND_NO_WAR_WEARINESS'),                -- borrowed from Alexander
('SLTH_TRAIT_CIVILIZATION_INFERNAL_COOL', 'MODIFIER_SLTH_BUILDING_PALACE_INFERNAL_ADD_PRODUCTIONYIELD'),
('SLTH_TRAIT_CIVILIZATION_INFERNAL_COOL', 'NO_FOOD_COST_INFERNAL'),
('SLTH_TRAIT_CIVILIZATION_INFERNAL_COOL', 'NO_GROWTH_AT_ALL'),
('SLTH_TRAIT_CIVILIZATION_INFERNAL_COOL', 'TRAIT_NO_FRESH_WATER_HOUSING'),
('SLTH_TRAIT_CIVILIZATION_INFERNAL_COOL', 'TRAIT_GRANT_DEMON_ABILITY_HELL_TERRAIN_STRENGTH_CITY_ATTACH'),
('SLTH_TRAIT_CIVILIZATION_INFERNAL_COOL', 'HYBOREM_ADD_HERO_HYBOREM'),
('SLTH_TRAIT_CIVILIZATION_INFERNAL_COOL', 'MODIFIER_BAN_SLTH_UNIT_ARQUEBUS');

INSERT INTO Modifiers(ModifierId, ModifierType) VALUES
('MODIFIER_SLTH_BUILDING_PALACE_INFERNAL_ADD_PRODUCTIONYIELD', 'MODIFIER_PLAYER_CAPITAL_CITY_ADJUST_CITY_YIELD_MODIFIER'),
('NO_FOOD_COST_INFERNAL', 'MODIFIER_PLAYER_CITIES_ADJUST_CITY_YIELD_PER_POPULATION'),
('NO_GROWTH_AT_ALL', 'MODIFIER_PLAYER_CITIES_ADJUST_CITY_GROWTH'),
('TRAIT_GRANT_DEMON_ABILITY_HELL_TERRAIN_STRENGTH_CITY_ATTACH', 'MODIFIER_PLAYER_CITIES_ATTACH_MODIFIER'),
('GRANT_DEMON_ABILITY_HELL_TERRAIN_STRENGTH_CITY', 'MODIFIER_SINGLE_CITY_GRANT_ABILITY_FOR_TRAINED_UNITS');

INSERT INTO ModifierArguments(ModifierId, Name, Type, Value) VALUES
('MODIFIER_SLTH_BUILDING_PALACE_INFERNAL_ADD_PRODUCTIONYIELD', 'Amount', 'ARGTYPE_IDENTITY', '50'),
('MODIFIER_SLTH_BUILDING_PALACE_INFERNAL_ADD_PRODUCTIONYIELD', 'YieldType', 'ARGTYPE_IDENTITY', 'YIELD_PRODUCTION'),
('NO_FOOD_COST_INFERNAL', 'Amount', 'ARGTYPE_IDENTITY', '2'),
('NO_FOOD_COST_INFERNAL', 'YieldType', 'ARGTYPE_IDENTITY', 'YIELD_FOOD'),
('NO_GROWTH_AT_ALL', 'Amount', 'ARGTYPE_IDENTITY', '-100'),
('TRAIT_GRANT_DEMON_ABILITY_HELL_TERRAIN_STRENGTH_CITY_ATTACH', 'ModifierId', 'ARGTYPE_IDENTITY', 'GRANT_DEMON_ABILITY_HELL_TERRAIN_STRENGTH_CITY'),
('GRANT_DEMON_ABILITY_HELL_TERRAIN_STRENGTH_CITY', 'AbilityType', 'ARGTYPE_IDENTITY', 'DEMON_ABILITY_HELL_TERRAIN_STRENGTH'),
('HYBOREM_ADD_HERO_HYBOREM', 'UnitType','ARGTYPE_IDENTITY', 'SLTH_UNIT_HYBOREM'),
('HYBOREM_ADD_HERO_HYBOREM', 'Amount','ARGTYPE_IDENTITY', '1'),
('HYBOREM_ADD_HERO_HYBOREM', 'AllowUniqueOverride','ARGTYPE_IDENTITY', '0');

INSERT INTO Modifiers(ModifierId, ModifierType, RunOnce, Permanent, OwnerRequirementSetId) VALUES
('HYBOREM_ADD_HERO_HYBOREM', 'MODIFIER_PLAYER_GRANT_UNIT_IN_CAPITAL', '1', '1', 'HAS_CAPITAL_CITY');

INSERT INTO BuildingReplaces(CivUniqueBuildingType, ReplacesBuildingType) VALUES
('SLTH_BUILDING_NULL_CIVILIZATION_INFERNAL_AQUEDUCT', 'SLTH_BUILDING_AQUEDUCT'),
('SLTH_BUILDING_NULL_CIVILIZATION_INFERNAL_GRANARY', 'BUILDING_GRANARY'),
('SLTH_BUILDING_NULL_CIVILIZATION_INFERNAL_HERBALIST', 'BUILDING_MEETING_HOUSE'),
('SLTH_BUILDING_NULL_CIVILIZATION_INFERNAL_INFIRMARY', 'SLTH_BUILDING_INFIRMARY'),
('SLTH_BUILDING_NULL_CIVILIZATION_INFERNAL_PUBLIC_BATHS', 'SLTH_BUILDING_PUBLIC_BATHS'),
('SLTH_BUILDING_NULL_CIVILIZATION_INFERNAL_SMOKEHOUSE', 'SLTH_BUILDING_SMOKEHOUSE');

INSERT INTO Units(UnitType, Name, BaseSightRange, BaseMoves, Combat, RangedCombat, Range, Domain, FormationClass, Cost, BuildCharges, Description, TraitType, AllowBarbarians, PromotionClass, PrereqTech, PrereqCivic, CanTrain, Maintenance, Stackable, AirSlots, CanTargetAir, PseudoYieldType, IgnoreMoves, AdvisorType, EnabledByReligion, PurchaseYield, MustPurchase) VALUES
('SLTH_UNIT_HYBOREM', 'LOC_SLTH_UNIT_HYBOREM_NAME', '2', '2', '34', '0', '0', 'DOMAIN_LAND', 'FORMATION_CLASS_LAND_COMBAT', '100', '0', 'LOC_SLTH_UNIT_HYBOREM_DESCRIPTION', 'SLTH_TRAIT_CIVILIZATION_UNIT_HYBOREM', '0', 'PROMOTION_CLASS_MELEE', NULL, NULL, '1', '1', '0', '0', '0', NULL, '0', 'ADVISOR_CONQUEST', '0', NULL, '1'),
('SLTH_UNIT_MANES', 'LOC_SLTH_UNIT_MANES_NAME', '2', '1', '10', '0', '0', 'DOMAIN_LAND', 'FORMATION_CLASS_LAND_COMBAT', '1', '0', 'LOC_SLTH_UNIT_MANES_DESCRIPTION', NULL, '1', NULL, NULL, NULL, '0', '1', '0', '0', '0', NULL, '0', 'ADVISOR_CONQUEST', '0', NULL, '1'),
('SLTH_UNIT_IMP', 'LOC_SLTH_UNIT_IMP_NAME', '2', '1', '14', '19', '2', 'DOMAIN_LAND', 'FORMATION_CLASS_LAND_COMBAT', '90', '1', 'LOC_SLTH_UNIT_IMP_DESCRIPTION', 'SLTH_TRAIT_CIVILIZATION_UNIT_IMP', '1', 'PROMOTION_CLASS_ADEPT', 'TECH_KNOWLEDGE_OF_THE_ETHER', NULL, '1', '1', '0', '0', '0', NULL, '0', 'ADVISOR_CONQUEST', '0', NULL, '0'),
('SLTH_UNIT_HELLHOUND', 'LOC_SLTH_UNIT_HELLHOUND_NAME', '2', '3', '14', '0', '0', 'DOMAIN_LAND', 'FORMATION_CLASS_LAND_COMBAT', '60', '0', 'LOC_SLTH_UNIT_HELLHOUND_DESCRIPTION', 'SLTH_TRAIT_CIVILIZATION_UNIT_HELLHOUND', '1', 'PROMOTION_CLASS_RECON', 'TECH_HUNTING', NULL, '1', '1', '0', '1', '0', NULL, '0', 'ADVISOR_GENERIC', '0', NULL, '0');

INSERT INTO Unit_BuildingPrereqs(Unit, PrereqBuilding) VALUES
('SLTH_UNIT_DEATH_KNIGHT', 'BUILDING_STABLE');

INSERT INTO UnitReplaces(CivUniqueUnitType, ReplacesUnitType) VALUES
('SLTH_UNIT_IMP', 'SLTH_UNIT_ADEPT'),
('SLTH_UNIT_HELLHOUND', 'SLTH_UNIT_HUNTER');

INSERT INTO Unit_BuildingPrereqs(Unit, PrereqBuilding) VALUES
('SLTH_UNIT_IMP', 'BUILDING_MAGE_GUILD');

INSERT INTO TypeTags(Type, Tag) VALUES
('SLTH_UNIT_HYBOREM', 'CLASS_MELEE'),
('SLTH_UNIT_HYBOREM', 'RACE_DEMON'),
('SLTH_UNIT_IMP', 'CLASS_ADEPT'),
('SLTH_UNIT_IMP', 'RACE_DEMON'),
('SLTH_UNIT_HELLHOUND', 'CLASS_RECON'),
('SLTH_UNIT_HELLHOUND', 'RACE_DEMON'),
('SLTH_UNIT_MANES', 'RACE_DEMON');

INSERT INTO Types(Type, Kind) VALUES
('SLTH_TRAIT_CIVILIZATION_INFERNAL_COOL', 'KIND_TRAIT'),
('NULL_CIVILIZATION_INFERNAL', 'KIND_TRAIT'),
('SLTH_TRAIT_CIVILIZATION_UNIT_IMP', 'KIND_TRAIT'),
('SLTH_TRAIT_CIVILIZATION_UNIT_HYBOREM', 'KIND_TRAIT'),
('SLTH_TRAIT_CIVILIZATION_UNIT_HELLHOUND', 'KIND_TRAIT'),
('SLTH_TRAIT_CIVILIZATION_UNIT_BALOR', 'KIND_TRAIT'),
('SLTH_TRAIT_CIVILIZATION_UNIT_DEATH_KNIGHT', 'KIND_TRAIT'),
('SLTH_CIVILIZATION_INFERNAL', 'KIND_CIVILIZATION'),
('LEADER_HYBOREM', 'KIND_LEADER'),
('SLTH_UNIT_HYBOREM', 'KIND_UNIT'),
('SLTH_UNIT_IMP', 'KIND_UNIT'),
('SLTH_UNIT_MANES', 'KIND_UNIT'),
('SLTH_UNIT_HELLHOUND', 'KIND_UNIT');

INSERT INTO DynamicModifiers(ModifierType, CollectionType, EffectType) VALUES
('MODIFIER_MANE_ADD_POPULATION', 'COLLECTION_OWNER', 'EFFECT_ADJUST_CITY_POPULATION'),
('MODIFIER_CAPITAL_CITY_GRANT_GREAT_PERSON_CLASS_IN_CITY', 'COLLECTION_PLAYER_CAPITAL_CITY', 'EFFECT_GRANT_GREAT_PERSON_CLASS_IN_CITY');

INSERT INTO Modifiers(ModifierId, ModifierType, RunOnce) VALUES
('MANE_ADD_POP', 'MODIFIER_MANE_ADD_POPULATION', '1'),
('SLTH_GRANT_MANE', 'MODIFIER_CAPITAL_CITY_GRANT_GREAT_PERSON_CLASS_IN_CITY', '1');

INSERT INTO ModifierArguments(ModifierId, Name, Value) VALUES
('MANE_ADD_POP', 'Amount', '1'),
('SLTH_GRANT_MANE', 'GreatPersonClassType', 'GREAT_PERSON_CLASS_MANE'),
('SLTH_GRANT_MANE', 'Amount', '1');

INSERT INTO GreatPersonClasses (GreatPersonClassType, Name, UnitType, DistrictType, MaxPlayerInstances, PseudoYieldType, IconString, ActionIcon, AvailableInTimeline) VALUES
('GREAT_PERSON_CLASS_MANE', 'LOC_GREAT_PERSON_CLASS_MANE_NAME', 'SLTH_UNIT_MANES', 'DISTRICT_CITY_CENTER', null, 'PSEUDOYIELD_GPP_GENERAL', '[ICON_GreatGeneral]', 'ICON_UNITOPERATION_GENERAL_ACTION', '1');

INSERT INTO GreatPersonIndividuals (GreatPersonIndividualType, Name, GreatPersonClassType, EraType, ActionCharges, Gender, ActionRequiresCompletedDistrictType, ActionRequiresOwnedTile, ActionEffectTextOverride) VALUES
('SLTH_GREAT_MANE_1', 'LOC_SLTH_GREAT_MANE', 'GREAT_PERSON_CLASS_MANE', 'ERA_INDUSTRIAL', '1', 'Male', 'DISTRICT_CITY_CENTER',  '1', 'LOC_GRANT_POP'),
('SLTH_GREAT_MANE_2', 'LOC_SLTH_GREAT_MANE', 'GREAT_PERSON_CLASS_MANE', 'ERA_INDUSTRIAL', '1', 'Male', 'DISTRICT_CITY_CENTER',  '1', 'LOC_GRANT_POP'),
('SLTH_GREAT_MANE_3', 'LOC_SLTH_GREAT_MANE', 'GREAT_PERSON_CLASS_MANE', 'ERA_INDUSTRIAL', '1', 'Male', 'DISTRICT_CITY_CENTER',  '1', 'LOC_GRANT_POP'),
('SLTH_GREAT_MANE_4', 'LOC_SLTH_GREAT_MANE', 'GREAT_PERSON_CLASS_MANE', 'ERA_INDUSTRIAL', '1', 'Male', 'DISTRICT_CITY_CENTER',  '1', 'LOC_GRANT_POP'),
('SLTH_GREAT_MANE_5', 'LOC_SLTH_GREAT_MANE', 'GREAT_PERSON_CLASS_MANE', 'ERA_INDUSTRIAL', '1', 'Male', 'DISTRICT_CITY_CENTER',  '1', 'LOC_GRANT_POP'),
('SLTH_GREAT_MANE_6', 'LOC_SLTH_GREAT_MANE', 'GREAT_PERSON_CLASS_MANE', 'ERA_INDUSTRIAL', '1', 'Male', 'DISTRICT_CITY_CENTER',  '1', 'LOC_GRANT_POP'),
('SLTH_GREAT_MANE_7', 'LOC_SLTH_GREAT_MANE', 'GREAT_PERSON_CLASS_MANE', 'ERA_INDUSTRIAL', '1', 'Male', 'DISTRICT_CITY_CENTER',  '1', 'LOC_GRANT_POP'),
('SLTH_GREAT_MANE_8', 'LOC_SLTH_GREAT_MANE', 'GREAT_PERSON_CLASS_MANE', 'ERA_INDUSTRIAL', '1', 'Male', 'DISTRICT_CITY_CENTER',  '1', 'LOC_GRANT_POP'),
('SLTH_GREAT_MANE_9', 'LOC_SLTH_GREAT_MANE', 'GREAT_PERSON_CLASS_MANE', 'ERA_INDUSTRIAL', '1', 'Male', 'DISTRICT_CITY_CENTER',  '1', 'LOC_GRANT_POP'),
('SLTH_GREAT_MANE_10', 'LOC_SLTH_GREAT_MANE', 'GREAT_PERSON_CLASS_MANE', 'ERA_INDUSTRIAL', '1', 'Male', 'DISTRICT_CITY_CENTER',  '1', 'LOC_GRANT_POP'),
('SLTH_GREAT_MANE_11', 'LOC_SLTH_GREAT_MANE', 'GREAT_PERSON_CLASS_MANE', 'ERA_INDUSTRIAL', '1', 'Male', 'DISTRICT_CITY_CENTER',  '1', 'LOC_GRANT_POP'),
('SLTH_GREAT_MANE_12', 'LOC_SLTH_GREAT_MANE', 'GREAT_PERSON_CLASS_MANE', 'ERA_INDUSTRIAL', '1', 'Male', 'DISTRICT_CITY_CENTER',  '1', 'LOC_GRANT_POP'),
('SLTH_GREAT_MANE_13', 'LOC_SLTH_GREAT_MANE', 'GREAT_PERSON_CLASS_MANE', 'ERA_INDUSTRIAL', '1', 'Male', 'DISTRICT_CITY_CENTER',  '1', 'LOC_GRANT_POP'),
('SLTH_GREAT_MANE_14', 'LOC_SLTH_GREAT_MANE', 'GREAT_PERSON_CLASS_MANE', 'ERA_INDUSTRIAL', '1', 'Male', 'DISTRICT_CITY_CENTER',  '1', 'LOC_GRANT_POP'),
('SLTH_GREAT_MANE_15', 'LOC_SLTH_GREAT_MANE', 'GREAT_PERSON_CLASS_MANE', 'ERA_INDUSTRIAL', '1', 'Male', 'DISTRICT_CITY_CENTER',  '1', 'LOC_GRANT_POP'),
('SLTH_GREAT_MANE_16', 'LOC_SLTH_GREAT_MANE', 'GREAT_PERSON_CLASS_MANE', 'ERA_INDUSTRIAL', '1', 'Male', 'DISTRICT_CITY_CENTER',  '1', 'LOC_GRANT_POP'),
('SLTH_GREAT_MANE_17', 'LOC_SLTH_GREAT_MANE', 'GREAT_PERSON_CLASS_MANE', 'ERA_INDUSTRIAL', '1', 'Male', 'DISTRICT_CITY_CENTER',  '1', 'LOC_GRANT_POP'),
('SLTH_GREAT_MANE_18', 'LOC_SLTH_GREAT_MANE', 'GREAT_PERSON_CLASS_MANE', 'ERA_INDUSTRIAL', '1', 'Male', 'DISTRICT_CITY_CENTER',  '1', 'LOC_GRANT_POP'),
('SLTH_GREAT_MANE_19', 'LOC_SLTH_GREAT_MANE', 'GREAT_PERSON_CLASS_MANE', 'ERA_INDUSTRIAL', '1', 'Male', 'DISTRICT_CITY_CENTER',  '1', 'LOC_GRANT_POP'),
('SLTH_GREAT_MANE_20', 'LOC_SLTH_GREAT_MANE', 'GREAT_PERSON_CLASS_MANE', 'ERA_INDUSTRIAL', '1', 'Male', 'DISTRICT_CITY_CENTER',  '1', 'LOC_GRANT_POP'),
('SLTH_GREAT_MANE_21', 'LOC_SLTH_GREAT_MANE', 'GREAT_PERSON_CLASS_MANE', 'ERA_INDUSTRIAL', '1', 'Male', 'DISTRICT_CITY_CENTER',  '1', 'LOC_GRANT_POP'),
('SLTH_GREAT_MANE_22', 'LOC_SLTH_GREAT_MANE', 'GREAT_PERSON_CLASS_MANE', 'ERA_INDUSTRIAL', '1', 'Male', 'DISTRICT_CITY_CENTER',  '1', 'LOC_GRANT_POP'),
('SLTH_GREAT_MANE_23', 'LOC_SLTH_GREAT_MANE', 'GREAT_PERSON_CLASS_MANE', 'ERA_INDUSTRIAL', '1', 'Male', 'DISTRICT_CITY_CENTER',  '1', 'LOC_GRANT_POP'),
('SLTH_GREAT_MANE_24', 'LOC_SLTH_GREAT_MANE', 'GREAT_PERSON_CLASS_MANE', 'ERA_INDUSTRIAL', '1', 'Male', 'DISTRICT_CITY_CENTER',  '1', 'LOC_GRANT_POP'),
('SLTH_GREAT_MANE_25', 'LOC_SLTH_GREAT_MANE', 'GREAT_PERSON_CLASS_MANE', 'ERA_INDUSTRIAL', '1', 'Male', 'DISTRICT_CITY_CENTER',  '1', 'LOC_GRANT_POP'),
('SLTH_GREAT_MANE_26', 'LOC_SLTH_GREAT_MANE', 'GREAT_PERSON_CLASS_MANE', 'ERA_INDUSTRIAL', '1', 'Male', 'DISTRICT_CITY_CENTER',  '1', 'LOC_GRANT_POP'),
('SLTH_GREAT_MANE_27', 'LOC_SLTH_GREAT_MANE', 'GREAT_PERSON_CLASS_MANE', 'ERA_INDUSTRIAL', '1', 'Male', 'DISTRICT_CITY_CENTER',  '1', 'LOC_GRANT_POP'),
('SLTH_GREAT_MANE_28', 'LOC_SLTH_GREAT_MANE', 'GREAT_PERSON_CLASS_MANE', 'ERA_INDUSTRIAL', '1', 'Male', 'DISTRICT_CITY_CENTER',  '1', 'LOC_GRANT_POP'),
('SLTH_GREAT_MANE_29', 'LOC_SLTH_GREAT_MANE', 'GREAT_PERSON_CLASS_MANE', 'ERA_INDUSTRIAL', '1', 'Male', 'DISTRICT_CITY_CENTER',  '1', 'LOC_GRANT_POP'),
('SLTH_GREAT_MANE_30', 'LOC_SLTH_GREAT_MANE', 'GREAT_PERSON_CLASS_MANE', 'ERA_INDUSTRIAL', '1', 'Male', 'DISTRICT_CITY_CENTER',  '1', 'LOC_GRANT_POP'),
('SLTH_GREAT_MANE_31', 'LOC_SLTH_GREAT_MANE', 'GREAT_PERSON_CLASS_MANE', 'ERA_INDUSTRIAL', '1', 'Male', 'DISTRICT_CITY_CENTER',  '1', 'LOC_GRANT_POP'),
('SLTH_GREAT_MANE_32', 'LOC_SLTH_GREAT_MANE', 'GREAT_PERSON_CLASS_MANE', 'ERA_INDUSTRIAL', '1', 'Male', 'DISTRICT_CITY_CENTER',  '1', 'LOC_GRANT_POP'),
('SLTH_GREAT_MANE_33', 'LOC_SLTH_GREAT_MANE', 'GREAT_PERSON_CLASS_MANE', 'ERA_INDUSTRIAL', '1', 'Male', 'DISTRICT_CITY_CENTER',  '1', 'LOC_GRANT_POP'),
('SLTH_GREAT_MANE_34', 'LOC_SLTH_GREAT_MANE', 'GREAT_PERSON_CLASS_MANE', 'ERA_INDUSTRIAL', '1', 'Male', 'DISTRICT_CITY_CENTER',  '1', 'LOC_GRANT_POP'),
('SLTH_GREAT_MANE_35', 'LOC_SLTH_GREAT_MANE', 'GREAT_PERSON_CLASS_MANE', 'ERA_INDUSTRIAL', '1', 'Male', 'DISTRICT_CITY_CENTER',  '1', 'LOC_GRANT_POP'),
('SLTH_GREAT_MANE_36', 'LOC_SLTH_GREAT_MANE', 'GREAT_PERSON_CLASS_MANE', 'ERA_INDUSTRIAL', '1', 'Male', 'DISTRICT_CITY_CENTER',  '1', 'LOC_GRANT_POP'),
('SLTH_GREAT_MANE_37', 'LOC_SLTH_GREAT_MANE', 'GREAT_PERSON_CLASS_MANE', 'ERA_INDUSTRIAL', '1', 'Male', 'DISTRICT_CITY_CENTER',  '1', 'LOC_GRANT_POP'),
('SLTH_GREAT_MANE_38', 'LOC_SLTH_GREAT_MANE', 'GREAT_PERSON_CLASS_MANE', 'ERA_INDUSTRIAL', '1', 'Male', 'DISTRICT_CITY_CENTER',  '1', 'LOC_GRANT_POP'),
('SLTH_GREAT_MANE_39', 'LOC_SLTH_GREAT_MANE', 'GREAT_PERSON_CLASS_MANE', 'ERA_INDUSTRIAL', '1', 'Male', 'DISTRICT_CITY_CENTER',  '1', 'LOC_GRANT_POP'),
('SLTH_GREAT_MANE_40', 'LOC_SLTH_GREAT_MANE', 'GREAT_PERSON_CLASS_MANE', 'ERA_INDUSTRIAL', '1', 'Male', 'DISTRICT_CITY_CENTER',  '1', 'LOC_GRANT_POP'),
('SLTH_GREAT_MANE_41', 'LOC_SLTH_GREAT_MANE', 'GREAT_PERSON_CLASS_MANE', 'ERA_INDUSTRIAL', '1', 'Male', 'DISTRICT_CITY_CENTER',  '1', 'LOC_GRANT_POP'),
('SLTH_GREAT_MANE_42', 'LOC_SLTH_GREAT_MANE', 'GREAT_PERSON_CLASS_MANE', 'ERA_INDUSTRIAL', '1', 'Male', 'DISTRICT_CITY_CENTER',  '1', 'LOC_GRANT_POP'),
('SLTH_GREAT_MANE_43', 'LOC_SLTH_GREAT_MANE', 'GREAT_PERSON_CLASS_MANE', 'ERA_INDUSTRIAL', '1', 'Male', 'DISTRICT_CITY_CENTER',  '1', 'LOC_GRANT_POP'),
('SLTH_GREAT_MANE_44', 'LOC_SLTH_GREAT_MANE', 'GREAT_PERSON_CLASS_MANE', 'ERA_INDUSTRIAL', '1', 'Male', 'DISTRICT_CITY_CENTER',  '1', 'LOC_GRANT_POP'),
('SLTH_GREAT_MANE_45', 'LOC_SLTH_GREAT_MANE', 'GREAT_PERSON_CLASS_MANE', 'ERA_INDUSTRIAL', '1', 'Male', 'DISTRICT_CITY_CENTER',  '1', 'LOC_GRANT_POP'),
('SLTH_GREAT_MANE_46', 'LOC_SLTH_GREAT_MANE', 'GREAT_PERSON_CLASS_MANE', 'ERA_INDUSTRIAL', '1', 'Male', 'DISTRICT_CITY_CENTER',  '1', 'LOC_GRANT_POP'),
('SLTH_GREAT_MANE_47', 'LOC_SLTH_GREAT_MANE', 'GREAT_PERSON_CLASS_MANE', 'ERA_INDUSTRIAL', '1', 'Male', 'DISTRICT_CITY_CENTER',  '1', 'LOC_GRANT_POP'),
('SLTH_GREAT_MANE_48', 'LOC_SLTH_GREAT_MANE', 'GREAT_PERSON_CLASS_MANE', 'ERA_INDUSTRIAL', '1', 'Male', 'DISTRICT_CITY_CENTER',  '1', 'LOC_GRANT_POP'),
('SLTH_GREAT_MANE_49', 'LOC_SLTH_GREAT_MANE', 'GREAT_PERSON_CLASS_MANE', 'ERA_INDUSTRIAL', '1', 'Male', 'DISTRICT_CITY_CENTER',  '1', 'LOC_GRANT_POP'),
('SLTH_GREAT_MANE_50', 'LOC_SLTH_GREAT_MANE', 'GREAT_PERSON_CLASS_MANE', 'ERA_INDUSTRIAL', '1', 'Male', 'DISTRICT_CITY_CENTER',  '1', 'LOC_GRANT_POP'),
('SLTH_GREAT_MANE_51', 'LOC_SLTH_GREAT_MANE', 'GREAT_PERSON_CLASS_MANE', 'ERA_INDUSTRIAL', '1', 'Male', 'DISTRICT_CITY_CENTER',  '1', 'LOC_GRANT_POP'),
('SLTH_GREAT_MANE_52', 'LOC_SLTH_GREAT_MANE', 'GREAT_PERSON_CLASS_MANE', 'ERA_INDUSTRIAL', '1', 'Male', 'DISTRICT_CITY_CENTER',  '1', 'LOC_GRANT_POP'),
('SLTH_GREAT_MANE_53', 'LOC_SLTH_GREAT_MANE', 'GREAT_PERSON_CLASS_MANE', 'ERA_INDUSTRIAL', '1', 'Male', 'DISTRICT_CITY_CENTER',  '1', 'LOC_GRANT_POP'),
('SLTH_GREAT_MANE_54', 'LOC_SLTH_GREAT_MANE', 'GREAT_PERSON_CLASS_MANE', 'ERA_INDUSTRIAL', '1', 'Male', 'DISTRICT_CITY_CENTER',  '1', 'LOC_GRANT_POP'),
('SLTH_GREAT_MANE_55', 'LOC_SLTH_GREAT_MANE', 'GREAT_PERSON_CLASS_MANE', 'ERA_INDUSTRIAL', '1', 'Male', 'DISTRICT_CITY_CENTER',  '1', 'LOC_GRANT_POP'),
('SLTH_GREAT_MANE_56', 'LOC_SLTH_GREAT_MANE', 'GREAT_PERSON_CLASS_MANE', 'ERA_INDUSTRIAL', '1', 'Male', 'DISTRICT_CITY_CENTER',  '1', 'LOC_GRANT_POP'),
('SLTH_GREAT_MANE_57', 'LOC_SLTH_GREAT_MANE', 'GREAT_PERSON_CLASS_MANE', 'ERA_INDUSTRIAL', '1', 'Male', 'DISTRICT_CITY_CENTER',  '1', 'LOC_GRANT_POP'),
('SLTH_GREAT_MANE_58', 'LOC_SLTH_GREAT_MANE', 'GREAT_PERSON_CLASS_MANE', 'ERA_INDUSTRIAL', '1', 'Male', 'DISTRICT_CITY_CENTER',  '1', 'LOC_GRANT_POP'),
('SLTH_GREAT_MANE_59', 'LOC_SLTH_GREAT_MANE', 'GREAT_PERSON_CLASS_MANE', 'ERA_INDUSTRIAL', '1', 'Male', 'DISTRICT_CITY_CENTER',  '1', 'LOC_GRANT_POP'),
('SLTH_GREAT_MANE_60', 'LOC_SLTH_GREAT_MANE', 'GREAT_PERSON_CLASS_MANE', 'ERA_INDUSTRIAL', '1', 'Male', 'DISTRICT_CITY_CENTER',  '1', 'LOC_GRANT_POP'),
('SLTH_GREAT_MANE_61', 'LOC_SLTH_GREAT_MANE', 'GREAT_PERSON_CLASS_MANE', 'ERA_INDUSTRIAL', '1', 'Male', 'DISTRICT_CITY_CENTER',  '1', 'LOC_GRANT_POP'),
('SLTH_GREAT_MANE_62', 'LOC_SLTH_GREAT_MANE', 'GREAT_PERSON_CLASS_MANE', 'ERA_INDUSTRIAL', '1', 'Male', 'DISTRICT_CITY_CENTER',  '1', 'LOC_GRANT_POP'),
('SLTH_GREAT_MANE_63', 'LOC_SLTH_GREAT_MANE', 'GREAT_PERSON_CLASS_MANE', 'ERA_INDUSTRIAL', '1', 'Male', 'DISTRICT_CITY_CENTER',  '1', 'LOC_GRANT_POP'),
('SLTH_GREAT_MANE_64', 'LOC_SLTH_GREAT_MANE', 'GREAT_PERSON_CLASS_MANE', 'ERA_INDUSTRIAL', '1', 'Male', 'DISTRICT_CITY_CENTER',  '1', 'LOC_GRANT_POP'),
('SLTH_GREAT_MANE_65', 'LOC_SLTH_GREAT_MANE', 'GREAT_PERSON_CLASS_MANE', 'ERA_INDUSTRIAL', '1', 'Male', 'DISTRICT_CITY_CENTER',  '1', 'LOC_GRANT_POP'),
('SLTH_GREAT_MANE_66', 'LOC_SLTH_GREAT_MANE', 'GREAT_PERSON_CLASS_MANE', 'ERA_INDUSTRIAL', '1', 'Male', 'DISTRICT_CITY_CENTER',  '1', 'LOC_GRANT_POP'),
('SLTH_GREAT_MANE_67', 'LOC_SLTH_GREAT_MANE', 'GREAT_PERSON_CLASS_MANE', 'ERA_INDUSTRIAL', '1', 'Male', 'DISTRICT_CITY_CENTER',  '1', 'LOC_GRANT_POP'),
('SLTH_GREAT_MANE_68', 'LOC_SLTH_GREAT_MANE', 'GREAT_PERSON_CLASS_MANE', 'ERA_INDUSTRIAL', '1', 'Male', 'DISTRICT_CITY_CENTER',  '1', 'LOC_GRANT_POP'),
('SLTH_GREAT_MANE_69', 'LOC_SLTH_GREAT_MANE', 'GREAT_PERSON_CLASS_MANE', 'ERA_INDUSTRIAL', '1', 'Male', 'DISTRICT_CITY_CENTER',  '1', 'LOC_GRANT_POP'),
('SLTH_GREAT_MANE_70', 'LOC_SLTH_GREAT_MANE', 'GREAT_PERSON_CLASS_MANE', 'ERA_INDUSTRIAL', '1', 'Male', 'DISTRICT_CITY_CENTER',  '1', 'LOC_GRANT_POP'),
('SLTH_GREAT_MANE_71', 'LOC_SLTH_GREAT_MANE', 'GREAT_PERSON_CLASS_MANE', 'ERA_INDUSTRIAL', '1', 'Male', 'DISTRICT_CITY_CENTER',  '1', 'LOC_GRANT_POP'),
('SLTH_GREAT_MANE_72', 'LOC_SLTH_GREAT_MANE', 'GREAT_PERSON_CLASS_MANE', 'ERA_INDUSTRIAL', '1', 'Male', 'DISTRICT_CITY_CENTER',  '1', 'LOC_GRANT_POP'),
('SLTH_GREAT_MANE_73', 'LOC_SLTH_GREAT_MANE', 'GREAT_PERSON_CLASS_MANE', 'ERA_INDUSTRIAL', '1', 'Male', 'DISTRICT_CITY_CENTER',  '1', 'LOC_GRANT_POP'),
('SLTH_GREAT_MANE_74', 'LOC_SLTH_GREAT_MANE', 'GREAT_PERSON_CLASS_MANE', 'ERA_INDUSTRIAL', '1', 'Male', 'DISTRICT_CITY_CENTER',  '1', 'LOC_GRANT_POP'),
('SLTH_GREAT_MANE_75', 'LOC_SLTH_GREAT_MANE', 'GREAT_PERSON_CLASS_MANE', 'ERA_INDUSTRIAL', '1', 'Male', 'DISTRICT_CITY_CENTER',  '1', 'LOC_GRANT_POP'),
('SLTH_GREAT_MANE_76', 'LOC_SLTH_GREAT_MANE', 'GREAT_PERSON_CLASS_MANE', 'ERA_INDUSTRIAL', '1', 'Male', 'DISTRICT_CITY_CENTER',  '1', 'LOC_GRANT_POP'),
('SLTH_GREAT_MANE_77', 'LOC_SLTH_GREAT_MANE', 'GREAT_PERSON_CLASS_MANE', 'ERA_INDUSTRIAL', '1', 'Male', 'DISTRICT_CITY_CENTER',  '1', 'LOC_GRANT_POP'),
('SLTH_GREAT_MANE_78', 'LOC_SLTH_GREAT_MANE', 'GREAT_PERSON_CLASS_MANE', 'ERA_INDUSTRIAL', '1', 'Male', 'DISTRICT_CITY_CENTER',  '1', 'LOC_GRANT_POP'),
('SLTH_GREAT_MANE_79', 'LOC_SLTH_GREAT_MANE', 'GREAT_PERSON_CLASS_MANE', 'ERA_INDUSTRIAL', '1', 'Male', 'DISTRICT_CITY_CENTER',  '1', 'LOC_GRANT_POP'),
('SLTH_GREAT_MANE_80', 'LOC_SLTH_GREAT_MANE', 'GREAT_PERSON_CLASS_MANE', 'ERA_INDUSTRIAL', '1', 'Male', 'DISTRICT_CITY_CENTER',  '1', 'LOC_GRANT_POP'),
('SLTH_GREAT_MANE_81', 'LOC_SLTH_GREAT_MANE', 'GREAT_PERSON_CLASS_MANE', 'ERA_INDUSTRIAL', '1', 'Male', 'DISTRICT_CITY_CENTER',  '1', 'LOC_GRANT_POP'),
('SLTH_GREAT_MANE_82', 'LOC_SLTH_GREAT_MANE', 'GREAT_PERSON_CLASS_MANE', 'ERA_INDUSTRIAL', '1', 'Male', 'DISTRICT_CITY_CENTER',  '1', 'LOC_GRANT_POP'),
('SLTH_GREAT_MANE_83', 'LOC_SLTH_GREAT_MANE', 'GREAT_PERSON_CLASS_MANE', 'ERA_INDUSTRIAL', '1', 'Male', 'DISTRICT_CITY_CENTER',  '1', 'LOC_GRANT_POP'),
('SLTH_GREAT_MANE_84', 'LOC_SLTH_GREAT_MANE', 'GREAT_PERSON_CLASS_MANE', 'ERA_INDUSTRIAL', '1', 'Male', 'DISTRICT_CITY_CENTER',  '1', 'LOC_GRANT_POP'),
('SLTH_GREAT_MANE_85', 'LOC_SLTH_GREAT_MANE', 'GREAT_PERSON_CLASS_MANE', 'ERA_INDUSTRIAL', '1', 'Male', 'DISTRICT_CITY_CENTER',  '1', 'LOC_GRANT_POP'),
('SLTH_GREAT_MANE_86', 'LOC_SLTH_GREAT_MANE', 'GREAT_PERSON_CLASS_MANE', 'ERA_INDUSTRIAL', '1', 'Male', 'DISTRICT_CITY_CENTER',  '1', 'LOC_GRANT_POP'),
('SLTH_GREAT_MANE_87', 'LOC_SLTH_GREAT_MANE', 'GREAT_PERSON_CLASS_MANE', 'ERA_INDUSTRIAL', '1', 'Male', 'DISTRICT_CITY_CENTER',  '1', 'LOC_GRANT_POP'),
('SLTH_GREAT_MANE_88', 'LOC_SLTH_GREAT_MANE', 'GREAT_PERSON_CLASS_MANE', 'ERA_INDUSTRIAL', '1', 'Male', 'DISTRICT_CITY_CENTER',  '1', 'LOC_GRANT_POP'),
('SLTH_GREAT_MANE_89', 'LOC_SLTH_GREAT_MANE', 'GREAT_PERSON_CLASS_MANE', 'ERA_INDUSTRIAL', '1', 'Male', 'DISTRICT_CITY_CENTER',  '1', 'LOC_GRANT_POP'),
('SLTH_GREAT_MANE_90', 'LOC_SLTH_GREAT_MANE', 'GREAT_PERSON_CLASS_MANE', 'ERA_INDUSTRIAL', '1', 'Male', 'DISTRICT_CITY_CENTER',  '1', 'LOC_GRANT_POP'),
('SLTH_GREAT_MANE_91', 'LOC_SLTH_GREAT_MANE', 'GREAT_PERSON_CLASS_MANE', 'ERA_INDUSTRIAL', '1', 'Male', 'DISTRICT_CITY_CENTER',  '1', 'LOC_GRANT_POP'),
('SLTH_GREAT_MANE_92', 'LOC_SLTH_GREAT_MANE', 'GREAT_PERSON_CLASS_MANE', 'ERA_INDUSTRIAL', '1', 'Male', 'DISTRICT_CITY_CENTER',  '1', 'LOC_GRANT_POP'),
('SLTH_GREAT_MANE_93', 'LOC_SLTH_GREAT_MANE', 'GREAT_PERSON_CLASS_MANE', 'ERA_INDUSTRIAL', '1', 'Male', 'DISTRICT_CITY_CENTER',  '1', 'LOC_GRANT_POP'),
('SLTH_GREAT_MANE_94', 'LOC_SLTH_GREAT_MANE', 'GREAT_PERSON_CLASS_MANE', 'ERA_INDUSTRIAL', '1', 'Male', 'DISTRICT_CITY_CENTER',  '1', 'LOC_GRANT_POP'),
('SLTH_GREAT_MANE_95', 'LOC_SLTH_GREAT_MANE', 'GREAT_PERSON_CLASS_MANE', 'ERA_INDUSTRIAL', '1', 'Male', 'DISTRICT_CITY_CENTER',  '1', 'LOC_GRANT_POP'),
('SLTH_GREAT_MANE_96', 'LOC_SLTH_GREAT_MANE', 'GREAT_PERSON_CLASS_MANE', 'ERA_INDUSTRIAL', '1', 'Male', 'DISTRICT_CITY_CENTER',  '1', 'LOC_GRANT_POP'),
('SLTH_GREAT_MANE_97', 'LOC_SLTH_GREAT_MANE', 'GREAT_PERSON_CLASS_MANE', 'ERA_INDUSTRIAL', '1', 'Male', 'DISTRICT_CITY_CENTER',  '1', 'LOC_GRANT_POP'),
('SLTH_GREAT_MANE_98', 'LOC_SLTH_GREAT_MANE', 'GREAT_PERSON_CLASS_MANE', 'ERA_INDUSTRIAL', '1', 'Male', 'DISTRICT_CITY_CENTER',  '1', 'LOC_GRANT_POP'),
('SLTH_GREAT_MANE_99', 'LOC_SLTH_GREAT_MANE', 'GREAT_PERSON_CLASS_MANE', 'ERA_INDUSTRIAL', '1', 'Male', 'DISTRICT_CITY_CENTER',  '1', 'LOC_GRANT_POP'),
('SLTH_GREAT_MANE_100', 'LOC_SLTH_GREAT_MANE', 'GREAT_PERSON_CLASS_MANE', 'ERA_INDUSTRIAL', '1', 'Male', 'DISTRICT_CITY_CENTER',  '1', 'LOC_GRANT_POP'),
('SLTH_GREAT_MANE_101', 'LOC_SLTH_GREAT_MANE', 'GREAT_PERSON_CLASS_MANE', 'ERA_INDUSTRIAL', '1', 'Male', 'DISTRICT_CITY_CENTER',  '1', 'LOC_GRANT_POP'),
('SLTH_GREAT_MANE_102', 'LOC_SLTH_GREAT_MANE', 'GREAT_PERSON_CLASS_MANE', 'ERA_INDUSTRIAL', '1', 'Male', 'DISTRICT_CITY_CENTER',  '1', 'LOC_GRANT_POP'),
('SLTH_GREAT_MANE_103', 'LOC_SLTH_GREAT_MANE', 'GREAT_PERSON_CLASS_MANE', 'ERA_INDUSTRIAL', '1', 'Male', 'DISTRICT_CITY_CENTER',  '1', 'LOC_GRANT_POP'),
('SLTH_GREAT_MANE_104', 'LOC_SLTH_GREAT_MANE', 'GREAT_PERSON_CLASS_MANE', 'ERA_INDUSTRIAL', '1', 'Male', 'DISTRICT_CITY_CENTER',  '1', 'LOC_GRANT_POP'),
('SLTH_GREAT_MANE_105', 'LOC_SLTH_GREAT_MANE', 'GREAT_PERSON_CLASS_MANE', 'ERA_INDUSTRIAL', '1', 'Male', 'DISTRICT_CITY_CENTER',  '1', 'LOC_GRANT_POP'),
('SLTH_GREAT_MANE_106', 'LOC_SLTH_GREAT_MANE', 'GREAT_PERSON_CLASS_MANE', 'ERA_INDUSTRIAL', '1', 'Male', 'DISTRICT_CITY_CENTER',  '1', 'LOC_GRANT_POP'),
('SLTH_GREAT_MANE_107', 'LOC_SLTH_GREAT_MANE', 'GREAT_PERSON_CLASS_MANE', 'ERA_INDUSTRIAL', '1', 'Male', 'DISTRICT_CITY_CENTER',  '1', 'LOC_GRANT_POP'),
('SLTH_GREAT_MANE_108', 'LOC_SLTH_GREAT_MANE', 'GREAT_PERSON_CLASS_MANE', 'ERA_INDUSTRIAL', '1', 'Male', 'DISTRICT_CITY_CENTER',  '1', 'LOC_GRANT_POP'),
('SLTH_GREAT_MANE_109', 'LOC_SLTH_GREAT_MANE', 'GREAT_PERSON_CLASS_MANE', 'ERA_INDUSTRIAL', '1', 'Male', 'DISTRICT_CITY_CENTER',  '1', 'LOC_GRANT_POP'),
('SLTH_GREAT_MANE_110', 'LOC_SLTH_GREAT_MANE', 'GREAT_PERSON_CLASS_MANE', 'ERA_INDUSTRIAL', '1', 'Male', 'DISTRICT_CITY_CENTER',  '1', 'LOC_GRANT_POP'),
('SLTH_GREAT_MANE_111', 'LOC_SLTH_GREAT_MANE', 'GREAT_PERSON_CLASS_MANE', 'ERA_INDUSTRIAL', '1', 'Male', 'DISTRICT_CITY_CENTER',  '1', 'LOC_GRANT_POP'),
('SLTH_GREAT_MANE_112', 'LOC_SLTH_GREAT_MANE', 'GREAT_PERSON_CLASS_MANE', 'ERA_INDUSTRIAL', '1', 'Male', 'DISTRICT_CITY_CENTER',  '1', 'LOC_GRANT_POP'),
('SLTH_GREAT_MANE_113', 'LOC_SLTH_GREAT_MANE', 'GREAT_PERSON_CLASS_MANE', 'ERA_INDUSTRIAL', '1', 'Male', 'DISTRICT_CITY_CENTER',  '1', 'LOC_GRANT_POP'),
('SLTH_GREAT_MANE_114', 'LOC_SLTH_GREAT_MANE', 'GREAT_PERSON_CLASS_MANE', 'ERA_INDUSTRIAL', '1', 'Male', 'DISTRICT_CITY_CENTER',  '1', 'LOC_GRANT_POP'),
('SLTH_GREAT_MANE_115', 'LOC_SLTH_GREAT_MANE', 'GREAT_PERSON_CLASS_MANE', 'ERA_INDUSTRIAL', '1', 'Male', 'DISTRICT_CITY_CENTER',  '1', 'LOC_GRANT_POP'),
('SLTH_GREAT_MANE_116', 'LOC_SLTH_GREAT_MANE', 'GREAT_PERSON_CLASS_MANE', 'ERA_INDUSTRIAL', '1', 'Male', 'DISTRICT_CITY_CENTER',  '1', 'LOC_GRANT_POP'),
('SLTH_GREAT_MANE_117', 'LOC_SLTH_GREAT_MANE', 'GREAT_PERSON_CLASS_MANE', 'ERA_INDUSTRIAL', '1', 'Male', 'DISTRICT_CITY_CENTER',  '1', 'LOC_GRANT_POP'),
('SLTH_GREAT_MANE_118', 'LOC_SLTH_GREAT_MANE', 'GREAT_PERSON_CLASS_MANE', 'ERA_INDUSTRIAL', '1', 'Male', 'DISTRICT_CITY_CENTER',  '1', 'LOC_GRANT_POP'),
('SLTH_GREAT_MANE_119', 'LOC_SLTH_GREAT_MANE', 'GREAT_PERSON_CLASS_MANE', 'ERA_INDUSTRIAL', '1', 'Male', 'DISTRICT_CITY_CENTER',  '1', 'LOC_GRANT_POP'),
('SLTH_GREAT_MANE_120', 'LOC_SLTH_GREAT_MANE', 'GREAT_PERSON_CLASS_MANE', 'ERA_INDUSTRIAL', '1', 'Male', 'DISTRICT_CITY_CENTER',  '1', 'LOC_GRANT_POP'),
('SLTH_GREAT_MANE_121', 'LOC_SLTH_GREAT_MANE', 'GREAT_PERSON_CLASS_MANE', 'ERA_INDUSTRIAL', '1', 'Male', 'DISTRICT_CITY_CENTER',  '1', 'LOC_GRANT_POP'),
('SLTH_GREAT_MANE_122', 'LOC_SLTH_GREAT_MANE', 'GREAT_PERSON_CLASS_MANE', 'ERA_INDUSTRIAL', '1', 'Male', 'DISTRICT_CITY_CENTER',  '1', 'LOC_GRANT_POP'),
('SLTH_GREAT_MANE_123', 'LOC_SLTH_GREAT_MANE', 'GREAT_PERSON_CLASS_MANE', 'ERA_INDUSTRIAL', '1', 'Male', 'DISTRICT_CITY_CENTER',  '1', 'LOC_GRANT_POP'),
('SLTH_GREAT_MANE_124', 'LOC_SLTH_GREAT_MANE', 'GREAT_PERSON_CLASS_MANE', 'ERA_INDUSTRIAL', '1', 'Male', 'DISTRICT_CITY_CENTER',  '1', 'LOC_GRANT_POP'),
('SLTH_GREAT_MANE_125', 'LOC_SLTH_GREAT_MANE', 'GREAT_PERSON_CLASS_MANE', 'ERA_INDUSTRIAL', '1', 'Male', 'DISTRICT_CITY_CENTER',  '1', 'LOC_GRANT_POP'),
('SLTH_GREAT_MANE_126', 'LOC_SLTH_GREAT_MANE', 'GREAT_PERSON_CLASS_MANE', 'ERA_INDUSTRIAL', '1', 'Male', 'DISTRICT_CITY_CENTER',  '1', 'LOC_GRANT_POP'),
('SLTH_GREAT_MANE_127', 'LOC_SLTH_GREAT_MANE', 'GREAT_PERSON_CLASS_MANE', 'ERA_INDUSTRIAL', '1', 'Male', 'DISTRICT_CITY_CENTER',  '1', 'LOC_GRANT_POP'),
('SLTH_GREAT_MANE_128', 'LOC_SLTH_GREAT_MANE', 'GREAT_PERSON_CLASS_MANE', 'ERA_INDUSTRIAL', '1', 'Male', 'DISTRICT_CITY_CENTER',  '1', 'LOC_GRANT_POP'),
('SLTH_GREAT_MANE_129', 'LOC_SLTH_GREAT_MANE', 'GREAT_PERSON_CLASS_MANE', 'ERA_INDUSTRIAL', '1', 'Male', 'DISTRICT_CITY_CENTER',  '1', 'LOC_GRANT_POP'),
('SLTH_GREAT_MANE_130', 'LOC_SLTH_GREAT_MANE', 'GREAT_PERSON_CLASS_MANE', 'ERA_INDUSTRIAL', '1', 'Male', 'DISTRICT_CITY_CENTER',  '1', 'LOC_GRANT_POP'),
('SLTH_GREAT_MANE_131', 'LOC_SLTH_GREAT_MANE', 'GREAT_PERSON_CLASS_MANE', 'ERA_INDUSTRIAL', '1', 'Male', 'DISTRICT_CITY_CENTER',  '1', 'LOC_GRANT_POP'),
('SLTH_GREAT_MANE_132', 'LOC_SLTH_GREAT_MANE', 'GREAT_PERSON_CLASS_MANE', 'ERA_INDUSTRIAL', '1', 'Male', 'DISTRICT_CITY_CENTER',  '1', 'LOC_GRANT_POP'),
('SLTH_GREAT_MANE_133', 'LOC_SLTH_GREAT_MANE', 'GREAT_PERSON_CLASS_MANE', 'ERA_INDUSTRIAL', '1', 'Male', 'DISTRICT_CITY_CENTER',  '1', 'LOC_GRANT_POP'),
('SLTH_GREAT_MANE_134', 'LOC_SLTH_GREAT_MANE', 'GREAT_PERSON_CLASS_MANE', 'ERA_INDUSTRIAL', '1', 'Male', 'DISTRICT_CITY_CENTER',  '1', 'LOC_GRANT_POP'),
('SLTH_GREAT_MANE_135', 'LOC_SLTH_GREAT_MANE', 'GREAT_PERSON_CLASS_MANE', 'ERA_INDUSTRIAL', '1', 'Male', 'DISTRICT_CITY_CENTER',  '1', 'LOC_GRANT_POP'),
('SLTH_GREAT_MANE_136', 'LOC_SLTH_GREAT_MANE', 'GREAT_PERSON_CLASS_MANE', 'ERA_INDUSTRIAL', '1', 'Male', 'DISTRICT_CITY_CENTER',  '1', 'LOC_GRANT_POP'),
('SLTH_GREAT_MANE_137', 'LOC_SLTH_GREAT_MANE', 'GREAT_PERSON_CLASS_MANE', 'ERA_INDUSTRIAL', '1', 'Male', 'DISTRICT_CITY_CENTER',  '1', 'LOC_GRANT_POP'),
('SLTH_GREAT_MANE_138', 'LOC_SLTH_GREAT_MANE', 'GREAT_PERSON_CLASS_MANE', 'ERA_INDUSTRIAL', '1', 'Male', 'DISTRICT_CITY_CENTER',  '1', 'LOC_GRANT_POP'),
('SLTH_GREAT_MANE_139', 'LOC_SLTH_GREAT_MANE', 'GREAT_PERSON_CLASS_MANE', 'ERA_INDUSTRIAL', '1', 'Male', 'DISTRICT_CITY_CENTER',  '1', 'LOC_GRANT_POP'),
('SLTH_GREAT_MANE_140', 'LOC_SLTH_GREAT_MANE', 'GREAT_PERSON_CLASS_MANE', 'ERA_INDUSTRIAL', '1', 'Male', 'DISTRICT_CITY_CENTER',  '1', 'LOC_GRANT_POP'),
('SLTH_GREAT_MANE_141', 'LOC_SLTH_GREAT_MANE', 'GREAT_PERSON_CLASS_MANE', 'ERA_INDUSTRIAL', '1', 'Male', 'DISTRICT_CITY_CENTER',  '1', 'LOC_GRANT_POP'),
('SLTH_GREAT_MANE_142', 'LOC_SLTH_GREAT_MANE', 'GREAT_PERSON_CLASS_MANE', 'ERA_INDUSTRIAL', '1', 'Male', 'DISTRICT_CITY_CENTER',  '1', 'LOC_GRANT_POP'),
('SLTH_GREAT_MANE_143', 'LOC_SLTH_GREAT_MANE', 'GREAT_PERSON_CLASS_MANE', 'ERA_INDUSTRIAL', '1', 'Male', 'DISTRICT_CITY_CENTER',  '1', 'LOC_GRANT_POP'),
('SLTH_GREAT_MANE_144', 'LOC_SLTH_GREAT_MANE', 'GREAT_PERSON_CLASS_MANE', 'ERA_INDUSTRIAL', '1', 'Male', 'DISTRICT_CITY_CENTER',  '1', 'LOC_GRANT_POP'),
('SLTH_GREAT_MANE_145', 'LOC_SLTH_GREAT_MANE', 'GREAT_PERSON_CLASS_MANE', 'ERA_INDUSTRIAL', '1', 'Male', 'DISTRICT_CITY_CENTER',  '1', 'LOC_GRANT_POP'),
('SLTH_GREAT_MANE_146', 'LOC_SLTH_GREAT_MANE', 'GREAT_PERSON_CLASS_MANE', 'ERA_INDUSTRIAL', '1', 'Male', 'DISTRICT_CITY_CENTER',  '1', 'LOC_GRANT_POP'),
('SLTH_GREAT_MANE_147', 'LOC_SLTH_GREAT_MANE', 'GREAT_PERSON_CLASS_MANE', 'ERA_INDUSTRIAL', '1', 'Male', 'DISTRICT_CITY_CENTER',  '1', 'LOC_GRANT_POP'),
('SLTH_GREAT_MANE_148', 'LOC_SLTH_GREAT_MANE', 'GREAT_PERSON_CLASS_MANE', 'ERA_INDUSTRIAL', '1', 'Male', 'DISTRICT_CITY_CENTER',  '1', 'LOC_GRANT_POP'),
('SLTH_GREAT_MANE_149', 'LOC_SLTH_GREAT_MANE', 'GREAT_PERSON_CLASS_MANE', 'ERA_INDUSTRIAL', '1', 'Male', 'DISTRICT_CITY_CENTER',  '1', 'LOC_GRANT_POP'),
('SLTH_GREAT_MANE_150', 'LOC_SLTH_GREAT_MANE', 'GREAT_PERSON_CLASS_MANE', 'ERA_INDUSTRIAL', '1', 'Male', 'DISTRICT_CITY_CENTER',  '1', 'LOC_GRANT_POP'),
('SLTH_GREAT_MANE_151', 'LOC_SLTH_GREAT_MANE', 'GREAT_PERSON_CLASS_MANE', 'ERA_INDUSTRIAL', '1', 'Male', 'DISTRICT_CITY_CENTER',  '1', 'LOC_GRANT_POP'),
('SLTH_GREAT_MANE_152', 'LOC_SLTH_GREAT_MANE', 'GREAT_PERSON_CLASS_MANE', 'ERA_INDUSTRIAL', '1', 'Male', 'DISTRICT_CITY_CENTER',  '1', 'LOC_GRANT_POP'),
('SLTH_GREAT_MANE_153', 'LOC_SLTH_GREAT_MANE', 'GREAT_PERSON_CLASS_MANE', 'ERA_INDUSTRIAL', '1', 'Male', 'DISTRICT_CITY_CENTER',  '1', 'LOC_GRANT_POP'),
('SLTH_GREAT_MANE_154', 'LOC_SLTH_GREAT_MANE', 'GREAT_PERSON_CLASS_MANE', 'ERA_INDUSTRIAL', '1', 'Male', 'DISTRICT_CITY_CENTER',  '1', 'LOC_GRANT_POP'),
('SLTH_GREAT_MANE_155', 'LOC_SLTH_GREAT_MANE', 'GREAT_PERSON_CLASS_MANE', 'ERA_INDUSTRIAL', '1', 'Male', 'DISTRICT_CITY_CENTER',  '1', 'LOC_GRANT_POP'),
('SLTH_GREAT_MANE_156', 'LOC_SLTH_GREAT_MANE', 'GREAT_PERSON_CLASS_MANE', 'ERA_INDUSTRIAL', '1', 'Male', 'DISTRICT_CITY_CENTER',  '1', 'LOC_GRANT_POP'),
('SLTH_GREAT_MANE_157', 'LOC_SLTH_GREAT_MANE', 'GREAT_PERSON_CLASS_MANE', 'ERA_INDUSTRIAL', '1', 'Male', 'DISTRICT_CITY_CENTER',  '1', 'LOC_GRANT_POP'),
('SLTH_GREAT_MANE_158', 'LOC_SLTH_GREAT_MANE', 'GREAT_PERSON_CLASS_MANE', 'ERA_INDUSTRIAL', '1', 'Male', 'DISTRICT_CITY_CENTER',  '1', 'LOC_GRANT_POP'),
('SLTH_GREAT_MANE_159', 'LOC_SLTH_GREAT_MANE', 'GREAT_PERSON_CLASS_MANE', 'ERA_INDUSTRIAL', '1', 'Male', 'DISTRICT_CITY_CENTER',  '1', 'LOC_GRANT_POP'),
('SLTH_GREAT_MANE_160', 'LOC_SLTH_GREAT_MANE', 'GREAT_PERSON_CLASS_MANE', 'ERA_INDUSTRIAL', '1', 'Male', 'DISTRICT_CITY_CENTER',  '1', 'LOC_GRANT_POP'),
('SLTH_GREAT_MANE_161', 'LOC_SLTH_GREAT_MANE', 'GREAT_PERSON_CLASS_MANE', 'ERA_INDUSTRIAL', '1', 'Male', 'DISTRICT_CITY_CENTER',  '1', 'LOC_GRANT_POP'),
('SLTH_GREAT_MANE_162', 'LOC_SLTH_GREAT_MANE', 'GREAT_PERSON_CLASS_MANE', 'ERA_INDUSTRIAL', '1', 'Male', 'DISTRICT_CITY_CENTER',  '1', 'LOC_GRANT_POP'),
('SLTH_GREAT_MANE_163', 'LOC_SLTH_GREAT_MANE', 'GREAT_PERSON_CLASS_MANE', 'ERA_INDUSTRIAL', '1', 'Male', 'DISTRICT_CITY_CENTER',  '1', 'LOC_GRANT_POP'),
('SLTH_GREAT_MANE_164', 'LOC_SLTH_GREAT_MANE', 'GREAT_PERSON_CLASS_MANE', 'ERA_INDUSTRIAL', '1', 'Male', 'DISTRICT_CITY_CENTER',  '1', 'LOC_GRANT_POP'),
('SLTH_GREAT_MANE_165', 'LOC_SLTH_GREAT_MANE', 'GREAT_PERSON_CLASS_MANE', 'ERA_INDUSTRIAL', '1', 'Male', 'DISTRICT_CITY_CENTER',  '1', 'LOC_GRANT_POP'),
('SLTH_GREAT_MANE_166', 'LOC_SLTH_GREAT_MANE', 'GREAT_PERSON_CLASS_MANE', 'ERA_INDUSTRIAL', '1', 'Male', 'DISTRICT_CITY_CENTER',  '1', 'LOC_GRANT_POP'),
('SLTH_GREAT_MANE_167', 'LOC_SLTH_GREAT_MANE', 'GREAT_PERSON_CLASS_MANE', 'ERA_INDUSTRIAL', '1', 'Male', 'DISTRICT_CITY_CENTER',  '1', 'LOC_GRANT_POP'),
('SLTH_GREAT_MANE_168', 'LOC_SLTH_GREAT_MANE', 'GREAT_PERSON_CLASS_MANE', 'ERA_INDUSTRIAL', '1', 'Male', 'DISTRICT_CITY_CENTER',  '1', 'LOC_GRANT_POP'),
('SLTH_GREAT_MANE_169', 'LOC_SLTH_GREAT_MANE', 'GREAT_PERSON_CLASS_MANE', 'ERA_INDUSTRIAL', '1', 'Male', 'DISTRICT_CITY_CENTER',  '1', 'LOC_GRANT_POP'),
('SLTH_GREAT_MANE_170', 'LOC_SLTH_GREAT_MANE', 'GREAT_PERSON_CLASS_MANE', 'ERA_INDUSTRIAL', '1', 'Male', 'DISTRICT_CITY_CENTER',  '1', 'LOC_GRANT_POP'),
('SLTH_GREAT_MANE_171', 'LOC_SLTH_GREAT_MANE', 'GREAT_PERSON_CLASS_MANE', 'ERA_INDUSTRIAL', '1', 'Male', 'DISTRICT_CITY_CENTER',  '1', 'LOC_GRANT_POP'),
('SLTH_GREAT_MANE_172', 'LOC_SLTH_GREAT_MANE', 'GREAT_PERSON_CLASS_MANE', 'ERA_INDUSTRIAL', '1', 'Male', 'DISTRICT_CITY_CENTER',  '1', 'LOC_GRANT_POP'),
('SLTH_GREAT_MANE_173', 'LOC_SLTH_GREAT_MANE', 'GREAT_PERSON_CLASS_MANE', 'ERA_INDUSTRIAL', '1', 'Male', 'DISTRICT_CITY_CENTER',  '1', 'LOC_GRANT_POP'),
('SLTH_GREAT_MANE_174', 'LOC_SLTH_GREAT_MANE', 'GREAT_PERSON_CLASS_MANE', 'ERA_INDUSTRIAL', '1', 'Male', 'DISTRICT_CITY_CENTER',  '1', 'LOC_GRANT_POP'),
('SLTH_GREAT_MANE_175', 'LOC_SLTH_GREAT_MANE', 'GREAT_PERSON_CLASS_MANE', 'ERA_INDUSTRIAL', '1', 'Male', 'DISTRICT_CITY_CENTER',  '1', 'LOC_GRANT_POP'),
('SLTH_GREAT_MANE_176', 'LOC_SLTH_GREAT_MANE', 'GREAT_PERSON_CLASS_MANE', 'ERA_INDUSTRIAL', '1', 'Male', 'DISTRICT_CITY_CENTER',  '1', 'LOC_GRANT_POP'),
('SLTH_GREAT_MANE_177', 'LOC_SLTH_GREAT_MANE', 'GREAT_PERSON_CLASS_MANE', 'ERA_INDUSTRIAL', '1', 'Male', 'DISTRICT_CITY_CENTER',  '1', 'LOC_GRANT_POP'),
('SLTH_GREAT_MANE_178', 'LOC_SLTH_GREAT_MANE', 'GREAT_PERSON_CLASS_MANE', 'ERA_INDUSTRIAL', '1', 'Male', 'DISTRICT_CITY_CENTER',  '1', 'LOC_GRANT_POP'),
('SLTH_GREAT_MANE_179', 'LOC_SLTH_GREAT_MANE', 'GREAT_PERSON_CLASS_MANE', 'ERA_INDUSTRIAL', '1', 'Male', 'DISTRICT_CITY_CENTER',  '1', 'LOC_GRANT_POP'),
('SLTH_GREAT_MANE_180', 'LOC_SLTH_GREAT_MANE', 'GREAT_PERSON_CLASS_MANE', 'ERA_INDUSTRIAL', '1', 'Male', 'DISTRICT_CITY_CENTER',  '1', 'LOC_GRANT_POP'),
('SLTH_GREAT_MANE_181', 'LOC_SLTH_GREAT_MANE', 'GREAT_PERSON_CLASS_MANE', 'ERA_INDUSTRIAL', '1', 'Male', 'DISTRICT_CITY_CENTER',  '1', 'LOC_GRANT_POP'),
('SLTH_GREAT_MANE_182', 'LOC_SLTH_GREAT_MANE', 'GREAT_PERSON_CLASS_MANE', 'ERA_INDUSTRIAL', '1', 'Male', 'DISTRICT_CITY_CENTER',  '1', 'LOC_GRANT_POP'),
('SLTH_GREAT_MANE_183', 'LOC_SLTH_GREAT_MANE', 'GREAT_PERSON_CLASS_MANE', 'ERA_INDUSTRIAL', '1', 'Male', 'DISTRICT_CITY_CENTER',  '1', 'LOC_GRANT_POP'),
('SLTH_GREAT_MANE_184', 'LOC_SLTH_GREAT_MANE', 'GREAT_PERSON_CLASS_MANE', 'ERA_INDUSTRIAL', '1', 'Male', 'DISTRICT_CITY_CENTER',  '1', 'LOC_GRANT_POP'),
('SLTH_GREAT_MANE_185', 'LOC_SLTH_GREAT_MANE', 'GREAT_PERSON_CLASS_MANE', 'ERA_INDUSTRIAL', '1', 'Male', 'DISTRICT_CITY_CENTER',  '1', 'LOC_GRANT_POP'),
('SLTH_GREAT_MANE_186', 'LOC_SLTH_GREAT_MANE', 'GREAT_PERSON_CLASS_MANE', 'ERA_INDUSTRIAL', '1', 'Male', 'DISTRICT_CITY_CENTER',  '1', 'LOC_GRANT_POP'),
('SLTH_GREAT_MANE_187', 'LOC_SLTH_GREAT_MANE', 'GREAT_PERSON_CLASS_MANE', 'ERA_INDUSTRIAL', '1', 'Male', 'DISTRICT_CITY_CENTER',  '1', 'LOC_GRANT_POP'),
('SLTH_GREAT_MANE_188', 'LOC_SLTH_GREAT_MANE', 'GREAT_PERSON_CLASS_MANE', 'ERA_INDUSTRIAL', '1', 'Male', 'DISTRICT_CITY_CENTER',  '1', 'LOC_GRANT_POP'),
('SLTH_GREAT_MANE_189', 'LOC_SLTH_GREAT_MANE', 'GREAT_PERSON_CLASS_MANE', 'ERA_INDUSTRIAL', '1', 'Male', 'DISTRICT_CITY_CENTER',  '1', 'LOC_GRANT_POP'),
('SLTH_GREAT_MANE_190', 'LOC_SLTH_GREAT_MANE', 'GREAT_PERSON_CLASS_MANE', 'ERA_INDUSTRIAL', '1', 'Male', 'DISTRICT_CITY_CENTER',  '1', 'LOC_GRANT_POP'),
('SLTH_GREAT_MANE_191', 'LOC_SLTH_GREAT_MANE', 'GREAT_PERSON_CLASS_MANE', 'ERA_INDUSTRIAL', '1', 'Male', 'DISTRICT_CITY_CENTER',  '1', 'LOC_GRANT_POP'),
('SLTH_GREAT_MANE_192', 'LOC_SLTH_GREAT_MANE', 'GREAT_PERSON_CLASS_MANE', 'ERA_INDUSTRIAL', '1', 'Male', 'DISTRICT_CITY_CENTER',  '1', 'LOC_GRANT_POP'),
('SLTH_GREAT_MANE_193', 'LOC_SLTH_GREAT_MANE', 'GREAT_PERSON_CLASS_MANE', 'ERA_INDUSTRIAL', '1', 'Male', 'DISTRICT_CITY_CENTER',  '1', 'LOC_GRANT_POP'),
('SLTH_GREAT_MANE_194', 'LOC_SLTH_GREAT_MANE', 'GREAT_PERSON_CLASS_MANE', 'ERA_INDUSTRIAL', '1', 'Male', 'DISTRICT_CITY_CENTER',  '1', 'LOC_GRANT_POP'),
('SLTH_GREAT_MANE_195', 'LOC_SLTH_GREAT_MANE', 'GREAT_PERSON_CLASS_MANE', 'ERA_INDUSTRIAL', '1', 'Male', 'DISTRICT_CITY_CENTER',  '1', 'LOC_GRANT_POP'),
('SLTH_GREAT_MANE_196', 'LOC_SLTH_GREAT_MANE', 'GREAT_PERSON_CLASS_MANE', 'ERA_INDUSTRIAL', '1', 'Male', 'DISTRICT_CITY_CENTER',  '1', 'LOC_GRANT_POP'),
('SLTH_GREAT_MANE_197', 'LOC_SLTH_GREAT_MANE', 'GREAT_PERSON_CLASS_MANE', 'ERA_INDUSTRIAL', '1', 'Male', 'DISTRICT_CITY_CENTER',  '1', 'LOC_GRANT_POP'),
('SLTH_GREAT_MANE_198', 'LOC_SLTH_GREAT_MANE', 'GREAT_PERSON_CLASS_MANE', 'ERA_INDUSTRIAL', '1', 'Male', 'DISTRICT_CITY_CENTER',  '1', 'LOC_GRANT_POP'),
('SLTH_GREAT_MANE_199', 'LOC_SLTH_GREAT_MANE', 'GREAT_PERSON_CLASS_MANE', 'ERA_INDUSTRIAL', '1', 'Male', 'DISTRICT_CITY_CENTER',  '1', 'LOC_GRANT_POP'),
('SLTH_GREAT_MANE_200', 'LOC_SLTH_GREAT_MANE', 'GREAT_PERSON_CLASS_MANE', 'ERA_INDUSTRIAL', '1', 'Male', 'DISTRICT_CITY_CENTER',  '1', 'LOC_GRANT_POP'),
('SLTH_GREAT_MANE_201', 'LOC_SLTH_GREAT_MANE', 'GREAT_PERSON_CLASS_MANE', 'ERA_INDUSTRIAL', '1', 'Male', 'DISTRICT_CITY_CENTER',  '1', 'LOC_GRANT_POP'),
('SLTH_GREAT_MANE_202', 'LOC_SLTH_GREAT_MANE', 'GREAT_PERSON_CLASS_MANE', 'ERA_INDUSTRIAL', '1', 'Male', 'DISTRICT_CITY_CENTER',  '1', 'LOC_GRANT_POP'),
('SLTH_GREAT_MANE_203', 'LOC_SLTH_GREAT_MANE', 'GREAT_PERSON_CLASS_MANE', 'ERA_INDUSTRIAL', '1', 'Male', 'DISTRICT_CITY_CENTER',  '1', 'LOC_GRANT_POP'),
('SLTH_GREAT_MANE_204', 'LOC_SLTH_GREAT_MANE', 'GREAT_PERSON_CLASS_MANE', 'ERA_INDUSTRIAL', '1', 'Male', 'DISTRICT_CITY_CENTER',  '1', 'LOC_GRANT_POP'),
('SLTH_GREAT_MANE_205', 'LOC_SLTH_GREAT_MANE', 'GREAT_PERSON_CLASS_MANE', 'ERA_INDUSTRIAL', '1', 'Male', 'DISTRICT_CITY_CENTER',  '1', 'LOC_GRANT_POP'),
('SLTH_GREAT_MANE_206', 'LOC_SLTH_GREAT_MANE', 'GREAT_PERSON_CLASS_MANE', 'ERA_INDUSTRIAL', '1', 'Male', 'DISTRICT_CITY_CENTER',  '1', 'LOC_GRANT_POP'),
('SLTH_GREAT_MANE_207', 'LOC_SLTH_GREAT_MANE', 'GREAT_PERSON_CLASS_MANE', 'ERA_INDUSTRIAL', '1', 'Male', 'DISTRICT_CITY_CENTER',  '1', 'LOC_GRANT_POP'),
('SLTH_GREAT_MANE_208', 'LOC_SLTH_GREAT_MANE', 'GREAT_PERSON_CLASS_MANE', 'ERA_INDUSTRIAL', '1', 'Male', 'DISTRICT_CITY_CENTER',  '1', 'LOC_GRANT_POP'),
('SLTH_GREAT_MANE_209', 'LOC_SLTH_GREAT_MANE', 'GREAT_PERSON_CLASS_MANE', 'ERA_INDUSTRIAL', '1', 'Male', 'DISTRICT_CITY_CENTER',  '1', 'LOC_GRANT_POP'),
('SLTH_GREAT_MANE_210', 'LOC_SLTH_GREAT_MANE', 'GREAT_PERSON_CLASS_MANE', 'ERA_INDUSTRIAL', '1', 'Male', 'DISTRICT_CITY_CENTER',  '1', 'LOC_GRANT_POP'),
('SLTH_GREAT_MANE_211', 'LOC_SLTH_GREAT_MANE', 'GREAT_PERSON_CLASS_MANE', 'ERA_INDUSTRIAL', '1', 'Male', 'DISTRICT_CITY_CENTER',  '1', 'LOC_GRANT_POP'),
('SLTH_GREAT_MANE_212', 'LOC_SLTH_GREAT_MANE', 'GREAT_PERSON_CLASS_MANE', 'ERA_INDUSTRIAL', '1', 'Male', 'DISTRICT_CITY_CENTER',  '1', 'LOC_GRANT_POP'),
('SLTH_GREAT_MANE_213', 'LOC_SLTH_GREAT_MANE', 'GREAT_PERSON_CLASS_MANE', 'ERA_INDUSTRIAL', '1', 'Male', 'DISTRICT_CITY_CENTER',  '1', 'LOC_GRANT_POP'),
('SLTH_GREAT_MANE_214', 'LOC_SLTH_GREAT_MANE', 'GREAT_PERSON_CLASS_MANE', 'ERA_INDUSTRIAL', '1', 'Male', 'DISTRICT_CITY_CENTER',  '1', 'LOC_GRANT_POP'),
('SLTH_GREAT_MANE_215', 'LOC_SLTH_GREAT_MANE', 'GREAT_PERSON_CLASS_MANE', 'ERA_INDUSTRIAL', '1', 'Male', 'DISTRICT_CITY_CENTER',  '1', 'LOC_GRANT_POP'),
('SLTH_GREAT_MANE_216', 'LOC_SLTH_GREAT_MANE', 'GREAT_PERSON_CLASS_MANE', 'ERA_INDUSTRIAL', '1', 'Male', 'DISTRICT_CITY_CENTER',  '1', 'LOC_GRANT_POP'),
('SLTH_GREAT_MANE_217', 'LOC_SLTH_GREAT_MANE', 'GREAT_PERSON_CLASS_MANE', 'ERA_INDUSTRIAL', '1', 'Male', 'DISTRICT_CITY_CENTER',  '1', 'LOC_GRANT_POP'),
('SLTH_GREAT_MANE_218', 'LOC_SLTH_GREAT_MANE', 'GREAT_PERSON_CLASS_MANE', 'ERA_INDUSTRIAL', '1', 'Male', 'DISTRICT_CITY_CENTER',  '1', 'LOC_GRANT_POP'),
('SLTH_GREAT_MANE_219', 'LOC_SLTH_GREAT_MANE', 'GREAT_PERSON_CLASS_MANE', 'ERA_INDUSTRIAL', '1', 'Male', 'DISTRICT_CITY_CENTER',  '1', 'LOC_GRANT_POP'),
('SLTH_GREAT_MANE_220', 'LOC_SLTH_GREAT_MANE', 'GREAT_PERSON_CLASS_MANE', 'ERA_INDUSTRIAL', '1', 'Male', 'DISTRICT_CITY_CENTER',  '1', 'LOC_GRANT_POP'),
('SLTH_GREAT_MANE_221', 'LOC_SLTH_GREAT_MANE', 'GREAT_PERSON_CLASS_MANE', 'ERA_INDUSTRIAL', '1', 'Male', 'DISTRICT_CITY_CENTER',  '1', 'LOC_GRANT_POP'),
('SLTH_GREAT_MANE_222', 'LOC_SLTH_GREAT_MANE', 'GREAT_PERSON_CLASS_MANE', 'ERA_INDUSTRIAL', '1', 'Male', 'DISTRICT_CITY_CENTER',  '1', 'LOC_GRANT_POP'),
('SLTH_GREAT_MANE_223', 'LOC_SLTH_GREAT_MANE', 'GREAT_PERSON_CLASS_MANE', 'ERA_INDUSTRIAL', '1', 'Male', 'DISTRICT_CITY_CENTER',  '1', 'LOC_GRANT_POP'),
('SLTH_GREAT_MANE_224', 'LOC_SLTH_GREAT_MANE', 'GREAT_PERSON_CLASS_MANE', 'ERA_INDUSTRIAL', '1', 'Male', 'DISTRICT_CITY_CENTER',  '1', 'LOC_GRANT_POP'),
('SLTH_GREAT_MANE_225', 'LOC_SLTH_GREAT_MANE', 'GREAT_PERSON_CLASS_MANE', 'ERA_INDUSTRIAL', '1', 'Male', 'DISTRICT_CITY_CENTER',  '1', 'LOC_GRANT_POP'),
('SLTH_GREAT_MANE_226', 'LOC_SLTH_GREAT_MANE', 'GREAT_PERSON_CLASS_MANE', 'ERA_INDUSTRIAL', '1', 'Male', 'DISTRICT_CITY_CENTER',  '1', 'LOC_GRANT_POP'),
('SLTH_GREAT_MANE_227', 'LOC_SLTH_GREAT_MANE', 'GREAT_PERSON_CLASS_MANE', 'ERA_INDUSTRIAL', '1', 'Male', 'DISTRICT_CITY_CENTER',  '1', 'LOC_GRANT_POP'),
('SLTH_GREAT_MANE_228', 'LOC_SLTH_GREAT_MANE', 'GREAT_PERSON_CLASS_MANE', 'ERA_INDUSTRIAL', '1', 'Male', 'DISTRICT_CITY_CENTER',  '1', 'LOC_GRANT_POP'),
('SLTH_GREAT_MANE_229', 'LOC_SLTH_GREAT_MANE', 'GREAT_PERSON_CLASS_MANE', 'ERA_INDUSTRIAL', '1', 'Male', 'DISTRICT_CITY_CENTER',  '1', 'LOC_GRANT_POP'),
('SLTH_GREAT_MANE_230', 'LOC_SLTH_GREAT_MANE', 'GREAT_PERSON_CLASS_MANE', 'ERA_INDUSTRIAL', '1', 'Male', 'DISTRICT_CITY_CENTER',  '1', 'LOC_GRANT_POP'),
('SLTH_GREAT_MANE_231', 'LOC_SLTH_GREAT_MANE', 'GREAT_PERSON_CLASS_MANE', 'ERA_INDUSTRIAL', '1', 'Male', 'DISTRICT_CITY_CENTER',  '1', 'LOC_GRANT_POP'),
('SLTH_GREAT_MANE_232', 'LOC_SLTH_GREAT_MANE', 'GREAT_PERSON_CLASS_MANE', 'ERA_INDUSTRIAL', '1', 'Male', 'DISTRICT_CITY_CENTER',  '1', 'LOC_GRANT_POP'),
('SLTH_GREAT_MANE_233', 'LOC_SLTH_GREAT_MANE', 'GREAT_PERSON_CLASS_MANE', 'ERA_INDUSTRIAL', '1', 'Male', 'DISTRICT_CITY_CENTER',  '1', 'LOC_GRANT_POP'),
('SLTH_GREAT_MANE_234', 'LOC_SLTH_GREAT_MANE', 'GREAT_PERSON_CLASS_MANE', 'ERA_INDUSTRIAL', '1', 'Male', 'DISTRICT_CITY_CENTER',  '1', 'LOC_GRANT_POP'),
('SLTH_GREAT_MANE_235', 'LOC_SLTH_GREAT_MANE', 'GREAT_PERSON_CLASS_MANE', 'ERA_INDUSTRIAL', '1', 'Male', 'DISTRICT_CITY_CENTER',  '1', 'LOC_GRANT_POP'),
('SLTH_GREAT_MANE_236', 'LOC_SLTH_GREAT_MANE', 'GREAT_PERSON_CLASS_MANE', 'ERA_INDUSTRIAL', '1', 'Male', 'DISTRICT_CITY_CENTER',  '1', 'LOC_GRANT_POP'),
('SLTH_GREAT_MANE_237', 'LOC_SLTH_GREAT_MANE', 'GREAT_PERSON_CLASS_MANE', 'ERA_INDUSTRIAL', '1', 'Male', 'DISTRICT_CITY_CENTER',  '1', 'LOC_GRANT_POP'),
('SLTH_GREAT_MANE_238', 'LOC_SLTH_GREAT_MANE', 'GREAT_PERSON_CLASS_MANE', 'ERA_INDUSTRIAL', '1', 'Male', 'DISTRICT_CITY_CENTER',  '1', 'LOC_GRANT_POP'),
('SLTH_GREAT_MANE_239', 'LOC_SLTH_GREAT_MANE', 'GREAT_PERSON_CLASS_MANE', 'ERA_INDUSTRIAL', '1', 'Male', 'DISTRICT_CITY_CENTER',  '1', 'LOC_GRANT_POP'),
('SLTH_GREAT_MANE_240', 'LOC_SLTH_GREAT_MANE', 'GREAT_PERSON_CLASS_MANE', 'ERA_INDUSTRIAL', '1', 'Male', 'DISTRICT_CITY_CENTER',  '1', 'LOC_GRANT_POP'),
('SLTH_GREAT_MANE_241', 'LOC_SLTH_GREAT_MANE', 'GREAT_PERSON_CLASS_MANE', 'ERA_INDUSTRIAL', '1', 'Male', 'DISTRICT_CITY_CENTER',  '1', 'LOC_GRANT_POP'),
('SLTH_GREAT_MANE_242', 'LOC_SLTH_GREAT_MANE', 'GREAT_PERSON_CLASS_MANE', 'ERA_INDUSTRIAL', '1', 'Male', 'DISTRICT_CITY_CENTER',  '1', 'LOC_GRANT_POP'),
('SLTH_GREAT_MANE_243', 'LOC_SLTH_GREAT_MANE', 'GREAT_PERSON_CLASS_MANE', 'ERA_INDUSTRIAL', '1', 'Male', 'DISTRICT_CITY_CENTER',  '1', 'LOC_GRANT_POP'),
('SLTH_GREAT_MANE_244', 'LOC_SLTH_GREAT_MANE', 'GREAT_PERSON_CLASS_MANE', 'ERA_INDUSTRIAL', '1', 'Male', 'DISTRICT_CITY_CENTER',  '1', 'LOC_GRANT_POP'),
('SLTH_GREAT_MANE_245', 'LOC_SLTH_GREAT_MANE', 'GREAT_PERSON_CLASS_MANE', 'ERA_INDUSTRIAL', '1', 'Male', 'DISTRICT_CITY_CENTER',  '1', 'LOC_GRANT_POP'),
('SLTH_GREAT_MANE_246', 'LOC_SLTH_GREAT_MANE', 'GREAT_PERSON_CLASS_MANE', 'ERA_INDUSTRIAL', '1', 'Male', 'DISTRICT_CITY_CENTER',  '1', 'LOC_GRANT_POP'),
('SLTH_GREAT_MANE_247', 'LOC_SLTH_GREAT_MANE', 'GREAT_PERSON_CLASS_MANE', 'ERA_INDUSTRIAL', '1', 'Male', 'DISTRICT_CITY_CENTER',  '1', 'LOC_GRANT_POP'),
('SLTH_GREAT_MANE_248', 'LOC_SLTH_GREAT_MANE', 'GREAT_PERSON_CLASS_MANE', 'ERA_INDUSTRIAL', '1', 'Male', 'DISTRICT_CITY_CENTER',  '1', 'LOC_GRANT_POP'),
('SLTH_GREAT_MANE_249', 'LOC_SLTH_GREAT_MANE', 'GREAT_PERSON_CLASS_MANE', 'ERA_INDUSTRIAL', '1', 'Male', 'DISTRICT_CITY_CENTER',  '1', 'LOC_GRANT_POP'),
('SLTH_GREAT_MANE_250', 'LOC_SLTH_GREAT_MANE', 'GREAT_PERSON_CLASS_MANE', 'ERA_INDUSTRIAL', '1', 'Male', 'DISTRICT_CITY_CENTER',  '1', 'LOC_GRANT_POP'),
('SLTH_GREAT_MANE_251', 'LOC_SLTH_GREAT_MANE', 'GREAT_PERSON_CLASS_MANE', 'ERA_INDUSTRIAL', '1', 'Male', 'DISTRICT_CITY_CENTER',  '1', 'LOC_GRANT_POP'),
('SLTH_GREAT_MANE_252', 'LOC_SLTH_GREAT_MANE', 'GREAT_PERSON_CLASS_MANE', 'ERA_INDUSTRIAL', '1', 'Male', 'DISTRICT_CITY_CENTER',  '1', 'LOC_GRANT_POP'),
('SLTH_GREAT_MANE_253', 'LOC_SLTH_GREAT_MANE', 'GREAT_PERSON_CLASS_MANE', 'ERA_INDUSTRIAL', '1', 'Male', 'DISTRICT_CITY_CENTER',  '1', 'LOC_GRANT_POP'),
('SLTH_GREAT_MANE_254', 'LOC_SLTH_GREAT_MANE', 'GREAT_PERSON_CLASS_MANE', 'ERA_INDUSTRIAL', '1', 'Male', 'DISTRICT_CITY_CENTER',  '1', 'LOC_GRANT_POP'),
('SLTH_GREAT_MANE_255', 'LOC_SLTH_GREAT_MANE', 'GREAT_PERSON_CLASS_MANE', 'ERA_INDUSTRIAL', '1', 'Male', 'DISTRICT_CITY_CENTER',  '1', 'LOC_GRANT_POP'),
('SLTH_GREAT_MANE_256', 'LOC_SLTH_GREAT_MANE', 'GREAT_PERSON_CLASS_MANE', 'ERA_INDUSTRIAL', '1', 'Male', 'DISTRICT_CITY_CENTER',  '1', 'LOC_GRANT_POP'),
('SLTH_GREAT_MANE_257', 'LOC_SLTH_GREAT_MANE', 'GREAT_PERSON_CLASS_MANE', 'ERA_INDUSTRIAL', '1', 'Male', 'DISTRICT_CITY_CENTER',  '1', 'LOC_GRANT_POP'),
('SLTH_GREAT_MANE_258', 'LOC_SLTH_GREAT_MANE', 'GREAT_PERSON_CLASS_MANE', 'ERA_INDUSTRIAL', '1', 'Male', 'DISTRICT_CITY_CENTER',  '1', 'LOC_GRANT_POP'),
('SLTH_GREAT_MANE_259', 'LOC_SLTH_GREAT_MANE', 'GREAT_PERSON_CLASS_MANE', 'ERA_INDUSTRIAL', '1', 'Male', 'DISTRICT_CITY_CENTER',  '1', 'LOC_GRANT_POP'),
('SLTH_GREAT_MANE_260', 'LOC_SLTH_GREAT_MANE', 'GREAT_PERSON_CLASS_MANE', 'ERA_INDUSTRIAL', '1', 'Male', 'DISTRICT_CITY_CENTER',  '1', 'LOC_GRANT_POP'),
('SLTH_GREAT_MANE_261', 'LOC_SLTH_GREAT_MANE', 'GREAT_PERSON_CLASS_MANE', 'ERA_INDUSTRIAL', '1', 'Male', 'DISTRICT_CITY_CENTER',  '1', 'LOC_GRANT_POP'),
('SLTH_GREAT_MANE_262', 'LOC_SLTH_GREAT_MANE', 'GREAT_PERSON_CLASS_MANE', 'ERA_INDUSTRIAL', '1', 'Male', 'DISTRICT_CITY_CENTER',  '1', 'LOC_GRANT_POP'),
('SLTH_GREAT_MANE_263', 'LOC_SLTH_GREAT_MANE', 'GREAT_PERSON_CLASS_MANE', 'ERA_INDUSTRIAL', '1', 'Male', 'DISTRICT_CITY_CENTER',  '1', 'LOC_GRANT_POP'),
('SLTH_GREAT_MANE_264', 'LOC_SLTH_GREAT_MANE', 'GREAT_PERSON_CLASS_MANE', 'ERA_INDUSTRIAL', '1', 'Male', 'DISTRICT_CITY_CENTER',  '1', 'LOC_GRANT_POP'),
('SLTH_GREAT_MANE_265', 'LOC_SLTH_GREAT_MANE', 'GREAT_PERSON_CLASS_MANE', 'ERA_INDUSTRIAL', '1', 'Male', 'DISTRICT_CITY_CENTER',  '1', 'LOC_GRANT_POP'),
('SLTH_GREAT_MANE_266', 'LOC_SLTH_GREAT_MANE', 'GREAT_PERSON_CLASS_MANE', 'ERA_INDUSTRIAL', '1', 'Male', 'DISTRICT_CITY_CENTER',  '1', 'LOC_GRANT_POP'),
('SLTH_GREAT_MANE_267', 'LOC_SLTH_GREAT_MANE', 'GREAT_PERSON_CLASS_MANE', 'ERA_INDUSTRIAL', '1', 'Male', 'DISTRICT_CITY_CENTER',  '1', 'LOC_GRANT_POP'),
('SLTH_GREAT_MANE_268', 'LOC_SLTH_GREAT_MANE', 'GREAT_PERSON_CLASS_MANE', 'ERA_INDUSTRIAL', '1', 'Male', 'DISTRICT_CITY_CENTER',  '1', 'LOC_GRANT_POP'),
('SLTH_GREAT_MANE_269', 'LOC_SLTH_GREAT_MANE', 'GREAT_PERSON_CLASS_MANE', 'ERA_INDUSTRIAL', '1', 'Male', 'DISTRICT_CITY_CENTER',  '1', 'LOC_GRANT_POP'),
('SLTH_GREAT_MANE_270', 'LOC_SLTH_GREAT_MANE', 'GREAT_PERSON_CLASS_MANE', 'ERA_INDUSTRIAL', '1', 'Male', 'DISTRICT_CITY_CENTER',  '1', 'LOC_GRANT_POP'),
('SLTH_GREAT_MANE_271', 'LOC_SLTH_GREAT_MANE', 'GREAT_PERSON_CLASS_MANE', 'ERA_INDUSTRIAL', '1', 'Male', 'DISTRICT_CITY_CENTER',  '1', 'LOC_GRANT_POP'),
('SLTH_GREAT_MANE_272', 'LOC_SLTH_GREAT_MANE', 'GREAT_PERSON_CLASS_MANE', 'ERA_INDUSTRIAL', '1', 'Male', 'DISTRICT_CITY_CENTER',  '1', 'LOC_GRANT_POP'),
('SLTH_GREAT_MANE_273', 'LOC_SLTH_GREAT_MANE', 'GREAT_PERSON_CLASS_MANE', 'ERA_INDUSTRIAL', '1', 'Male', 'DISTRICT_CITY_CENTER',  '1', 'LOC_GRANT_POP'),
('SLTH_GREAT_MANE_274', 'LOC_SLTH_GREAT_MANE', 'GREAT_PERSON_CLASS_MANE', 'ERA_INDUSTRIAL', '1', 'Male', 'DISTRICT_CITY_CENTER',  '1', 'LOC_GRANT_POP'),
('SLTH_GREAT_MANE_275', 'LOC_SLTH_GREAT_MANE', 'GREAT_PERSON_CLASS_MANE', 'ERA_INDUSTRIAL', '1', 'Male', 'DISTRICT_CITY_CENTER',  '1', 'LOC_GRANT_POP'),
('SLTH_GREAT_MANE_276', 'LOC_SLTH_GREAT_MANE', 'GREAT_PERSON_CLASS_MANE', 'ERA_INDUSTRIAL', '1', 'Male', 'DISTRICT_CITY_CENTER',  '1', 'LOC_GRANT_POP'),
('SLTH_GREAT_MANE_277', 'LOC_SLTH_GREAT_MANE', 'GREAT_PERSON_CLASS_MANE', 'ERA_INDUSTRIAL', '1', 'Male', 'DISTRICT_CITY_CENTER',  '1', 'LOC_GRANT_POP'),
('SLTH_GREAT_MANE_278', 'LOC_SLTH_GREAT_MANE', 'GREAT_PERSON_CLASS_MANE', 'ERA_INDUSTRIAL', '1', 'Male', 'DISTRICT_CITY_CENTER',  '1', 'LOC_GRANT_POP'),
('SLTH_GREAT_MANE_279', 'LOC_SLTH_GREAT_MANE', 'GREAT_PERSON_CLASS_MANE', 'ERA_INDUSTRIAL', '1', 'Male', 'DISTRICT_CITY_CENTER',  '1', 'LOC_GRANT_POP'),
('SLTH_GREAT_MANE_280', 'LOC_SLTH_GREAT_MANE', 'GREAT_PERSON_CLASS_MANE', 'ERA_INDUSTRIAL', '1', 'Male', 'DISTRICT_CITY_CENTER',  '1', 'LOC_GRANT_POP'),
('SLTH_GREAT_MANE_281', 'LOC_SLTH_GREAT_MANE', 'GREAT_PERSON_CLASS_MANE', 'ERA_INDUSTRIAL', '1', 'Male', 'DISTRICT_CITY_CENTER',  '1', 'LOC_GRANT_POP'),
('SLTH_GREAT_MANE_282', 'LOC_SLTH_GREAT_MANE', 'GREAT_PERSON_CLASS_MANE', 'ERA_INDUSTRIAL', '1', 'Male', 'DISTRICT_CITY_CENTER',  '1', 'LOC_GRANT_POP'),
('SLTH_GREAT_MANE_283', 'LOC_SLTH_GREAT_MANE', 'GREAT_PERSON_CLASS_MANE', 'ERA_INDUSTRIAL', '1', 'Male', 'DISTRICT_CITY_CENTER',  '1', 'LOC_GRANT_POP'),
('SLTH_GREAT_MANE_284', 'LOC_SLTH_GREAT_MANE', 'GREAT_PERSON_CLASS_MANE', 'ERA_INDUSTRIAL', '1', 'Male', 'DISTRICT_CITY_CENTER',  '1', 'LOC_GRANT_POP'),
('SLTH_GREAT_MANE_285', 'LOC_SLTH_GREAT_MANE', 'GREAT_PERSON_CLASS_MANE', 'ERA_INDUSTRIAL', '1', 'Male', 'DISTRICT_CITY_CENTER',  '1', 'LOC_GRANT_POP'),
('SLTH_GREAT_MANE_286', 'LOC_SLTH_GREAT_MANE', 'GREAT_PERSON_CLASS_MANE', 'ERA_INDUSTRIAL', '1', 'Male', 'DISTRICT_CITY_CENTER',  '1', 'LOC_GRANT_POP'),
('SLTH_GREAT_MANE_287', 'LOC_SLTH_GREAT_MANE', 'GREAT_PERSON_CLASS_MANE', 'ERA_INDUSTRIAL', '1', 'Male', 'DISTRICT_CITY_CENTER',  '1', 'LOC_GRANT_POP'),
('SLTH_GREAT_MANE_288', 'LOC_SLTH_GREAT_MANE', 'GREAT_PERSON_CLASS_MANE', 'ERA_INDUSTRIAL', '1', 'Male', 'DISTRICT_CITY_CENTER',  '1', 'LOC_GRANT_POP'),
('SLTH_GREAT_MANE_289', 'LOC_SLTH_GREAT_MANE', 'GREAT_PERSON_CLASS_MANE', 'ERA_INDUSTRIAL', '1', 'Male', 'DISTRICT_CITY_CENTER',  '1', 'LOC_GRANT_POP'),
('SLTH_GREAT_MANE_290', 'LOC_SLTH_GREAT_MANE', 'GREAT_PERSON_CLASS_MANE', 'ERA_INDUSTRIAL', '1', 'Male', 'DISTRICT_CITY_CENTER',  '1', 'LOC_GRANT_POP'),
('SLTH_GREAT_MANE_291', 'LOC_SLTH_GREAT_MANE', 'GREAT_PERSON_CLASS_MANE', 'ERA_INDUSTRIAL', '1', 'Male', 'DISTRICT_CITY_CENTER',  '1', 'LOC_GRANT_POP'),
('SLTH_GREAT_MANE_292', 'LOC_SLTH_GREAT_MANE', 'GREAT_PERSON_CLASS_MANE', 'ERA_INDUSTRIAL', '1', 'Male', 'DISTRICT_CITY_CENTER',  '1', 'LOC_GRANT_POP'),
('SLTH_GREAT_MANE_293', 'LOC_SLTH_GREAT_MANE', 'GREAT_PERSON_CLASS_MANE', 'ERA_INDUSTRIAL', '1', 'Male', 'DISTRICT_CITY_CENTER',  '1', 'LOC_GRANT_POP'),
('SLTH_GREAT_MANE_294', 'LOC_SLTH_GREAT_MANE', 'GREAT_PERSON_CLASS_MANE', 'ERA_INDUSTRIAL', '1', 'Male', 'DISTRICT_CITY_CENTER',  '1', 'LOC_GRANT_POP'),
('SLTH_GREAT_MANE_295', 'LOC_SLTH_GREAT_MANE', 'GREAT_PERSON_CLASS_MANE', 'ERA_INDUSTRIAL', '1', 'Male', 'DISTRICT_CITY_CENTER',  '1', 'LOC_GRANT_POP'),
('SLTH_GREAT_MANE_296', 'LOC_SLTH_GREAT_MANE', 'GREAT_PERSON_CLASS_MANE', 'ERA_INDUSTRIAL', '1', 'Male', 'DISTRICT_CITY_CENTER',  '1', 'LOC_GRANT_POP'),
('SLTH_GREAT_MANE_297', 'LOC_SLTH_GREAT_MANE', 'GREAT_PERSON_CLASS_MANE', 'ERA_INDUSTRIAL', '1', 'Male', 'DISTRICT_CITY_CENTER',  '1', 'LOC_GRANT_POP'),
('SLTH_GREAT_MANE_298', 'LOC_SLTH_GREAT_MANE', 'GREAT_PERSON_CLASS_MANE', 'ERA_INDUSTRIAL', '1', 'Male', 'DISTRICT_CITY_CENTER',  '1', 'LOC_GRANT_POP'),
('SLTH_GREAT_MANE_299', 'LOC_SLTH_GREAT_MANE', 'GREAT_PERSON_CLASS_MANE', 'ERA_INDUSTRIAL', '1', 'Male', 'DISTRICT_CITY_CENTER',  '1', 'LOC_GRANT_POP'),
('SLTH_GREAT_MANE_300', 'LOC_SLTH_GREAT_MANE', 'GREAT_PERSON_CLASS_MANE', 'ERA_INDUSTRIAL', '1', 'Male', 'DISTRICT_CITY_CENTER',  '1', 'LOC_GRANT_POP'),
('SLTH_GREAT_MANE_301', 'LOC_SLTH_GREAT_MANE', 'GREAT_PERSON_CLASS_MANE', 'ERA_INDUSTRIAL', '1', 'Male', 'DISTRICT_CITY_CENTER',  '1', 'LOC_GRANT_POP'),
('SLTH_GREAT_MANE_302', 'LOC_SLTH_GREAT_MANE', 'GREAT_PERSON_CLASS_MANE', 'ERA_INDUSTRIAL', '1', 'Male', 'DISTRICT_CITY_CENTER',  '1', 'LOC_GRANT_POP'),
('SLTH_GREAT_MANE_303', 'LOC_SLTH_GREAT_MANE', 'GREAT_PERSON_CLASS_MANE', 'ERA_INDUSTRIAL', '1', 'Male', 'DISTRICT_CITY_CENTER',  '1', 'LOC_GRANT_POP'),
('SLTH_GREAT_MANE_304', 'LOC_SLTH_GREAT_MANE', 'GREAT_PERSON_CLASS_MANE', 'ERA_INDUSTRIAL', '1', 'Male', 'DISTRICT_CITY_CENTER',  '1', 'LOC_GRANT_POP'),
('SLTH_GREAT_MANE_305', 'LOC_SLTH_GREAT_MANE', 'GREAT_PERSON_CLASS_MANE', 'ERA_INDUSTRIAL', '1', 'Male', 'DISTRICT_CITY_CENTER',  '1', 'LOC_GRANT_POP'),
('SLTH_GREAT_MANE_306', 'LOC_SLTH_GREAT_MANE', 'GREAT_PERSON_CLASS_MANE', 'ERA_INDUSTRIAL', '1', 'Male', 'DISTRICT_CITY_CENTER',  '1', 'LOC_GRANT_POP'),
('SLTH_GREAT_MANE_307', 'LOC_SLTH_GREAT_MANE', 'GREAT_PERSON_CLASS_MANE', 'ERA_INDUSTRIAL', '1', 'Male', 'DISTRICT_CITY_CENTER',  '1', 'LOC_GRANT_POP'),
('SLTH_GREAT_MANE_308', 'LOC_SLTH_GREAT_MANE', 'GREAT_PERSON_CLASS_MANE', 'ERA_INDUSTRIAL', '1', 'Male', 'DISTRICT_CITY_CENTER',  '1', 'LOC_GRANT_POP'),
('SLTH_GREAT_MANE_309', 'LOC_SLTH_GREAT_MANE', 'GREAT_PERSON_CLASS_MANE', 'ERA_INDUSTRIAL', '1', 'Male', 'DISTRICT_CITY_CENTER',  '1', 'LOC_GRANT_POP'),
('SLTH_GREAT_MANE_310', 'LOC_SLTH_GREAT_MANE', 'GREAT_PERSON_CLASS_MANE', 'ERA_INDUSTRIAL', '1', 'Male', 'DISTRICT_CITY_CENTER',  '1', 'LOC_GRANT_POP'),
('SLTH_GREAT_MANE_311', 'LOC_SLTH_GREAT_MANE', 'GREAT_PERSON_CLASS_MANE', 'ERA_INDUSTRIAL', '1', 'Male', 'DISTRICT_CITY_CENTER',  '1', 'LOC_GRANT_POP'),
('SLTH_GREAT_MANE_312', 'LOC_SLTH_GREAT_MANE', 'GREAT_PERSON_CLASS_MANE', 'ERA_INDUSTRIAL', '1', 'Male', 'DISTRICT_CITY_CENTER',  '1', 'LOC_GRANT_POP'),
('SLTH_GREAT_MANE_313', 'LOC_SLTH_GREAT_MANE', 'GREAT_PERSON_CLASS_MANE', 'ERA_INDUSTRIAL', '1', 'Male', 'DISTRICT_CITY_CENTER',  '1', 'LOC_GRANT_POP'),
('SLTH_GREAT_MANE_314', 'LOC_SLTH_GREAT_MANE', 'GREAT_PERSON_CLASS_MANE', 'ERA_INDUSTRIAL', '1', 'Male', 'DISTRICT_CITY_CENTER',  '1', 'LOC_GRANT_POP'),
('SLTH_GREAT_MANE_315', 'LOC_SLTH_GREAT_MANE', 'GREAT_PERSON_CLASS_MANE', 'ERA_INDUSTRIAL', '1', 'Male', 'DISTRICT_CITY_CENTER',  '1', 'LOC_GRANT_POP'),
('SLTH_GREAT_MANE_316', 'LOC_SLTH_GREAT_MANE', 'GREAT_PERSON_CLASS_MANE', 'ERA_INDUSTRIAL', '1', 'Male', 'DISTRICT_CITY_CENTER',  '1', 'LOC_GRANT_POP'),
('SLTH_GREAT_MANE_317', 'LOC_SLTH_GREAT_MANE', 'GREAT_PERSON_CLASS_MANE', 'ERA_INDUSTRIAL', '1', 'Male', 'DISTRICT_CITY_CENTER',  '1', 'LOC_GRANT_POP'),
('SLTH_GREAT_MANE_318', 'LOC_SLTH_GREAT_MANE', 'GREAT_PERSON_CLASS_MANE', 'ERA_INDUSTRIAL', '1', 'Male', 'DISTRICT_CITY_CENTER',  '1', 'LOC_GRANT_POP'),
('SLTH_GREAT_MANE_319', 'LOC_SLTH_GREAT_MANE', 'GREAT_PERSON_CLASS_MANE', 'ERA_INDUSTRIAL', '1', 'Male', 'DISTRICT_CITY_CENTER',  '1', 'LOC_GRANT_POP'),
('SLTH_GREAT_MANE_320', 'LOC_SLTH_GREAT_MANE', 'GREAT_PERSON_CLASS_MANE', 'ERA_INDUSTRIAL', '1', 'Male', 'DISTRICT_CITY_CENTER',  '1', 'LOC_GRANT_POP');

INSERT INTO GreatPersonIndividualActionModifiers (GreatPersonIndividualType, ModifierId, AttachmentTargetType) VALUES
('SLTH_GREAT_MANE_1', 'MANE_ADD_POP', 'GREAT_PERSON_ACTION_ATTACHMENT_TARGET_CITY'),
('SLTH_GREAT_MANE_2', 'MANE_ADD_POP', 'GREAT_PERSON_ACTION_ATTACHMENT_TARGET_CITY'),
('SLTH_GREAT_MANE_3', 'MANE_ADD_POP', 'GREAT_PERSON_ACTION_ATTACHMENT_TARGET_CITY'),
('SLTH_GREAT_MANE_4', 'MANE_ADD_POP', 'GREAT_PERSON_ACTION_ATTACHMENT_TARGET_CITY'),
('SLTH_GREAT_MANE_5', 'MANE_ADD_POP', 'GREAT_PERSON_ACTION_ATTACHMENT_TARGET_CITY'),
('SLTH_GREAT_MANE_6', 'MANE_ADD_POP', 'GREAT_PERSON_ACTION_ATTACHMENT_TARGET_CITY'),
('SLTH_GREAT_MANE_7', 'MANE_ADD_POP', 'GREAT_PERSON_ACTION_ATTACHMENT_TARGET_CITY'),
('SLTH_GREAT_MANE_8', 'MANE_ADD_POP', 'GREAT_PERSON_ACTION_ATTACHMENT_TARGET_CITY'),
('SLTH_GREAT_MANE_9', 'MANE_ADD_POP', 'GREAT_PERSON_ACTION_ATTACHMENT_TARGET_CITY'),
('SLTH_GREAT_MANE_10', 'MANE_ADD_POP', 'GREAT_PERSON_ACTION_ATTACHMENT_TARGET_CITY'),
('SLTH_GREAT_MANE_11', 'MANE_ADD_POP', 'GREAT_PERSON_ACTION_ATTACHMENT_TARGET_CITY'),
('SLTH_GREAT_MANE_12', 'MANE_ADD_POP', 'GREAT_PERSON_ACTION_ATTACHMENT_TARGET_CITY'),
('SLTH_GREAT_MANE_13', 'MANE_ADD_POP', 'GREAT_PERSON_ACTION_ATTACHMENT_TARGET_CITY'),
('SLTH_GREAT_MANE_14', 'MANE_ADD_POP', 'GREAT_PERSON_ACTION_ATTACHMENT_TARGET_CITY'),
('SLTH_GREAT_MANE_15', 'MANE_ADD_POP', 'GREAT_PERSON_ACTION_ATTACHMENT_TARGET_CITY'),
('SLTH_GREAT_MANE_16', 'MANE_ADD_POP', 'GREAT_PERSON_ACTION_ATTACHMENT_TARGET_CITY'),
('SLTH_GREAT_MANE_17', 'MANE_ADD_POP', 'GREAT_PERSON_ACTION_ATTACHMENT_TARGET_CITY'),
('SLTH_GREAT_MANE_18', 'MANE_ADD_POP', 'GREAT_PERSON_ACTION_ATTACHMENT_TARGET_CITY'),
('SLTH_GREAT_MANE_19', 'MANE_ADD_POP', 'GREAT_PERSON_ACTION_ATTACHMENT_TARGET_CITY'),
('SLTH_GREAT_MANE_20', 'MANE_ADD_POP', 'GREAT_PERSON_ACTION_ATTACHMENT_TARGET_CITY'),
('SLTH_GREAT_MANE_21', 'MANE_ADD_POP', 'GREAT_PERSON_ACTION_ATTACHMENT_TARGET_CITY'),
('SLTH_GREAT_MANE_22', 'MANE_ADD_POP', 'GREAT_PERSON_ACTION_ATTACHMENT_TARGET_CITY'),
('SLTH_GREAT_MANE_23', 'MANE_ADD_POP', 'GREAT_PERSON_ACTION_ATTACHMENT_TARGET_CITY'),
('SLTH_GREAT_MANE_24', 'MANE_ADD_POP', 'GREAT_PERSON_ACTION_ATTACHMENT_TARGET_CITY'),
('SLTH_GREAT_MANE_25', 'MANE_ADD_POP', 'GREAT_PERSON_ACTION_ATTACHMENT_TARGET_CITY'),
('SLTH_GREAT_MANE_26', 'MANE_ADD_POP', 'GREAT_PERSON_ACTION_ATTACHMENT_TARGET_CITY'),
('SLTH_GREAT_MANE_27', 'MANE_ADD_POP', 'GREAT_PERSON_ACTION_ATTACHMENT_TARGET_CITY'),
('SLTH_GREAT_MANE_28', 'MANE_ADD_POP', 'GREAT_PERSON_ACTION_ATTACHMENT_TARGET_CITY'),
('SLTH_GREAT_MANE_29', 'MANE_ADD_POP', 'GREAT_PERSON_ACTION_ATTACHMENT_TARGET_CITY'),
('SLTH_GREAT_MANE_30', 'MANE_ADD_POP', 'GREAT_PERSON_ACTION_ATTACHMENT_TARGET_CITY'),
('SLTH_GREAT_MANE_31', 'MANE_ADD_POP', 'GREAT_PERSON_ACTION_ATTACHMENT_TARGET_CITY'),
('SLTH_GREAT_MANE_32', 'MANE_ADD_POP', 'GREAT_PERSON_ACTION_ATTACHMENT_TARGET_CITY'),
('SLTH_GREAT_MANE_33', 'MANE_ADD_POP', 'GREAT_PERSON_ACTION_ATTACHMENT_TARGET_CITY'),
('SLTH_GREAT_MANE_34', 'MANE_ADD_POP', 'GREAT_PERSON_ACTION_ATTACHMENT_TARGET_CITY'),
('SLTH_GREAT_MANE_35', 'MANE_ADD_POP', 'GREAT_PERSON_ACTION_ATTACHMENT_TARGET_CITY'),
('SLTH_GREAT_MANE_36', 'MANE_ADD_POP', 'GREAT_PERSON_ACTION_ATTACHMENT_TARGET_CITY'),
('SLTH_GREAT_MANE_37', 'MANE_ADD_POP', 'GREAT_PERSON_ACTION_ATTACHMENT_TARGET_CITY'),
('SLTH_GREAT_MANE_38', 'MANE_ADD_POP', 'GREAT_PERSON_ACTION_ATTACHMENT_TARGET_CITY'),
('SLTH_GREAT_MANE_39', 'MANE_ADD_POP', 'GREAT_PERSON_ACTION_ATTACHMENT_TARGET_CITY'),
('SLTH_GREAT_MANE_40', 'MANE_ADD_POP', 'GREAT_PERSON_ACTION_ATTACHMENT_TARGET_CITY'),
('SLTH_GREAT_MANE_41', 'MANE_ADD_POP', 'GREAT_PERSON_ACTION_ATTACHMENT_TARGET_CITY'),
('SLTH_GREAT_MANE_42', 'MANE_ADD_POP', 'GREAT_PERSON_ACTION_ATTACHMENT_TARGET_CITY'),
('SLTH_GREAT_MANE_43', 'MANE_ADD_POP', 'GREAT_PERSON_ACTION_ATTACHMENT_TARGET_CITY'),
('SLTH_GREAT_MANE_44', 'MANE_ADD_POP', 'GREAT_PERSON_ACTION_ATTACHMENT_TARGET_CITY'),
('SLTH_GREAT_MANE_45', 'MANE_ADD_POP', 'GREAT_PERSON_ACTION_ATTACHMENT_TARGET_CITY'),
('SLTH_GREAT_MANE_46', 'MANE_ADD_POP', 'GREAT_PERSON_ACTION_ATTACHMENT_TARGET_CITY'),
('SLTH_GREAT_MANE_47', 'MANE_ADD_POP', 'GREAT_PERSON_ACTION_ATTACHMENT_TARGET_CITY'),
('SLTH_GREAT_MANE_48', 'MANE_ADD_POP', 'GREAT_PERSON_ACTION_ATTACHMENT_TARGET_CITY'),
('SLTH_GREAT_MANE_49', 'MANE_ADD_POP', 'GREAT_PERSON_ACTION_ATTACHMENT_TARGET_CITY'),
('SLTH_GREAT_MANE_50', 'MANE_ADD_POP', 'GREAT_PERSON_ACTION_ATTACHMENT_TARGET_CITY'),
('SLTH_GREAT_MANE_51', 'MANE_ADD_POP', 'GREAT_PERSON_ACTION_ATTACHMENT_TARGET_CITY'),
('SLTH_GREAT_MANE_52', 'MANE_ADD_POP', 'GREAT_PERSON_ACTION_ATTACHMENT_TARGET_CITY'),
('SLTH_GREAT_MANE_53', 'MANE_ADD_POP', 'GREAT_PERSON_ACTION_ATTACHMENT_TARGET_CITY'),
('SLTH_GREAT_MANE_54', 'MANE_ADD_POP', 'GREAT_PERSON_ACTION_ATTACHMENT_TARGET_CITY'),
('SLTH_GREAT_MANE_55', 'MANE_ADD_POP', 'GREAT_PERSON_ACTION_ATTACHMENT_TARGET_CITY'),
('SLTH_GREAT_MANE_56', 'MANE_ADD_POP', 'GREAT_PERSON_ACTION_ATTACHMENT_TARGET_CITY'),
('SLTH_GREAT_MANE_57', 'MANE_ADD_POP', 'GREAT_PERSON_ACTION_ATTACHMENT_TARGET_CITY'),
('SLTH_GREAT_MANE_58', 'MANE_ADD_POP', 'GREAT_PERSON_ACTION_ATTACHMENT_TARGET_CITY'),
('SLTH_GREAT_MANE_59', 'MANE_ADD_POP', 'GREAT_PERSON_ACTION_ATTACHMENT_TARGET_CITY'),
('SLTH_GREAT_MANE_60', 'MANE_ADD_POP', 'GREAT_PERSON_ACTION_ATTACHMENT_TARGET_CITY'),
('SLTH_GREAT_MANE_61', 'MANE_ADD_POP', 'GREAT_PERSON_ACTION_ATTACHMENT_TARGET_CITY'),
('SLTH_GREAT_MANE_62', 'MANE_ADD_POP', 'GREAT_PERSON_ACTION_ATTACHMENT_TARGET_CITY'),
('SLTH_GREAT_MANE_63', 'MANE_ADD_POP', 'GREAT_PERSON_ACTION_ATTACHMENT_TARGET_CITY'),
('SLTH_GREAT_MANE_64', 'MANE_ADD_POP', 'GREAT_PERSON_ACTION_ATTACHMENT_TARGET_CITY'),
('SLTH_GREAT_MANE_65', 'MANE_ADD_POP', 'GREAT_PERSON_ACTION_ATTACHMENT_TARGET_CITY'),
('SLTH_GREAT_MANE_66', 'MANE_ADD_POP', 'GREAT_PERSON_ACTION_ATTACHMENT_TARGET_CITY'),
('SLTH_GREAT_MANE_67', 'MANE_ADD_POP', 'GREAT_PERSON_ACTION_ATTACHMENT_TARGET_CITY'),
('SLTH_GREAT_MANE_68', 'MANE_ADD_POP', 'GREAT_PERSON_ACTION_ATTACHMENT_TARGET_CITY'),
('SLTH_GREAT_MANE_69', 'MANE_ADD_POP', 'GREAT_PERSON_ACTION_ATTACHMENT_TARGET_CITY'),
('SLTH_GREAT_MANE_70', 'MANE_ADD_POP', 'GREAT_PERSON_ACTION_ATTACHMENT_TARGET_CITY'),
('SLTH_GREAT_MANE_71', 'MANE_ADD_POP', 'GREAT_PERSON_ACTION_ATTACHMENT_TARGET_CITY'),
('SLTH_GREAT_MANE_72', 'MANE_ADD_POP', 'GREAT_PERSON_ACTION_ATTACHMENT_TARGET_CITY'),
('SLTH_GREAT_MANE_73', 'MANE_ADD_POP', 'GREAT_PERSON_ACTION_ATTACHMENT_TARGET_CITY'),
('SLTH_GREAT_MANE_74', 'MANE_ADD_POP', 'GREAT_PERSON_ACTION_ATTACHMENT_TARGET_CITY'),
('SLTH_GREAT_MANE_75', 'MANE_ADD_POP', 'GREAT_PERSON_ACTION_ATTACHMENT_TARGET_CITY'),
('SLTH_GREAT_MANE_76', 'MANE_ADD_POP', 'GREAT_PERSON_ACTION_ATTACHMENT_TARGET_CITY'),
('SLTH_GREAT_MANE_77', 'MANE_ADD_POP', 'GREAT_PERSON_ACTION_ATTACHMENT_TARGET_CITY'),
('SLTH_GREAT_MANE_78', 'MANE_ADD_POP', 'GREAT_PERSON_ACTION_ATTACHMENT_TARGET_CITY'),
('SLTH_GREAT_MANE_79', 'MANE_ADD_POP', 'GREAT_PERSON_ACTION_ATTACHMENT_TARGET_CITY'),
('SLTH_GREAT_MANE_80', 'MANE_ADD_POP', 'GREAT_PERSON_ACTION_ATTACHMENT_TARGET_CITY'),
('SLTH_GREAT_MANE_81', 'MANE_ADD_POP', 'GREAT_PERSON_ACTION_ATTACHMENT_TARGET_CITY'),
('SLTH_GREAT_MANE_82', 'MANE_ADD_POP', 'GREAT_PERSON_ACTION_ATTACHMENT_TARGET_CITY'),
('SLTH_GREAT_MANE_83', 'MANE_ADD_POP', 'GREAT_PERSON_ACTION_ATTACHMENT_TARGET_CITY'),
('SLTH_GREAT_MANE_84', 'MANE_ADD_POP', 'GREAT_PERSON_ACTION_ATTACHMENT_TARGET_CITY'),
('SLTH_GREAT_MANE_85', 'MANE_ADD_POP', 'GREAT_PERSON_ACTION_ATTACHMENT_TARGET_CITY'),
('SLTH_GREAT_MANE_86', 'MANE_ADD_POP', 'GREAT_PERSON_ACTION_ATTACHMENT_TARGET_CITY'),
('SLTH_GREAT_MANE_87', 'MANE_ADD_POP', 'GREAT_PERSON_ACTION_ATTACHMENT_TARGET_CITY'),
('SLTH_GREAT_MANE_88', 'MANE_ADD_POP', 'GREAT_PERSON_ACTION_ATTACHMENT_TARGET_CITY'),
('SLTH_GREAT_MANE_89', 'MANE_ADD_POP', 'GREAT_PERSON_ACTION_ATTACHMENT_TARGET_CITY'),
('SLTH_GREAT_MANE_90', 'MANE_ADD_POP', 'GREAT_PERSON_ACTION_ATTACHMENT_TARGET_CITY'),
('SLTH_GREAT_MANE_91', 'MANE_ADD_POP', 'GREAT_PERSON_ACTION_ATTACHMENT_TARGET_CITY'),
('SLTH_GREAT_MANE_92', 'MANE_ADD_POP', 'GREAT_PERSON_ACTION_ATTACHMENT_TARGET_CITY'),
('SLTH_GREAT_MANE_93', 'MANE_ADD_POP', 'GREAT_PERSON_ACTION_ATTACHMENT_TARGET_CITY'),
('SLTH_GREAT_MANE_94', 'MANE_ADD_POP', 'GREAT_PERSON_ACTION_ATTACHMENT_TARGET_CITY'),
('SLTH_GREAT_MANE_95', 'MANE_ADD_POP', 'GREAT_PERSON_ACTION_ATTACHMENT_TARGET_CITY'),
('SLTH_GREAT_MANE_96', 'MANE_ADD_POP', 'GREAT_PERSON_ACTION_ATTACHMENT_TARGET_CITY'),
('SLTH_GREAT_MANE_97', 'MANE_ADD_POP', 'GREAT_PERSON_ACTION_ATTACHMENT_TARGET_CITY'),
('SLTH_GREAT_MANE_98', 'MANE_ADD_POP', 'GREAT_PERSON_ACTION_ATTACHMENT_TARGET_CITY'),
('SLTH_GREAT_MANE_99', 'MANE_ADD_POP', 'GREAT_PERSON_ACTION_ATTACHMENT_TARGET_CITY'),
('SLTH_GREAT_MANE_100', 'MANE_ADD_POP', 'GREAT_PERSON_ACTION_ATTACHMENT_TARGET_CITY'),
('SLTH_GREAT_MANE_101', 'MANE_ADD_POP', 'GREAT_PERSON_ACTION_ATTACHMENT_TARGET_CITY'),
('SLTH_GREAT_MANE_102', 'MANE_ADD_POP', 'GREAT_PERSON_ACTION_ATTACHMENT_TARGET_CITY'),
('SLTH_GREAT_MANE_103', 'MANE_ADD_POP', 'GREAT_PERSON_ACTION_ATTACHMENT_TARGET_CITY'),
('SLTH_GREAT_MANE_104', 'MANE_ADD_POP', 'GREAT_PERSON_ACTION_ATTACHMENT_TARGET_CITY'),
('SLTH_GREAT_MANE_105', 'MANE_ADD_POP', 'GREAT_PERSON_ACTION_ATTACHMENT_TARGET_CITY'),
('SLTH_GREAT_MANE_106', 'MANE_ADD_POP', 'GREAT_PERSON_ACTION_ATTACHMENT_TARGET_CITY'),
('SLTH_GREAT_MANE_107', 'MANE_ADD_POP', 'GREAT_PERSON_ACTION_ATTACHMENT_TARGET_CITY'),
('SLTH_GREAT_MANE_108', 'MANE_ADD_POP', 'GREAT_PERSON_ACTION_ATTACHMENT_TARGET_CITY'),
('SLTH_GREAT_MANE_109', 'MANE_ADD_POP', 'GREAT_PERSON_ACTION_ATTACHMENT_TARGET_CITY'),
('SLTH_GREAT_MANE_110', 'MANE_ADD_POP', 'GREAT_PERSON_ACTION_ATTACHMENT_TARGET_CITY'),
('SLTH_GREAT_MANE_111', 'MANE_ADD_POP', 'GREAT_PERSON_ACTION_ATTACHMENT_TARGET_CITY'),
('SLTH_GREAT_MANE_112', 'MANE_ADD_POP', 'GREAT_PERSON_ACTION_ATTACHMENT_TARGET_CITY'),
('SLTH_GREAT_MANE_113', 'MANE_ADD_POP', 'GREAT_PERSON_ACTION_ATTACHMENT_TARGET_CITY'),
('SLTH_GREAT_MANE_114', 'MANE_ADD_POP', 'GREAT_PERSON_ACTION_ATTACHMENT_TARGET_CITY'),
('SLTH_GREAT_MANE_115', 'MANE_ADD_POP', 'GREAT_PERSON_ACTION_ATTACHMENT_TARGET_CITY'),
('SLTH_GREAT_MANE_116', 'MANE_ADD_POP', 'GREAT_PERSON_ACTION_ATTACHMENT_TARGET_CITY'),
('SLTH_GREAT_MANE_117', 'MANE_ADD_POP', 'GREAT_PERSON_ACTION_ATTACHMENT_TARGET_CITY'),
('SLTH_GREAT_MANE_118', 'MANE_ADD_POP', 'GREAT_PERSON_ACTION_ATTACHMENT_TARGET_CITY'),
('SLTH_GREAT_MANE_119', 'MANE_ADD_POP', 'GREAT_PERSON_ACTION_ATTACHMENT_TARGET_CITY'),
('SLTH_GREAT_MANE_120', 'MANE_ADD_POP', 'GREAT_PERSON_ACTION_ATTACHMENT_TARGET_CITY'),
('SLTH_GREAT_MANE_121', 'MANE_ADD_POP', 'GREAT_PERSON_ACTION_ATTACHMENT_TARGET_CITY'),
('SLTH_GREAT_MANE_122', 'MANE_ADD_POP', 'GREAT_PERSON_ACTION_ATTACHMENT_TARGET_CITY'),
('SLTH_GREAT_MANE_123', 'MANE_ADD_POP', 'GREAT_PERSON_ACTION_ATTACHMENT_TARGET_CITY'),
('SLTH_GREAT_MANE_124', 'MANE_ADD_POP', 'GREAT_PERSON_ACTION_ATTACHMENT_TARGET_CITY'),
('SLTH_GREAT_MANE_125', 'MANE_ADD_POP', 'GREAT_PERSON_ACTION_ATTACHMENT_TARGET_CITY'),
('SLTH_GREAT_MANE_126', 'MANE_ADD_POP', 'GREAT_PERSON_ACTION_ATTACHMENT_TARGET_CITY'),
('SLTH_GREAT_MANE_127', 'MANE_ADD_POP', 'GREAT_PERSON_ACTION_ATTACHMENT_TARGET_CITY'),
('SLTH_GREAT_MANE_128', 'MANE_ADD_POP', 'GREAT_PERSON_ACTION_ATTACHMENT_TARGET_CITY'),
('SLTH_GREAT_MANE_129', 'MANE_ADD_POP', 'GREAT_PERSON_ACTION_ATTACHMENT_TARGET_CITY'),
('SLTH_GREAT_MANE_130', 'MANE_ADD_POP', 'GREAT_PERSON_ACTION_ATTACHMENT_TARGET_CITY'),
('SLTH_GREAT_MANE_131', 'MANE_ADD_POP', 'GREAT_PERSON_ACTION_ATTACHMENT_TARGET_CITY'),
('SLTH_GREAT_MANE_132', 'MANE_ADD_POP', 'GREAT_PERSON_ACTION_ATTACHMENT_TARGET_CITY'),
('SLTH_GREAT_MANE_133', 'MANE_ADD_POP', 'GREAT_PERSON_ACTION_ATTACHMENT_TARGET_CITY'),
('SLTH_GREAT_MANE_134', 'MANE_ADD_POP', 'GREAT_PERSON_ACTION_ATTACHMENT_TARGET_CITY'),
('SLTH_GREAT_MANE_135', 'MANE_ADD_POP', 'GREAT_PERSON_ACTION_ATTACHMENT_TARGET_CITY'),
('SLTH_GREAT_MANE_136', 'MANE_ADD_POP', 'GREAT_PERSON_ACTION_ATTACHMENT_TARGET_CITY'),
('SLTH_GREAT_MANE_137', 'MANE_ADD_POP', 'GREAT_PERSON_ACTION_ATTACHMENT_TARGET_CITY'),
('SLTH_GREAT_MANE_138', 'MANE_ADD_POP', 'GREAT_PERSON_ACTION_ATTACHMENT_TARGET_CITY'),
('SLTH_GREAT_MANE_139', 'MANE_ADD_POP', 'GREAT_PERSON_ACTION_ATTACHMENT_TARGET_CITY'),
('SLTH_GREAT_MANE_140', 'MANE_ADD_POP', 'GREAT_PERSON_ACTION_ATTACHMENT_TARGET_CITY'),
('SLTH_GREAT_MANE_141', 'MANE_ADD_POP', 'GREAT_PERSON_ACTION_ATTACHMENT_TARGET_CITY'),
('SLTH_GREAT_MANE_142', 'MANE_ADD_POP', 'GREAT_PERSON_ACTION_ATTACHMENT_TARGET_CITY'),
('SLTH_GREAT_MANE_143', 'MANE_ADD_POP', 'GREAT_PERSON_ACTION_ATTACHMENT_TARGET_CITY'),
('SLTH_GREAT_MANE_144', 'MANE_ADD_POP', 'GREAT_PERSON_ACTION_ATTACHMENT_TARGET_CITY'),
('SLTH_GREAT_MANE_145', 'MANE_ADD_POP', 'GREAT_PERSON_ACTION_ATTACHMENT_TARGET_CITY'),
('SLTH_GREAT_MANE_146', 'MANE_ADD_POP', 'GREAT_PERSON_ACTION_ATTACHMENT_TARGET_CITY'),
('SLTH_GREAT_MANE_147', 'MANE_ADD_POP', 'GREAT_PERSON_ACTION_ATTACHMENT_TARGET_CITY'),
('SLTH_GREAT_MANE_148', 'MANE_ADD_POP', 'GREAT_PERSON_ACTION_ATTACHMENT_TARGET_CITY'),
('SLTH_GREAT_MANE_149', 'MANE_ADD_POP', 'GREAT_PERSON_ACTION_ATTACHMENT_TARGET_CITY'),
('SLTH_GREAT_MANE_150', 'MANE_ADD_POP', 'GREAT_PERSON_ACTION_ATTACHMENT_TARGET_CITY'),
('SLTH_GREAT_MANE_151', 'MANE_ADD_POP', 'GREAT_PERSON_ACTION_ATTACHMENT_TARGET_CITY'),
('SLTH_GREAT_MANE_152', 'MANE_ADD_POP', 'GREAT_PERSON_ACTION_ATTACHMENT_TARGET_CITY'),
('SLTH_GREAT_MANE_153', 'MANE_ADD_POP', 'GREAT_PERSON_ACTION_ATTACHMENT_TARGET_CITY'),
('SLTH_GREAT_MANE_154', 'MANE_ADD_POP', 'GREAT_PERSON_ACTION_ATTACHMENT_TARGET_CITY'),
('SLTH_GREAT_MANE_155', 'MANE_ADD_POP', 'GREAT_PERSON_ACTION_ATTACHMENT_TARGET_CITY'),
('SLTH_GREAT_MANE_156', 'MANE_ADD_POP', 'GREAT_PERSON_ACTION_ATTACHMENT_TARGET_CITY'),
('SLTH_GREAT_MANE_157', 'MANE_ADD_POP', 'GREAT_PERSON_ACTION_ATTACHMENT_TARGET_CITY'),
('SLTH_GREAT_MANE_158', 'MANE_ADD_POP', 'GREAT_PERSON_ACTION_ATTACHMENT_TARGET_CITY'),
('SLTH_GREAT_MANE_159', 'MANE_ADD_POP', 'GREAT_PERSON_ACTION_ATTACHMENT_TARGET_CITY'),
('SLTH_GREAT_MANE_160', 'MANE_ADD_POP', 'GREAT_PERSON_ACTION_ATTACHMENT_TARGET_CITY'),
('SLTH_GREAT_MANE_161', 'MANE_ADD_POP', 'GREAT_PERSON_ACTION_ATTACHMENT_TARGET_CITY'),
('SLTH_GREAT_MANE_162', 'MANE_ADD_POP', 'GREAT_PERSON_ACTION_ATTACHMENT_TARGET_CITY'),
('SLTH_GREAT_MANE_163', 'MANE_ADD_POP', 'GREAT_PERSON_ACTION_ATTACHMENT_TARGET_CITY'),
('SLTH_GREAT_MANE_164', 'MANE_ADD_POP', 'GREAT_PERSON_ACTION_ATTACHMENT_TARGET_CITY'),
('SLTH_GREAT_MANE_165', 'MANE_ADD_POP', 'GREAT_PERSON_ACTION_ATTACHMENT_TARGET_CITY'),
('SLTH_GREAT_MANE_166', 'MANE_ADD_POP', 'GREAT_PERSON_ACTION_ATTACHMENT_TARGET_CITY'),
('SLTH_GREAT_MANE_167', 'MANE_ADD_POP', 'GREAT_PERSON_ACTION_ATTACHMENT_TARGET_CITY'),
('SLTH_GREAT_MANE_168', 'MANE_ADD_POP', 'GREAT_PERSON_ACTION_ATTACHMENT_TARGET_CITY'),
('SLTH_GREAT_MANE_169', 'MANE_ADD_POP', 'GREAT_PERSON_ACTION_ATTACHMENT_TARGET_CITY'),
('SLTH_GREAT_MANE_170', 'MANE_ADD_POP', 'GREAT_PERSON_ACTION_ATTACHMENT_TARGET_CITY'),
('SLTH_GREAT_MANE_171', 'MANE_ADD_POP', 'GREAT_PERSON_ACTION_ATTACHMENT_TARGET_CITY'),
('SLTH_GREAT_MANE_172', 'MANE_ADD_POP', 'GREAT_PERSON_ACTION_ATTACHMENT_TARGET_CITY'),
('SLTH_GREAT_MANE_173', 'MANE_ADD_POP', 'GREAT_PERSON_ACTION_ATTACHMENT_TARGET_CITY'),
('SLTH_GREAT_MANE_174', 'MANE_ADD_POP', 'GREAT_PERSON_ACTION_ATTACHMENT_TARGET_CITY'),
('SLTH_GREAT_MANE_175', 'MANE_ADD_POP', 'GREAT_PERSON_ACTION_ATTACHMENT_TARGET_CITY'),
('SLTH_GREAT_MANE_176', 'MANE_ADD_POP', 'GREAT_PERSON_ACTION_ATTACHMENT_TARGET_CITY'),
('SLTH_GREAT_MANE_177', 'MANE_ADD_POP', 'GREAT_PERSON_ACTION_ATTACHMENT_TARGET_CITY'),
('SLTH_GREAT_MANE_178', 'MANE_ADD_POP', 'GREAT_PERSON_ACTION_ATTACHMENT_TARGET_CITY'),
('SLTH_GREAT_MANE_179', 'MANE_ADD_POP', 'GREAT_PERSON_ACTION_ATTACHMENT_TARGET_CITY'),
('SLTH_GREAT_MANE_180', 'MANE_ADD_POP', 'GREAT_PERSON_ACTION_ATTACHMENT_TARGET_CITY'),
('SLTH_GREAT_MANE_181', 'MANE_ADD_POP', 'GREAT_PERSON_ACTION_ATTACHMENT_TARGET_CITY'),
('SLTH_GREAT_MANE_182', 'MANE_ADD_POP', 'GREAT_PERSON_ACTION_ATTACHMENT_TARGET_CITY'),
('SLTH_GREAT_MANE_183', 'MANE_ADD_POP', 'GREAT_PERSON_ACTION_ATTACHMENT_TARGET_CITY'),
('SLTH_GREAT_MANE_184', 'MANE_ADD_POP', 'GREAT_PERSON_ACTION_ATTACHMENT_TARGET_CITY'),
('SLTH_GREAT_MANE_185', 'MANE_ADD_POP', 'GREAT_PERSON_ACTION_ATTACHMENT_TARGET_CITY'),
('SLTH_GREAT_MANE_186', 'MANE_ADD_POP', 'GREAT_PERSON_ACTION_ATTACHMENT_TARGET_CITY'),
('SLTH_GREAT_MANE_187', 'MANE_ADD_POP', 'GREAT_PERSON_ACTION_ATTACHMENT_TARGET_CITY'),
('SLTH_GREAT_MANE_188', 'MANE_ADD_POP', 'GREAT_PERSON_ACTION_ATTACHMENT_TARGET_CITY'),
('SLTH_GREAT_MANE_189', 'MANE_ADD_POP', 'GREAT_PERSON_ACTION_ATTACHMENT_TARGET_CITY'),
('SLTH_GREAT_MANE_190', 'MANE_ADD_POP', 'GREAT_PERSON_ACTION_ATTACHMENT_TARGET_CITY'),
('SLTH_GREAT_MANE_191', 'MANE_ADD_POP', 'GREAT_PERSON_ACTION_ATTACHMENT_TARGET_CITY'),
('SLTH_GREAT_MANE_192', 'MANE_ADD_POP', 'GREAT_PERSON_ACTION_ATTACHMENT_TARGET_CITY'),
('SLTH_GREAT_MANE_193', 'MANE_ADD_POP', 'GREAT_PERSON_ACTION_ATTACHMENT_TARGET_CITY'),
('SLTH_GREAT_MANE_194', 'MANE_ADD_POP', 'GREAT_PERSON_ACTION_ATTACHMENT_TARGET_CITY'),
('SLTH_GREAT_MANE_195', 'MANE_ADD_POP', 'GREAT_PERSON_ACTION_ATTACHMENT_TARGET_CITY'),
('SLTH_GREAT_MANE_196', 'MANE_ADD_POP', 'GREAT_PERSON_ACTION_ATTACHMENT_TARGET_CITY'),
('SLTH_GREAT_MANE_197', 'MANE_ADD_POP', 'GREAT_PERSON_ACTION_ATTACHMENT_TARGET_CITY'),
('SLTH_GREAT_MANE_198', 'MANE_ADD_POP', 'GREAT_PERSON_ACTION_ATTACHMENT_TARGET_CITY'),
('SLTH_GREAT_MANE_199', 'MANE_ADD_POP', 'GREAT_PERSON_ACTION_ATTACHMENT_TARGET_CITY'),
('SLTH_GREAT_MANE_200', 'MANE_ADD_POP', 'GREAT_PERSON_ACTION_ATTACHMENT_TARGET_CITY'),
('SLTH_GREAT_MANE_201', 'MANE_ADD_POP', 'GREAT_PERSON_ACTION_ATTACHMENT_TARGET_CITY'),
('SLTH_GREAT_MANE_202', 'MANE_ADD_POP', 'GREAT_PERSON_ACTION_ATTACHMENT_TARGET_CITY'),
('SLTH_GREAT_MANE_203', 'MANE_ADD_POP', 'GREAT_PERSON_ACTION_ATTACHMENT_TARGET_CITY'),
('SLTH_GREAT_MANE_204', 'MANE_ADD_POP', 'GREAT_PERSON_ACTION_ATTACHMENT_TARGET_CITY'),
('SLTH_GREAT_MANE_205', 'MANE_ADD_POP', 'GREAT_PERSON_ACTION_ATTACHMENT_TARGET_CITY'),
('SLTH_GREAT_MANE_206', 'MANE_ADD_POP', 'GREAT_PERSON_ACTION_ATTACHMENT_TARGET_CITY'),
('SLTH_GREAT_MANE_207', 'MANE_ADD_POP', 'GREAT_PERSON_ACTION_ATTACHMENT_TARGET_CITY'),
('SLTH_GREAT_MANE_208', 'MANE_ADD_POP', 'GREAT_PERSON_ACTION_ATTACHMENT_TARGET_CITY'),
('SLTH_GREAT_MANE_209', 'MANE_ADD_POP', 'GREAT_PERSON_ACTION_ATTACHMENT_TARGET_CITY'),
('SLTH_GREAT_MANE_210', 'MANE_ADD_POP', 'GREAT_PERSON_ACTION_ATTACHMENT_TARGET_CITY'),
('SLTH_GREAT_MANE_211', 'MANE_ADD_POP', 'GREAT_PERSON_ACTION_ATTACHMENT_TARGET_CITY'),
('SLTH_GREAT_MANE_212', 'MANE_ADD_POP', 'GREAT_PERSON_ACTION_ATTACHMENT_TARGET_CITY'),
('SLTH_GREAT_MANE_213', 'MANE_ADD_POP', 'GREAT_PERSON_ACTION_ATTACHMENT_TARGET_CITY'),
('SLTH_GREAT_MANE_214', 'MANE_ADD_POP', 'GREAT_PERSON_ACTION_ATTACHMENT_TARGET_CITY'),
('SLTH_GREAT_MANE_215', 'MANE_ADD_POP', 'GREAT_PERSON_ACTION_ATTACHMENT_TARGET_CITY'),
('SLTH_GREAT_MANE_216', 'MANE_ADD_POP', 'GREAT_PERSON_ACTION_ATTACHMENT_TARGET_CITY'),
('SLTH_GREAT_MANE_217', 'MANE_ADD_POP', 'GREAT_PERSON_ACTION_ATTACHMENT_TARGET_CITY'),
('SLTH_GREAT_MANE_218', 'MANE_ADD_POP', 'GREAT_PERSON_ACTION_ATTACHMENT_TARGET_CITY'),
('SLTH_GREAT_MANE_219', 'MANE_ADD_POP', 'GREAT_PERSON_ACTION_ATTACHMENT_TARGET_CITY'),
('SLTH_GREAT_MANE_220', 'MANE_ADD_POP', 'GREAT_PERSON_ACTION_ATTACHMENT_TARGET_CITY'),
('SLTH_GREAT_MANE_221', 'MANE_ADD_POP', 'GREAT_PERSON_ACTION_ATTACHMENT_TARGET_CITY'),
('SLTH_GREAT_MANE_222', 'MANE_ADD_POP', 'GREAT_PERSON_ACTION_ATTACHMENT_TARGET_CITY'),
('SLTH_GREAT_MANE_223', 'MANE_ADD_POP', 'GREAT_PERSON_ACTION_ATTACHMENT_TARGET_CITY'),
('SLTH_GREAT_MANE_224', 'MANE_ADD_POP', 'GREAT_PERSON_ACTION_ATTACHMENT_TARGET_CITY'),
('SLTH_GREAT_MANE_225', 'MANE_ADD_POP', 'GREAT_PERSON_ACTION_ATTACHMENT_TARGET_CITY'),
('SLTH_GREAT_MANE_226', 'MANE_ADD_POP', 'GREAT_PERSON_ACTION_ATTACHMENT_TARGET_CITY'),
('SLTH_GREAT_MANE_227', 'MANE_ADD_POP', 'GREAT_PERSON_ACTION_ATTACHMENT_TARGET_CITY'),
('SLTH_GREAT_MANE_228', 'MANE_ADD_POP', 'GREAT_PERSON_ACTION_ATTACHMENT_TARGET_CITY'),
('SLTH_GREAT_MANE_229', 'MANE_ADD_POP', 'GREAT_PERSON_ACTION_ATTACHMENT_TARGET_CITY'),
('SLTH_GREAT_MANE_230', 'MANE_ADD_POP', 'GREAT_PERSON_ACTION_ATTACHMENT_TARGET_CITY'),
('SLTH_GREAT_MANE_231', 'MANE_ADD_POP', 'GREAT_PERSON_ACTION_ATTACHMENT_TARGET_CITY'),
('SLTH_GREAT_MANE_232', 'MANE_ADD_POP', 'GREAT_PERSON_ACTION_ATTACHMENT_TARGET_CITY'),
('SLTH_GREAT_MANE_233', 'MANE_ADD_POP', 'GREAT_PERSON_ACTION_ATTACHMENT_TARGET_CITY'),
('SLTH_GREAT_MANE_234', 'MANE_ADD_POP', 'GREAT_PERSON_ACTION_ATTACHMENT_TARGET_CITY'),
('SLTH_GREAT_MANE_235', 'MANE_ADD_POP', 'GREAT_PERSON_ACTION_ATTACHMENT_TARGET_CITY'),
('SLTH_GREAT_MANE_236', 'MANE_ADD_POP', 'GREAT_PERSON_ACTION_ATTACHMENT_TARGET_CITY'),
('SLTH_GREAT_MANE_237', 'MANE_ADD_POP', 'GREAT_PERSON_ACTION_ATTACHMENT_TARGET_CITY'),
('SLTH_GREAT_MANE_238', 'MANE_ADD_POP', 'GREAT_PERSON_ACTION_ATTACHMENT_TARGET_CITY'),
('SLTH_GREAT_MANE_239', 'MANE_ADD_POP', 'GREAT_PERSON_ACTION_ATTACHMENT_TARGET_CITY'),
('SLTH_GREAT_MANE_240', 'MANE_ADD_POP', 'GREAT_PERSON_ACTION_ATTACHMENT_TARGET_CITY'),
('SLTH_GREAT_MANE_241', 'MANE_ADD_POP', 'GREAT_PERSON_ACTION_ATTACHMENT_TARGET_CITY'),
('SLTH_GREAT_MANE_242', 'MANE_ADD_POP', 'GREAT_PERSON_ACTION_ATTACHMENT_TARGET_CITY'),
('SLTH_GREAT_MANE_243', 'MANE_ADD_POP', 'GREAT_PERSON_ACTION_ATTACHMENT_TARGET_CITY'),
('SLTH_GREAT_MANE_244', 'MANE_ADD_POP', 'GREAT_PERSON_ACTION_ATTACHMENT_TARGET_CITY'),
('SLTH_GREAT_MANE_245', 'MANE_ADD_POP', 'GREAT_PERSON_ACTION_ATTACHMENT_TARGET_CITY'),
('SLTH_GREAT_MANE_246', 'MANE_ADD_POP', 'GREAT_PERSON_ACTION_ATTACHMENT_TARGET_CITY'),
('SLTH_GREAT_MANE_247', 'MANE_ADD_POP', 'GREAT_PERSON_ACTION_ATTACHMENT_TARGET_CITY'),
('SLTH_GREAT_MANE_248', 'MANE_ADD_POP', 'GREAT_PERSON_ACTION_ATTACHMENT_TARGET_CITY'),
('SLTH_GREAT_MANE_249', 'MANE_ADD_POP', 'GREAT_PERSON_ACTION_ATTACHMENT_TARGET_CITY'),
('SLTH_GREAT_MANE_250', 'MANE_ADD_POP', 'GREAT_PERSON_ACTION_ATTACHMENT_TARGET_CITY'),
('SLTH_GREAT_MANE_251', 'MANE_ADD_POP', 'GREAT_PERSON_ACTION_ATTACHMENT_TARGET_CITY'),
('SLTH_GREAT_MANE_252', 'MANE_ADD_POP', 'GREAT_PERSON_ACTION_ATTACHMENT_TARGET_CITY'),
('SLTH_GREAT_MANE_253', 'MANE_ADD_POP', 'GREAT_PERSON_ACTION_ATTACHMENT_TARGET_CITY'),
('SLTH_GREAT_MANE_254', 'MANE_ADD_POP', 'GREAT_PERSON_ACTION_ATTACHMENT_TARGET_CITY'),
('SLTH_GREAT_MANE_255', 'MANE_ADD_POP', 'GREAT_PERSON_ACTION_ATTACHMENT_TARGET_CITY'),
('SLTH_GREAT_MANE_256', 'MANE_ADD_POP', 'GREAT_PERSON_ACTION_ATTACHMENT_TARGET_CITY'),
('SLTH_GREAT_MANE_257', 'MANE_ADD_POP', 'GREAT_PERSON_ACTION_ATTACHMENT_TARGET_CITY'),
('SLTH_GREAT_MANE_258', 'MANE_ADD_POP', 'GREAT_PERSON_ACTION_ATTACHMENT_TARGET_CITY'),
('SLTH_GREAT_MANE_259', 'MANE_ADD_POP', 'GREAT_PERSON_ACTION_ATTACHMENT_TARGET_CITY'),
('SLTH_GREAT_MANE_260', 'MANE_ADD_POP', 'GREAT_PERSON_ACTION_ATTACHMENT_TARGET_CITY'),
('SLTH_GREAT_MANE_261', 'MANE_ADD_POP', 'GREAT_PERSON_ACTION_ATTACHMENT_TARGET_CITY'),
('SLTH_GREAT_MANE_262', 'MANE_ADD_POP', 'GREAT_PERSON_ACTION_ATTACHMENT_TARGET_CITY'),
('SLTH_GREAT_MANE_263', 'MANE_ADD_POP', 'GREAT_PERSON_ACTION_ATTACHMENT_TARGET_CITY'),
('SLTH_GREAT_MANE_264', 'MANE_ADD_POP', 'GREAT_PERSON_ACTION_ATTACHMENT_TARGET_CITY'),
('SLTH_GREAT_MANE_265', 'MANE_ADD_POP', 'GREAT_PERSON_ACTION_ATTACHMENT_TARGET_CITY'),
('SLTH_GREAT_MANE_266', 'MANE_ADD_POP', 'GREAT_PERSON_ACTION_ATTACHMENT_TARGET_CITY'),
('SLTH_GREAT_MANE_267', 'MANE_ADD_POP', 'GREAT_PERSON_ACTION_ATTACHMENT_TARGET_CITY'),
('SLTH_GREAT_MANE_268', 'MANE_ADD_POP', 'GREAT_PERSON_ACTION_ATTACHMENT_TARGET_CITY'),
('SLTH_GREAT_MANE_269', 'MANE_ADD_POP', 'GREAT_PERSON_ACTION_ATTACHMENT_TARGET_CITY'),
('SLTH_GREAT_MANE_270', 'MANE_ADD_POP', 'GREAT_PERSON_ACTION_ATTACHMENT_TARGET_CITY'),
('SLTH_GREAT_MANE_271', 'MANE_ADD_POP', 'GREAT_PERSON_ACTION_ATTACHMENT_TARGET_CITY'),
('SLTH_GREAT_MANE_272', 'MANE_ADD_POP', 'GREAT_PERSON_ACTION_ATTACHMENT_TARGET_CITY'),
('SLTH_GREAT_MANE_273', 'MANE_ADD_POP', 'GREAT_PERSON_ACTION_ATTACHMENT_TARGET_CITY'),
('SLTH_GREAT_MANE_274', 'MANE_ADD_POP', 'GREAT_PERSON_ACTION_ATTACHMENT_TARGET_CITY'),
('SLTH_GREAT_MANE_275', 'MANE_ADD_POP', 'GREAT_PERSON_ACTION_ATTACHMENT_TARGET_CITY'),
('SLTH_GREAT_MANE_276', 'MANE_ADD_POP', 'GREAT_PERSON_ACTION_ATTACHMENT_TARGET_CITY'),
('SLTH_GREAT_MANE_277', 'MANE_ADD_POP', 'GREAT_PERSON_ACTION_ATTACHMENT_TARGET_CITY'),
('SLTH_GREAT_MANE_278', 'MANE_ADD_POP', 'GREAT_PERSON_ACTION_ATTACHMENT_TARGET_CITY'),
('SLTH_GREAT_MANE_279', 'MANE_ADD_POP', 'GREAT_PERSON_ACTION_ATTACHMENT_TARGET_CITY'),
('SLTH_GREAT_MANE_280', 'MANE_ADD_POP', 'GREAT_PERSON_ACTION_ATTACHMENT_TARGET_CITY'),
('SLTH_GREAT_MANE_281', 'MANE_ADD_POP', 'GREAT_PERSON_ACTION_ATTACHMENT_TARGET_CITY'),
('SLTH_GREAT_MANE_282', 'MANE_ADD_POP', 'GREAT_PERSON_ACTION_ATTACHMENT_TARGET_CITY'),
('SLTH_GREAT_MANE_283', 'MANE_ADD_POP', 'GREAT_PERSON_ACTION_ATTACHMENT_TARGET_CITY'),
('SLTH_GREAT_MANE_284', 'MANE_ADD_POP', 'GREAT_PERSON_ACTION_ATTACHMENT_TARGET_CITY'),
('SLTH_GREAT_MANE_285', 'MANE_ADD_POP', 'GREAT_PERSON_ACTION_ATTACHMENT_TARGET_CITY'),
('SLTH_GREAT_MANE_286', 'MANE_ADD_POP', 'GREAT_PERSON_ACTION_ATTACHMENT_TARGET_CITY'),
('SLTH_GREAT_MANE_287', 'MANE_ADD_POP', 'GREAT_PERSON_ACTION_ATTACHMENT_TARGET_CITY'),
('SLTH_GREAT_MANE_288', 'MANE_ADD_POP', 'GREAT_PERSON_ACTION_ATTACHMENT_TARGET_CITY'),
('SLTH_GREAT_MANE_289', 'MANE_ADD_POP', 'GREAT_PERSON_ACTION_ATTACHMENT_TARGET_CITY'),
('SLTH_GREAT_MANE_290', 'MANE_ADD_POP', 'GREAT_PERSON_ACTION_ATTACHMENT_TARGET_CITY'),
('SLTH_GREAT_MANE_291', 'MANE_ADD_POP', 'GREAT_PERSON_ACTION_ATTACHMENT_TARGET_CITY'),
('SLTH_GREAT_MANE_292', 'MANE_ADD_POP', 'GREAT_PERSON_ACTION_ATTACHMENT_TARGET_CITY'),
('SLTH_GREAT_MANE_293', 'MANE_ADD_POP', 'GREAT_PERSON_ACTION_ATTACHMENT_TARGET_CITY'),
('SLTH_GREAT_MANE_294', 'MANE_ADD_POP', 'GREAT_PERSON_ACTION_ATTACHMENT_TARGET_CITY'),
('SLTH_GREAT_MANE_295', 'MANE_ADD_POP', 'GREAT_PERSON_ACTION_ATTACHMENT_TARGET_CITY'),
('SLTH_GREAT_MANE_296', 'MANE_ADD_POP', 'GREAT_PERSON_ACTION_ATTACHMENT_TARGET_CITY'),
('SLTH_GREAT_MANE_297', 'MANE_ADD_POP', 'GREAT_PERSON_ACTION_ATTACHMENT_TARGET_CITY'),
('SLTH_GREAT_MANE_298', 'MANE_ADD_POP', 'GREAT_PERSON_ACTION_ATTACHMENT_TARGET_CITY'),
('SLTH_GREAT_MANE_299', 'MANE_ADD_POP', 'GREAT_PERSON_ACTION_ATTACHMENT_TARGET_CITY'),
('SLTH_GREAT_MANE_300', 'MANE_ADD_POP', 'GREAT_PERSON_ACTION_ATTACHMENT_TARGET_CITY'),
('SLTH_GREAT_MANE_301', 'MANE_ADD_POP', 'GREAT_PERSON_ACTION_ATTACHMENT_TARGET_CITY'),
('SLTH_GREAT_MANE_302', 'MANE_ADD_POP', 'GREAT_PERSON_ACTION_ATTACHMENT_TARGET_CITY'),
('SLTH_GREAT_MANE_303', 'MANE_ADD_POP', 'GREAT_PERSON_ACTION_ATTACHMENT_TARGET_CITY'),
('SLTH_GREAT_MANE_304', 'MANE_ADD_POP', 'GREAT_PERSON_ACTION_ATTACHMENT_TARGET_CITY'),
('SLTH_GREAT_MANE_305', 'MANE_ADD_POP', 'GREAT_PERSON_ACTION_ATTACHMENT_TARGET_CITY'),
('SLTH_GREAT_MANE_306', 'MANE_ADD_POP', 'GREAT_PERSON_ACTION_ATTACHMENT_TARGET_CITY'),
('SLTH_GREAT_MANE_307', 'MANE_ADD_POP', 'GREAT_PERSON_ACTION_ATTACHMENT_TARGET_CITY'),
('SLTH_GREAT_MANE_308', 'MANE_ADD_POP', 'GREAT_PERSON_ACTION_ATTACHMENT_TARGET_CITY'),
('SLTH_GREAT_MANE_309', 'MANE_ADD_POP', 'GREAT_PERSON_ACTION_ATTACHMENT_TARGET_CITY'),
('SLTH_GREAT_MANE_310', 'MANE_ADD_POP', 'GREAT_PERSON_ACTION_ATTACHMENT_TARGET_CITY'),
('SLTH_GREAT_MANE_311', 'MANE_ADD_POP', 'GREAT_PERSON_ACTION_ATTACHMENT_TARGET_CITY'),
('SLTH_GREAT_MANE_312', 'MANE_ADD_POP', 'GREAT_PERSON_ACTION_ATTACHMENT_TARGET_CITY'),
('SLTH_GREAT_MANE_313', 'MANE_ADD_POP', 'GREAT_PERSON_ACTION_ATTACHMENT_TARGET_CITY'),
('SLTH_GREAT_MANE_314', 'MANE_ADD_POP', 'GREAT_PERSON_ACTION_ATTACHMENT_TARGET_CITY'),
('SLTH_GREAT_MANE_315', 'MANE_ADD_POP', 'GREAT_PERSON_ACTION_ATTACHMENT_TARGET_CITY'),
('SLTH_GREAT_MANE_316', 'MANE_ADD_POP', 'GREAT_PERSON_ACTION_ATTACHMENT_TARGET_CITY'),
('SLTH_GREAT_MANE_317', 'MANE_ADD_POP', 'GREAT_PERSON_ACTION_ATTACHMENT_TARGET_CITY'),
('SLTH_GREAT_MANE_318', 'MANE_ADD_POP', 'GREAT_PERSON_ACTION_ATTACHMENT_TARGET_CITY'),
('SLTH_GREAT_MANE_319', 'MANE_ADD_POP', 'GREAT_PERSON_ACTION_ATTACHMENT_TARGET_CITY'),
('SLTH_GREAT_MANE_320', 'MANE_ADD_POP', 'GREAT_PERSON_ACTION_ATTACHMENT_TARGET_CITY');

INSERT INTO Types(Type, Kind) VALUES
('MODIFIER_MANE_ADD_POPULATION', 'KIND_MODIFIER'),
('MODIFIER_CAPITAL_CITY_GRANT_GREAT_PERSON_CLASS_IN_CITY', 'KIND_MODIFIER'),
('GREAT_PERSON_CLASS_MANE', 'KIND_GREAT_PERSON_CLASS'),
('SLTH_GREAT_MANE_1', 'KIND_GREAT_PERSON_INDIVIDUAL'),
('SLTH_GREAT_MANE_2', 'KIND_GREAT_PERSON_INDIVIDUAL'),
('SLTH_GREAT_MANE_3', 'KIND_GREAT_PERSON_INDIVIDUAL'),
('SLTH_GREAT_MANE_4', 'KIND_GREAT_PERSON_INDIVIDUAL'),
('SLTH_GREAT_MANE_5', 'KIND_GREAT_PERSON_INDIVIDUAL'),
('SLTH_GREAT_MANE_6', 'KIND_GREAT_PERSON_INDIVIDUAL'),
('SLTH_GREAT_MANE_7', 'KIND_GREAT_PERSON_INDIVIDUAL'),
('SLTH_GREAT_MANE_8', 'KIND_GREAT_PERSON_INDIVIDUAL'),
('SLTH_GREAT_MANE_9', 'KIND_GREAT_PERSON_INDIVIDUAL'),
('SLTH_GREAT_MANE_10', 'KIND_GREAT_PERSON_INDIVIDUAL'),
('SLTH_GREAT_MANE_11', 'KIND_GREAT_PERSON_INDIVIDUAL'),
('SLTH_GREAT_MANE_12', 'KIND_GREAT_PERSON_INDIVIDUAL'),
('SLTH_GREAT_MANE_13', 'KIND_GREAT_PERSON_INDIVIDUAL'),
('SLTH_GREAT_MANE_14', 'KIND_GREAT_PERSON_INDIVIDUAL'),
('SLTH_GREAT_MANE_15', 'KIND_GREAT_PERSON_INDIVIDUAL'),
('SLTH_GREAT_MANE_16', 'KIND_GREAT_PERSON_INDIVIDUAL'),
('SLTH_GREAT_MANE_17', 'KIND_GREAT_PERSON_INDIVIDUAL'),
('SLTH_GREAT_MANE_18', 'KIND_GREAT_PERSON_INDIVIDUAL'),
('SLTH_GREAT_MANE_19', 'KIND_GREAT_PERSON_INDIVIDUAL'),
('SLTH_GREAT_MANE_20', 'KIND_GREAT_PERSON_INDIVIDUAL'),
('SLTH_GREAT_MANE_21', 'KIND_GREAT_PERSON_INDIVIDUAL'),
('SLTH_GREAT_MANE_22', 'KIND_GREAT_PERSON_INDIVIDUAL'),
('SLTH_GREAT_MANE_23', 'KIND_GREAT_PERSON_INDIVIDUAL'),
('SLTH_GREAT_MANE_24', 'KIND_GREAT_PERSON_INDIVIDUAL'),
('SLTH_GREAT_MANE_25', 'KIND_GREAT_PERSON_INDIVIDUAL'),
('SLTH_GREAT_MANE_26', 'KIND_GREAT_PERSON_INDIVIDUAL'),
('SLTH_GREAT_MANE_27', 'KIND_GREAT_PERSON_INDIVIDUAL'),
('SLTH_GREAT_MANE_28', 'KIND_GREAT_PERSON_INDIVIDUAL'),
('SLTH_GREAT_MANE_29', 'KIND_GREAT_PERSON_INDIVIDUAL'),
('SLTH_GREAT_MANE_30', 'KIND_GREAT_PERSON_INDIVIDUAL'),
('SLTH_GREAT_MANE_31', 'KIND_GREAT_PERSON_INDIVIDUAL'),
('SLTH_GREAT_MANE_32', 'KIND_GREAT_PERSON_INDIVIDUAL'),
('SLTH_GREAT_MANE_33', 'KIND_GREAT_PERSON_INDIVIDUAL'),
('SLTH_GREAT_MANE_34', 'KIND_GREAT_PERSON_INDIVIDUAL'),
('SLTH_GREAT_MANE_35', 'KIND_GREAT_PERSON_INDIVIDUAL'),
('SLTH_GREAT_MANE_36', 'KIND_GREAT_PERSON_INDIVIDUAL'),
('SLTH_GREAT_MANE_37', 'KIND_GREAT_PERSON_INDIVIDUAL'),
('SLTH_GREAT_MANE_38', 'KIND_GREAT_PERSON_INDIVIDUAL'),
('SLTH_GREAT_MANE_39', 'KIND_GREAT_PERSON_INDIVIDUAL'),
('SLTH_GREAT_MANE_40', 'KIND_GREAT_PERSON_INDIVIDUAL'),
('SLTH_GREAT_MANE_41', 'KIND_GREAT_PERSON_INDIVIDUAL'),
('SLTH_GREAT_MANE_42', 'KIND_GREAT_PERSON_INDIVIDUAL'),
('SLTH_GREAT_MANE_43', 'KIND_GREAT_PERSON_INDIVIDUAL'),
('SLTH_GREAT_MANE_44', 'KIND_GREAT_PERSON_INDIVIDUAL'),
('SLTH_GREAT_MANE_45', 'KIND_GREAT_PERSON_INDIVIDUAL'),
('SLTH_GREAT_MANE_46', 'KIND_GREAT_PERSON_INDIVIDUAL'),
('SLTH_GREAT_MANE_47', 'KIND_GREAT_PERSON_INDIVIDUAL'),
('SLTH_GREAT_MANE_48', 'KIND_GREAT_PERSON_INDIVIDUAL'),
('SLTH_GREAT_MANE_49', 'KIND_GREAT_PERSON_INDIVIDUAL'),
('SLTH_GREAT_MANE_50', 'KIND_GREAT_PERSON_INDIVIDUAL'),
('SLTH_GREAT_MANE_51', 'KIND_GREAT_PERSON_INDIVIDUAL'),
('SLTH_GREAT_MANE_52', 'KIND_GREAT_PERSON_INDIVIDUAL'),
('SLTH_GREAT_MANE_53', 'KIND_GREAT_PERSON_INDIVIDUAL'),
('SLTH_GREAT_MANE_54', 'KIND_GREAT_PERSON_INDIVIDUAL'),
('SLTH_GREAT_MANE_55', 'KIND_GREAT_PERSON_INDIVIDUAL'),
('SLTH_GREAT_MANE_56', 'KIND_GREAT_PERSON_INDIVIDUAL'),
('SLTH_GREAT_MANE_57', 'KIND_GREAT_PERSON_INDIVIDUAL'),
('SLTH_GREAT_MANE_58', 'KIND_GREAT_PERSON_INDIVIDUAL'),
('SLTH_GREAT_MANE_59', 'KIND_GREAT_PERSON_INDIVIDUAL'),
('SLTH_GREAT_MANE_60', 'KIND_GREAT_PERSON_INDIVIDUAL'),
('SLTH_GREAT_MANE_61', 'KIND_GREAT_PERSON_INDIVIDUAL'),
('SLTH_GREAT_MANE_62', 'KIND_GREAT_PERSON_INDIVIDUAL'),
('SLTH_GREAT_MANE_63', 'KIND_GREAT_PERSON_INDIVIDUAL'),
('SLTH_GREAT_MANE_64', 'KIND_GREAT_PERSON_INDIVIDUAL'),
('SLTH_GREAT_MANE_65', 'KIND_GREAT_PERSON_INDIVIDUAL'),
('SLTH_GREAT_MANE_66', 'KIND_GREAT_PERSON_INDIVIDUAL'),
('SLTH_GREAT_MANE_67', 'KIND_GREAT_PERSON_INDIVIDUAL'),
('SLTH_GREAT_MANE_68', 'KIND_GREAT_PERSON_INDIVIDUAL'),
('SLTH_GREAT_MANE_69', 'KIND_GREAT_PERSON_INDIVIDUAL'),
('SLTH_GREAT_MANE_70', 'KIND_GREAT_PERSON_INDIVIDUAL'),
('SLTH_GREAT_MANE_71', 'KIND_GREAT_PERSON_INDIVIDUAL'),
('SLTH_GREAT_MANE_72', 'KIND_GREAT_PERSON_INDIVIDUAL'),
('SLTH_GREAT_MANE_73', 'KIND_GREAT_PERSON_INDIVIDUAL'),
('SLTH_GREAT_MANE_74', 'KIND_GREAT_PERSON_INDIVIDUAL'),
('SLTH_GREAT_MANE_75', 'KIND_GREAT_PERSON_INDIVIDUAL'),
('SLTH_GREAT_MANE_76', 'KIND_GREAT_PERSON_INDIVIDUAL'),
('SLTH_GREAT_MANE_77', 'KIND_GREAT_PERSON_INDIVIDUAL'),
('SLTH_GREAT_MANE_78', 'KIND_GREAT_PERSON_INDIVIDUAL'),
('SLTH_GREAT_MANE_79', 'KIND_GREAT_PERSON_INDIVIDUAL'),
('SLTH_GREAT_MANE_80', 'KIND_GREAT_PERSON_INDIVIDUAL'),
('SLTH_GREAT_MANE_81', 'KIND_GREAT_PERSON_INDIVIDUAL'),
('SLTH_GREAT_MANE_82', 'KIND_GREAT_PERSON_INDIVIDUAL'),
('SLTH_GREAT_MANE_83', 'KIND_GREAT_PERSON_INDIVIDUAL'),
('SLTH_GREAT_MANE_84', 'KIND_GREAT_PERSON_INDIVIDUAL'),
('SLTH_GREAT_MANE_85', 'KIND_GREAT_PERSON_INDIVIDUAL'),
('SLTH_GREAT_MANE_86', 'KIND_GREAT_PERSON_INDIVIDUAL'),
('SLTH_GREAT_MANE_87', 'KIND_GREAT_PERSON_INDIVIDUAL'),
('SLTH_GREAT_MANE_88', 'KIND_GREAT_PERSON_INDIVIDUAL'),
('SLTH_GREAT_MANE_89', 'KIND_GREAT_PERSON_INDIVIDUAL'),
('SLTH_GREAT_MANE_90', 'KIND_GREAT_PERSON_INDIVIDUAL'),
('SLTH_GREAT_MANE_91', 'KIND_GREAT_PERSON_INDIVIDUAL'),
('SLTH_GREAT_MANE_92', 'KIND_GREAT_PERSON_INDIVIDUAL'),
('SLTH_GREAT_MANE_93', 'KIND_GREAT_PERSON_INDIVIDUAL'),
('SLTH_GREAT_MANE_94', 'KIND_GREAT_PERSON_INDIVIDUAL'),
('SLTH_GREAT_MANE_95', 'KIND_GREAT_PERSON_INDIVIDUAL'),
('SLTH_GREAT_MANE_96', 'KIND_GREAT_PERSON_INDIVIDUAL'),
('SLTH_GREAT_MANE_97', 'KIND_GREAT_PERSON_INDIVIDUAL'),
('SLTH_GREAT_MANE_98', 'KIND_GREAT_PERSON_INDIVIDUAL'),
('SLTH_GREAT_MANE_99', 'KIND_GREAT_PERSON_INDIVIDUAL'),
('SLTH_GREAT_MANE_100', 'KIND_GREAT_PERSON_INDIVIDUAL'),
('SLTH_GREAT_MANE_101', 'KIND_GREAT_PERSON_INDIVIDUAL'),
('SLTH_GREAT_MANE_102', 'KIND_GREAT_PERSON_INDIVIDUAL'),
('SLTH_GREAT_MANE_103', 'KIND_GREAT_PERSON_INDIVIDUAL'),
('SLTH_GREAT_MANE_104', 'KIND_GREAT_PERSON_INDIVIDUAL'),
('SLTH_GREAT_MANE_105', 'KIND_GREAT_PERSON_INDIVIDUAL'),
('SLTH_GREAT_MANE_106', 'KIND_GREAT_PERSON_INDIVIDUAL'),
('SLTH_GREAT_MANE_107', 'KIND_GREAT_PERSON_INDIVIDUAL'),
('SLTH_GREAT_MANE_108', 'KIND_GREAT_PERSON_INDIVIDUAL'),
('SLTH_GREAT_MANE_109', 'KIND_GREAT_PERSON_INDIVIDUAL'),
('SLTH_GREAT_MANE_110', 'KIND_GREAT_PERSON_INDIVIDUAL'),
('SLTH_GREAT_MANE_111', 'KIND_GREAT_PERSON_INDIVIDUAL'),
('SLTH_GREAT_MANE_112', 'KIND_GREAT_PERSON_INDIVIDUAL'),
('SLTH_GREAT_MANE_113', 'KIND_GREAT_PERSON_INDIVIDUAL'),
('SLTH_GREAT_MANE_114', 'KIND_GREAT_PERSON_INDIVIDUAL'),
('SLTH_GREAT_MANE_115', 'KIND_GREAT_PERSON_INDIVIDUAL'),
('SLTH_GREAT_MANE_116', 'KIND_GREAT_PERSON_INDIVIDUAL'),
('SLTH_GREAT_MANE_117', 'KIND_GREAT_PERSON_INDIVIDUAL'),
('SLTH_GREAT_MANE_118', 'KIND_GREAT_PERSON_INDIVIDUAL'),
('SLTH_GREAT_MANE_119', 'KIND_GREAT_PERSON_INDIVIDUAL'),
('SLTH_GREAT_MANE_120', 'KIND_GREAT_PERSON_INDIVIDUAL'),
('SLTH_GREAT_MANE_121', 'KIND_GREAT_PERSON_INDIVIDUAL'),
('SLTH_GREAT_MANE_122', 'KIND_GREAT_PERSON_INDIVIDUAL'),
('SLTH_GREAT_MANE_123', 'KIND_GREAT_PERSON_INDIVIDUAL'),
('SLTH_GREAT_MANE_124', 'KIND_GREAT_PERSON_INDIVIDUAL'),
('SLTH_GREAT_MANE_125', 'KIND_GREAT_PERSON_INDIVIDUAL'),
('SLTH_GREAT_MANE_126', 'KIND_GREAT_PERSON_INDIVIDUAL'),
('SLTH_GREAT_MANE_127', 'KIND_GREAT_PERSON_INDIVIDUAL'),
('SLTH_GREAT_MANE_128', 'KIND_GREAT_PERSON_INDIVIDUAL'),
('SLTH_GREAT_MANE_129', 'KIND_GREAT_PERSON_INDIVIDUAL'),
('SLTH_GREAT_MANE_130', 'KIND_GREAT_PERSON_INDIVIDUAL'),
('SLTH_GREAT_MANE_131', 'KIND_GREAT_PERSON_INDIVIDUAL'),
('SLTH_GREAT_MANE_132', 'KIND_GREAT_PERSON_INDIVIDUAL'),
('SLTH_GREAT_MANE_133', 'KIND_GREAT_PERSON_INDIVIDUAL'),
('SLTH_GREAT_MANE_134', 'KIND_GREAT_PERSON_INDIVIDUAL'),
('SLTH_GREAT_MANE_135', 'KIND_GREAT_PERSON_INDIVIDUAL'),
('SLTH_GREAT_MANE_136', 'KIND_GREAT_PERSON_INDIVIDUAL'),
('SLTH_GREAT_MANE_137', 'KIND_GREAT_PERSON_INDIVIDUAL'),
('SLTH_GREAT_MANE_138', 'KIND_GREAT_PERSON_INDIVIDUAL'),
('SLTH_GREAT_MANE_139', 'KIND_GREAT_PERSON_INDIVIDUAL'),
('SLTH_GREAT_MANE_140', 'KIND_GREAT_PERSON_INDIVIDUAL'),
('SLTH_GREAT_MANE_141', 'KIND_GREAT_PERSON_INDIVIDUAL'),
('SLTH_GREAT_MANE_142', 'KIND_GREAT_PERSON_INDIVIDUAL'),
('SLTH_GREAT_MANE_143', 'KIND_GREAT_PERSON_INDIVIDUAL'),
('SLTH_GREAT_MANE_144', 'KIND_GREAT_PERSON_INDIVIDUAL'),
('SLTH_GREAT_MANE_145', 'KIND_GREAT_PERSON_INDIVIDUAL'),
('SLTH_GREAT_MANE_146', 'KIND_GREAT_PERSON_INDIVIDUAL'),
('SLTH_GREAT_MANE_147', 'KIND_GREAT_PERSON_INDIVIDUAL'),
('SLTH_GREAT_MANE_148', 'KIND_GREAT_PERSON_INDIVIDUAL'),
('SLTH_GREAT_MANE_149', 'KIND_GREAT_PERSON_INDIVIDUAL'),
('SLTH_GREAT_MANE_150', 'KIND_GREAT_PERSON_INDIVIDUAL'),
('SLTH_GREAT_MANE_151', 'KIND_GREAT_PERSON_INDIVIDUAL'),
('SLTH_GREAT_MANE_152', 'KIND_GREAT_PERSON_INDIVIDUAL'),
('SLTH_GREAT_MANE_153', 'KIND_GREAT_PERSON_INDIVIDUAL'),
('SLTH_GREAT_MANE_154', 'KIND_GREAT_PERSON_INDIVIDUAL'),
('SLTH_GREAT_MANE_155', 'KIND_GREAT_PERSON_INDIVIDUAL'),
('SLTH_GREAT_MANE_156', 'KIND_GREAT_PERSON_INDIVIDUAL'),
('SLTH_GREAT_MANE_157', 'KIND_GREAT_PERSON_INDIVIDUAL'),
('SLTH_GREAT_MANE_158', 'KIND_GREAT_PERSON_INDIVIDUAL'),
('SLTH_GREAT_MANE_159', 'KIND_GREAT_PERSON_INDIVIDUAL'),
('SLTH_GREAT_MANE_160', 'KIND_GREAT_PERSON_INDIVIDUAL'),
('SLTH_GREAT_MANE_161', 'KIND_GREAT_PERSON_INDIVIDUAL'),
('SLTH_GREAT_MANE_162', 'KIND_GREAT_PERSON_INDIVIDUAL'),
('SLTH_GREAT_MANE_163', 'KIND_GREAT_PERSON_INDIVIDUAL'),
('SLTH_GREAT_MANE_164', 'KIND_GREAT_PERSON_INDIVIDUAL'),
('SLTH_GREAT_MANE_165', 'KIND_GREAT_PERSON_INDIVIDUAL'),
('SLTH_GREAT_MANE_166', 'KIND_GREAT_PERSON_INDIVIDUAL'),
('SLTH_GREAT_MANE_167', 'KIND_GREAT_PERSON_INDIVIDUAL'),
('SLTH_GREAT_MANE_168', 'KIND_GREAT_PERSON_INDIVIDUAL'),
('SLTH_GREAT_MANE_169', 'KIND_GREAT_PERSON_INDIVIDUAL'),
('SLTH_GREAT_MANE_170', 'KIND_GREAT_PERSON_INDIVIDUAL'),
('SLTH_GREAT_MANE_171', 'KIND_GREAT_PERSON_INDIVIDUAL'),
('SLTH_GREAT_MANE_172', 'KIND_GREAT_PERSON_INDIVIDUAL'),
('SLTH_GREAT_MANE_173', 'KIND_GREAT_PERSON_INDIVIDUAL'),
('SLTH_GREAT_MANE_174', 'KIND_GREAT_PERSON_INDIVIDUAL'),
('SLTH_GREAT_MANE_175', 'KIND_GREAT_PERSON_INDIVIDUAL'),
('SLTH_GREAT_MANE_176', 'KIND_GREAT_PERSON_INDIVIDUAL'),
('SLTH_GREAT_MANE_177', 'KIND_GREAT_PERSON_INDIVIDUAL'),
('SLTH_GREAT_MANE_178', 'KIND_GREAT_PERSON_INDIVIDUAL'),
('SLTH_GREAT_MANE_179', 'KIND_GREAT_PERSON_INDIVIDUAL'),
('SLTH_GREAT_MANE_180', 'KIND_GREAT_PERSON_INDIVIDUAL'),
('SLTH_GREAT_MANE_181', 'KIND_GREAT_PERSON_INDIVIDUAL'),
('SLTH_GREAT_MANE_182', 'KIND_GREAT_PERSON_INDIVIDUAL'),
('SLTH_GREAT_MANE_183', 'KIND_GREAT_PERSON_INDIVIDUAL'),
('SLTH_GREAT_MANE_184', 'KIND_GREAT_PERSON_INDIVIDUAL'),
('SLTH_GREAT_MANE_185', 'KIND_GREAT_PERSON_INDIVIDUAL'),
('SLTH_GREAT_MANE_186', 'KIND_GREAT_PERSON_INDIVIDUAL'),
('SLTH_GREAT_MANE_187', 'KIND_GREAT_PERSON_INDIVIDUAL'),
('SLTH_GREAT_MANE_188', 'KIND_GREAT_PERSON_INDIVIDUAL'),
('SLTH_GREAT_MANE_189', 'KIND_GREAT_PERSON_INDIVIDUAL'),
('SLTH_GREAT_MANE_190', 'KIND_GREAT_PERSON_INDIVIDUAL'),
('SLTH_GREAT_MANE_191', 'KIND_GREAT_PERSON_INDIVIDUAL'),
('SLTH_GREAT_MANE_192', 'KIND_GREAT_PERSON_INDIVIDUAL'),
('SLTH_GREAT_MANE_193', 'KIND_GREAT_PERSON_INDIVIDUAL'),
('SLTH_GREAT_MANE_194', 'KIND_GREAT_PERSON_INDIVIDUAL'),
('SLTH_GREAT_MANE_195', 'KIND_GREAT_PERSON_INDIVIDUAL'),
('SLTH_GREAT_MANE_196', 'KIND_GREAT_PERSON_INDIVIDUAL'),
('SLTH_GREAT_MANE_197', 'KIND_GREAT_PERSON_INDIVIDUAL'),
('SLTH_GREAT_MANE_198', 'KIND_GREAT_PERSON_INDIVIDUAL'),
('SLTH_GREAT_MANE_199', 'KIND_GREAT_PERSON_INDIVIDUAL'),
('SLTH_GREAT_MANE_200', 'KIND_GREAT_PERSON_INDIVIDUAL'),
('SLTH_GREAT_MANE_201', 'KIND_GREAT_PERSON_INDIVIDUAL'),
('SLTH_GREAT_MANE_202', 'KIND_GREAT_PERSON_INDIVIDUAL'),
('SLTH_GREAT_MANE_203', 'KIND_GREAT_PERSON_INDIVIDUAL'),
('SLTH_GREAT_MANE_204', 'KIND_GREAT_PERSON_INDIVIDUAL'),
('SLTH_GREAT_MANE_205', 'KIND_GREAT_PERSON_INDIVIDUAL'),
('SLTH_GREAT_MANE_206', 'KIND_GREAT_PERSON_INDIVIDUAL'),
('SLTH_GREAT_MANE_207', 'KIND_GREAT_PERSON_INDIVIDUAL'),
('SLTH_GREAT_MANE_208', 'KIND_GREAT_PERSON_INDIVIDUAL'),
('SLTH_GREAT_MANE_209', 'KIND_GREAT_PERSON_INDIVIDUAL'),
('SLTH_GREAT_MANE_210', 'KIND_GREAT_PERSON_INDIVIDUAL'),
('SLTH_GREAT_MANE_211', 'KIND_GREAT_PERSON_INDIVIDUAL'),
('SLTH_GREAT_MANE_212', 'KIND_GREAT_PERSON_INDIVIDUAL'),
('SLTH_GREAT_MANE_213', 'KIND_GREAT_PERSON_INDIVIDUAL'),
('SLTH_GREAT_MANE_214', 'KIND_GREAT_PERSON_INDIVIDUAL'),
('SLTH_GREAT_MANE_215', 'KIND_GREAT_PERSON_INDIVIDUAL'),
('SLTH_GREAT_MANE_216', 'KIND_GREAT_PERSON_INDIVIDUAL'),
('SLTH_GREAT_MANE_217', 'KIND_GREAT_PERSON_INDIVIDUAL'),
('SLTH_GREAT_MANE_218', 'KIND_GREAT_PERSON_INDIVIDUAL'),
('SLTH_GREAT_MANE_219', 'KIND_GREAT_PERSON_INDIVIDUAL'),
('SLTH_GREAT_MANE_220', 'KIND_GREAT_PERSON_INDIVIDUAL'),
('SLTH_GREAT_MANE_221', 'KIND_GREAT_PERSON_INDIVIDUAL'),
('SLTH_GREAT_MANE_222', 'KIND_GREAT_PERSON_INDIVIDUAL'),
('SLTH_GREAT_MANE_223', 'KIND_GREAT_PERSON_INDIVIDUAL'),
('SLTH_GREAT_MANE_224', 'KIND_GREAT_PERSON_INDIVIDUAL'),
('SLTH_GREAT_MANE_225', 'KIND_GREAT_PERSON_INDIVIDUAL'),
('SLTH_GREAT_MANE_226', 'KIND_GREAT_PERSON_INDIVIDUAL'),
('SLTH_GREAT_MANE_227', 'KIND_GREAT_PERSON_INDIVIDUAL'),
('SLTH_GREAT_MANE_228', 'KIND_GREAT_PERSON_INDIVIDUAL'),
('SLTH_GREAT_MANE_229', 'KIND_GREAT_PERSON_INDIVIDUAL'),
('SLTH_GREAT_MANE_230', 'KIND_GREAT_PERSON_INDIVIDUAL'),
('SLTH_GREAT_MANE_231', 'KIND_GREAT_PERSON_INDIVIDUAL'),
('SLTH_GREAT_MANE_232', 'KIND_GREAT_PERSON_INDIVIDUAL'),
('SLTH_GREAT_MANE_233', 'KIND_GREAT_PERSON_INDIVIDUAL'),
('SLTH_GREAT_MANE_234', 'KIND_GREAT_PERSON_INDIVIDUAL'),
('SLTH_GREAT_MANE_235', 'KIND_GREAT_PERSON_INDIVIDUAL'),
('SLTH_GREAT_MANE_236', 'KIND_GREAT_PERSON_INDIVIDUAL'),
('SLTH_GREAT_MANE_237', 'KIND_GREAT_PERSON_INDIVIDUAL'),
('SLTH_GREAT_MANE_238', 'KIND_GREAT_PERSON_INDIVIDUAL'),
('SLTH_GREAT_MANE_239', 'KIND_GREAT_PERSON_INDIVIDUAL'),
('SLTH_GREAT_MANE_240', 'KIND_GREAT_PERSON_INDIVIDUAL'),
('SLTH_GREAT_MANE_241', 'KIND_GREAT_PERSON_INDIVIDUAL'),
('SLTH_GREAT_MANE_242', 'KIND_GREAT_PERSON_INDIVIDUAL'),
('SLTH_GREAT_MANE_243', 'KIND_GREAT_PERSON_INDIVIDUAL'),
('SLTH_GREAT_MANE_244', 'KIND_GREAT_PERSON_INDIVIDUAL'),
('SLTH_GREAT_MANE_245', 'KIND_GREAT_PERSON_INDIVIDUAL'),
('SLTH_GREAT_MANE_246', 'KIND_GREAT_PERSON_INDIVIDUAL'),
('SLTH_GREAT_MANE_247', 'KIND_GREAT_PERSON_INDIVIDUAL'),
('SLTH_GREAT_MANE_248', 'KIND_GREAT_PERSON_INDIVIDUAL'),
('SLTH_GREAT_MANE_249', 'KIND_GREAT_PERSON_INDIVIDUAL'),
('SLTH_GREAT_MANE_250', 'KIND_GREAT_PERSON_INDIVIDUAL'),
('SLTH_GREAT_MANE_251', 'KIND_GREAT_PERSON_INDIVIDUAL'),
('SLTH_GREAT_MANE_252', 'KIND_GREAT_PERSON_INDIVIDUAL'),
('SLTH_GREAT_MANE_253', 'KIND_GREAT_PERSON_INDIVIDUAL'),
('SLTH_GREAT_MANE_254', 'KIND_GREAT_PERSON_INDIVIDUAL'),
('SLTH_GREAT_MANE_255', 'KIND_GREAT_PERSON_INDIVIDUAL'),
('SLTH_GREAT_MANE_256', 'KIND_GREAT_PERSON_INDIVIDUAL'),
('SLTH_GREAT_MANE_257', 'KIND_GREAT_PERSON_INDIVIDUAL'),
('SLTH_GREAT_MANE_258', 'KIND_GREAT_PERSON_INDIVIDUAL'),
('SLTH_GREAT_MANE_259', 'KIND_GREAT_PERSON_INDIVIDUAL'),
('SLTH_GREAT_MANE_260', 'KIND_GREAT_PERSON_INDIVIDUAL'),
('SLTH_GREAT_MANE_261', 'KIND_GREAT_PERSON_INDIVIDUAL'),
('SLTH_GREAT_MANE_262', 'KIND_GREAT_PERSON_INDIVIDUAL'),
('SLTH_GREAT_MANE_263', 'KIND_GREAT_PERSON_INDIVIDUAL'),
('SLTH_GREAT_MANE_264', 'KIND_GREAT_PERSON_INDIVIDUAL'),
('SLTH_GREAT_MANE_265', 'KIND_GREAT_PERSON_INDIVIDUAL'),
('SLTH_GREAT_MANE_266', 'KIND_GREAT_PERSON_INDIVIDUAL'),
('SLTH_GREAT_MANE_267', 'KIND_GREAT_PERSON_INDIVIDUAL'),
('SLTH_GREAT_MANE_268', 'KIND_GREAT_PERSON_INDIVIDUAL'),
('SLTH_GREAT_MANE_269', 'KIND_GREAT_PERSON_INDIVIDUAL'),
('SLTH_GREAT_MANE_270', 'KIND_GREAT_PERSON_INDIVIDUAL'),
('SLTH_GREAT_MANE_271', 'KIND_GREAT_PERSON_INDIVIDUAL'),
('SLTH_GREAT_MANE_272', 'KIND_GREAT_PERSON_INDIVIDUAL'),
('SLTH_GREAT_MANE_273', 'KIND_GREAT_PERSON_INDIVIDUAL'),
('SLTH_GREAT_MANE_274', 'KIND_GREAT_PERSON_INDIVIDUAL'),
('SLTH_GREAT_MANE_275', 'KIND_GREAT_PERSON_INDIVIDUAL'),
('SLTH_GREAT_MANE_276', 'KIND_GREAT_PERSON_INDIVIDUAL'),
('SLTH_GREAT_MANE_277', 'KIND_GREAT_PERSON_INDIVIDUAL'),
('SLTH_GREAT_MANE_278', 'KIND_GREAT_PERSON_INDIVIDUAL'),
('SLTH_GREAT_MANE_279', 'KIND_GREAT_PERSON_INDIVIDUAL'),
('SLTH_GREAT_MANE_280', 'KIND_GREAT_PERSON_INDIVIDUAL'),
('SLTH_GREAT_MANE_281', 'KIND_GREAT_PERSON_INDIVIDUAL'),
('SLTH_GREAT_MANE_282', 'KIND_GREAT_PERSON_INDIVIDUAL'),
('SLTH_GREAT_MANE_283', 'KIND_GREAT_PERSON_INDIVIDUAL'),
('SLTH_GREAT_MANE_284', 'KIND_GREAT_PERSON_INDIVIDUAL'),
('SLTH_GREAT_MANE_285', 'KIND_GREAT_PERSON_INDIVIDUAL'),
('SLTH_GREAT_MANE_286', 'KIND_GREAT_PERSON_INDIVIDUAL'),
('SLTH_GREAT_MANE_287', 'KIND_GREAT_PERSON_INDIVIDUAL'),
('SLTH_GREAT_MANE_288', 'KIND_GREAT_PERSON_INDIVIDUAL'),
('SLTH_GREAT_MANE_289', 'KIND_GREAT_PERSON_INDIVIDUAL'),
('SLTH_GREAT_MANE_290', 'KIND_GREAT_PERSON_INDIVIDUAL'),
('SLTH_GREAT_MANE_291', 'KIND_GREAT_PERSON_INDIVIDUAL'),
('SLTH_GREAT_MANE_292', 'KIND_GREAT_PERSON_INDIVIDUAL'),
('SLTH_GREAT_MANE_293', 'KIND_GREAT_PERSON_INDIVIDUAL'),
('SLTH_GREAT_MANE_294', 'KIND_GREAT_PERSON_INDIVIDUAL'),
('SLTH_GREAT_MANE_295', 'KIND_GREAT_PERSON_INDIVIDUAL'),
('SLTH_GREAT_MANE_296', 'KIND_GREAT_PERSON_INDIVIDUAL'),
('SLTH_GREAT_MANE_297', 'KIND_GREAT_PERSON_INDIVIDUAL'),
('SLTH_GREAT_MANE_298', 'KIND_GREAT_PERSON_INDIVIDUAL'),
('SLTH_GREAT_MANE_299', 'KIND_GREAT_PERSON_INDIVIDUAL'),
('SLTH_GREAT_MANE_300', 'KIND_GREAT_PERSON_INDIVIDUAL'),
('SLTH_GREAT_MANE_301', 'KIND_GREAT_PERSON_INDIVIDUAL'),
('SLTH_GREAT_MANE_302', 'KIND_GREAT_PERSON_INDIVIDUAL'),
('SLTH_GREAT_MANE_303', 'KIND_GREAT_PERSON_INDIVIDUAL'),
('SLTH_GREAT_MANE_304', 'KIND_GREAT_PERSON_INDIVIDUAL'),
('SLTH_GREAT_MANE_305', 'KIND_GREAT_PERSON_INDIVIDUAL'),
('SLTH_GREAT_MANE_306', 'KIND_GREAT_PERSON_INDIVIDUAL'),
('SLTH_GREAT_MANE_307', 'KIND_GREAT_PERSON_INDIVIDUAL'),
('SLTH_GREAT_MANE_308', 'KIND_GREAT_PERSON_INDIVIDUAL'),
('SLTH_GREAT_MANE_309', 'KIND_GREAT_PERSON_INDIVIDUAL'),
('SLTH_GREAT_MANE_310', 'KIND_GREAT_PERSON_INDIVIDUAL'),
('SLTH_GREAT_MANE_311', 'KIND_GREAT_PERSON_INDIVIDUAL'),
('SLTH_GREAT_MANE_312', 'KIND_GREAT_PERSON_INDIVIDUAL'),
('SLTH_GREAT_MANE_313', 'KIND_GREAT_PERSON_INDIVIDUAL'),
('SLTH_GREAT_MANE_314', 'KIND_GREAT_PERSON_INDIVIDUAL'),
('SLTH_GREAT_MANE_315', 'KIND_GREAT_PERSON_INDIVIDUAL'),
('SLTH_GREAT_MANE_316', 'KIND_GREAT_PERSON_INDIVIDUAL'),
('SLTH_GREAT_MANE_317', 'KIND_GREAT_PERSON_INDIVIDUAL'),
('SLTH_GREAT_MANE_318', 'KIND_GREAT_PERSON_INDIVIDUAL'),
('SLTH_GREAT_MANE_319', 'KIND_GREAT_PERSON_INDIVIDUAL'),
('SLTH_GREAT_MANE_320', 'KIND_GREAT_PERSON_INDIVIDUAL');
