INSERT INTO Civilizations(CivilizationType, Name, Description, Adjective, RandomCityNameDepth, StartingCivilizationLevelType, Ethnicity) VALUES
('SLTH_CIVILIZATION_LANUN', 'LOC_CIV_LANUN_NAME', 'LOC_CIV_LANUN_DESCRIPTION', 'LOC_SLTH_CIV_LANUN_ADJECTIVE', '10', 'CIVILIZATION_LEVEL_FULL_CIV', 'ETHNICITY_EURO');
INSERT INTO Leaders(LeaderType, Name, InheritFrom) VALUES
('SLTH_LEADER_FALAMAR', 'LOC_SLTH_LEADER_FALAMAR_NAME', 'LEADER_DEFAULT'),
('SLTH_LEADER_HANNAH', 'LOC_SLTH_LEADER_HANNAH_NAME', 'LEADER_DEFAULT');
INSERT INTO CivilizationLeaders(LeaderType, CivilizationType, CapitalName) VALUES
('SLTH_LEADER_FALAMAR', 'SLTH_CIVILIZATION_LANUN', 'LOC_CITY_LANUN_1_NAME'),
('SLTH_LEADER_HANNAH', 'SLTH_CIVILIZATION_LANUN', 'LOC_CITY_LANUN_1_NAME');
INSERT INTO CivilizationTraits(CivilizationType, TraitType) VALUES
('SLTH_CIVILIZATION_LANUN', 'SLTH_TRAIT_CIVILIZATION_LANUN_COOL'),
('SLTH_CIVILIZATION_LANUN', 'SLTH_TRAIT_CIVILIZATION_BUILDING_HARBOR_LANUN'),
('SLTH_CIVILIZATION_LANUN', 'SLTH_TRAIT_CIVILIZATION_UNIT_BLACK_WIND'),
('SLTH_CIVILIZATION_LANUN', 'SLTH_TRAIT_CIVILIZATION_UNIT_GUYBRUSH'),
('SLTH_CIVILIZATION_LANUN', 'SLTH_TRAIT_CIVILIZATION_UNIT_BOARDING_PARTY'),
('SLTH_CIVILIZATION_LANUN', 'SLTH_TRAIT_CIVILIZATION_UNIT_WAR_TORTOISE'),
('SLTH_CIVILIZATION_LANUN', 'SLTH_TRAIT_CIVILIZATION_UNIT_PIRATE'),
('SLTH_CIVILIZATION_LANUN', 'SLTH_TRAIT_CIVILIZATION_UNIT_SWORDSMAN');

INSERT INTO Traits(TraitType, Name, Description) VALUES
('SLTH_TRAIT_CIVILIZATION_LANUN_COOL', 'LOC_SLTH_TRAIT_CIVILIZATION_LANUN_COOL_NAME', 'LOC_SLTH_TRAIT_CIVILIZATION_LANUN_COOL_DESCRIPTION'),
('SLTH_TRAIT_CIVILIZATION_BUILDING_HARBOR_LANUN', 'LOC_SLTH_TRAIT_CIVILIZATION_BUILDING_HARBOR_LANUN_NAME', 'LOC_SLTH_TRAIT_CIVILIZATION_BUILDING_HARBOR_LANUN_DESCRIPTION'),
('SLTH_TRAIT_CIVILIZATION_UNIT_BOARDING_PARTY', 'LOC_SLTH_TRAIT_CIVILIZATION_UNIT_BOARDING_PARTY_NAME', 'LOC_SLTH_TRAIT_CIVILIZATION_UNIT_BOARDING_PARTY_DESCRIPTION'),
('SLTH_TRAIT_CIVILIZATION_UNIT_BLACK_WIND', 'LOC_SLTH_TRAIT_CIVILIZATION_UNIT_BLACK_WIND_NAME', 'LOC_SLTH_TRAIT_CIVILIZATION_UNIT_BLACK_WIND_DESCRIPTION'),
('SLTH_TRAIT_CIVILIZATION_UNIT_GUYBRUSH', 'LOC_SLTH_TRAIT_CIVILIZATION_UNIT_GUYBRUSH_NAME', 'LOC_SLTH_TRAIT_CIVILIZATION_UNIT_GUYBRUSH_DESCRIPTION'),
('SLTH_TRAIT_CIVILIZATION_UNIT_WAR_TORTOISE', 'LOC_SLTH_TRAIT_CIVILIZATION_UNIT_WAR_TORTOISE_NAME', 'LOC_SLTH_TRAIT_CIVILIZATION_UNIT_WAR_TORTOISE_DESCRIPTION'),
('SLTH_TRAIT_CIVILIZATION_UNIT_PIRATE', 'LOC_SLTH_TRAIT_CIVILIZATION_UNIT_PIRATE_NAME', 'LOC_SLTH_TRAIT_CIVILIZATION_UNIT_PIRATE_DESCRIPTION');

INSERT INTO TraitModifiers(TraitType, ModifierId) VALUES
('SLTH_TRAIT_CIVILIZATION_LANUN_COOL', 'MODIFIER_CIVILIZATION_LANUN_GRANT_SLTH_TECH_SEAFARING'),
('SLTH_TRAIT_CIVILIZATION_LANUN_COOL', 'MODIFIER_SLTH_BUILDING_PALACE_LANUN_PLOT_YIELD_CHANGE_FOOD'),
('SLTH_TRAIT_CIVILIZATION_LANUN_COOL', 'MODIFIER_SLTH_GRANT_MANA_WATER'),
('SLTH_TRAIT_CIVILIZATION_LANUN_COOL', 'MODIFIER_SLTH_GRANT_MANA_CHAOS'),
('SLTH_TRAIT_CIVILIZATION_LANUN_COOL', 'MODIFIER_SLTH_GRANT_MANA_AIR');

INSERT INTO Modifiers(ModifierId, ModifierType, RunOnce, Permanent, SubjectRequirementSetId) VALUES
('MODIFIER_SLTH_BUILDING_PALACE_LANUN_PLOT_YIELD_CHANGE_FOOD', 'MODIFIER_PLAYER_ADJUST_PLOT_YIELD', '0', '0', 'PLOT_HAS_COAST_REQUIREMENTS'),
('MODIFIER_CIVILIZATION_LANUN_GRANT_SLTH_TECH_SEAFARING', 'MODIFIER_PLAYER_GRANT_SPECIFIC_TECHNOLOGY', '1', '1', NULL),
('MODIFIER_SLTH_BUILDING_HARBOR_LANUN_DOMAIN_SEA_PROD_MULT', 'MODIFIER_CITY_ADJUST_UNIT_DOMAIN_PRODUCTION', '0', '0', NULL);

INSERT INTO ModifierArguments(ModifierId, Name, Type, Value) VALUES
('MODIFIER_SLTH_BUILDING_PALACE_LANUN_PLOT_YIELD_CHANGE_FOOD', 'YieldType', 'ARGTYPE_IDENTITY', 'YIELD_FOOD'),
('MODIFIER_SLTH_BUILDING_PALACE_LANUN_PLOT_YIELD_CHANGE_FOOD', 'Amount', 'ARGTYPE_IDENTITY', '1'),
('MODIFIER_SLTH_BUILDING_HARBOR_LANUN_DOMAIN_SEA_PROD_MULT', 'Domain', 'ARGTYPE_IDENTITY', 'DOMAIN_SEA'),
('MODIFIER_SLTH_BUILDING_HARBOR_LANUN_DOMAIN_SEA_PROD_MULT', 'Amount', 'ARGTYPE_IDENTITY', '25');

INSERT INTO BuildingReplaces(CivUniqueBuildingType, ReplacesBuildingType) VALUES
('SLTH_BUILDING_HARBOR_LANUN', 'SLTH_BUILDING_HARBOR');

INSERT INTO Buildings(BuildingType, Name, PrereqTech, PrereqCivic, Cost, PrereqDistrict, Description, OuterDefenseHitPoints, Housing, Entertainment, TraitType, CitizenSlots, AdvisorType) VALUES
('SLTH_BUILDING_HARBOR_LANUN', 'LOC_SLTH_BUILDING_HARBOR_LANUN_NAME', 'SLTH_TECH_FISHING', NULL, '90', 'DISTRICT_CITY_CENTER', 'LOC_SLTH_BUILDING_HARBOR_LANUN_DESCRIPTION', '0', '0', '0', 'SLTH_TRAIT_CIVILIZATION_BUILDING_HARBOR_LANUN', NULL, 'ADVISOR_GENERIC');

INSERT INTO BuildingModifiers(BuildingType, ModifierId) VALUES
('SLTH_BUILDING_HARBOR_LANUN', 'MODIFIER_SLTH_BUILDING_HARBOR_LANUN_DOMAIN_SEA_PROD_MULT'),
('SLTH_BUILDING_HARBOR_LANUN', 'MODIFIER_SLTH_BUILDING_HARBOR_TRADE_ROUTE_YIELD_MULT');

INSERT INTO Units(UnitType, Name, BaseSightRange, BaseMoves, Combat, RangedCombat, Range, Domain, FormationClass, Cost, BuildCharges, Description, TraitType, AllowBarbarians, PromotionClass, PrereqTech, PrereqCivic, CanTrain, Maintenance, Stackable, AirSlots, CanTargetAir, PseudoYieldType, IgnoreMoves, AdvisorType, EnabledByReligion) VALUES
('SLTH_UNIT_BLACK_WIND', 'LOC_SLTH_UNIT_BLACK_WIND_NAME', '2', '4', '10', '0', '0', 'DOMAIN_SEA', 'FORMATION_CLASS_LAND_COMBAT', '300', '0', 'LOC_SLTH_UNIT_BLACK_WIND_DESCRIPTION', 'SLTH_TRAIT_CIVILIZATION_UNIT_BLACK_WIND', '1', 'PROMOTION_CLASS_NAVAL_MELEE', 'SLTH_TECH_OPTICS', NULL, '1', '1', '0', '0', '0', NULL, '0', 'ADVISOR_CONQUEST', '0'),
('SLTH_UNIT_GUYBRUSH', 'LOC_SLTH_UNIT_GUYBRUSH_NAME', '2', '1', '7', '0', '0', 'DOMAIN_LAND', 'FORMATION_CLASS_LAND_COMBAT', '360', '0', 'LOC_SLTH_UNIT_GUYBRUSH_DESCRIPTION', 'SLTH_TRAIT_CIVILIZATION_UNIT_GUYBRUSH', '1', 'PROMOTION_CLASS_MELEE', 'SLTH_TECH_IRON_WORKING', NULL, '1', '1', '0', '0', '0', NULL, '0', 'ADVISOR_CONQUEST', '0'),
('SLTH_UNIT_BOARDING_PARTY', 'LOC_SLTH_UNIT_BOARDING_PARTY_NAME', '2', '1', '5', '0', '0', 'DOMAIN_LAND', 'FORMATION_CLASS_LAND_COMBAT', '120', '0', 'LOC_SLTH_UNIT_BOARDING_PARTY_DESCRIPTION', 'SLTH_TRAIT_CIVILIZATION_UNIT_BOARDING_PARTY', '1', 'PROMOTION_CLASS_MELEE', 'SLTH_TECH_IRON_WORKING', NULL, '1', '1', '0', '0', '0', NULL, '0', 'ADVISOR_CONQUEST', '0'),
('SLTH_UNIT_WAR_TORTOISE', 'LOC_SLTH_UNIT_WAR_TORTOISE_NAME', '2', '1', '11', '0', '0', 'DOMAIN_LAND', 'FORMATION_CLASS_LAND_COMBAT', '240', '0', 'LOC_SLTH_UNIT_WAR_TORTOISE_DESCRIPTION', 'SLTH_TRAIT_CIVILIZATION_UNIT_WAR_TORTOISE', '1', 'PROMOTION_CLASS_LIGHT_CAVALRY', 'SLTH_TECH_WARHORSES', NULL, '1', '1', '0', '0', '0', NULL, '0', 'ADVISOR_CONQUEST', '0'),
('SLTH_UNIT_PIRATE', 'LOC_SLTH_UNIT_PIRATE_NAME', '2', '4', '8', '0', '0', 'DOMAIN_SEA', 'FORMATION_CLASS_LAND_COMBAT', '100', '0', 'LOC_SLTH_UNIT_PIRATE_DESCRIPTION', 'SLTH_TRAIT_CIVILIZATION_UNIT_PIRATE', '1', 'PROMOTION_CLASS_NAVAL_MELEE', 'SLTH_TECH_OPTICS', NULL, '1', '1', '0', '0', '0', NULL, '0', 'ADVISOR_CONQUEST', '0');

INSERT INTO UnitReplaces(CivUniqueUnitType, ReplacesUnitType) VALUES
('SLTH_UNIT_BOARDING_PARTY', 'SLTH_UNIT_CHAMPION'),
('SLTH_UNIT_WAR_TORTOISE', 'SLTH_UNIT_KNIGHT'),
('SLTH_UNIT_PIRATE', 'SLTH_UNIT_PRIVATEER');

INSERT INTO TypeTags(Type, Tag) VALUES
('SLTH_UNIT_BLACK_WIND', 'CLASS_NAVAL_MELEE'),
('SLTH_UNIT_GUYBRUSH', 'CLASS_MELEE'),
('SLTH_UNIT_BOARDING_PARTY', 'CLASS_MELEE'),
('SLTH_UNIT_WAR_TORTOISE', 'CLASS_LIGHT_CAVALRY'),
('SLTH_UNIT_PIRATE', 'CLASS_NAVAL_MELEE');

INSERT INTO Types(Type, Kind) VALUES
('SLTH_CIVILIZATION_LANUN', 'KIND_CIVILIZATION'),
('SLTH_LEADER_FALAMAR', 'KIND_LEADER'),
('SLTH_LEADER_HANNAH', 'KIND_LEADER'),
('SLTH_TRAIT_CIVILIZATION_BUILDING_HARBOR_LANUN', 'KIND_TRAIT'),
('SLTH_TRAIT_CIVILIZATION_LANUN_COOL', 'KIND_TRAIT'),
('SLTH_TRAIT_CIVILIZATION_UNIT_BLACK_WIND', 'KIND_TRAIT'),
('SLTH_TRAIT_CIVILIZATION_UNIT_GUYBRUSH', 'KIND_TRAIT'),
('SLTH_TRAIT_CIVILIZATION_UNIT_BOARDING_PARTY', 'KIND_TRAIT'),
('SLTH_TRAIT_CIVILIZATION_UNIT_WAR_TORTOISE', 'KIND_TRAIT'),
('SLTH_TRAIT_CIVILIZATION_UNIT_PIRATE', 'KIND_TRAIT'),

('SLTH_UNIT_BLACK_WIND', 'KIND_UNIT'),
('SLTH_UNIT_GUYBRUSH', 'KIND_UNIT'),
('SLTH_UNIT_BOARDING_PARTY', 'KIND_UNIT'),
('SLTH_UNIT_WAR_TORTOISE', 'KIND_UNIT'),
('SLTH_UNIT_PIRATE', 'KIND_UNIT'),
('SLTH_BUILDING_HARBOR_LANUN', 'KIND_BUILDING');