INSERT INTO Civilizations(CivilizationType, Name, Description, Adjective, RandomCityNameDepth, StartingCivilizationLevelType, Ethnicity) VALUES
('SLTH_CIVILIZATION_MALAKIM', 'LOC_CIV_MALAKIM_NAME', 'LOC_CIV_MALAKIM_DESCRIPTION', 'LOC_SLTH_CIV_MALAKIM_ADJECTIVE', '10', 'CIVILIZATION_LEVEL_FULL_CIV', 'ETHNICITY_EURO');
INSERT INTO Leaders(LeaderType, Name, InheritFrom) VALUES
('SLTH_LEADER_VARN', 'LOC_SLTH_LEADER_VARN_NAME', 'LEADER_DEFAULT'),
('SLTH_LEADER_DECIUS_MALAKIM', 'LOC_SLTH_LEADER_DECIUS_NAME', 'LEADER_DEFAULT');
INSERT INTO CivilizationLeaders(LeaderType, CivilizationType, CapitalName) VALUES
('SLTH_LEADER_VARN', 'SLTH_CIVILIZATION_MALAKIM', 'LOC_CITY_MALAKIM_1_NAME'),
('SLTH_LEADER_DECIUS_MALAKIM', 'SLTH_CIVILIZATION_MALAKIM', 'LOC_CITY_MALAKIM_1_NAME');
INSERT INTO CivilizationTraits(CivilizationType, TraitType) VALUES
('SLTH_CIVILIZATION_MALAKIM', 'SLTH_TRAIT_CIVILIZATION_MALAKIM_COOL'),
('SLTH_CIVILIZATION_MALAKIM', 'SLTH_TRAIT_CIVILIZATION_BUILDING_DESERT_SHRINE'),
('SLTH_CIVILIZATION_MALAKIM', 'SLTH_TRAIT_CIVILIZATION_BUILDING_CITADEL_OF_LIGHT'),
('SLTH_CIVILIZATION_MALAKIM', 'SLTH_TRAIT_CIVILIZATION_UNIT_LIGHTBRINGER'),
('SLTH_CIVILIZATION_MALAKIM', 'SLTH_TRAIT_CIVILIZATION_UNIT_TEUTORIX'),
('SLTH_CIVILIZATION_MALAKIM', 'SLTH_TRAIT_CIVILIZATION_UNIT_SWORDSMAN'),
('SLTH_CIVILIZATION_MALAKIM', 'SLTH_TRAIT_CIVILIZATION_UNIT_CAMEL_ARCHER');

INSERT INTO Traits(TraitType, Name, Description) VALUES
('SLTH_TRAIT_CIVILIZATION_MALAKIM_COOL', 'LOC_SLTH_TRAIT_CIVILIZATION_MALAKIM_COOL_NAME', 'LOC_SLTH_TRAIT_CIVILIZATION_MALAKIM_COOL_DESCRIPTION'),
('SLTH_TRAIT_CIVILIZATION_BUILDING_DESERT_SHRINE', 'LOC_SLTH_TRAIT_CIVILIZATION_BUILDING_DESERT_SHRINE_NAME', 'LOC_SLTH_TRAIT_CIVILIZATION_BUILDING_DESERT_SHRINE_DESCRIPTION'),
('SLTH_TRAIT_CIVILIZATION_BUILDING_CITADEL_OF_LIGHT', 'LOC_SLTH_TRAIT_CIVILIZATION_BUILDING_CITADEL_OF_LIGHT_NAME', 'LOC_SLTH_TRAIT_CIVILIZATION_BUILDING_CITADEL_OF_LIGHT_DESCRIPTION'),
('SLTH_TRAIT_CIVILIZATION_UNIT_TEUTORIX', 'LOC_SLTH_TRAIT_CIVILIZATION_UNIT_TEUTORIX_NAME', 'LOC_SLTH_TRAIT_CIVILIZATION_UNIT_TEUTORIX_DESCRIPTION'),
('SLTH_TRAIT_CIVILIZATION_UNIT_LIGHTBRINGER', 'LOC_SLTH_TRAIT_CIVILIZATION_UNIT_LIGHTBRINGER_NAME', 'LOC_SLTH_TRAIT_CIVILIZATION_UNIT_LIGHTBRINGER_DESCRIPTION'),
('SLTH_TRAIT_CIVILIZATION_UNIT_CAMEL_ARCHER', 'LOC_SLTH_TRAIT_CIVILIZATION_UNIT_CAMEL_ARCHER_NAME', 'LOC_SLTH_TRAIT_CIVILIZATION_UNIT_CAMEL_ARCHER_DESCRIPTION');

INSERT INTO TraitModifiers(TraitType, ModifierId) VALUES
('SLTH_TRAIT_CIVILIZATION_MALAKIM_COOL', 'MODIFIER_SLTH_GRANT_TECH_ANCIENT_CHANTS'),
('SLTH_TRAIT_CIVILIZATION_MALAKIM_COOL', 'MODIFIER_SLTH_GRANT_MANA_SUN'),
('SLTH_TRAIT_CIVILIZATION_MALAKIM_COOL', 'MODIFIER_SLTH_SMALL_MORE_WAR_WEARINESS'),
('SLTH_TRAIT_CIVILIZATION_MALAKIM_COOL', 'MODIFIER_SLTH_GRANT_MANA_MIND'),
('SLTH_TRAIT_CIVILIZATION_MALAKIM_COOL', 'MODIFIER_SLTH_GRANT_MANA_LIFE'),
('SLTH_TRAIT_CIVILIZATION_MALAKIM_COOL', 'TRAIT_GRANT_NOMAD_ABILITY_DESERT_STRENGTH_CITY_ATTACH'),
('SLTH_TRAIT_CIVILIZATION_MALAKIM_COOL', 'MODIFIER_SLTH_MALAKIM_BONUS_GOLD_DESERT');

INSERT INTO Modifiers(ModifierId, ModifierType, RunOnce, Permanent, SubjectRequirementSetId) VALUES
('MODIFIER_NOMAD_ABILITY_DESERT_STRENGTH', 'MODIFIER_UNIT_ADJUST_COMBAT_STRENGTH', '0', '0', 'SLTH_IS_DESERT'),
('MODIFIER_NOMAD_ABILITY_DOUBLEMOVES_DESERT', 'MODIFIER_PLAYER_UNIT_ADJUST_MOVEMENT', '0', '0', 'SLTH_IS_DESERT'),
('TRAIT_GRANT_NOMAD_ABILITY_DESERT_STRENGTH_CITY_ATTACH', 'MODIFIER_PLAYER_CITIES_ATTACH_MODIFIER', 0, 0, NULL),
('GRANT_NOMAD_ABILITY_DESERT_STRENGTH_CITY', 'MODIFIER_SINGLE_CITY_GRANT_ABILITY_FOR_TRAINED_UNITS', '0', '0', NULL),
('MODIFIER_SLTH_BUILDING_DESERT_SHRINE_ADD_CULTUREYIELD', 'MODIFIER_SINGLE_CITY_ADJUST_CITY_YIELD_MODIFIER', '0', '0', NULL),
('MODIFIER_SLTH_MALAKIM_BONUS_GOLD_DESERT', 'MODIFIER_PLAYER_ADJUST_PLOT_YIELD', '0', '0', 'SLTH_IS_DESERT'),
('GRANT_EXPERIENCE_ABILITY_SMALL_DESERT_SHRINE_DISCIPLE', 'MODIFIER_SINGLE_CITY_GRANT_ABILITY_FOR_TRAINED_UNITS', '0', '0', NULL);

INSERT INTO ModifierArguments(ModifierId, Name, Type, Value) VALUES
('MODIFIER_NOMAD_ABILITY_DESERT_STRENGTH', 'Amount', 'ARGTYPE_IDENTITY', '20'),
('MODIFIER_NOMAD_ABILITY_DOUBLEMOVES_DESERT', 'Amount', 'ARGTYPE_IDENTITY', '1'),
('TRAIT_GRANT_NOMAD_ABILITY_DESERT_STRENGTH_CITY_ATTACH', 'ModifierId', 'ARGTYPE_IDENTITY', 'GRANT_NOMAD_ABILITY_DESERT_STRENGTH_CITY'),
('GRANT_NOMAD_ABILITY_DESERT_STRENGTH_CITY', 'AbilityType', 'ARGTYPE_IDENTITY', 'NOMAD_ABILITY_DESERT_STRENGTH'),
('MODIFIER_SLTH_BUILDING_DESERT_SHRINE_ADD_CULTUREYIELD', 'Amount', 'ARGTYPE_IDENTITY', '10'),
('MODIFIER_SLTH_BUILDING_DESERT_SHRINE_ADD_CULTUREYIELD', 'YieldType', 'ARGTYPE_IDENTITY', 'YIELD_CULTURE'),
('MODIFIER_SLTH_MALAKIM_BONUS_GOLD_DESERT', 'YieldType', 'ARGTYPE_IDENTITY', 'YIELD_GOLD'),
('MODIFIER_SLTH_MALAKIM_BONUS_GOLD_DESERT', 'Amount', 'ARGTYPE_IDENTITY', '2'),
('GRANT_EXPERIENCE_ABILITY_SMALL_DESERT_SHRINE_DISCIPLE', 'AbilityType', 'ARGTYPE_IDENTITY', 'GRANT_EXPERIENCE_SMALL_ABILITY_DESERT_SHRINE_DISCIPLE');

INSERT INTO RequirementSetRequirements(RequirementSetId, RequirementId) VALUES
('SLTH_IS_DESERT', 'REQUIRES_PLOT_HAS_DESERT'),
('SLTH_IS_DESERT', 'REQUIRES_PLOT_HAS_DESERT_HILLS');

INSERT INTO RequirementSets(RequirementSetId, RequirementSetType) VALUES
('SLTH_IS_DESERT', 'REQUIREMENTSET_TEST_ANY');

INSERT INTO UnitAbilities(UnitAbilityType, Name, Description, Inactive, Permanent) VALUES
('NOMAD_ABILITY_DESERT_STRENGTH', 'LOC_SLTH_NOMAD_ABILITY_DESERT_STRENGTH_NAME', 'LOC_NOMAD_ABILITY_DESERT_STRENGTH_DESCRIPTION', '1', '1'),
('GRANT_EXPERIENCE_SMALL_ABILITY_DESERT_SHRINE_DISCIPLE', 'LOC_GRANT_EXPERIENCE_ABILITY_NAME', 'LOC_GRANT_EXPERIENCE_ABILITY_DESCRIPTION', '1', '1');

INSERT INTO UnitAbilityModifiers(UnitAbilityType, ModifierId) VALUES
('NOMAD_ABILITY_DESERT_STRENGTH', 'MODIFIER_NOMAD_ABILITY_DESERT_STRENGTH'),
('NOMAD_ABILITY_DESERT_STRENGTH', 'MODIFIER_NOMAD_ABILITY_DOUBLEMOVES_DESERT'),
('GRANT_EXPERIENCE_SMALL_ABILITY_DESERT_SHRINE_DISCIPLE', 'GRANT_EXPERIENCE_SMALL');

INSERT INTO ModifierStrings(ModifierId, Context, Text) VALUES
('MODIFIER_NOMAD_ABILITY_DESERT_STRENGTH', 'Preview', 'LOC_NOMAD_ABILITY_DESERT_STRENGTH_DESERT_PREVIEW');

INSERT INTO BuildingReplaces(CivUniqueBuildingType, ReplacesBuildingType) VALUES
('SLTH_BUILDING_DESERT_SHRINE', 'BUILDING_SHRINE');
INSERT INTO Buildings(BuildingType, Name, PrereqTech, PrereqCivic, Cost, PrereqDistrict, Description, OuterDefenseHitPoints, Housing, Entertainment, TraitType, CitizenSlots, AdvisorType) VALUES
('SLTH_BUILDING_CITADEL_OF_LIGHT', 'LOC_SLTH_BUILDING_CITADEL_OF_LIGHT_NAME', 'TECH_SORCERY', NULL, '240', 'DISTRICT_CITY_CENTER', 'LOC_SLTH_BUILDING_CITADEL_OF_LIGHT_DESCRIPTION', '40', '0', '0', 'SLTH_TRAIT_CIVILIZATION_BUILDING_CITADEL_OF_LIGHT', NULL, 'ADVISOR_CONQUEST'),
('SLTH_BUILDING_DESERT_SHRINE', 'LOC_SLTH_BUILDING_DESERT_SHRINE_NAME', NULL, 'CIVIC_MYSTICISM', '100', 'DISTRICT_HOLY_SITE', 'LOC_SLTH_BUILDING_DESERT_SHRINE_DESCRIPTION', '0', '0', '0', 'SLTH_TRAIT_CIVILIZATION_BUILDING_DESERT_SHRINE', '1', 'ADVISOR_CULTURE');

INSERT INTO BuildingModifiers(BuildingType, ModifierId) VALUES
('SLTH_BUILDING_DESERT_SHRINE', 'MODIFIER_SLTH_BUILDING_DESERT_SHRINE_ADD_CULTUREYIELD'),
('SLTH_BUILDING_DESERT_SHRINE', 'GRANT_EXPERIENCE_ABILITY_SMALL_DESERT_SHRINE_DISCIPLE');

INSERT INTO Units(UnitType, Name, BaseSightRange, BaseMoves, Combat, RangedCombat, Range, Domain, FormationClass, Cost, BuildCharges, Description, TraitType, AllowBarbarians, PromotionClass, PrereqTech, PrereqCivic, CanTrain, Maintenance, Stackable, AirSlots, CanTargetAir, PseudoYieldType, IgnoreMoves, AdvisorType, EnabledByReligion) VALUES
('SLTH_UNIT_TEUTORIX', 'LOC_SLTH_UNIT_TEUTORIX_NAME', '2', '2', '58', '63', '2', 'DOMAIN_LAND', 'FORMATION_CLASS_LAND_COMBAT', '180', '0', 'LOC_SLTH_UNIT_TEUTORIX_DESCRIPTION', 'SLTH_TRAIT_CIVILIZATION_UNIT_TEUTORIX', '1', 'PROMOTION_CLASS_RANGED', 'TECH_BLASTING_POWDER', NULL, '1', '1', '0', '0', '0', NULL, '0', 'ADVISOR_CONQUEST', '0'),
('SLTH_UNIT_LIGHTBRINGER', 'LOC_SLTH_UNIT_LIGHTBRINGER_NAME', '2', '1', '10', '0', '0', 'DOMAIN_LAND', 'FORMATION_CLASS_LAND_COMBAT', '60', '0', 'LOC_SLTH_UNIT_LIGHTBRINGER_DESCRIPTION', 'SLTH_TRAIT_CIVILIZATION_UNIT_LIGHTBRINGER', '1', 'PROMOTION_CLASS_DISCIPLE', NULL, NULL, '1', '1', '0', '0', '0', NULL, '0', 'ADVISOR_RELIGIOUS', '0'),
('SLTH_UNIT_CAMEL_ARCHER', 'LOC_SLTH_UNIT_CAMEL_ARCHER_NAME', '2', '3', '29', '0', '0', 'DOMAIN_LAND', 'FORMATION_CLASS_LAND_COMBAT', '120', '0', 'LOC_SLTH_UNIT_CAMEL_ARCHER_DESCRIPTION', 'SLTH_TRAIT_CIVILIZATION_UNIT_CAMEL_ARCHER', '1', 'PROMOTION_CLASS_LIGHT_CAVALRY', 'TECH_STIRRUPS', NULL, '1', '1', '0', '0', '0', NULL, '0', 'ADVISOR_CONQUEST', '0');

INSERT INTO UnitReplaces(CivUniqueUnitType, ReplacesUnitType) VALUES
('SLTH_UNIT_CAMEL_ARCHER', 'SLTH_UNIT_HORSE_ARCHER');

INSERT INTO UnitUpgrades(Unit, UpgradeUnit) VALUES
('SLTH_UNIT_LIGHTBRINGER', 'SLTH_UNIT_DISCIPLE_EMPYREAN');

INSERT INTO TypeTags(Type, Tag) VALUES
('NOMAD_ABILITY_DESERT_STRENGTH', 'CAN_BE_RACIALIZED'),
('SLTH_UNIT_TEUTORIX', 'CLASS_RANGED'),
('SLTH_UNIT_LIGHTBRINGER', 'CLASS_DISCIPLE'),
('SLTH_UNIT_CAMEL_ARCHER', 'CLASS_LIGHT_CAVALRY'),
('SLTH_UNIT_TEUTORIX', 'RACE_HUMAN'),
('SLTH_UNIT_LIGHTBRINGER', 'CAN_BE_RACIALIZED'),
('SLTH_UNIT_CAMEL_ARCHER', 'CAN_BE_RACIALIZED'),
('GRANT_EXPERIENCE_SMALL_ABILITY_DESERT_SHRINE_DISCIPLE', 'CLASS_DISCIPLE');

INSERT INTO Types(Type, Kind) VALUES
('SLTH_CIVILIZATION_MALAKIM', 'KIND_CIVILIZATION'),
('SLTH_LEADER_VARN', 'KIND_LEADER'),
('SLTH_LEADER_DECIUS_MALAKIM', 'KIND_LEADER'),
('SLTH_TRAIT_CIVILIZATION_MALAKIM_COOL', 'KIND_TRAIT'),
('SLTH_TRAIT_CIVILIZATION_BUILDING_DESERT_SHRINE', 'KIND_TRAIT'),
('SLTH_TRAIT_CIVILIZATION_BUILDING_CITADEL_OF_LIGHT', 'KIND_TRAIT'),
('SLTH_TRAIT_CIVILIZATION_UNIT_LIGHTBRINGER', 'KIND_TRAIT'),
('SLTH_TRAIT_CIVILIZATION_UNIT_TEUTORIX', 'KIND_TRAIT'),
('SLTH_TRAIT_CIVILIZATION_UNIT_CAMEL_ARCHER', 'KIND_TRAIT'),
('NOMAD_ABILITY_DESERT_STRENGTH', 'KIND_ABILITY'),
('SLTH_UNIT_TEUTORIX', 'KIND_UNIT'),
('SLTH_UNIT_LIGHTBRINGER', 'KIND_UNIT'),
('SLTH_UNIT_CAMEL_ARCHER', 'KIND_UNIT'),
('SLTH_BUILDING_CITADEL_OF_LIGHT', 'KIND_BUILDING'),
('SLTH_BUILDING_DESERT_SHRINE', 'KIND_BUILDING'),
('GRANT_EXPERIENCE_SMALL_ABILITY_DESERT_SHRINE_DISCIPLE', 'KIND_ABILITY');