INSERT INTO Civilizations(CivilizationType, Name, Description, Adjective, RandomCityNameDepth, StartingCivilizationLevelType, Ethnicity) VALUES
('SLTH_CIVILIZATION_MERCURIANS', 'LOC_CIV_MERCURIANS_NAME', 'LOC_CIV_MERCURIANS_DESCRIPTION', 'LOC_SLTH_CIV_MERCURIANS_ADJECTIVE', '10', 'CIVILIZATION_LEVEL_FULL_CIV', 'ETHNICITY_EURO');
INSERT INTO Leaders(LeaderType, Name, InheritFrom) VALUES
('SLTH_LEADER_BASIUM', 'LOC_SLTH_LEADER_BASIUM_NAME', 'LEADER_DEFAULT');
INSERT INTO CivilizationLeaders(LeaderType, CivilizationType, CapitalName) VALUES
('SLTH_LEADER_BASIUM', 'SLTH_CIVILIZATION_MERCURIANS', 'LOC_CITY_MERCURIANS_1_NAME');

INSERT INTO Leaders_XP2 (LeaderType, OceanStart) VALUES ('SLTH_LEADER_BASIUM', 1);

INSERT INTO CivilizationTraits(CivilizationType, TraitType) VALUES
('SLTH_CIVILIZATION_MERCURIANS', 'SLTH_TRAIT_CIVILIZATION_UNIT_ANGEL_OF_DEATH'),
('SLTH_CIVILIZATION_MERCURIANS', 'SLTH_TRAIT_CIVILIZATION_UNIT_BASIUM'),
('SLTH_CIVILIZATION_MERCURIANS', 'SLTH_TRAIT_CIVILIZATION_UNIT_HERALD'),
('SLTH_CIVILIZATION_MERCURIANS', 'SLTH_TRAIT_CIVILIZATION_UNIT_OPHANIM'),
('SLTH_CIVILIZATION_MERCURIANS', 'SLTH_TRAIT_CIVILIZATION_UNIT_REPENTANT_ANGEL'),
('SLTH_CIVILIZATION_MERCURIANS', 'SLTH_TRAIT_CIVILIZATION_UNIT_SERAPH'),
('SLTH_CIVILIZATION_MERCURIANS', 'SLTH_TRAIT_CIVILIZATION_UNIT_VALKYRIE'),
('SLTH_CIVILIZATION_MERCURIANS', 'SLTH_TRAIT_CIVILIZATION_MERCURIANS_COOL');

INSERT INTO Traits(TraitType, Name, Description) VALUES
('SLTH_TRAIT_CIVILIZATION_MERCURIANS_COOL', 'LOC_SLTH_TRAIT_CIVILIZATION_MERCURIANS_COOL_NAME', 'LOC_SLTH_TRAIT_CIVILIZATION_MERCURIANS_COOL_DESCRIPTION'),
('SLTH_TRAIT_CIVILIZATION_UNIT_ANGEL_OF_DEATH', 'LOC_SLTH_TRAIT_CIVILIZATION_UNIT_ANGEL_OF_DEATH_NAME', 'LOC_SLTH_TRAIT_CIVILIZATION_UNIT_ANGEL_OF_DEATH_DESCRIPTION'),
('SLTH_TRAIT_CIVILIZATION_UNIT_BASIUM', 'LOC_SLTH_TRAIT_CIVILIZATION_UNIT_BASIUM_NAME', 'LOC_SLTH_TRAIT_CIVILIZATION_UNIT_BASIUM_DESCRIPTION'),
('SLTH_TRAIT_CIVILIZATION_UNIT_HERALD', 'LOC_SLTH_TRAIT_CIVILIZATION_UNIT_HERALD_NAME', 'LOC_SLTH_TRAIT_CIVILIZATION_UNIT_HERALD_DESCRIPTION'),
('SLTH_TRAIT_CIVILIZATION_UNIT_OPHANIM', 'LOC_SLTH_TRAIT_CIVILIZATION_UNIT_OPHANIM_NAME', 'LOC_SLTH_TRAIT_CIVILIZATION_UNIT_OPHANIM_DESCRIPTION'),
('SLTH_TRAIT_CIVILIZATION_UNIT_REPENTANT_ANGEL', 'LOC_SLTH_TRAIT_CIVILIZATION_UNIT_REPENTANT_ANGEL_NAME', 'LOC_SLTH_TRAIT_CIVILIZATION_UNIT_REPENTANT_ANGEL_DESCRIPTION'),
('SLTH_TRAIT_CIVILIZATION_UNIT_SERAPH', 'LOC_SLTH_TRAIT_CIVILIZATION_UNIT_SERAPH_NAME', 'LOC_SLTH_TRAIT_CIVILIZATION_UNIT_SERAPH_DESCRIPTION'),
('SLTH_TRAIT_CIVILIZATION_UNIT_VALKYRIE', 'LOC_SLTH_TRAIT_CIVILIZATION_UNIT_VALKYRIE_NAME', 'LOC_SLTH_TRAIT_CIVILIZATION_UNIT_VALKYRIE_DESCRIPTION');

INSERT INTO TraitModifiers(TraitType, ModifierId) VALUES
('SLTH_TRAIT_CIVILIZATION_MERCURIANS_COOL', 'MODIFIER_SLTH_GRANT_TECH_CRAFTING'),
('SLTH_TRAIT_CIVILIZATION_MERCURIANS_COOL', 'MODIFIER_BAN_SLTH_UNIT_ARQUEBUS'),
('SLTH_TRAIT_CIVILIZATION_MERCURIANS_COOL', 'MODIFIER_BAN_SLTH_UNIT_BEASTMASTER'),
('SLTH_TRAIT_CIVILIZATION_MERCURIANS_COOL', 'MODIFIER_BAN_SLTH_UNIT_BERSERKER'),
('SLTH_TRAIT_CIVILIZATION_MERCURIANS_COOL', 'MODIFIER_BAN_SLTH_UNIT_CROSSBOWMAN'),
('SLTH_TRAIT_CIVILIZATION_MERCURIANS_COOL', 'MODIFIER_BAN_SLTH_UNIT_IMMORTAL'),
('SLTH_TRAIT_CIVILIZATION_MERCURIANS_COOL', 'MODIFIER_BAN_SLTH_UNIT_KNIGHT'),
('SLTH_TRAIT_CIVILIZATION_MERCURIANS_COOL', 'MODIFIER_BAN_SLTH_UNIT_MARKSMAN'),
('SLTH_TRAIT_CIVILIZATION_MERCURIANS_COOL', 'MODIFIER_BAN_SLTH_UNIT_PHALANX'),
('SLTH_TRAIT_CIVILIZATION_MERCURIANS_COOL', 'MODIFIER_BAN_SLTH_UNIT_SCOUT'),
('SLTH_TRAIT_CIVILIZATION_MERCURIANS_COOL', 'MODIFIER_BAN_UNIT_WARRIOR'),
('SLTH_TRAIT_CIVILIZATION_MERCURIANS_COOL', 'MODIFIER_SLTH_GRANT_MANA_LIFE'),
('SLTH_TRAIT_CIVILIZATION_MERCURIANS_COOL', 'MODIFIER_SLTH_HUGE_ADJUST_WAR_WEARINESS'),
('SLTH_TRAIT_CIVILIZATION_MERCURIANS_COOL', 'MODIFIER_SLTH_BUILDING_PALACE_MERCURIANS_MILITARY_PRODUCTION'),
('SLTH_TRAIT_CIVILIZATION_MERCURIANS_COOL', 'MODIFIER_SLTH_GRANT_MANA_EARTH'),
('SLTH_TRAIT_CIVILIZATION_MERCURIANS_COOL', 'MODIFIER_SLTH_GRANT_IRON'),
('SLTH_TRAIT_CIVILIZATION_MERCURIANS_COOL', 'BASIUM_ADD_HERO_BASIUM');

INSERT INTO Modifiers(ModifierId, ModifierType, RunOnce, Permanent, SubjectRequirementSetId) VALUES
('MODIFIER_SLTH_BUILDING_PALACE_MERCURIANS_MILITARY_PRODUCTION', 'MODIFIER_PLAYER_CITIES_ADJUST_MILITARY_UNITS_PRODUCTION', '0', '0', NULL),
('MODIFIER_SLTH_BUILDING_MERCURIAN_GATE_ADJUST_WAR_WEARINESS', 'MODIFIER_PLAYER_ADJUST_WAR_WEARINESS', '0', '0', NULL),
('MODIFIER_SLTH_ALWAYS_LOYAL_SINGLE_CITY', 'MODIFIER_PLAYER_CITY_ALWAYS_LOYAL', '0', '0', NULL),            -- so they dont get loyalty killed by ally
('MODIFIER_SLTH_GRANT_PALACE_MERCURIAN', 'MODIFIER_SINGLE_CITY_GRANT_BUILDING_IN_CITY_IGNORE', '0', '0', 'OWNER_IS_BASIUM');

INSERT INTO ModifierArguments(ModifierId, Name, Type, Value) VALUES
('MODIFIER_SLTH_BUILDING_PALACE_MERCURIANS_MILITARY_PRODUCTION', 'Amount', 'ARGTYPE_IDENTITY', '40'),
('MODIFIER_SLTH_BUILDING_MERCURIAN_GATE_ADJUST_WAR_WEARINESS', 'Amount', 'ARGTYPE_IDENTITY', '-100'),
('MODIFIER_SLTH_BUILDING_MERCURIAN_GATE_ADJUST_WAR_WEARINESS', 'Overall', 'ARGTYPE_IDENTITY', '1'),
('MODIFIER_SLTH_ALWAYS_LOYAL_SINGLE_CITY', 'AlwaysLoyal', 'ARGTYPE_IDENTITY', '1'),
('MODIFIER_SLTH_GRANT_PALACE_MERCURIAN', 'BuildingType', 'ARGTYPE_IDENTITY', 'BUILDING_PALACE'),
('BASIUM_ADD_HERO_BASIUM', 'UnitType','ARGTYPE_IDENTITY', 'SLTH_UNIT_BASIUM'),
('BASIUM_ADD_HERO_BASIUM', 'Amount','ARGTYPE_IDENTITY', '1'),
('BASIUM_ADD_HERO_BASIUM', 'AllowUniqueOverride','ARGTYPE_IDENTITY', '0');

INSERT INTO Modifiers(ModifierId, ModifierType, RunOnce, Permanent, OwnerRequirementSetId) VALUES
('BASIUM_ADD_HERO_BASIUM', 'MODIFIER_PLAYER_GRANT_UNIT_IN_CAPITAL', '1', '1', 'HAS_CAPITAL_CITY');

INSERT INTO RequirementSets(RequirementSetId, RequirementSetType) VALUES
('OWNER_IS_BASIUM', 'REQUIREMENTSET_TEST_ANY'),
('HAS_CAPITAL_CITY', 'REQUIREMENTSET_TEST_ANY');

INSERT INTO RequirementSetRequirements(RequirementSetId, RequirementId) VALUES
('OWNER_IS_BASIUM', 'BASIUM_REQUIREMENTS'),
('HAS_CAPITAL_CITY', 'REQUIRES_CAPITAL_CITY');

INSERT INTO Requirements(RequirementId, RequirementType) VALUES
('BASIUM_REQUIREMENTS', 'REQUIREMENT_PLAYER_LEADER_TYPE_MATCHES');

INSERT INTO RequirementArguments(RequirementId, Name, Value) VALUES
('BASIUM_REQUIREMENTS', 'LeaderType', 'SLTH_LEADER_BASIUM');

INSERT INTO Units(UnitType, Name, BaseSightRange, BaseMoves, Combat, Domain, FormationClass, Cost, BuildCharges, Description, TraitType, AllowBarbarians, PromotionClass, PrereqTech, PrereqCivic, CanTrain, Maintenance, Stackable, AirSlots, AdvisorType, EnabledByReligion) VALUES
('SLTH_UNIT_ANGEL', 'LOC_SLTH_UNIT_ANGEL_NAME', '2', '1', '19', 'DOMAIN_LAND', 'FORMATION_CLASS_LAND_COMBAT', '1', '0', 'LOC_SLTH_UNIT_ANGEL_DESCRIPTION', NULL, '1', 'PROMOTION_CLASS_MELEE', NULL, NULL, '0', '1', '0', '0', 'ADVISOR_CONQUEST', '0'),
('SLTH_UNIT_ANGEL_OF_DEATH', 'LOC_SLTH_UNIT_ANGEL_OF_DEATH_NAME', '2', '2', '39', 'DOMAIN_LAND', 'FORMATION_CLASS_LAND_COMBAT', '3', '0', 'LOC_SLTH_UNIT_ANGEL_OF_DEATH_DESCRIPTION', 'SLTH_TRAIT_CIVILIZATION_UNIT_ANGEL_OF_DEATH', '1', 'PROMOTION_CLASS_RECON', NULL, 'CIVIC_GUILDS', '1', '1', '0', '0', 'ADVISOR_CONQUEST', '0'),
('SLTH_UNIT_REPENTANT_ANGEL', 'LOC_SLTH_UNIT_REPENTANT_ANGEL_NAME', '2', '3', '58',  'DOMAIN_LAND', 'FORMATION_CLASS_LAND_COMBAT', '240', '0', 'LOC_SLTH_UNIT_REPENTANT_ANGEL_DESCRIPTION', 'SLTH_TRAIT_CIVILIZATION_UNIT_REPENTANT_ANGEL', '1', 'PROMOTION_CLASS_MELEE', 'TECH_WARHORSES', NULL, '1', '1', '0', '0', 'ADVISOR_CONQUEST', '0'),
('SLTH_UNIT_VALKYRIE', 'LOC_SLTH_UNIT_VALKYRIE_NAME', '2', '1', '29', 'DOMAIN_LAND', 'FORMATION_CLASS_LAND_COMBAT', '7', '0', 'LOC_SLTH_UNIT_VALKYRIE_DESCRIPTION', 'SLTH_TRAIT_CIVILIZATION_UNIT_VALKYRIE', '1', 'PROMOTION_CLASS_MELEE', NULL, 'CIVIC_DIVINE_ESSENCE', '1', '1', '0', '0', 'ADVISOR_CONQUEST', '0'),
('SLTH_UNIT_HERALD', 'LOC_SLTH_UNIT_HERALD_NAME', '2', '2', '68', 'DOMAIN_LAND', 'FORMATION_CLASS_LAND_COMBAT', '3', '0', 'LOC_SLTH_UNIT_HERALD_DESCRIPTION', 'SLTH_TRAIT_CIVILIZATION_UNIT_HERALD', '1', 'PROMOTION_CLASS_RECON', 'TECH_ANIMAL_MASTERY', NULL, '1', '1', '0', '1', 'ADVISOR_GENERIC', '0'),
('SLTH_UNIT_OPHANIM', 'LOC_SLTH_UNIT_OPHANIM_NAME', '2', '2', '43', 'DOMAIN_LAND', 'FORMATION_CLASS_LAND_COMBAT', '3', '0', 'LOC_SLTH_UNIT_OPHANIM_DESCRIPTION', 'SLTH_TRAIT_CIVILIZATION_UNIT_OPHANIM', '1', 'PROMOTION_CLASS_LIGHT_CAVALRY', 'TECH_WARHORSES', NULL, '1', '1', '0', '0', 'ADVISOR_CONQUEST', '0'),
('SLTH_UNIT_SERAPH', 'LOC_SLTH_UNIT_SERAPH_NAME', '2', '1', '39', 'DOMAIN_LAND', 'FORMATION_CLASS_LAND_COMBAT', '3', '0', 'LOC_SLTH_UNIT_SERAPH_DESCRIPTION', 'SLTH_TRAIT_CIVILIZATION_UNIT_SERAPH', '1', 'PROMOTION_CLASS_MELEE', NULL, 'CIVIC_RAGE', '1', '1', '0', '0', 'ADVISOR_CONQUEST', '0');

INSERT INTO Units(UnitType, Name, BaseSightRange, BaseMoves, Combat, RangedCombat, Range, Domain, FormationClass, Cost, BuildCharges, Description, TraitType, AllowBarbarians, PromotionClass, PrereqTech, PrereqCivic, CanTrain, Maintenance, Stackable, AirSlots, CanTargetAir, PseudoYieldType, IgnoreMoves, AdvisorType, EnabledByReligion, PurchaseYield, MustPurchase) VALUES
('SLTH_UNIT_BASIUM', 'LOC_SLTH_UNIT_BASIUM_NAME', '2', '2', '34', '0', '0', 'DOMAIN_LAND', 'FORMATION_CLASS_LAND_COMBAT', '240', '0', 'LOC_SLTH_UNIT_BASIUM_DESCRIPTION', 'SLTH_TRAIT_CIVILIZATION_UNIT_BASIUM', '1', 'PROMOTION_CLASS_MELEE', 'TECH_IRON_WORKING', NULL, '1', '1', '0', '0', '0', NULL, '0', 'ADVISOR_CONQUEST', '0', NULL, '1');


INSERT INTO TypeTags(Type, Tag) VALUES
('SLTH_UNIT_REPENTANT_ANGEL', 'CLASS_MELEE'),
('SLTH_UNIT_ANGEL', 'CLASS_MELEE'),
('SLTH_UNIT_ANGEL_OF_DEATH', 'CLASS_RECON'),
('SLTH_UNIT_VALKYRIE', 'CLASS_MELEE'),
('SLTH_UNIT_BASIUM', 'CLASS_MELEE'),
('SLTH_UNIT_HERALD', 'CLASS_RECON'),
('SLTH_UNIT_OPHANIM', 'CLASS_LIGHT_CAVALRY'),
('SLTH_UNIT_SERAPH', 'CLASS_MELEE'),
('SLTH_UNIT_REPENTANT_ANGEL', 'RACE_ANGEL'),
('SLTH_UNIT_ANGEL', 'RACE_ANGEL'),
('SLTH_UNIT_ANGEL_OF_DEATH', 'RACE_ANGEL'),
('SLTH_UNIT_VALKYRIE', 'RACE_ANGEL'),
('SLTH_UNIT_BASIUM', 'RACE_ANGEL'),
('SLTH_UNIT_HERALD', 'RACE_ANGEL'),
('SLTH_UNIT_OPHANIM', 'RACE_ANGEL'),
('SLTH_UNIT_SERAPH', 'RACE_ANGEL');


INSERT INTO Buildings(BuildingType, Name, PrereqTech, PrereqCivic, Cost, PrereqDistrict, Description, OuterDefenseHitPoints, Housing, Entertainment, TraitType, CitizenSlots, AdvisorType, RequiresPlacement, IsWonder, MaxWorldInstances) VALUES
('SLTH_BUILDING_MERCURIAN_GATE', 'LOC_SLTH_BUILDING_MERCURIAN_GATE_NAME', NULL, NULL, '600', NULL, 'LOC_SLTH_BUILDING_MERCURIAN_GATE_DESCRIPTION', '0', '0', '0', NULL, NULL, 'ADVISOR_CONQUEST', '1', '1', '1');           -- CIVIC_FANATICISM

INSERT INTO Building_GreatPersonPoints(BuildingType, GreatPersonClassType, PointsPerTurn) VALUES
('SLTH_BUILDING_MERCURIAN_GATE', 'GREAT_PERSON_CLASS_PROPHET', '2');

INSERT INTO BuildingModifiers(BuildingType, ModifierId) VALUES
('SLTH_BUILDING_MERCURIAN_GATE', 'MODIFIER_SLTH_BUILDING_MERCURIAN_GATE_ADJUST_WAR_WEARINESS'),
('SLTH_BUILDING_MERCURIAN_GATE', 'MODIFIER_SLTH_ALWAYS_LOYAL_SINGLE_CITY');

INSERT INTO MutuallyExclusiveBuildings(Building, MutuallyExclusiveBuilding) VALUES
('SLTH_BUILDING_MERCURIAN_GATE', 'BUILDING_PALACE');

INSERT INTO Types(Type, Kind) VALUES
('SLTH_TRAIT_CIVILIZATION_UNIT_ANGEL_OF_DEATH', 'KIND_TRAIT'),
('SLTH_TRAIT_CIVILIZATION_UNIT_BASIUM', 'KIND_TRAIT'),
('SLTH_TRAIT_CIVILIZATION_UNIT_HERALD', 'KIND_TRAIT'),
('SLTH_TRAIT_CIVILIZATION_UNIT_OPHANIM', 'KIND_TRAIT'),
('SLTH_TRAIT_CIVILIZATION_UNIT_REPENTANT_ANGEL', 'KIND_TRAIT'),
('SLTH_TRAIT_CIVILIZATION_UNIT_SERAPH', 'KIND_TRAIT'),
('SLTH_TRAIT_CIVILIZATION_UNIT_VALKYRIE', 'KIND_TRAIT'),
('SLTH_CIVILIZATION_MERCURIANS', 'KIND_CIVILIZATION'),
('SLTH_LEADER_BASIUM', 'KIND_LEADER'),
('SLTH_TRAIT_CIVILIZATION_MERCURIANS_COOL', 'KIND_TRAIT'),
('SLTH_UNIT_ANGEL', 'KIND_UNIT'),
('SLTH_UNIT_ANGEL_OF_DEATH', 'KIND_UNIT'),
('SLTH_UNIT_REPENTANT_ANGEL', 'KIND_UNIT'),
('SLTH_UNIT_VALKYRIE', 'KIND_UNIT'),
('SLTH_UNIT_BASIUM', 'KIND_UNIT'),
('SLTH_UNIT_HERALD', 'KIND_UNIT'),
('SLTH_UNIT_OPHANIM', 'KIND_UNIT'),
('SLTH_UNIT_SERAPH', 'KIND_UNIT'),
('SLTH_BUILDING_MERCURIAN_GATE', 'KIND_BUILDING');