INSERT INTO Civilizations(CivilizationType, Name, Description, Adjective, RandomCityNameDepth, StartingCivilizationLevelType, Ethnicity) VALUES
('SLTH_CIVILIZATION_SHEAIM', 'LOC_CIV_SHEAIM_NAME', 'LOC_CIV_SHEAIM_DESCRIPTION', 'LOC_SLTH_CIV_SHEAIM_ADJECTIVE', '10', 'CIVILIZATION_LEVEL_FULL_CIV', 'ETHNICITY_EURO');
INSERT INTO Leaders(LeaderType, Name, InheritFrom) VALUES
('SLTH_LEADER_TEBRYN', 'LOC_SLTH_LEADER_TEBRYN_NAME', 'LEADER_DEFAULT'),
('SLTH_LEADER_OS-GABELLA', 'LOC_SLTH_LEADER_OS-GABELLA_NAME', 'LEADER_DEFAULT');
INSERT INTO CivilizationLeaders(LeaderType, CivilizationType, CapitalName) VALUES
('SLTH_LEADER_TEBRYN', 'SLTH_CIVILIZATION_SHEAIM', 'LOC_CITY_SHEAIM_1_NAME'),
('SLTH_LEADER_OS-GABELLA', 'SLTH_CIVILIZATION_SHEAIM', 'LOC_CITY_SHEAIM_1_NAME');
INSERT INTO CivilizationTraits(CivilizationType, TraitType) VALUES
('SLTH_CIVILIZATION_SHEAIM', 'SLTH_TRAIT_CIVILIZATION_SHEAIM_COOL'),
('SLTH_CIVILIZATION_SHEAIM', 'SLTH_TRAIT_CIVILIZATION_BUILDING_PLANAR_GATE'),
('SLTH_CIVILIZATION_SHEAIM', 'SLTH_TRAIT_CIVILIZATION_UNIT_ABASHI'),
('SLTH_CIVILIZATION_SHEAIM', 'SLTH_TRAIT_CIVILIZATION_UNIT_PYRE_ZOMBIE'),
('SLTH_CIVILIZATION_SHEAIM', 'SLTH_TRAIT_CIVILIZATION_UNIT_EATER_OF_DREAMS');

INSERT INTO Traits(TraitType, Name, Description) VALUES
('SLTH_TRAIT_CIVILIZATION_SHEAIM_COOL', 'LOC_SLTH_TRAIT_CIVILIZATION_SHEAIM_COOL_NAME', 'LOC_SLTH_TRAIT_CIVILIZATION_SHEAIM_COOL_DESCRIPTION'),
('NULL_CIVILIZATION_SHEAIM', 'LOC_SLTH_NULL_CIVILIZATION_SHEAIM_NAME', 'LOC_NULL_DESCRIPTION'),
('SLTH_TRAIT_CIVILIZATION_BUILDING_PLANAR_GATE', 'LOC_SLTH_TRAIT_CIVILIZATION_BUILDING_PLANAR_GATE_NAME', 'LOC_SLTH_TRAIT_CIVILIZATION_BUILDING_PLANAR_GATE_DESCRIPTION'),
('SLTH_TRAIT_CIVILIZATION_UNIT_ABASHI', 'LOC_SLTH_TRAIT_CIVILIZATION_UNIT_ABASHI_NAME', 'LOC_SLTH_TRAIT_CIVILIZATION_UNIT_ABASHI_DESCRIPTION'),
('SLTH_TRAIT_CIVILIZATION_UNIT_PYRE_ZOMBIE', 'LOC_SLTH_TRAIT_CIVILIZATION_UNIT_PYRE_ZOMBIE_NAME', 'LOC_SLTH_TRAIT_CIVILIZATION_UNIT_PYRE_ZOMBIE_DESCRIPTION'),
('SLTH_TRAIT_CIVILIZATION_UNIT_EATER_OF_DREAMS', 'LOC_SLTH_TRAIT_CIVILIZATION_UNIT_EATER_OF_DREAMS_NAME', 'LOC_SLTH_TRAIT_CIVILIZATION_UNIT_EATER_OF_DREAMS_DESCRIPTION');

INSERT INTO TraitModifiers(TraitType, ModifierId) VALUES
('SLTH_TRAIT_CIVILIZATION_SHEAIM_COOL', 'MODIFIER_SLTH_GRANT_TECH_ANCIENT_CHANTS'),
('SLTH_TRAIT_CIVILIZATION_SHEAIM_COOL', 'MODIFIER_BAN_SLTH_UNIT_BERSERKER'),
('SLTH_TRAIT_CIVILIZATION_SHEAIM_COOL', 'MODIFIER_BAN_SLTH_UNIT_IMMORTAL'),
('SLTH_TRAIT_CIVILIZATION_SHEAIM_COOL', 'MODIFIER_BAN_SLTH_UNIT_PHALANX'),
('SLTH_TRAIT_CIVILIZATION_SHEAIM_COOL', 'MODIFIER_BAN_SLTH_UNIT_CHAMPION'),
('SLTH_TRAIT_CIVILIZATION_SHEAIM_COOL', 'MODIFIER_SLTH_GRANT_MANA_DEATH'),
('SLTH_TRAIT_CIVILIZATION_SHEAIM_COOL', 'MODIFIER_SLTH_SMALL_ADJUST_WAR_WEARINESS'),
('SLTH_TRAIT_CIVILIZATION_SHEAIM_COOL', 'MODIFIER_SLTH_GRANT_MANA_CHAOS'),
('SLTH_TRAIT_CIVILIZATION_SHEAIM_COOL', 'MODIFIER_SLTH_GRANT_MANA_FIRE');

INSERT INTO Buildings(BuildingType, Name, PrereqTech, PrereqCivic, Cost, PrereqDistrict, Description, OuterDefenseHitPoints, Housing, Entertainment, TraitType, CitizenSlots, AdvisorType) VALUES
('SLTH_BUILDING_NULL_CIVILIZATION_SHEAIM_TRAINING_YARD', 'LOC_SLTH_BUILDING_NULL_NAME', NULL, NULL, '500', 'DISTRICT_CITY_CENTER', 'LOC_SLTH_BUILDING_NULLDESCRIPTION', '0', '0', '0', 'NULL_CIVILIZATION_SHEAIM', NULL, 'ADVISOR_RELIGIOUS');

INSERT INTO Units(UnitType, Name, BaseSightRange, BaseMoves, Combat, RangedCombat, Range, Domain, FormationClass, Cost, BuildCharges, Description, TraitType, AllowBarbarians, PromotionClass, PrereqTech, PrereqCivic, CanTrain, Maintenance, Stackable, AirSlots, CanTargetAir, PseudoYieldType, IgnoreMoves, AdvisorType, EnabledByReligion) VALUES
('SLTH_UNIT_ABASHI', 'LOC_SLTH_UNIT_ABASHI_NAME', '2', '3', '21', '0', '0', 'DOMAIN_LAND', 'FORMATION_CLASS_LAND_COMBAT', '360', '0', 'LOC_SLTH_UNIT_ABASHI_DESCRIPTION', 'SLTH_TRAIT_CIVILIZATION_UNIT_ABASHI', '1', 'PROMOTION_CLASS_BEAST', NULL, 'CIVIC_DIVINE_ESSENCE', '1', '1', '0', '0', '0', NULL, '0', 'ADVISOR_CONQUEST', '0'),
('SLTH_UNIT_PYRE_ZOMBIE', 'LOC_SLTH_UNIT_PYRE_ZOMBIE_NAME', '2', '1', '3', '0', '0', 'DOMAIN_LAND', 'FORMATION_CLASS_LAND_COMBAT', '60', '0', 'LOC_SLTH_UNIT_PYRE_ZOMBIE_DESCRIPTION', 'SLTH_TRAIT_CIVILIZATION_UNIT_PYRE_ZOMBIE', '1', 'PROMOTION_CLASS_MELEE', 'TECH_BRONZE_WORKING', NULL, '1', '1', '0', '0', '0', NULL, '0', 'ADVISOR_CONQUEST', '0'),
('SLTH_UNIT_EATER_OF_DREAMS', 'LOC_SLTH_UNIT_EATER_OF_DREAMS_NAME', '2', '1', '5', '5', '2', 'DOMAIN_LAND', 'FORMATION_CLASS_LAND_COMBAT', '240', '0', 'LOC_SLTH_UNIT_EATER_OF_DREAMS_DESCRIPTION', 'SLTH_TRAIT_CIVILIZATION_UNIT_EATER_OF_DREAMS', '1', 'PROMOTION_CLASS_ADEPT', 'TECH_STRENGTH_OF_WILL', NULL, '1', '1', '0', '0', '0', NULL, '0', 'ADVISOR_CONQUEST', '0');

INSERT INTO UnitReplaces(CivUniqueUnitType, ReplacesUnitType) VALUES
('SLTH_UNIT_PYRE_ZOMBIE', 'SLTH_UNIT_AXEMAN'),
('SLTH_UNIT_EATER_OF_DREAMS', 'SLTH_UNIT_ARCHMAGE');

INSERT INTO Improvement_ValidBuildUnits(UnitType, ImprovementType, ConsumesCharge) VALUES
('SLTH_UNIT_EATER_OF_DREAMS', 'IMPROVEMENT_MANA_AIR', '0'),
('SLTH_UNIT_EATER_OF_DREAMS', 'IMPROVEMENT_MANA_BODY', '0'),
('SLTH_UNIT_EATER_OF_DREAMS', 'IMPROVEMENT_MANA_CHAOS', '0'),
('SLTH_UNIT_EATER_OF_DREAMS', 'IMPROVEMENT_MANA_DEATH', '0'),
('SLTH_UNIT_EATER_OF_DREAMS', 'IMPROVEMENT_MANA_EARTH', '0'),
('SLTH_UNIT_EATER_OF_DREAMS', 'IMPROVEMENT_MANA_ENCHANTMENT', '0'),
('SLTH_UNIT_EATER_OF_DREAMS', 'IMPROVEMENT_MANA_ENTROPY', '0'),
('SLTH_UNIT_EATER_OF_DREAMS', 'IMPROVEMENT_MANA_FIRE', '0'),
('SLTH_UNIT_EATER_OF_DREAMS', 'IMPROVEMENT_MANA_LAW', '0'),
('SLTH_UNIT_EATER_OF_DREAMS', 'IMPROVEMENT_MANA_LIFE', '0'),
('SLTH_UNIT_EATER_OF_DREAMS', 'IMPROVEMENT_MANA_METAMAGIC', '0'),
('SLTH_UNIT_EATER_OF_DREAMS', 'IMPROVEMENT_MANA_MIND', '0'),
('SLTH_UNIT_EATER_OF_DREAMS', 'IMPROVEMENT_MANA_NATURE', '0'),
('SLTH_UNIT_EATER_OF_DREAMS', 'IMPROVEMENT_MANA_SPIRIT', '0'),
('SLTH_UNIT_EATER_OF_DREAMS', 'IMPROVEMENT_MANA_WATER', '0'),
('SLTH_UNIT_EATER_OF_DREAMS', 'IMPROVEMENT_MANA_SHADOW', '0'),
('SLTH_UNIT_EATER_OF_DREAMS', 'IMPROVEMENT_MANA_SUN', '0');

INSERT INTO TypeTags(Type, Tag) VALUES
('SLTH_UNIT_ABASHI', 'CLASS_BEAST'),
('SLTH_UNIT_PYRE_ZOMBIE', 'CLASS_MELEE'),
('SLTH_UNIT_EATER_OF_DREAMS', 'CLASS_ADEPT'),
('SLTH_UNIT_PYRE_ZOMBIE', 'RACE_UNDEAD'),
('SLTH_UNIT_EATER_OF_DREAMS', 'CAN_BE_RACIALIZED');

INSERT INTO Types(Type, Kind) VALUES
('SLTH_TRAIT_CIVILIZATION_BUILDING_PLANAR_GATE', 'KIND_TRAIT'),
('SLTH_TRAIT_CIVILIZATION_UNIT_ABASHI', 'KIND_TRAIT'),
('SLTH_TRAIT_CIVILIZATION_UNIT_PYRE_ZOMBIE', 'KIND_TRAIT'),
('SLTH_TRAIT_CIVILIZATION_UNIT_EATER_OF_DREAMS', 'KIND_TRAIT'),
('SLTH_CIVILIZATION_SHEAIM', 'KIND_CIVILIZATION'),
('SLTH_LEADER_TEBRYN', 'KIND_LEADER'),
('SLTH_LEADER_OS-GABELLA', 'KIND_LEADER'),
('SLTH_TRAIT_CIVILIZATION_SHEAIM_COOL', 'KIND_TRAIT'),
('NULL_CIVILIZATION_SHEAIM', 'KIND_TRAIT'),
('SLTH_UNIT_PYRE_ZOMBIE', 'KIND_UNIT'),
('SLTH_UNIT_ABASHI', 'KIND_UNIT'),
('SLTH_UNIT_EATER_OF_DREAMS', 'KIND_UNIT'),
('SLTH_BUILDING_NULL_CIVILIZATION_SHEAIM_TRAINING_YARD', 'KIND_BUILDING');