INSERT INTO Technologies(TechnologyType, Name, Cost, EmbarkUnitType, EmbarkAll, Description, EraType, UITreeRow, AdvisorType) VALUES
('SLTH_TECH_SKIP_', 'LOC_SLTH_TECH_SKIP_NAME', '9000', NULL, '0', 'LOC_SLTH_TECH_SKIP_DESCRIPTION', 'ERA_ANCIENT', '0', 'ADVISOR_GENERIC');

INSERT INTO TechnologyPrereqs(Technology, PrereqTech) VALUES
('SLTH_TECH_SKIP_', 'SLTH_TECH_FUTURE_TECH');

INSERT INTO Improvement_ValidFeatures(PrereqTech, ImprovementType, FeatureType) VALUES
('SLTH_TECH_SKIP_', 'IMPROVEMENT_COTTAGE', 'FEATURE_FOREST'),
('SLTH_TECH_SKIP_', 'IMPROVEMENT_COTTAGE', 'FEATURE_FOREST_ANCIENT'),
('SLTH_TECH_SKIP_', 'IMPROVEMENT_FARM', 'FEATURE_FOREST'),
('SLTH_TECH_SKIP_', 'IMPROVEMENT_FARM', 'FEATURE_FOREST_ANCIENT'),
('SLTH_TECH_SKIP_', 'IMPROVEMENT_MINE', 'FEATURE_FOREST'),
('SLTH_TECH_SKIP_', 'IMPROVEMENT_MINE', 'FEATURE_FOREST_ANCIENT'),
('SLTH_TECH_SKIP_', 'IMPROVEMENT_WINDMILL', 'FEATURE_FOREST'),
('SLTH_TECH_SKIP_', 'IMPROVEMENT_WINDMILL', 'FEATURE_FOREST_ANCIENT'),
('SLTH_TECH_SKIP_', 'IMPROVEMENT_WORKSHOP', 'FEATURE_FOREST'),
('SLTH_TECH_SKIP_', 'IMPROVEMENT_WORKSHOP', 'FEATURE_FOREST_ANCIENT');

INSERT INTO Modifiers(ModifierId, ModifierType, RunOnce, Permanent, SubjectRequirementSetId) VALUES
('MODIFIER_GRANT_SLTH_TECH_SKIP_', 'MODIFIER_PLAYER_GRANT_SPECIFIC_TECHNOLOGY', '1', '1', NULL),
('MODIFIER_ELF_ABILITY_FEATUREATTACKS_FEATURE_FOREST', 'MODIFIER_UNIT_ADJUST_COMBAT_STRENGTH', '0', '0', 'ELF_ABILITY_FEATUREATTACKS_REQS_FEATURE_FOREST'),
('MODIFIER_ELF_ABILITY_FEATUREATTACKS_FEATURE_FOREST_ANCIENT', 'MODIFIER_UNIT_ADJUST_COMBAT_STRENGTH', '0', '0', 'ELF_ABILITY_FEATUREATTACKS_REQS_FEATURE_FOREST_ANCIENT'),
('TRAIT_GRANT_ELF_ABILITY_FEATUREATTACKS', 'MODIFIER_PLAYER_UNITS_GRANT_ABILITY_GRANCOLOMBIA_MAYA', '0', '0', NULL),
('MODIFIER_PROMOTION_ELF_ABILITY_FEATUREDOUBLEMOVES_FOREST', 'MODIFIER_PLAYER_UNIT_ADJUST_MOVEMENT', '0', '0', 'PROMOTION_ELF_ABILITY_FEATUREDOUBLEMOVES_FOREST_REQS'),
('MODIFIER_PROMOTION_ELF_ABILITY_FEATUREDOUBLEMOVES_ANCIENT_FOREST', 'MODIFIER_PLAYER_UNIT_ADJUST_MOVEMENT', '0', '0', 'PROMOTION_ELF_ABILITY_FEATUREDOUBLEMOVES_ANCIENT_FOREST_REQS'),
('TRAIT_GRANT_PROMOTION_ELF_ABILITY_FEATUREDOUBLEMOVES', 'MODIFIER_PLAYER_UNITS_GRANT_ABILITY_GRANCOLOMBIA_MAYA', '0', '0', NULL),
('MODIFIER_CIVILIZATION_GRANT_SLTH_TECH_SKIP_', 'MODIFIER_PLAYER_GRANT_SPECIFIC_TECHNOLOGY', '1', '1', NULL);

INSERT INTO ModifierArguments(ModifierId, Name, Type, Value) VALUES
('MODIFIER_GRANT_SLTH_TECH_SKIP_', 'TechType', 'ARGTYPE_IDENTITY', 'SLTH_TECH_SKIP_'),
('MODIFIER_ELF_ABILITY_FEATUREATTACKS_FEATURE_FOREST', 'Amount', 'ARGTYPE_IDENTITY', '10'),
('MODIFIER_ELF_ABILITY_FEATUREATTACKS_FEATURE_FOREST_ANCIENT', 'Amount', 'ARGTYPE_IDENTITY', '10'),
('TRAIT_GRANT_ELF_ABILITY_FEATUREATTACKS', 'AbilityType', 'ARGTYPE_IDENTITY', 'ELF_ABILITY_FEATUREATTACKS'),
('MODIFIER_PROMOTION_ELF_ABILITY_FEATUREDOUBLEMOVES_FOREST', 'Amount', 'ARGTYPE_IDENTITY', '1'),
('MODIFIER_PROMOTION_ELF_ABILITY_FEATUREDOUBLEMOVES_ANCIENT_FOREST', 'Amount', 'ARGTYPE_IDENTITY', '1'),
('TRAIT_GRANT_PROMOTION_ELF_ABILITY_FEATUREDOUBLEMOVES', 'AbilityType', 'ARGTYPE_IDENTITY', 'PROMOTION_ELF_ABILITY_FEATUREDOUBLEMOVES'),
('MODIFIER_CIVILIZATION_GRANT_SLTH_TECH_SKIP_', 'TechType', 'ARGTYPE_IDENTITY', 'SLTH_TECH_SKIP_');

INSERT INTO RequirementSetRequirements(RequirementSetId, RequirementId) VALUES
('ELF_ABILITY_FEATUREATTACKS_REQS_FEATURE_FOREST', 'PLAYER_IS_ATTACKER_REQUIREMENTS'),
('ELF_ABILITY_FEATUREATTACKS_REQS_FEATURE_FOREST', 'PLOT_IS_FEATURE_TYPE_REQUIREMENT'),
('ELF_ABILITY_FEATUREATTACKS_REQS_FEATURE_FOREST_ANCIENT', 'PLAYER_IS_ATTACKER_REQUIREMENTS'),
('ELF_ABILITY_FEATUREATTACKS_REQS_FEATURE_FOREST_ANCIENT', 'PLOT_IS_FEATURE_TYPE_REQUIREMENT'),
('PROMOTION_ELF_ABILITY_FEATUREDOUBLEMOVES_FOREST_REQS', 'PLOT_IS_FOREST_REQUIREMENT'),
('PROMOTION_ELF_ABILITY_FEATUREDOUBLEMOVES_ANCIENT_FOREST_REQS', 'PLOT_IS_FOREST_REQUIREMENT'),
('PROMOTION_ELF_ABILITY_FEATUREDOUBLEMOVES_ANCIENT_FOREST_REQS', 'PLOT_IS_ANCIENT_FOREST_REQUIREMENT');

INSERT INTO RequirementSets(RequirementSetId, RequirementSetType) VALUES
('ELF_ABILITY_FEATUREATTACKS_REQS_FEATURE_FOREST', 'REQUIREMENTSET_TEST_ALL'),
('ELF_ABILITY_FEATUREATTACKS_REQS_FEATURE_FOREST_ANCIENT', 'REQUIREMENTSET_TEST_ALL');

INSERT INTO UnitAbilities(UnitAbilityType, Name, Description, Inactive, Permanent) VALUES
('ELF_ABILITY_FEATUREATTACKS', 'LOC_SLTH_ELF_ABILITY_FEATUREATTACKS_NAME', 'LOC_ELF_ABILITY_FEATUREATTACKS_DESCRIPTION', '1', '1'),
('PROMOTION_ELF_ABILITY_FEATUREDOUBLEMOVES', 'LOC_SLTH_PROMOTION_ELF_ABILITY_FEATUREDOUBLEMOVES_NAME', 'LOC_PROMOTION_ELF_ABILITY_FEATUREDOUBLEMOVES_DESCRIPTION', '1', '1');

INSERT INTO UnitAbilityModifiers(UnitAbilityType, ModifierId) VALUES
('ELF_ABILITY_FEATUREATTACKS', 'MODIFIER_ELF_ABILITY_FEATUREATTACKS_FEATURE_FOREST'),
('ELF_ABILITY_FEATUREATTACKS', 'MODIFIER_ELF_ABILITY_FEATUREATTACKS_FEATURE_FOREST_ANCIENT'),
('PROMOTION_ELF_ABILITY_FEATUREDOUBLEMOVES', 'MODIFIER_PROMOTION_ELF_ABILITY_FEATUREDOUBLEMOVES_FOREST'),
('PROMOTION_ELF_ABILITY_FEATUREDOUBLEMOVES', 'MODIFIER_PROMOTION_ELF_ABILITY_FEATUREDOUBLEMOVES_ANCIENT_FOREST');

INSERT INTO TypeTags(Type, Tag) VALUES
('ELF_ABILITY_FEATUREATTACKS', 'CLASS_ALL_UNITS'),
('PROMOTION_ELF_ABILITY_FEATUREDOUBLEMOVES', 'CLASS_ALL_UNITS');

INSERT INTO Types(Type, Kind) VALUES
('ELF_ABILITY_FEATUREATTACKS', 'KIND_ABILITY'),
('PROMOTION_ELF_ABILITY_FEATUREDOUBLEMOVES', 'KIND_ABILITY'),
('SLTH_TECH_SKIP_', 'KIND_TECH');
