-- Todo: Change to unit Adventurer and implement features of it
-- Find existing framework used for new Great People (see Limes mod for in use)
INSERT INTO GreatPersonClasses (GreatPersonClassType, Name, UnitType, DistrictType, PseudoYieldType, IconString, ActionIcon, GenerateDuplicateIndividuals) VALUES
('GREAT_PERSON_CLASS_ADVENTURER', 'LOC_GREAT_PERSON_CLASS_GENERAL_NAME', 'UNIT_GREAT_WRITER', 'DISTRICT_ENCAMPMENT', 'PSEUDOYIELD_GPP_GENERAL', '[ICON_GreatGeneral]', 'ICON_UNITOPERATION_GENERAL_ACTION', '1');

UPDATE GreatPersonClasses SET GenerateDuplicateIndividuals = 1 WHERE MaxPlayerInstances IS NULL;
UPDATE GreatPersonClasses SET MaxPlayerInstances = NULL AND DistrictType = 'DISTRICT_ENCAMPMENT' WHERE GreatPersonClassType = 'GREAT_PERSON_CLASS_PROPHET';
UPDATE Units SET FoundReligion = 0 WHERE UnitType = 'UNIT_GREAT_PROPHET';
UPDATE Units SET CanCapture = 1, CanRetreatWhenCaptured = 0 WHERE UnitType IN('UNIT_GREAT_ENGINEER', 'UNIT_GREAT_MERCHANT', 'UNIT_GREAT_PROPHET', 'UNIT_GREAT_SCIENTIST', 'UNIT_GREAT_WRITER', 'UNIT_GREAT_ARTIST');

INSERT INTO UnitUpgrades(Unit, UpgradeUnit) VALUES
('UNIT_GREAT_WRITER', 'UNIT_WARRIOR');

INSERT INTO GreatPersonIndividuals (GreatPersonIndividualType, Name, GreatPersonClassType, EraType, ActionCharges, Gender) VALUES
('SLTH_GREAT_SCIENTIST_1', 'LOC_SLTH_GREAT_SCIENTIST_1', 'GREAT_PERSON_CLASS_SCIENTIST', 'ERA_INDUSTRIAL', '1', 'Male'),
('SLTH_GREAT_SCIENTIST_2', 'LOC_SLTH_GREAT_SCIENTIST_2', 'GREAT_PERSON_CLASS_SCIENTIST', 'ERA_INDUSTRIAL', '1', 'Male'),
('SLTH_GREAT_SCIENTIST_3', 'LOC_SLTH_GREAT_SCIENTIST_3', 'GREAT_PERSON_CLASS_SCIENTIST', 'ERA_INDUSTRIAL', '1', 'Male'),
('SLTH_GREAT_SCIENTIST_4', 'LOC_SLTH_GREAT_SCIENTIST_4', 'GREAT_PERSON_CLASS_SCIENTIST', 'ERA_INDUSTRIAL', '1', 'Male'),
('SLTH_GREAT_SCIENTIST_5', 'LOC_SLTH_GREAT_SCIENTIST_5', 'GREAT_PERSON_CLASS_SCIENTIST', 'ERA_INDUSTRIAL', '1', 'Male'),
('SLTH_GREAT_SCIENTIST_6', 'LOC_SLTH_GREAT_SCIENTIST_6', 'GREAT_PERSON_CLASS_SCIENTIST', 'ERA_INDUSTRIAL', '1', 'Male'),
('SLTH_GREAT_SCIENTIST_7', 'LOC_SLTH_GREAT_SCIENTIST_7', 'GREAT_PERSON_CLASS_SCIENTIST', 'ERA_INDUSTRIAL', '1', 'Male'),
('SLTH_GREAT_SCIENTIST_8', 'LOC_SLTH_GREAT_SCIENTIST_8', 'GREAT_PERSON_CLASS_SCIENTIST', 'ERA_INDUSTRIAL', '1', 'Male'),
('SLTH_GREAT_SCIENTIST_9', 'LOC_SLTH_GREAT_SCIENTIST_9', 'GREAT_PERSON_CLASS_SCIENTIST', 'ERA_INDUSTRIAL', '1', 'Male'),
('SLTH_GREAT_SCIENTIST_10', 'LOC_SLTH_GREAT_SCIENTIST_10', 'GREAT_PERSON_CLASS_SCIENTIST', 'ERA_INDUSTRIAL', '1', 'Female'),
('SLTH_GREAT_SCIENTIST_11', 'LOC_SLTH_GREAT_SCIENTIST_11', 'GREAT_PERSON_CLASS_SCIENTIST', 'ERA_INDUSTRIAL', '1', 'Female'),
('SLTH_GREAT_SCIENTIST_12', 'LOC_SLTH_GREAT_SCIENTIST_12', 'GREAT_PERSON_CLASS_SCIENTIST', 'ERA_INDUSTRIAL', '1', 'Male'),
('SLTH_GREAT_SCIENTIST_13', 'LOC_SLTH_GREAT_SCIENTIST_13', 'GREAT_PERSON_CLASS_SCIENTIST', 'ERA_INDUSTRIAL', '1', 'Male'),
('SLTH_GREAT_SCIENTIST_14', 'LOC_SLTH_GREAT_SCIENTIST_14', 'GREAT_PERSON_CLASS_SCIENTIST', 'ERA_INDUSTRIAL', '1', 'Male'),
('SLTH_GREAT_SCIENTIST_15', 'LOC_SLTH_GREAT_SCIENTIST_15', 'GREAT_PERSON_CLASS_SCIENTIST', 'ERA_INDUSTRIAL', '1', 'Male'),
('SLTH_GREAT_SCIENTIST_16', 'LOC_SLTH_GREAT_SCIENTIST_16', 'GREAT_PERSON_CLASS_SCIENTIST', 'ERA_INDUSTRIAL', '1', 'Male'),
('SLTH_GREAT_SCIENTIST_17', 'LOC_SLTH_GREAT_SCIENTIST_17', 'GREAT_PERSON_CLASS_SCIENTIST', 'ERA_INDUSTRIAL', '1', 'Male'),
('SLTH_GREAT_SCIENTIST_18', 'LOC_SLTH_GREAT_SCIENTIST_18', 'GREAT_PERSON_CLASS_SCIENTIST', 'ERA_INDUSTRIAL', '1', 'Male'),
('SLTH_GREAT_SCIENTIST_19', 'LOC_SLTH_GREAT_SCIENTIST_19', 'GREAT_PERSON_CLASS_SCIENTIST', 'ERA_INDUSTRIAL', '1', 'Male'),
('SLTH_GREAT_SCIENTIST_20', 'LOC_SLTH_GREAT_SCIENTIST_20', 'GREAT_PERSON_CLASS_SCIENTIST', 'ERA_INDUSTRIAL', '1', 'Female'),
('SLTH_GREAT_ADVENTURER_1', 'LOC_SLTH_GREAT_ADVENTURER_1', 'GREAT_PERSON_CLASS_ADVENTURER', 'ERA_INDUSTRIAL', '0', 'Male'),
('SLTH_GREAT_ADVENTURER_2', 'LOC_SLTH_GREAT_ADVENTURER_2', 'GREAT_PERSON_CLASS_ADVENTURER', 'ERA_INDUSTRIAL', '0', 'Male'),
('SLTH_GREAT_ADVENTURER_3', 'LOC_SLTH_GREAT_ADVENTURER_3', 'GREAT_PERSON_CLASS_ADVENTURER', 'ERA_INDUSTRIAL', '0', 'Male'),
('SLTH_GREAT_ADVENTURER_4', 'LOC_SLTH_GREAT_ADVENTURER_4', 'GREAT_PERSON_CLASS_ADVENTURER', 'ERA_INDUSTRIAL', '0', 'Male'),
('SLTH_GREAT_ADVENTURER_5', 'LOC_SLTH_GREAT_ADVENTURER_5', 'GREAT_PERSON_CLASS_ADVENTURER', 'ERA_INDUSTRIAL', '0', 'Male'),
('SLTH_GREAT_ADVENTURER_6', 'LOC_SLTH_GREAT_ADVENTURER_6', 'GREAT_PERSON_CLASS_ADVENTURER', 'ERA_INDUSTRIAL', '0', 'Male'),
('SLTH_GREAT_ADVENTURER_7', 'LOC_SLTH_GREAT_ADVENTURER_7', 'GREAT_PERSON_CLASS_ADVENTURER', 'ERA_INDUSTRIAL', '0', 'Male'),
('SLTH_GREAT_ADVENTURER_8', 'LOC_SLTH_GREAT_ADVENTURER_8', 'GREAT_PERSON_CLASS_ADVENTURER', 'ERA_INDUSTRIAL', '0', 'Male'),
('SLTH_GREAT_ADVENTURER_9', 'LOC_SLTH_GREAT_ADVENTURER_9', 'GREAT_PERSON_CLASS_ADVENTURER', 'ERA_INDUSTRIAL', '0', 'Male'),
('SLTH_GREAT_ADVENTURER_10', 'LOC_SLTH_GREAT_ADVENTURER_10', 'GREAT_PERSON_CLASS_ADVENTURER', 'ERA_INDUSTRIAL', '0', 'Male'),
('SLTH_GREAT_ADVENTURER_11', 'LOC_SLTH_GREAT_ADVENTURER_11', 'GREAT_PERSON_CLASS_ADVENTURER', 'ERA_INDUSTRIAL', '0', 'Male'),
('SLTH_GREAT_ADVENTURER_12', 'LOC_SLTH_GREAT_ADVENTURER_12', 'GREAT_PERSON_CLASS_ADVENTURER', 'ERA_INDUSTRIAL', '0', 'Male'),
('SLTH_GREAT_ADVENTURER_13', 'LOC_SLTH_GREAT_ADVENTURER_13', 'GREAT_PERSON_CLASS_ADVENTURER', 'ERA_INDUSTRIAL', '0', 'Male'),
('SLTH_GREAT_ADVENTURER_14', 'LOC_SLTH_GREAT_ADVENTURER_14', 'GREAT_PERSON_CLASS_ADVENTURER', 'ERA_INDUSTRIAL', '0', 'Male'),
('SLTH_GREAT_ADVENTURER_15', 'LOC_SLTH_GREAT_ADVENTURER_15', 'GREAT_PERSON_CLASS_ADVENTURER', 'ERA_INDUSTRIAL', '0', 'Male'),
('SLTH_GREAT_ADVENTURER_16', 'LOC_SLTH_GREAT_ADVENTURER_16', 'GREAT_PERSON_CLASS_ADVENTURER', 'ERA_INDUSTRIAL', '0', 'Male'),
('SLTH_GREAT_ADVENTURER_17', 'LOC_SLTH_GREAT_ADVENTURER_17', 'GREAT_PERSON_CLASS_ADVENTURER', 'ERA_INDUSTRIAL', '0', 'Male'),
('SLTH_GREAT_ADVENTURER_18', 'LOC_SLTH_GREAT_ADVENTURER_18', 'GREAT_PERSON_CLASS_ADVENTURER', 'ERA_INDUSTRIAL', '0', 'Male'),
('SLTH_GREAT_ADVENTURER_19', 'LOC_SLTH_GREAT_ADVENTURER_19', 'GREAT_PERSON_CLASS_ADVENTURER', 'ERA_INDUSTRIAL', '0', 'Male'),
('SLTH_GREAT_ADVENTURER_20', 'LOC_SLTH_GREAT_ADVENTURER_20', 'GREAT_PERSON_CLASS_ADVENTURER', 'ERA_INDUSTRIAL', '0', 'Male'),
('SLTH_GREAT_ARTIST_1', 'LOC_SLTH_GREAT_ARTIST_1', 'GREAT_PERSON_CLASS_ARTIST', 'ERA_INDUSTRIAL', '1', 'Male'),
('SLTH_GREAT_ARTIST_2', 'LOC_SLTH_GREAT_ARTIST_2', 'GREAT_PERSON_CLASS_ARTIST', 'ERA_INDUSTRIAL', '1', 'Male'),
('SLTH_GREAT_ARTIST_3', 'LOC_SLTH_GREAT_ARTIST_3', 'GREAT_PERSON_CLASS_ARTIST', 'ERA_INDUSTRIAL', '1', 'Female'),
('SLTH_GREAT_ARTIST_4', 'LOC_SLTH_GREAT_ARTIST_4', 'GREAT_PERSON_CLASS_ARTIST', 'ERA_INDUSTRIAL', '1', 'Male'),
('SLTH_GREAT_ARTIST_5', 'LOC_SLTH_GREAT_ARTIST_5', 'GREAT_PERSON_CLASS_ARTIST', 'ERA_INDUSTRIAL', '1', 'Male'),
('SLTH_GREAT_ARTIST_6', 'LOC_SLTH_GREAT_ARTIST_6', 'GREAT_PERSON_CLASS_ARTIST', 'ERA_INDUSTRIAL', '1', 'Male'),
('SLTH_GREAT_ARTIST_7', 'LOC_SLTH_GREAT_ARTIST_7', 'GREAT_PERSON_CLASS_ARTIST', 'ERA_INDUSTRIAL', '1', 'Male'),
('SLTH_GREAT_ARTIST_8', 'LOC_SLTH_GREAT_ARTIST_8', 'GREAT_PERSON_CLASS_ARTIST', 'ERA_INDUSTRIAL', '1', 'Male'),
('SLTH_GREAT_ARTIST_9', 'LOC_SLTH_GREAT_ARTIST_9', 'GREAT_PERSON_CLASS_ARTIST', 'ERA_INDUSTRIAL', '1', 'Male'),
('SLTH_GREAT_ARTIST_10', 'LOC_SLTH_GREAT_ARTIST_10', 'GREAT_PERSON_CLASS_ARTIST', 'ERA_INDUSTRIAL', '1', 'Male'),
('SLTH_GREAT_ARTIST_11', 'LOC_SLTH_GREAT_ARTIST_11', 'GREAT_PERSON_CLASS_ARTIST', 'ERA_INDUSTRIAL', '1', 'Male'),
('SLTH_GREAT_ARTIST_12', 'LOC_SLTH_GREAT_ARTIST_12', 'GREAT_PERSON_CLASS_ARTIST', 'ERA_INDUSTRIAL', '1', 'Male'),
('SLTH_GREAT_ARTIST_13', 'LOC_SLTH_GREAT_ARTIST_13', 'GREAT_PERSON_CLASS_ARTIST', 'ERA_INDUSTRIAL', '1', 'Male'),
('SLTH_GREAT_ARTIST_14', 'LOC_SLTH_GREAT_ARTIST_14', 'GREAT_PERSON_CLASS_ARTIST', 'ERA_INDUSTRIAL', '1', 'Male'),
('SLTH_GREAT_ARTIST_15', 'LOC_SLTH_GREAT_ARTIST_15', 'GREAT_PERSON_CLASS_ARTIST', 'ERA_INDUSTRIAL', '1', 'Male'),
('SLTH_GREAT_ARTIST_16', 'LOC_SLTH_GREAT_ARTIST_16', 'GREAT_PERSON_CLASS_ARTIST', 'ERA_INDUSTRIAL', '1', 'Male'),
('SLTH_GREAT_ARTIST_17', 'LOC_SLTH_GREAT_ARTIST_17', 'GREAT_PERSON_CLASS_ARTIST', 'ERA_INDUSTRIAL', '1', 'Male'),
('SLTH_GREAT_ARTIST_18', 'LOC_SLTH_GREAT_ARTIST_18', 'GREAT_PERSON_CLASS_ARTIST', 'ERA_INDUSTRIAL', '1', 'Male'),
('SLTH_GREAT_ARTIST_19', 'LOC_SLTH_GREAT_ARTIST_19', 'GREAT_PERSON_CLASS_ARTIST', 'ERA_INDUSTRIAL', '1', 'Male'),
('SLTH_GREAT_ARTIST_20', 'LOC_SLTH_GREAT_ARTIST_20', 'GREAT_PERSON_CLASS_ARTIST', 'ERA_INDUSTRIAL', '1', 'Male'),
('SLTH_GREAT_ENGINEER_1', 'LOC_SLTH_GREAT_ENGINEER_1', 'GREAT_PERSON_CLASS_ENGINEER', 'ERA_INDUSTRIAL', '1', 'Male'),
('SLTH_GREAT_ENGINEER_2', 'LOC_SLTH_GREAT_ENGINEER_2', 'GREAT_PERSON_CLASS_ENGINEER', 'ERA_INDUSTRIAL', '1', 'Female'),
('SLTH_GREAT_ENGINEER_3', 'LOC_SLTH_GREAT_ENGINEER_3', 'GREAT_PERSON_CLASS_ENGINEER', 'ERA_INDUSTRIAL', '1', 'Male'),
('SLTH_GREAT_ENGINEER_4', 'LOC_SLTH_GREAT_ENGINEER_4', 'GREAT_PERSON_CLASS_ENGINEER', 'ERA_INDUSTRIAL', '1', 'Male'),
('SLTH_GREAT_ENGINEER_5', 'LOC_SLTH_GREAT_ENGINEER_5', 'GREAT_PERSON_CLASS_ENGINEER', 'ERA_INDUSTRIAL', '1', 'Male'),
('SLTH_GREAT_ENGINEER_6', 'LOC_SLTH_GREAT_ENGINEER_6', 'GREAT_PERSON_CLASS_ENGINEER', 'ERA_INDUSTRIAL', '1', 'Male'),
('SLTH_GREAT_ENGINEER_7', 'LOC_SLTH_GREAT_ENGINEER_7', 'GREAT_PERSON_CLASS_ENGINEER', 'ERA_INDUSTRIAL', '1', 'Male'),
('SLTH_GREAT_ENGINEER_8', 'LOC_SLTH_GREAT_ENGINEER_8', 'GREAT_PERSON_CLASS_ENGINEER', 'ERA_INDUSTRIAL', '1', 'Male'),
('SLTH_GREAT_ENGINEER_9', 'LOC_SLTH_GREAT_ENGINEER_9', 'GREAT_PERSON_CLASS_ENGINEER', 'ERA_INDUSTRIAL', '1', 'Male'),
('SLTH_GREAT_ENGINEER_10', 'LOC_SLTH_GREAT_ENGINEER_10', 'GREAT_PERSON_CLASS_ENGINEER', 'ERA_INDUSTRIAL', '1', 'Male'),
('SLTH_GREAT_ENGINEER_11', 'LOC_SLTH_GREAT_ENGINEER_11', 'GREAT_PERSON_CLASS_ENGINEER', 'ERA_INDUSTRIAL', '1', 'Male'),
('SLTH_GREAT_ENGINEER_12', 'LOC_SLTH_GREAT_ENGINEER_12', 'GREAT_PERSON_CLASS_ENGINEER', 'ERA_INDUSTRIAL', '1', 'Male'),
('SLTH_GREAT_ENGINEER_13', 'LOC_SLTH_GREAT_ENGINEER_13', 'GREAT_PERSON_CLASS_ENGINEER', 'ERA_INDUSTRIAL', '1', 'Male'),
('SLTH_GREAT_ENGINEER_14', 'LOC_SLTH_GREAT_ENGINEER_14', 'GREAT_PERSON_CLASS_ENGINEER', 'ERA_INDUSTRIAL', '1', 'Female'),
('SLTH_GREAT_ENGINEER_15', 'LOC_SLTH_GREAT_ENGINEER_15', 'GREAT_PERSON_CLASS_ENGINEER', 'ERA_INDUSTRIAL', '1', 'Male'),
('SLTH_GREAT_ENGINEER_16', 'LOC_SLTH_GREAT_ENGINEER_16', 'GREAT_PERSON_CLASS_ENGINEER', 'ERA_INDUSTRIAL', '1', 'Male'),
('SLTH_GREAT_ENGINEER_17', 'LOC_SLTH_GREAT_ENGINEER_17', 'GREAT_PERSON_CLASS_ENGINEER', 'ERA_INDUSTRIAL', '1', 'Male'),
('SLTH_GREAT_ENGINEER_18', 'LOC_SLTH_GREAT_ENGINEER_18', 'GREAT_PERSON_CLASS_ENGINEER', 'ERA_INDUSTRIAL', '1', 'Male'),
('SLTH_GREAT_ENGINEER_19', 'LOC_SLTH_GREAT_ENGINEER_19', 'GREAT_PERSON_CLASS_ENGINEER', 'ERA_INDUSTRIAL', '1', 'Male'),
('SLTH_GREAT_ENGINEER_20', 'LOC_SLTH_GREAT_ENGINEER_20', 'GREAT_PERSON_CLASS_ENGINEER', 'ERA_INDUSTRIAL', '1', 'Male'),
('SLTH_GREAT_MERCHANT_1', 'LOC_SLTH_GREAT_MERCHANT_1', 'GREAT_PERSON_CLASS_MERCHANT', 'ERA_INDUSTRIAL', '1', 'Male'),
('SLTH_GREAT_MERCHANT_2', 'LOC_SLTH_GREAT_MERCHANT_2', 'GREAT_PERSON_CLASS_MERCHANT', 'ERA_INDUSTRIAL', '1', 'Female'),
('SLTH_GREAT_MERCHANT_3', 'LOC_SLTH_GREAT_MERCHANT_3', 'GREAT_PERSON_CLASS_MERCHANT', 'ERA_INDUSTRIAL', '1', 'Male'),
('SLTH_GREAT_MERCHANT_4', 'LOC_SLTH_GREAT_MERCHANT_4', 'GREAT_PERSON_CLASS_MERCHANT', 'ERA_INDUSTRIAL', '1', 'Male'),
('SLTH_GREAT_MERCHANT_5', 'LOC_SLTH_GREAT_MERCHANT_5', 'GREAT_PERSON_CLASS_MERCHANT', 'ERA_INDUSTRIAL', '1', 'Male'),
('SLTH_GREAT_MERCHANT_6', 'LOC_SLTH_GREAT_MERCHANT_6', 'GREAT_PERSON_CLASS_MERCHANT', 'ERA_INDUSTRIAL', '1', 'Male'),
('SLTH_GREAT_MERCHANT_7', 'LOC_SLTH_GREAT_MERCHANT_7', 'GREAT_PERSON_CLASS_MERCHANT', 'ERA_INDUSTRIAL', '1', 'Male'),
('SLTH_GREAT_MERCHANT_8', 'LOC_SLTH_GREAT_MERCHANT_8', 'GREAT_PERSON_CLASS_MERCHANT', 'ERA_INDUSTRIAL', '1', 'Male'),
('SLTH_GREAT_MERCHANT_9', 'LOC_SLTH_GREAT_MERCHANT_9', 'GREAT_PERSON_CLASS_MERCHANT', 'ERA_INDUSTRIAL', '1', 'Male'),
('SLTH_GREAT_MERCHANT_10', 'LOC_SLTH_GREAT_MERCHANT_10', 'GREAT_PERSON_CLASS_MERCHANT', 'ERA_INDUSTRIAL', '1', 'Male'),
('SLTH_GREAT_MERCHANT_11', 'LOC_SLTH_GREAT_MERCHANT_11', 'GREAT_PERSON_CLASS_MERCHANT', 'ERA_INDUSTRIAL', '1', 'Male'),
('SLTH_GREAT_MERCHANT_12', 'LOC_SLTH_GREAT_MERCHANT_12', 'GREAT_PERSON_CLASS_MERCHANT', 'ERA_INDUSTRIAL', '1', 'Male'),
('SLTH_GREAT_MERCHANT_13', 'LOC_SLTH_GREAT_MERCHANT_13', 'GREAT_PERSON_CLASS_MERCHANT', 'ERA_INDUSTRIAL', '1', 'Male'),
('SLTH_GREAT_MERCHANT_14', 'LOC_SLTH_GREAT_MERCHANT_14', 'GREAT_PERSON_CLASS_MERCHANT', 'ERA_INDUSTRIAL', '1', 'Male'),
('SLTH_GREAT_MERCHANT_15', 'LOC_SLTH_GREAT_MERCHANT_15', 'GREAT_PERSON_CLASS_MERCHANT', 'ERA_INDUSTRIAL', '1', 'Male'),
('SLTH_GREAT_MERCHANT_16', 'LOC_SLTH_GREAT_MERCHANT_16', 'GREAT_PERSON_CLASS_MERCHANT', 'ERA_INDUSTRIAL', '1', 'Male'),
('SLTH_GREAT_MERCHANT_17', 'LOC_SLTH_GREAT_MERCHANT_17', 'GREAT_PERSON_CLASS_MERCHANT', 'ERA_INDUSTRIAL', '1', 'Male'),
('SLTH_GREAT_MERCHANT_18', 'LOC_SLTH_GREAT_MERCHANT_18', 'GREAT_PERSON_CLASS_MERCHANT', 'ERA_INDUSTRIAL', '1', 'Male'),
('SLTH_GREAT_MERCHANT_19', 'LOC_SLTH_GREAT_MERCHANT_19', 'GREAT_PERSON_CLASS_MERCHANT', 'ERA_INDUSTRIAL', '1', 'Male'),
('SLTH_GREAT_MERCHANT_20', 'LOC_SLTH_GREAT_MERCHANT_20', 'GREAT_PERSON_CLASS_MERCHANT', 'ERA_INDUSTRIAL', '1', 'Male'),
('SLTH_GREAT_PROPHET_1', 'LOC_SLTH_GREAT_PROPHET_1', 'GREAT_PERSON_CLASS_PROPHET', 'ERA_INDUSTRIAL', '1', 'Female'),
('SLTH_GREAT_PROPHET_2', 'LOC_SLTH_GREAT_PROPHET_2', 'GREAT_PERSON_CLASS_PROPHET', 'ERA_INDUSTRIAL', '1', 'Female'),
('SLTH_GREAT_PROPHET_3', 'LOC_SLTH_GREAT_PROPHET_3', 'GREAT_PERSON_CLASS_PROPHET', 'ERA_INDUSTRIAL', '1', 'Female'),
('SLTH_GREAT_PROPHET_4', 'LOC_SLTH_GREAT_PROPHET_4', 'GREAT_PERSON_CLASS_PROPHET', 'ERA_INDUSTRIAL', '1', 'Female'),
('SLTH_GREAT_PROPHET_5', 'LOC_SLTH_GREAT_PROPHET_5', 'GREAT_PERSON_CLASS_PROPHET', 'ERA_INDUSTRIAL', '1', 'Male'),
('SLTH_GREAT_PROPHET_6', 'LOC_SLTH_GREAT_PROPHET_6', 'GREAT_PERSON_CLASS_PROPHET', 'ERA_INDUSTRIAL', '1', 'Male'),
('SLTH_GREAT_PROPHET_7', 'LOC_SLTH_GREAT_PROPHET_7', 'GREAT_PERSON_CLASS_PROPHET', 'ERA_INDUSTRIAL', '1', 'Male'),
('SLTH_GREAT_PROPHET_8', 'LOC_SLTH_GREAT_PROPHET_8', 'GREAT_PERSON_CLASS_PROPHET', 'ERA_INDUSTRIAL', '1', 'Male'),
('SLTH_GREAT_PROPHET_9', 'LOC_SLTH_GREAT_PROPHET_9', 'GREAT_PERSON_CLASS_PROPHET', 'ERA_INDUSTRIAL', '1', 'Male'),
('SLTH_GREAT_PROPHET_10', 'LOC_SLTH_GREAT_PROPHET_10', 'GREAT_PERSON_CLASS_PROPHET', 'ERA_INDUSTRIAL', '1', 'Male'),
('SLTH_GREAT_PROPHET_11', 'LOC_SLTH_GREAT_PROPHET_11', 'GREAT_PERSON_CLASS_PROPHET', 'ERA_INDUSTRIAL', '1', 'Male'),
('SLTH_GREAT_PROPHET_12', 'LOC_SLTH_GREAT_PROPHET_12', 'GREAT_PERSON_CLASS_PROPHET', 'ERA_INDUSTRIAL', '1', 'Male'),
('SLTH_GREAT_PROPHET_13', 'LOC_SLTH_GREAT_PROPHET_13', 'GREAT_PERSON_CLASS_PROPHET', 'ERA_INDUSTRIAL', '1', 'Male'),
('SLTH_GREAT_PROPHET_14', 'LOC_SLTH_GREAT_PROPHET_14', 'GREAT_PERSON_CLASS_PROPHET', 'ERA_INDUSTRIAL', '1', 'Male'),
('SLTH_GREAT_PROPHET_15', 'LOC_SLTH_GREAT_PROPHET_15', 'GREAT_PERSON_CLASS_PROPHET', 'ERA_INDUSTRIAL', '1', 'Male'),
('SLTH_GREAT_PROPHET_16', 'LOC_SLTH_GREAT_PROPHET_16', 'GREAT_PERSON_CLASS_PROPHET', 'ERA_INDUSTRIAL', '1', 'Male'),
('SLTH_GREAT_PROPHET_17', 'LOC_SLTH_GREAT_PROPHET_17', 'GREAT_PERSON_CLASS_PROPHET', 'ERA_INDUSTRIAL', '1', 'Male'),
('SLTH_GREAT_PROPHET_18', 'LOC_SLTH_GREAT_PROPHET_18', 'GREAT_PERSON_CLASS_PROPHET', 'ERA_INDUSTRIAL', '1', 'Male'),
('SLTH_GREAT_PROPHET_19', 'LOC_SLTH_GREAT_PROPHET_19', 'GREAT_PERSON_CLASS_PROPHET', 'ERA_INDUSTRIAL', '1', 'Male'),
('SLTH_GREAT_PROPHET_20', 'LOC_SLTH_GREAT_PROPHET_20', 'GREAT_PERSON_CLASS_PROPHET', 'ERA_INDUSTRIAL', '1', 'Male');

INSERT INTO GreatPersonIndividualActionModifiers (GreatPersonIndividualType, ModifierId, AttachmentTargetType) VALUES
('SLTH_GREAT_SCIENTIST_1', 'MODIFIER_SLTH_GREAT_SCIENTIST_ADD_PROD', 'GREAT_PERSON_ACTION_ATTACHMENT_TARGET_CITY'),
('SLTH_GREAT_SCIENTIST_2', 'MODIFIER_SLTH_GREAT_SCIENTIST_ADD_PROD', 'GREAT_PERSON_ACTION_ATTACHMENT_TARGET_CITY'),
('SLTH_GREAT_SCIENTIST_3', 'MODIFIER_SLTH_GREAT_SCIENTIST_ADD_PROD', 'GREAT_PERSON_ACTION_ATTACHMENT_TARGET_CITY'),
('SLTH_GREAT_SCIENTIST_4', 'MODIFIER_SLTH_GREAT_SCIENTIST_ADD_PROD', 'GREAT_PERSON_ACTION_ATTACHMENT_TARGET_CITY'),
('SLTH_GREAT_SCIENTIST_5', 'MODIFIER_SLTH_GREAT_SCIENTIST_ADD_PROD', 'GREAT_PERSON_ACTION_ATTACHMENT_TARGET_CITY'),
('SLTH_GREAT_SCIENTIST_6', 'MODIFIER_SLTH_GREAT_SCIENTIST_ADD_PROD', 'GREAT_PERSON_ACTION_ATTACHMENT_TARGET_CITY'),
('SLTH_GREAT_SCIENTIST_7', 'MODIFIER_SLTH_GREAT_SCIENTIST_ADD_PROD', 'GREAT_PERSON_ACTION_ATTACHMENT_TARGET_CITY'),
('SLTH_GREAT_SCIENTIST_8', 'MODIFIER_SLTH_GREAT_SCIENTIST_ADD_PROD', 'GREAT_PERSON_ACTION_ATTACHMENT_TARGET_CITY'),
('SLTH_GREAT_SCIENTIST_9', 'MODIFIER_SLTH_GREAT_SCIENTIST_ADD_PROD', 'GREAT_PERSON_ACTION_ATTACHMENT_TARGET_CITY'),
('SLTH_GREAT_SCIENTIST_10', 'MODIFIER_SLTH_GREAT_SCIENTIST_ADD_PROD', 'GREAT_PERSON_ACTION_ATTACHMENT_TARGET_CITY'),
('SLTH_GREAT_SCIENTIST_11', 'MODIFIER_SLTH_GREAT_SCIENTIST_ADD_PROD', 'GREAT_PERSON_ACTION_ATTACHMENT_TARGET_CITY'),
('SLTH_GREAT_SCIENTIST_12', 'MODIFIER_SLTH_GREAT_SCIENTIST_ADD_PROD', 'GREAT_PERSON_ACTION_ATTACHMENT_TARGET_CITY'),
('SLTH_GREAT_SCIENTIST_13', 'MODIFIER_SLTH_GREAT_SCIENTIST_ADD_PROD', 'GREAT_PERSON_ACTION_ATTACHMENT_TARGET_CITY'),
('SLTH_GREAT_SCIENTIST_14', 'MODIFIER_SLTH_GREAT_SCIENTIST_ADD_PROD', 'GREAT_PERSON_ACTION_ATTACHMENT_TARGET_CITY'),
('SLTH_GREAT_SCIENTIST_15', 'MODIFIER_SLTH_GREAT_SCIENTIST_ADD_PROD', 'GREAT_PERSON_ACTION_ATTACHMENT_TARGET_CITY'),
('SLTH_GREAT_SCIENTIST_16', 'MODIFIER_SLTH_GREAT_SCIENTIST_ADD_PROD', 'GREAT_PERSON_ACTION_ATTACHMENT_TARGET_CITY'),
('SLTH_GREAT_SCIENTIST_17', 'MODIFIER_SLTH_GREAT_SCIENTIST_ADD_PROD', 'GREAT_PERSON_ACTION_ATTACHMENT_TARGET_CITY'),
('SLTH_GREAT_SCIENTIST_18', 'MODIFIER_SLTH_GREAT_SCIENTIST_ADD_PROD', 'GREAT_PERSON_ACTION_ATTACHMENT_TARGET_CITY'),
('SLTH_GREAT_SCIENTIST_19', 'MODIFIER_SLTH_GREAT_SCIENTIST_ADD_PROD', 'GREAT_PERSON_ACTION_ATTACHMENT_TARGET_CITY'),
('SLTH_GREAT_SCIENTIST_20', 'MODIFIER_SLTH_GREAT_SCIENTIST_ADD_PROD', 'GREAT_PERSON_ACTION_ATTACHMENT_TARGET_CITY'),
('SLTH_GREAT_SCIENTIST_1', 'MODIFIER_SLTH_GREAT_SCIENTIST_ADD_SCIENCE', 'GREAT_PERSON_ACTION_ATTACHMENT_TARGET_CITY'),
('SLTH_GREAT_SCIENTIST_2', 'MODIFIER_SLTH_GREAT_SCIENTIST_ADD_SCIENCE', 'GREAT_PERSON_ACTION_ATTACHMENT_TARGET_CITY'),
('SLTH_GREAT_SCIENTIST_3', 'MODIFIER_SLTH_GREAT_SCIENTIST_ADD_SCIENCE', 'GREAT_PERSON_ACTION_ATTACHMENT_TARGET_CITY'),
('SLTH_GREAT_SCIENTIST_4', 'MODIFIER_SLTH_GREAT_SCIENTIST_ADD_SCIENCE', 'GREAT_PERSON_ACTION_ATTACHMENT_TARGET_CITY'),
('SLTH_GREAT_SCIENTIST_5', 'MODIFIER_SLTH_GREAT_SCIENTIST_ADD_SCIENCE', 'GREAT_PERSON_ACTION_ATTACHMENT_TARGET_CITY'),
('SLTH_GREAT_SCIENTIST_6', 'MODIFIER_SLTH_GREAT_SCIENTIST_ADD_SCIENCE', 'GREAT_PERSON_ACTION_ATTACHMENT_TARGET_CITY'),
('SLTH_GREAT_SCIENTIST_7', 'MODIFIER_SLTH_GREAT_SCIENTIST_ADD_SCIENCE', 'GREAT_PERSON_ACTION_ATTACHMENT_TARGET_CITY'),
('SLTH_GREAT_SCIENTIST_8', 'MODIFIER_SLTH_GREAT_SCIENTIST_ADD_SCIENCE', 'GREAT_PERSON_ACTION_ATTACHMENT_TARGET_CITY'),
('SLTH_GREAT_SCIENTIST_9', 'MODIFIER_SLTH_GREAT_SCIENTIST_ADD_SCIENCE', 'GREAT_PERSON_ACTION_ATTACHMENT_TARGET_CITY'),
('SLTH_GREAT_SCIENTIST_10', 'MODIFIER_SLTH_GREAT_SCIENTIST_ADD_SCIENCE', 'GREAT_PERSON_ACTION_ATTACHMENT_TARGET_CITY'),
('SLTH_GREAT_SCIENTIST_11', 'MODIFIER_SLTH_GREAT_SCIENTIST_ADD_SCIENCE', 'GREAT_PERSON_ACTION_ATTACHMENT_TARGET_CITY'),
('SLTH_GREAT_SCIENTIST_12', 'MODIFIER_SLTH_GREAT_SCIENTIST_ADD_SCIENCE', 'GREAT_PERSON_ACTION_ATTACHMENT_TARGET_CITY'),
('SLTH_GREAT_SCIENTIST_13', 'MODIFIER_SLTH_GREAT_SCIENTIST_ADD_SCIENCE', 'GREAT_PERSON_ACTION_ATTACHMENT_TARGET_CITY'),
('SLTH_GREAT_SCIENTIST_14', 'MODIFIER_SLTH_GREAT_SCIENTIST_ADD_SCIENCE', 'GREAT_PERSON_ACTION_ATTACHMENT_TARGET_CITY'),
('SLTH_GREAT_SCIENTIST_15', 'MODIFIER_SLTH_GREAT_SCIENTIST_ADD_SCIENCE', 'GREAT_PERSON_ACTION_ATTACHMENT_TARGET_CITY'),
('SLTH_GREAT_SCIENTIST_16', 'MODIFIER_SLTH_GREAT_SCIENTIST_ADD_SCIENCE', 'GREAT_PERSON_ACTION_ATTACHMENT_TARGET_CITY'),
('SLTH_GREAT_SCIENTIST_17', 'MODIFIER_SLTH_GREAT_SCIENTIST_ADD_SCIENCE', 'GREAT_PERSON_ACTION_ATTACHMENT_TARGET_CITY'),
('SLTH_GREAT_SCIENTIST_18', 'MODIFIER_SLTH_GREAT_SCIENTIST_ADD_SCIENCE', 'GREAT_PERSON_ACTION_ATTACHMENT_TARGET_CITY'),
('SLTH_GREAT_SCIENTIST_19', 'MODIFIER_SLTH_GREAT_SCIENTIST_ADD_SCIENCE', 'GREAT_PERSON_ACTION_ATTACHMENT_TARGET_CITY'),
('SLTH_GREAT_SCIENTIST_20', 'MODIFIER_SLTH_GREAT_SCIENTIST_ADD_SCIENCE', 'GREAT_PERSON_ACTION_ATTACHMENT_TARGET_CITY'),
('SLTH_GREAT_SCIENTIST_1', 'MODIFIER_SLTH_GREAT_SCIENTIST_ADD_SCIENCE_SIDAR', 'GREAT_PERSON_ACTION_ATTACHMENT_TARGET_CITY'),
('SLTH_GREAT_SCIENTIST_2', 'MODIFIER_SLTH_GREAT_SCIENTIST_ADD_SCIENCE_SIDAR', 'GREAT_PERSON_ACTION_ATTACHMENT_TARGET_CITY'),
('SLTH_GREAT_SCIENTIST_3', 'MODIFIER_SLTH_GREAT_SCIENTIST_ADD_SCIENCE_SIDAR', 'GREAT_PERSON_ACTION_ATTACHMENT_TARGET_CITY'),
('SLTH_GREAT_SCIENTIST_4', 'MODIFIER_SLTH_GREAT_SCIENTIST_ADD_SCIENCE_SIDAR', 'GREAT_PERSON_ACTION_ATTACHMENT_TARGET_CITY'),
('SLTH_GREAT_SCIENTIST_5', 'MODIFIER_SLTH_GREAT_SCIENTIST_ADD_SCIENCE_SIDAR', 'GREAT_PERSON_ACTION_ATTACHMENT_TARGET_CITY'),
('SLTH_GREAT_SCIENTIST_6', 'MODIFIER_SLTH_GREAT_SCIENTIST_ADD_SCIENCE_SIDAR', 'GREAT_PERSON_ACTION_ATTACHMENT_TARGET_CITY'),
('SLTH_GREAT_SCIENTIST_7', 'MODIFIER_SLTH_GREAT_SCIENTIST_ADD_SCIENCE_SIDAR', 'GREAT_PERSON_ACTION_ATTACHMENT_TARGET_CITY'),
('SLTH_GREAT_SCIENTIST_8', 'MODIFIER_SLTH_GREAT_SCIENTIST_ADD_SCIENCE_SIDAR', 'GREAT_PERSON_ACTION_ATTACHMENT_TARGET_CITY'),
('SLTH_GREAT_SCIENTIST_9', 'MODIFIER_SLTH_GREAT_SCIENTIST_ADD_SCIENCE_SIDAR', 'GREAT_PERSON_ACTION_ATTACHMENT_TARGET_CITY'),
('SLTH_GREAT_SCIENTIST_10', 'MODIFIER_SLTH_GREAT_SCIENTIST_ADD_SCIENCE_SIDAR', 'GREAT_PERSON_ACTION_ATTACHMENT_TARGET_CITY'),
('SLTH_GREAT_SCIENTIST_11', 'MODIFIER_SLTH_GREAT_SCIENTIST_ADD_SCIENCE_SIDAR', 'GREAT_PERSON_ACTION_ATTACHMENT_TARGET_CITY'),
('SLTH_GREAT_SCIENTIST_12', 'MODIFIER_SLTH_GREAT_SCIENTIST_ADD_SCIENCE_SIDAR', 'GREAT_PERSON_ACTION_ATTACHMENT_TARGET_CITY'),
('SLTH_GREAT_SCIENTIST_13', 'MODIFIER_SLTH_GREAT_SCIENTIST_ADD_SCIENCE_SIDAR', 'GREAT_PERSON_ACTION_ATTACHMENT_TARGET_CITY'),
('SLTH_GREAT_SCIENTIST_14', 'MODIFIER_SLTH_GREAT_SCIENTIST_ADD_SCIENCE_SIDAR', 'GREAT_PERSON_ACTION_ATTACHMENT_TARGET_CITY'),
('SLTH_GREAT_SCIENTIST_15', 'MODIFIER_SLTH_GREAT_SCIENTIST_ADD_SCIENCE_SIDAR', 'GREAT_PERSON_ACTION_ATTACHMENT_TARGET_CITY'),
('SLTH_GREAT_SCIENTIST_16', 'MODIFIER_SLTH_GREAT_SCIENTIST_ADD_SCIENCE_SIDAR', 'GREAT_PERSON_ACTION_ATTACHMENT_TARGET_CITY'),
('SLTH_GREAT_SCIENTIST_17', 'MODIFIER_SLTH_GREAT_SCIENTIST_ADD_SCIENCE_SIDAR', 'GREAT_PERSON_ACTION_ATTACHMENT_TARGET_CITY'),
('SLTH_GREAT_SCIENTIST_18', 'MODIFIER_SLTH_GREAT_SCIENTIST_ADD_SCIENCE_SIDAR', 'GREAT_PERSON_ACTION_ATTACHMENT_TARGET_CITY'),
('SLTH_GREAT_SCIENTIST_19', 'MODIFIER_SLTH_GREAT_SCIENTIST_ADD_SCIENCE_SIDAR', 'GREAT_PERSON_ACTION_ATTACHMENT_TARGET_CITY'),
('SLTH_GREAT_SCIENTIST_20', 'MODIFIER_SLTH_GREAT_SCIENTIST_ADD_SCIENCE_SIDAR', 'GREAT_PERSON_ACTION_ATTACHMENT_TARGET_CITY'),
('SLTH_GREAT_SCIENTIST_1', 'MODIFIER_SLTH_GREAT_SCIENTIST_ADD_SCIENCE_GREAT_LIB', 'GREAT_PERSON_ACTION_ATTACHMENT_TARGET_CITY'),
('SLTH_GREAT_SCIENTIST_2', 'MODIFIER_SLTH_GREAT_SCIENTIST_ADD_SCIENCE_GREAT_LIB', 'GREAT_PERSON_ACTION_ATTACHMENT_TARGET_CITY'),
('SLTH_GREAT_SCIENTIST_3', 'MODIFIER_SLTH_GREAT_SCIENTIST_ADD_SCIENCE_GREAT_LIB', 'GREAT_PERSON_ACTION_ATTACHMENT_TARGET_CITY'),
('SLTH_GREAT_SCIENTIST_4', 'MODIFIER_SLTH_GREAT_SCIENTIST_ADD_SCIENCE_GREAT_LIB', 'GREAT_PERSON_ACTION_ATTACHMENT_TARGET_CITY'),
('SLTH_GREAT_SCIENTIST_5', 'MODIFIER_SLTH_GREAT_SCIENTIST_ADD_SCIENCE_GREAT_LIB', 'GREAT_PERSON_ACTION_ATTACHMENT_TARGET_CITY'),
('SLTH_GREAT_SCIENTIST_6', 'MODIFIER_SLTH_GREAT_SCIENTIST_ADD_SCIENCE_GREAT_LIB', 'GREAT_PERSON_ACTION_ATTACHMENT_TARGET_CITY'),
('SLTH_GREAT_SCIENTIST_7', 'MODIFIER_SLTH_GREAT_SCIENTIST_ADD_SCIENCE_GREAT_LIB', 'GREAT_PERSON_ACTION_ATTACHMENT_TARGET_CITY'),
('SLTH_GREAT_SCIENTIST_8', 'MODIFIER_SLTH_GREAT_SCIENTIST_ADD_SCIENCE_GREAT_LIB', 'GREAT_PERSON_ACTION_ATTACHMENT_TARGET_CITY'),
('SLTH_GREAT_SCIENTIST_9', 'MODIFIER_SLTH_GREAT_SCIENTIST_ADD_SCIENCE_GREAT_LIB', 'GREAT_PERSON_ACTION_ATTACHMENT_TARGET_CITY'),
('SLTH_GREAT_SCIENTIST_10', 'MODIFIER_SLTH_GREAT_SCIENTIST_ADD_SCIENCE_GREAT_LIB', 'GREAT_PERSON_ACTION_ATTACHMENT_TARGET_CITY'),
('SLTH_GREAT_SCIENTIST_11', 'MODIFIER_SLTH_GREAT_SCIENTIST_ADD_SCIENCE_GREAT_LIB', 'GREAT_PERSON_ACTION_ATTACHMENT_TARGET_CITY'),
('SLTH_GREAT_SCIENTIST_12', 'MODIFIER_SLTH_GREAT_SCIENTIST_ADD_SCIENCE_GREAT_LIB', 'GREAT_PERSON_ACTION_ATTACHMENT_TARGET_CITY'),
('SLTH_GREAT_SCIENTIST_13', 'MODIFIER_SLTH_GREAT_SCIENTIST_ADD_SCIENCE_GREAT_LIB', 'GREAT_PERSON_ACTION_ATTACHMENT_TARGET_CITY'),
('SLTH_GREAT_SCIENTIST_14', 'MODIFIER_SLTH_GREAT_SCIENTIST_ADD_SCIENCE_GREAT_LIB', 'GREAT_PERSON_ACTION_ATTACHMENT_TARGET_CITY'),
('SLTH_GREAT_SCIENTIST_15', 'MODIFIER_SLTH_GREAT_SCIENTIST_ADD_SCIENCE_GREAT_LIB', 'GREAT_PERSON_ACTION_ATTACHMENT_TARGET_CITY'),
('SLTH_GREAT_SCIENTIST_16', 'MODIFIER_SLTH_GREAT_SCIENTIST_ADD_SCIENCE_GREAT_LIB', 'GREAT_PERSON_ACTION_ATTACHMENT_TARGET_CITY'),
('SLTH_GREAT_SCIENTIST_17', 'MODIFIER_SLTH_GREAT_SCIENTIST_ADD_SCIENCE_GREAT_LIB', 'GREAT_PERSON_ACTION_ATTACHMENT_TARGET_CITY'),
('SLTH_GREAT_SCIENTIST_18', 'MODIFIER_SLTH_GREAT_SCIENTIST_ADD_SCIENCE_GREAT_LIB', 'GREAT_PERSON_ACTION_ATTACHMENT_TARGET_CITY'),
('SLTH_GREAT_SCIENTIST_19', 'MODIFIER_SLTH_GREAT_SCIENTIST_ADD_SCIENCE_GREAT_LIB', 'GREAT_PERSON_ACTION_ATTACHMENT_TARGET_CITY'),
('SLTH_GREAT_SCIENTIST_20', 'MODIFIER_SLTH_GREAT_SCIENTIST_ADD_SCIENCE_GREAT_LIB', 'GREAT_PERSON_ACTION_ATTACHMENT_TARGET_CITY'),

('SLTH_GREAT_ARTIST_1', 'MODIFIER_SLTH_GREAT_ARTIST_ADD_CULTURE', 'GREAT_PERSON_ACTION_ATTACHMENT_TARGET_CITY'),
('SLTH_GREAT_ARTIST_2', 'MODIFIER_SLTH_GREAT_ARTIST_ADD_CULTURE', 'GREAT_PERSON_ACTION_ATTACHMENT_TARGET_CITY'),
('SLTH_GREAT_ARTIST_3', 'MODIFIER_SLTH_GREAT_ARTIST_ADD_CULTURE', 'GREAT_PERSON_ACTION_ATTACHMENT_TARGET_CITY'),
('SLTH_GREAT_ARTIST_4', 'MODIFIER_SLTH_GREAT_ARTIST_ADD_CULTURE', 'GREAT_PERSON_ACTION_ATTACHMENT_TARGET_CITY'),
('SLTH_GREAT_ARTIST_5', 'MODIFIER_SLTH_GREAT_ARTIST_ADD_CULTURE', 'GREAT_PERSON_ACTION_ATTACHMENT_TARGET_CITY'),
('SLTH_GREAT_ARTIST_6', 'MODIFIER_SLTH_GREAT_ARTIST_ADD_CULTURE', 'GREAT_PERSON_ACTION_ATTACHMENT_TARGET_CITY'),
('SLTH_GREAT_ARTIST_7', 'MODIFIER_SLTH_GREAT_ARTIST_ADD_CULTURE', 'GREAT_PERSON_ACTION_ATTACHMENT_TARGET_CITY'),
('SLTH_GREAT_ARTIST_8', 'MODIFIER_SLTH_GREAT_ARTIST_ADD_CULTURE', 'GREAT_PERSON_ACTION_ATTACHMENT_TARGET_CITY'),
('SLTH_GREAT_ARTIST_9', 'MODIFIER_SLTH_GREAT_ARTIST_ADD_CULTURE', 'GREAT_PERSON_ACTION_ATTACHMENT_TARGET_CITY'),
('SLTH_GREAT_ARTIST_10', 'MODIFIER_SLTH_GREAT_ARTIST_ADD_CULTURE', 'GREAT_PERSON_ACTION_ATTACHMENT_TARGET_CITY'),
('SLTH_GREAT_ARTIST_11', 'MODIFIER_SLTH_GREAT_ARTIST_ADD_CULTURE', 'GREAT_PERSON_ACTION_ATTACHMENT_TARGET_CITY'),
('SLTH_GREAT_ARTIST_12', 'MODIFIER_SLTH_GREAT_ARTIST_ADD_CULTURE', 'GREAT_PERSON_ACTION_ATTACHMENT_TARGET_CITY'),
('SLTH_GREAT_ARTIST_13', 'MODIFIER_SLTH_GREAT_ARTIST_ADD_CULTURE', 'GREAT_PERSON_ACTION_ATTACHMENT_TARGET_CITY'),
('SLTH_GREAT_ARTIST_14', 'MODIFIER_SLTH_GREAT_ARTIST_ADD_CULTURE', 'GREAT_PERSON_ACTION_ATTACHMENT_TARGET_CITY'),
('SLTH_GREAT_ARTIST_15', 'MODIFIER_SLTH_GREAT_ARTIST_ADD_CULTURE', 'GREAT_PERSON_ACTION_ATTACHMENT_TARGET_CITY'),
('SLTH_GREAT_ARTIST_16', 'MODIFIER_SLTH_GREAT_ARTIST_ADD_CULTURE', 'GREAT_PERSON_ACTION_ATTACHMENT_TARGET_CITY'),
('SLTH_GREAT_ARTIST_17', 'MODIFIER_SLTH_GREAT_ARTIST_ADD_CULTURE', 'GREAT_PERSON_ACTION_ATTACHMENT_TARGET_CITY'),
('SLTH_GREAT_ARTIST_18', 'MODIFIER_SLTH_GREAT_ARTIST_ADD_CULTURE', 'GREAT_PERSON_ACTION_ATTACHMENT_TARGET_CITY'),
('SLTH_GREAT_ARTIST_19', 'MODIFIER_SLTH_GREAT_ARTIST_ADD_CULTURE', 'GREAT_PERSON_ACTION_ATTACHMENT_TARGET_CITY'),
('SLTH_GREAT_ARTIST_20', 'MODIFIER_SLTH_GREAT_ARTIST_ADD_CULTURE', 'GREAT_PERSON_ACTION_ATTACHMENT_TARGET_CITY'),
('SLTH_GREAT_ARTIST_1', 'MODIFIER_SLTH_GREAT_ARTIST_ADD_GOLD', 'GREAT_PERSON_ACTION_ATTACHMENT_TARGET_CITY'),
('SLTH_GREAT_ARTIST_2', 'MODIFIER_SLTH_GREAT_ARTIST_ADD_GOLD', 'GREAT_PERSON_ACTION_ATTACHMENT_TARGET_CITY'),
('SLTH_GREAT_ARTIST_3', 'MODIFIER_SLTH_GREAT_ARTIST_ADD_GOLD', 'GREAT_PERSON_ACTION_ATTACHMENT_TARGET_CITY'),
('SLTH_GREAT_ARTIST_4', 'MODIFIER_SLTH_GREAT_ARTIST_ADD_GOLD', 'GREAT_PERSON_ACTION_ATTACHMENT_TARGET_CITY'),
('SLTH_GREAT_ARTIST_5', 'MODIFIER_SLTH_GREAT_ARTIST_ADD_GOLD', 'GREAT_PERSON_ACTION_ATTACHMENT_TARGET_CITY'),
('SLTH_GREAT_ARTIST_6', 'MODIFIER_SLTH_GREAT_ARTIST_ADD_GOLD', 'GREAT_PERSON_ACTION_ATTACHMENT_TARGET_CITY'),
('SLTH_GREAT_ARTIST_7', 'MODIFIER_SLTH_GREAT_ARTIST_ADD_GOLD', 'GREAT_PERSON_ACTION_ATTACHMENT_TARGET_CITY'),
('SLTH_GREAT_ARTIST_8', 'MODIFIER_SLTH_GREAT_ARTIST_ADD_GOLD', 'GREAT_PERSON_ACTION_ATTACHMENT_TARGET_CITY'),
('SLTH_GREAT_ARTIST_9', 'MODIFIER_SLTH_GREAT_ARTIST_ADD_GOLD', 'GREAT_PERSON_ACTION_ATTACHMENT_TARGET_CITY'),
('SLTH_GREAT_ARTIST_10', 'MODIFIER_SLTH_GREAT_ARTIST_ADD_GOLD', 'GREAT_PERSON_ACTION_ATTACHMENT_TARGET_CITY'),
('SLTH_GREAT_ARTIST_11', 'MODIFIER_SLTH_GREAT_ARTIST_ADD_GOLD', 'GREAT_PERSON_ACTION_ATTACHMENT_TARGET_CITY'),
('SLTH_GREAT_ARTIST_12', 'MODIFIER_SLTH_GREAT_ARTIST_ADD_GOLD', 'GREAT_PERSON_ACTION_ATTACHMENT_TARGET_CITY'),
('SLTH_GREAT_ARTIST_13', 'MODIFIER_SLTH_GREAT_ARTIST_ADD_GOLD', 'GREAT_PERSON_ACTION_ATTACHMENT_TARGET_CITY'),
('SLTH_GREAT_ARTIST_14', 'MODIFIER_SLTH_GREAT_ARTIST_ADD_GOLD', 'GREAT_PERSON_ACTION_ATTACHMENT_TARGET_CITY'),
('SLTH_GREAT_ARTIST_15', 'MODIFIER_SLTH_GREAT_ARTIST_ADD_GOLD', 'GREAT_PERSON_ACTION_ATTACHMENT_TARGET_CITY'),
('SLTH_GREAT_ARTIST_16', 'MODIFIER_SLTH_GREAT_ARTIST_ADD_GOLD', 'GREAT_PERSON_ACTION_ATTACHMENT_TARGET_CITY'),
('SLTH_GREAT_ARTIST_17', 'MODIFIER_SLTH_GREAT_ARTIST_ADD_GOLD', 'GREAT_PERSON_ACTION_ATTACHMENT_TARGET_CITY'),
('SLTH_GREAT_ARTIST_18', 'MODIFIER_SLTH_GREAT_ARTIST_ADD_GOLD', 'GREAT_PERSON_ACTION_ATTACHMENT_TARGET_CITY'),
('SLTH_GREAT_ARTIST_19', 'MODIFIER_SLTH_GREAT_ARTIST_ADD_GOLD', 'GREAT_PERSON_ACTION_ATTACHMENT_TARGET_CITY'),
('SLTH_GREAT_ARTIST_20', 'MODIFIER_SLTH_GREAT_ARTIST_ADD_GOLD', 'GREAT_PERSON_ACTION_ATTACHMENT_TARGET_CITY'),
('SLTH_GREAT_ARTIST_1', 'MODIFIER_SLTH_GREAT_ARTIST_ADD_CULTURE_SIDAR', 'GREAT_PERSON_ACTION_ATTACHMENT_TARGET_CITY'),
('SLTH_GREAT_ARTIST_2', 'MODIFIER_SLTH_GREAT_ARTIST_ADD_CULTURE_SIDAR', 'GREAT_PERSON_ACTION_ATTACHMENT_TARGET_CITY'),
('SLTH_GREAT_ARTIST_3', 'MODIFIER_SLTH_GREAT_ARTIST_ADD_CULTURE_SIDAR', 'GREAT_PERSON_ACTION_ATTACHMENT_TARGET_CITY'),
('SLTH_GREAT_ARTIST_4', 'MODIFIER_SLTH_GREAT_ARTIST_ADD_CULTURE_SIDAR', 'GREAT_PERSON_ACTION_ATTACHMENT_TARGET_CITY'),
('SLTH_GREAT_ARTIST_5', 'MODIFIER_SLTH_GREAT_ARTIST_ADD_CULTURE_SIDAR', 'GREAT_PERSON_ACTION_ATTACHMENT_TARGET_CITY'),
('SLTH_GREAT_ARTIST_6', 'MODIFIER_SLTH_GREAT_ARTIST_ADD_CULTURE_SIDAR', 'GREAT_PERSON_ACTION_ATTACHMENT_TARGET_CITY'),
('SLTH_GREAT_ARTIST_7', 'MODIFIER_SLTH_GREAT_ARTIST_ADD_CULTURE_SIDAR', 'GREAT_PERSON_ACTION_ATTACHMENT_TARGET_CITY'),
('SLTH_GREAT_ARTIST_8', 'MODIFIER_SLTH_GREAT_ARTIST_ADD_CULTURE_SIDAR', 'GREAT_PERSON_ACTION_ATTACHMENT_TARGET_CITY'),
('SLTH_GREAT_ARTIST_9', 'MODIFIER_SLTH_GREAT_ARTIST_ADD_CULTURE_SIDAR', 'GREAT_PERSON_ACTION_ATTACHMENT_TARGET_CITY'),
('SLTH_GREAT_ARTIST_10', 'MODIFIER_SLTH_GREAT_ARTIST_ADD_CULTURE_SIDAR', 'GREAT_PERSON_ACTION_ATTACHMENT_TARGET_CITY'),
('SLTH_GREAT_ARTIST_11', 'MODIFIER_SLTH_GREAT_ARTIST_ADD_CULTURE_SIDAR', 'GREAT_PERSON_ACTION_ATTACHMENT_TARGET_CITY'),
('SLTH_GREAT_ARTIST_12', 'MODIFIER_SLTH_GREAT_ARTIST_ADD_CULTURE_SIDAR', 'GREAT_PERSON_ACTION_ATTACHMENT_TARGET_CITY'),
('SLTH_GREAT_ARTIST_13', 'MODIFIER_SLTH_GREAT_ARTIST_ADD_CULTURE_SIDAR', 'GREAT_PERSON_ACTION_ATTACHMENT_TARGET_CITY'),
('SLTH_GREAT_ARTIST_14', 'MODIFIER_SLTH_GREAT_ARTIST_ADD_CULTURE_SIDAR', 'GREAT_PERSON_ACTION_ATTACHMENT_TARGET_CITY'),
('SLTH_GREAT_ARTIST_15', 'MODIFIER_SLTH_GREAT_ARTIST_ADD_CULTURE_SIDAR', 'GREAT_PERSON_ACTION_ATTACHMENT_TARGET_CITY'),
('SLTH_GREAT_ARTIST_16', 'MODIFIER_SLTH_GREAT_ARTIST_ADD_CULTURE_SIDAR', 'GREAT_PERSON_ACTION_ATTACHMENT_TARGET_CITY'),
('SLTH_GREAT_ARTIST_17', 'MODIFIER_SLTH_GREAT_ARTIST_ADD_CULTURE_SIDAR', 'GREAT_PERSON_ACTION_ATTACHMENT_TARGET_CITY'),
('SLTH_GREAT_ARTIST_18', 'MODIFIER_SLTH_GREAT_ARTIST_ADD_CULTURE_SIDAR', 'GREAT_PERSON_ACTION_ATTACHMENT_TARGET_CITY'),
('SLTH_GREAT_ARTIST_19', 'MODIFIER_SLTH_GREAT_ARTIST_ADD_CULTURE_SIDAR', 'GREAT_PERSON_ACTION_ATTACHMENT_TARGET_CITY'),
('SLTH_GREAT_ARTIST_20', 'MODIFIER_SLTH_GREAT_ARTIST_ADD_CULTURE_SIDAR', 'GREAT_PERSON_ACTION_ATTACHMENT_TARGET_CITY'),
('SLTH_GREAT_ARTIST_1', 'MODIFIER_SLTH_GREAT_ARTIST_ADD_CULTURE_THEATRE_OF_DREAMS', 'GREAT_PERSON_ACTION_ATTACHMENT_TARGET_CITY'),
('SLTH_GREAT_ARTIST_2', 'MODIFIER_SLTH_GREAT_ARTIST_ADD_CULTURE_THEATRE_OF_DREAMS', 'GREAT_PERSON_ACTION_ATTACHMENT_TARGET_CITY'),
('SLTH_GREAT_ARTIST_3', 'MODIFIER_SLTH_GREAT_ARTIST_ADD_CULTURE_THEATRE_OF_DREAMS', 'GREAT_PERSON_ACTION_ATTACHMENT_TARGET_CITY'),
('SLTH_GREAT_ARTIST_4', 'MODIFIER_SLTH_GREAT_ARTIST_ADD_CULTURE_THEATRE_OF_DREAMS', 'GREAT_PERSON_ACTION_ATTACHMENT_TARGET_CITY'),
('SLTH_GREAT_ARTIST_5', 'MODIFIER_SLTH_GREAT_ARTIST_ADD_CULTURE_THEATRE_OF_DREAMS', 'GREAT_PERSON_ACTION_ATTACHMENT_TARGET_CITY'),
('SLTH_GREAT_ARTIST_6', 'MODIFIER_SLTH_GREAT_ARTIST_ADD_CULTURE_THEATRE_OF_DREAMS', 'GREAT_PERSON_ACTION_ATTACHMENT_TARGET_CITY'),
('SLTH_GREAT_ARTIST_7', 'MODIFIER_SLTH_GREAT_ARTIST_ADD_CULTURE_THEATRE_OF_DREAMS', 'GREAT_PERSON_ACTION_ATTACHMENT_TARGET_CITY'),
('SLTH_GREAT_ARTIST_8', 'MODIFIER_SLTH_GREAT_ARTIST_ADD_CULTURE_THEATRE_OF_DREAMS', 'GREAT_PERSON_ACTION_ATTACHMENT_TARGET_CITY'),
('SLTH_GREAT_ARTIST_9', 'MODIFIER_SLTH_GREAT_ARTIST_ADD_CULTURE_THEATRE_OF_DREAMS', 'GREAT_PERSON_ACTION_ATTACHMENT_TARGET_CITY'),
('SLTH_GREAT_ARTIST_10', 'MODIFIER_SLTH_GREAT_ARTIST_ADD_CULTURE_THEATRE_OF_DREAMS', 'GREAT_PERSON_ACTION_ATTACHMENT_TARGET_CITY'),
('SLTH_GREAT_ARTIST_11', 'MODIFIER_SLTH_GREAT_ARTIST_ADD_CULTURE_THEATRE_OF_DREAMS', 'GREAT_PERSON_ACTION_ATTACHMENT_TARGET_CITY'),
('SLTH_GREAT_ARTIST_12', 'MODIFIER_SLTH_GREAT_ARTIST_ADD_CULTURE_THEATRE_OF_DREAMS', 'GREAT_PERSON_ACTION_ATTACHMENT_TARGET_CITY'),
('SLTH_GREAT_ARTIST_13', 'MODIFIER_SLTH_GREAT_ARTIST_ADD_CULTURE_THEATRE_OF_DREAMS', 'GREAT_PERSON_ACTION_ATTACHMENT_TARGET_CITY'),
('SLTH_GREAT_ARTIST_14', 'MODIFIER_SLTH_GREAT_ARTIST_ADD_CULTURE_THEATRE_OF_DREAMS', 'GREAT_PERSON_ACTION_ATTACHMENT_TARGET_CITY'),
('SLTH_GREAT_ARTIST_15', 'MODIFIER_SLTH_GREAT_ARTIST_ADD_CULTURE_THEATRE_OF_DREAMS', 'GREAT_PERSON_ACTION_ATTACHMENT_TARGET_CITY'),
('SLTH_GREAT_ARTIST_16', 'MODIFIER_SLTH_GREAT_ARTIST_ADD_CULTURE_THEATRE_OF_DREAMS', 'GREAT_PERSON_ACTION_ATTACHMENT_TARGET_CITY'),
('SLTH_GREAT_ARTIST_17', 'MODIFIER_SLTH_GREAT_ARTIST_ADD_CULTURE_THEATRE_OF_DREAMS', 'GREAT_PERSON_ACTION_ATTACHMENT_TARGET_CITY'),
('SLTH_GREAT_ARTIST_18', 'MODIFIER_SLTH_GREAT_ARTIST_ADD_CULTURE_THEATRE_OF_DREAMS', 'GREAT_PERSON_ACTION_ATTACHMENT_TARGET_CITY'),
('SLTH_GREAT_ARTIST_19', 'MODIFIER_SLTH_GREAT_ARTIST_ADD_CULTURE_THEATRE_OF_DREAMS', 'GREAT_PERSON_ACTION_ATTACHMENT_TARGET_CITY'),
('SLTH_GREAT_ARTIST_20', 'MODIFIER_SLTH_GREAT_ARTIST_ADD_CULTURE_THEATRE_OF_DREAMS', 'GREAT_PERSON_ACTION_ATTACHMENT_TARGET_CITY'),
('SLTH_GREAT_ENGINEER_1', 'MODIFIER_SLTH_GREAT_ENGINEER_ADD_SCIENCE', 'GREAT_PERSON_ACTION_ATTACHMENT_TARGET_CITY'),
('SLTH_GREAT_ENGINEER_2', 'MODIFIER_SLTH_GREAT_ENGINEER_ADD_SCIENCE', 'GREAT_PERSON_ACTION_ATTACHMENT_TARGET_CITY'),
('SLTH_GREAT_ENGINEER_3', 'MODIFIER_SLTH_GREAT_ENGINEER_ADD_SCIENCE', 'GREAT_PERSON_ACTION_ATTACHMENT_TARGET_CITY'),
('SLTH_GREAT_ENGINEER_4', 'MODIFIER_SLTH_GREAT_ENGINEER_ADD_SCIENCE', 'GREAT_PERSON_ACTION_ATTACHMENT_TARGET_CITY'),
('SLTH_GREAT_ENGINEER_5', 'MODIFIER_SLTH_GREAT_ENGINEER_ADD_SCIENCE', 'GREAT_PERSON_ACTION_ATTACHMENT_TARGET_CITY'),
('SLTH_GREAT_ENGINEER_6', 'MODIFIER_SLTH_GREAT_ENGINEER_ADD_SCIENCE', 'GREAT_PERSON_ACTION_ATTACHMENT_TARGET_CITY'),
('SLTH_GREAT_ENGINEER_7', 'MODIFIER_SLTH_GREAT_ENGINEER_ADD_SCIENCE', 'GREAT_PERSON_ACTION_ATTACHMENT_TARGET_CITY'),
('SLTH_GREAT_ENGINEER_8', 'MODIFIER_SLTH_GREAT_ENGINEER_ADD_SCIENCE', 'GREAT_PERSON_ACTION_ATTACHMENT_TARGET_CITY'),
('SLTH_GREAT_ENGINEER_9', 'MODIFIER_SLTH_GREAT_ENGINEER_ADD_SCIENCE', 'GREAT_PERSON_ACTION_ATTACHMENT_TARGET_CITY'),
('SLTH_GREAT_ENGINEER_10', 'MODIFIER_SLTH_GREAT_ENGINEER_ADD_SCIENCE', 'GREAT_PERSON_ACTION_ATTACHMENT_TARGET_CITY'),
('SLTH_GREAT_ENGINEER_11', 'MODIFIER_SLTH_GREAT_ENGINEER_ADD_SCIENCE', 'GREAT_PERSON_ACTION_ATTACHMENT_TARGET_CITY'),
('SLTH_GREAT_ENGINEER_12', 'MODIFIER_SLTH_GREAT_ENGINEER_ADD_SCIENCE', 'GREAT_PERSON_ACTION_ATTACHMENT_TARGET_CITY'),
('SLTH_GREAT_ENGINEER_13', 'MODIFIER_SLTH_GREAT_ENGINEER_ADD_SCIENCE', 'GREAT_PERSON_ACTION_ATTACHMENT_TARGET_CITY'),
('SLTH_GREAT_ENGINEER_14', 'MODIFIER_SLTH_GREAT_ENGINEER_ADD_SCIENCE', 'GREAT_PERSON_ACTION_ATTACHMENT_TARGET_CITY'),
('SLTH_GREAT_ENGINEER_15', 'MODIFIER_SLTH_GREAT_ENGINEER_ADD_SCIENCE', 'GREAT_PERSON_ACTION_ATTACHMENT_TARGET_CITY'),
('SLTH_GREAT_ENGINEER_16', 'MODIFIER_SLTH_GREAT_ENGINEER_ADD_SCIENCE', 'GREAT_PERSON_ACTION_ATTACHMENT_TARGET_CITY'),
('SLTH_GREAT_ENGINEER_17', 'MODIFIER_SLTH_GREAT_ENGINEER_ADD_SCIENCE', 'GREAT_PERSON_ACTION_ATTACHMENT_TARGET_CITY'),
('SLTH_GREAT_ENGINEER_18', 'MODIFIER_SLTH_GREAT_ENGINEER_ADD_SCIENCE', 'GREAT_PERSON_ACTION_ATTACHMENT_TARGET_CITY'),
('SLTH_GREAT_ENGINEER_19', 'MODIFIER_SLTH_GREAT_ENGINEER_ADD_SCIENCE', 'GREAT_PERSON_ACTION_ATTACHMENT_TARGET_CITY'),
('SLTH_GREAT_ENGINEER_20', 'MODIFIER_SLTH_GREAT_ENGINEER_ADD_SCIENCE', 'GREAT_PERSON_ACTION_ATTACHMENT_TARGET_CITY'),
('SLTH_GREAT_ENGINEER_1', 'MODIFIER_SLTH_GREAT_ENGINEER_ADD_PRODUCTION', 'GREAT_PERSON_ACTION_ATTACHMENT_TARGET_CITY'),
('SLTH_GREAT_ENGINEER_2', 'MODIFIER_SLTH_GREAT_ENGINEER_ADD_PRODUCTION', 'GREAT_PERSON_ACTION_ATTACHMENT_TARGET_CITY'),
('SLTH_GREAT_ENGINEER_3', 'MODIFIER_SLTH_GREAT_ENGINEER_ADD_PRODUCTION', 'GREAT_PERSON_ACTION_ATTACHMENT_TARGET_CITY'),
('SLTH_GREAT_ENGINEER_4', 'MODIFIER_SLTH_GREAT_ENGINEER_ADD_PRODUCTION', 'GREAT_PERSON_ACTION_ATTACHMENT_TARGET_CITY'),
('SLTH_GREAT_ENGINEER_5', 'MODIFIER_SLTH_GREAT_ENGINEER_ADD_PRODUCTION', 'GREAT_PERSON_ACTION_ATTACHMENT_TARGET_CITY'),
('SLTH_GREAT_ENGINEER_6', 'MODIFIER_SLTH_GREAT_ENGINEER_ADD_PRODUCTION', 'GREAT_PERSON_ACTION_ATTACHMENT_TARGET_CITY'),
('SLTH_GREAT_ENGINEER_7', 'MODIFIER_SLTH_GREAT_ENGINEER_ADD_PRODUCTION', 'GREAT_PERSON_ACTION_ATTACHMENT_TARGET_CITY'),
('SLTH_GREAT_ENGINEER_8', 'MODIFIER_SLTH_GREAT_ENGINEER_ADD_PRODUCTION', 'GREAT_PERSON_ACTION_ATTACHMENT_TARGET_CITY'),
('SLTH_GREAT_ENGINEER_9', 'MODIFIER_SLTH_GREAT_ENGINEER_ADD_PRODUCTION', 'GREAT_PERSON_ACTION_ATTACHMENT_TARGET_CITY'),
('SLTH_GREAT_ENGINEER_10', 'MODIFIER_SLTH_GREAT_ENGINEER_ADD_PRODUCTION', 'GREAT_PERSON_ACTION_ATTACHMENT_TARGET_CITY'),
('SLTH_GREAT_ENGINEER_11', 'MODIFIER_SLTH_GREAT_ENGINEER_ADD_PRODUCTION', 'GREAT_PERSON_ACTION_ATTACHMENT_TARGET_CITY'),
('SLTH_GREAT_ENGINEER_12', 'MODIFIER_SLTH_GREAT_ENGINEER_ADD_PRODUCTION', 'GREAT_PERSON_ACTION_ATTACHMENT_TARGET_CITY'),
('SLTH_GREAT_ENGINEER_13', 'MODIFIER_SLTH_GREAT_ENGINEER_ADD_PRODUCTION', 'GREAT_PERSON_ACTION_ATTACHMENT_TARGET_CITY'),
('SLTH_GREAT_ENGINEER_14', 'MODIFIER_SLTH_GREAT_ENGINEER_ADD_PRODUCTION', 'GREAT_PERSON_ACTION_ATTACHMENT_TARGET_CITY'),
('SLTH_GREAT_ENGINEER_15', 'MODIFIER_SLTH_GREAT_ENGINEER_ADD_PRODUCTION', 'GREAT_PERSON_ACTION_ATTACHMENT_TARGET_CITY'),
('SLTH_GREAT_ENGINEER_16', 'MODIFIER_SLTH_GREAT_ENGINEER_ADD_PRODUCTION', 'GREAT_PERSON_ACTION_ATTACHMENT_TARGET_CITY'),
('SLTH_GREAT_ENGINEER_17', 'MODIFIER_SLTH_GREAT_ENGINEER_ADD_PRODUCTION', 'GREAT_PERSON_ACTION_ATTACHMENT_TARGET_CITY'),
('SLTH_GREAT_ENGINEER_18', 'MODIFIER_SLTH_GREAT_ENGINEER_ADD_PRODUCTION', 'GREAT_PERSON_ACTION_ATTACHMENT_TARGET_CITY'),
('SLTH_GREAT_ENGINEER_19', 'MODIFIER_SLTH_GREAT_ENGINEER_ADD_PRODUCTION', 'GREAT_PERSON_ACTION_ATTACHMENT_TARGET_CITY'),
('SLTH_GREAT_ENGINEER_20', 'MODIFIER_SLTH_GREAT_ENGINEER_ADD_PRODUCTION', 'GREAT_PERSON_ACTION_ATTACHMENT_TARGET_CITY'),
('SLTH_GREAT_ENGINEER_1', 'MODIFIER_SLTH_GREAT_ENGINEER_ADD_PRODUCTION_SIDAR', 'GREAT_PERSON_ACTION_ATTACHMENT_TARGET_CITY'),
('SLTH_GREAT_ENGINEER_2', 'MODIFIER_SLTH_GREAT_ENGINEER_ADD_PRODUCTION_SIDAR', 'GREAT_PERSON_ACTION_ATTACHMENT_TARGET_CITY'),
('SLTH_GREAT_ENGINEER_3', 'MODIFIER_SLTH_GREAT_ENGINEER_ADD_PRODUCTION_SIDAR', 'GREAT_PERSON_ACTION_ATTACHMENT_TARGET_CITY'),
('SLTH_GREAT_ENGINEER_4', 'MODIFIER_SLTH_GREAT_ENGINEER_ADD_PRODUCTION_SIDAR', 'GREAT_PERSON_ACTION_ATTACHMENT_TARGET_CITY'),
('SLTH_GREAT_ENGINEER_5', 'MODIFIER_SLTH_GREAT_ENGINEER_ADD_PRODUCTION_SIDAR', 'GREAT_PERSON_ACTION_ATTACHMENT_TARGET_CITY'),
('SLTH_GREAT_ENGINEER_6', 'MODIFIER_SLTH_GREAT_ENGINEER_ADD_PRODUCTION_SIDAR', 'GREAT_PERSON_ACTION_ATTACHMENT_TARGET_CITY'),
('SLTH_GREAT_ENGINEER_7', 'MODIFIER_SLTH_GREAT_ENGINEER_ADD_PRODUCTION_SIDAR', 'GREAT_PERSON_ACTION_ATTACHMENT_TARGET_CITY'),
('SLTH_GREAT_ENGINEER_8', 'MODIFIER_SLTH_GREAT_ENGINEER_ADD_PRODUCTION_SIDAR', 'GREAT_PERSON_ACTION_ATTACHMENT_TARGET_CITY'),
('SLTH_GREAT_ENGINEER_9', 'MODIFIER_SLTH_GREAT_ENGINEER_ADD_PRODUCTION_SIDAR', 'GREAT_PERSON_ACTION_ATTACHMENT_TARGET_CITY'),
('SLTH_GREAT_ENGINEER_10', 'MODIFIER_SLTH_GREAT_ENGINEER_ADD_PRODUCTION_SIDAR', 'GREAT_PERSON_ACTION_ATTACHMENT_TARGET_CITY'),
('SLTH_GREAT_ENGINEER_11', 'MODIFIER_SLTH_GREAT_ENGINEER_ADD_PRODUCTION_SIDAR', 'GREAT_PERSON_ACTION_ATTACHMENT_TARGET_CITY'),
('SLTH_GREAT_ENGINEER_12', 'MODIFIER_SLTH_GREAT_ENGINEER_ADD_PRODUCTION_SIDAR', 'GREAT_PERSON_ACTION_ATTACHMENT_TARGET_CITY'),
('SLTH_GREAT_ENGINEER_13', 'MODIFIER_SLTH_GREAT_ENGINEER_ADD_PRODUCTION_SIDAR', 'GREAT_PERSON_ACTION_ATTACHMENT_TARGET_CITY'),
('SLTH_GREAT_ENGINEER_14', 'MODIFIER_SLTH_GREAT_ENGINEER_ADD_PRODUCTION_SIDAR', 'GREAT_PERSON_ACTION_ATTACHMENT_TARGET_CITY'),
('SLTH_GREAT_ENGINEER_15', 'MODIFIER_SLTH_GREAT_ENGINEER_ADD_PRODUCTION_SIDAR', 'GREAT_PERSON_ACTION_ATTACHMENT_TARGET_CITY'),
('SLTH_GREAT_ENGINEER_16', 'MODIFIER_SLTH_GREAT_ENGINEER_ADD_PRODUCTION_SIDAR', 'GREAT_PERSON_ACTION_ATTACHMENT_TARGET_CITY'),
('SLTH_GREAT_ENGINEER_17', 'MODIFIER_SLTH_GREAT_ENGINEER_ADD_PRODUCTION_SIDAR', 'GREAT_PERSON_ACTION_ATTACHMENT_TARGET_CITY'),
('SLTH_GREAT_ENGINEER_18', 'MODIFIER_SLTH_GREAT_ENGINEER_ADD_PRODUCTION_SIDAR', 'GREAT_PERSON_ACTION_ATTACHMENT_TARGET_CITY'),
('SLTH_GREAT_ENGINEER_19', 'MODIFIER_SLTH_GREAT_ENGINEER_ADD_PRODUCTION_SIDAR', 'GREAT_PERSON_ACTION_ATTACHMENT_TARGET_CITY'),
('SLTH_GREAT_ENGINEER_20', 'MODIFIER_SLTH_GREAT_ENGINEER_ADD_PRODUCTION_SIDAR', 'GREAT_PERSON_ACTION_ATTACHMENT_TARGET_CITY'),
('SLTH_GREAT_ENGINEER_1', 'MODIFIER_SLTH_GREAT_ENGINEER_ADD_PRODUCTION_GUILD_OF_HAMMERS', 'GREAT_PERSON_ACTION_ATTACHMENT_TARGET_CITY'),
('SLTH_GREAT_ENGINEER_2', 'MODIFIER_SLTH_GREAT_ENGINEER_ADD_PRODUCTION_GUILD_OF_HAMMERS', 'GREAT_PERSON_ACTION_ATTACHMENT_TARGET_CITY'),
('SLTH_GREAT_ENGINEER_3', 'MODIFIER_SLTH_GREAT_ENGINEER_ADD_PRODUCTION_GUILD_OF_HAMMERS', 'GREAT_PERSON_ACTION_ATTACHMENT_TARGET_CITY'),
('SLTH_GREAT_ENGINEER_4', 'MODIFIER_SLTH_GREAT_ENGINEER_ADD_PRODUCTION_GUILD_OF_HAMMERS', 'GREAT_PERSON_ACTION_ATTACHMENT_TARGET_CITY'),
('SLTH_GREAT_ENGINEER_5', 'MODIFIER_SLTH_GREAT_ENGINEER_ADD_PRODUCTION_GUILD_OF_HAMMERS', 'GREAT_PERSON_ACTION_ATTACHMENT_TARGET_CITY'),
('SLTH_GREAT_ENGINEER_6', 'MODIFIER_SLTH_GREAT_ENGINEER_ADD_PRODUCTION_GUILD_OF_HAMMERS', 'GREAT_PERSON_ACTION_ATTACHMENT_TARGET_CITY'),
('SLTH_GREAT_ENGINEER_7', 'MODIFIER_SLTH_GREAT_ENGINEER_ADD_PRODUCTION_GUILD_OF_HAMMERS', 'GREAT_PERSON_ACTION_ATTACHMENT_TARGET_CITY'),
('SLTH_GREAT_ENGINEER_8', 'MODIFIER_SLTH_GREAT_ENGINEER_ADD_PRODUCTION_GUILD_OF_HAMMERS', 'GREAT_PERSON_ACTION_ATTACHMENT_TARGET_CITY'),
('SLTH_GREAT_ENGINEER_9', 'MODIFIER_SLTH_GREAT_ENGINEER_ADD_PRODUCTION_GUILD_OF_HAMMERS', 'GREAT_PERSON_ACTION_ATTACHMENT_TARGET_CITY'),
('SLTH_GREAT_ENGINEER_10', 'MODIFIER_SLTH_GREAT_ENGINEER_ADD_PRODUCTION_GUILD_OF_HAMMERS', 'GREAT_PERSON_ACTION_ATTACHMENT_TARGET_CITY'),
('SLTH_GREAT_ENGINEER_11', 'MODIFIER_SLTH_GREAT_ENGINEER_ADD_PRODUCTION_GUILD_OF_HAMMERS', 'GREAT_PERSON_ACTION_ATTACHMENT_TARGET_CITY'),
('SLTH_GREAT_ENGINEER_12', 'MODIFIER_SLTH_GREAT_ENGINEER_ADD_PRODUCTION_GUILD_OF_HAMMERS', 'GREAT_PERSON_ACTION_ATTACHMENT_TARGET_CITY'),
('SLTH_GREAT_ENGINEER_13', 'MODIFIER_SLTH_GREAT_ENGINEER_ADD_PRODUCTION_GUILD_OF_HAMMERS', 'GREAT_PERSON_ACTION_ATTACHMENT_TARGET_CITY'),
('SLTH_GREAT_ENGINEER_14', 'MODIFIER_SLTH_GREAT_ENGINEER_ADD_PRODUCTION_GUILD_OF_HAMMERS', 'GREAT_PERSON_ACTION_ATTACHMENT_TARGET_CITY'),
('SLTH_GREAT_ENGINEER_15', 'MODIFIER_SLTH_GREAT_ENGINEER_ADD_PRODUCTION_GUILD_OF_HAMMERS', 'GREAT_PERSON_ACTION_ATTACHMENT_TARGET_CITY'),
('SLTH_GREAT_ENGINEER_16', 'MODIFIER_SLTH_GREAT_ENGINEER_ADD_PRODUCTION_GUILD_OF_HAMMERS', 'GREAT_PERSON_ACTION_ATTACHMENT_TARGET_CITY'),
('SLTH_GREAT_ENGINEER_17', 'MODIFIER_SLTH_GREAT_ENGINEER_ADD_PRODUCTION_GUILD_OF_HAMMERS', 'GREAT_PERSON_ACTION_ATTACHMENT_TARGET_CITY'),
('SLTH_GREAT_ENGINEER_18', 'MODIFIER_SLTH_GREAT_ENGINEER_ADD_PRODUCTION_GUILD_OF_HAMMERS', 'GREAT_PERSON_ACTION_ATTACHMENT_TARGET_CITY'),
('SLTH_GREAT_ENGINEER_19', 'MODIFIER_SLTH_GREAT_ENGINEER_ADD_PRODUCTION_GUILD_OF_HAMMERS', 'GREAT_PERSON_ACTION_ATTACHMENT_TARGET_CITY'),
('SLTH_GREAT_ENGINEER_20', 'MODIFIER_SLTH_GREAT_ENGINEER_ADD_PRODUCTION_GUILD_OF_HAMMERS', 'GREAT_PERSON_ACTION_ATTACHMENT_TARGET_CITY'),
('SLTH_GREAT_MERCHANT_1', 'MODIFIER_SLTH_GREAT_MERCHANT_ADD_FOOD', 'GREAT_PERSON_ACTION_ATTACHMENT_TARGET_CITY'),
('SLTH_GREAT_MERCHANT_2', 'MODIFIER_SLTH_GREAT_MERCHANT_ADD_FOOD', 'GREAT_PERSON_ACTION_ATTACHMENT_TARGET_CITY'),
('SLTH_GREAT_MERCHANT_3', 'MODIFIER_SLTH_GREAT_MERCHANT_ADD_FOOD', 'GREAT_PERSON_ACTION_ATTACHMENT_TARGET_CITY'),
('SLTH_GREAT_MERCHANT_4', 'MODIFIER_SLTH_GREAT_MERCHANT_ADD_FOOD', 'GREAT_PERSON_ACTION_ATTACHMENT_TARGET_CITY'),
('SLTH_GREAT_MERCHANT_5', 'MODIFIER_SLTH_GREAT_MERCHANT_ADD_FOOD', 'GREAT_PERSON_ACTION_ATTACHMENT_TARGET_CITY'),
('SLTH_GREAT_MERCHANT_6', 'MODIFIER_SLTH_GREAT_MERCHANT_ADD_FOOD', 'GREAT_PERSON_ACTION_ATTACHMENT_TARGET_CITY'),
('SLTH_GREAT_MERCHANT_7', 'MODIFIER_SLTH_GREAT_MERCHANT_ADD_FOOD', 'GREAT_PERSON_ACTION_ATTACHMENT_TARGET_CITY'),
('SLTH_GREAT_MERCHANT_8', 'MODIFIER_SLTH_GREAT_MERCHANT_ADD_FOOD', 'GREAT_PERSON_ACTION_ATTACHMENT_TARGET_CITY'),
('SLTH_GREAT_MERCHANT_9', 'MODIFIER_SLTH_GREAT_MERCHANT_ADD_FOOD', 'GREAT_PERSON_ACTION_ATTACHMENT_TARGET_CITY'),
('SLTH_GREAT_MERCHANT_10', 'MODIFIER_SLTH_GREAT_MERCHANT_ADD_FOOD', 'GREAT_PERSON_ACTION_ATTACHMENT_TARGET_CITY'),
('SLTH_GREAT_MERCHANT_11', 'MODIFIER_SLTH_GREAT_MERCHANT_ADD_FOOD', 'GREAT_PERSON_ACTION_ATTACHMENT_TARGET_CITY'),
('SLTH_GREAT_MERCHANT_12', 'MODIFIER_SLTH_GREAT_MERCHANT_ADD_FOOD', 'GREAT_PERSON_ACTION_ATTACHMENT_TARGET_CITY'),
('SLTH_GREAT_MERCHANT_13', 'MODIFIER_SLTH_GREAT_MERCHANT_ADD_FOOD', 'GREAT_PERSON_ACTION_ATTACHMENT_TARGET_CITY'),
('SLTH_GREAT_MERCHANT_14', 'MODIFIER_SLTH_GREAT_MERCHANT_ADD_FOOD', 'GREAT_PERSON_ACTION_ATTACHMENT_TARGET_CITY'),
('SLTH_GREAT_MERCHANT_15', 'MODIFIER_SLTH_GREAT_MERCHANT_ADD_FOOD', 'GREAT_PERSON_ACTION_ATTACHMENT_TARGET_CITY'),
('SLTH_GREAT_MERCHANT_16', 'MODIFIER_SLTH_GREAT_MERCHANT_ADD_FOOD', 'GREAT_PERSON_ACTION_ATTACHMENT_TARGET_CITY'),
('SLTH_GREAT_MERCHANT_17', 'MODIFIER_SLTH_GREAT_MERCHANT_ADD_FOOD', 'GREAT_PERSON_ACTION_ATTACHMENT_TARGET_CITY'),
('SLTH_GREAT_MERCHANT_18', 'MODIFIER_SLTH_GREAT_MERCHANT_ADD_FOOD', 'GREAT_PERSON_ACTION_ATTACHMENT_TARGET_CITY'),
('SLTH_GREAT_MERCHANT_19', 'MODIFIER_SLTH_GREAT_MERCHANT_ADD_FOOD', 'GREAT_PERSON_ACTION_ATTACHMENT_TARGET_CITY'),
('SLTH_GREAT_MERCHANT_20', 'MODIFIER_SLTH_GREAT_MERCHANT_ADD_FOOD', 'GREAT_PERSON_ACTION_ATTACHMENT_TARGET_CITY'),
('SLTH_GREAT_MERCHANT_1', 'MODIFIER_SLTH_GREAT_MERCHANT_ADD_GOLD', 'GREAT_PERSON_ACTION_ATTACHMENT_TARGET_CITY'),
('SLTH_GREAT_MERCHANT_2', 'MODIFIER_SLTH_GREAT_MERCHANT_ADD_GOLD', 'GREAT_PERSON_ACTION_ATTACHMENT_TARGET_CITY'),
('SLTH_GREAT_MERCHANT_3', 'MODIFIER_SLTH_GREAT_MERCHANT_ADD_GOLD', 'GREAT_PERSON_ACTION_ATTACHMENT_TARGET_CITY'),
('SLTH_GREAT_MERCHANT_4', 'MODIFIER_SLTH_GREAT_MERCHANT_ADD_GOLD', 'GREAT_PERSON_ACTION_ATTACHMENT_TARGET_CITY'),
('SLTH_GREAT_MERCHANT_5', 'MODIFIER_SLTH_GREAT_MERCHANT_ADD_GOLD', 'GREAT_PERSON_ACTION_ATTACHMENT_TARGET_CITY'),
('SLTH_GREAT_MERCHANT_6', 'MODIFIER_SLTH_GREAT_MERCHANT_ADD_GOLD', 'GREAT_PERSON_ACTION_ATTACHMENT_TARGET_CITY'),
('SLTH_GREAT_MERCHANT_7', 'MODIFIER_SLTH_GREAT_MERCHANT_ADD_GOLD', 'GREAT_PERSON_ACTION_ATTACHMENT_TARGET_CITY'),
('SLTH_GREAT_MERCHANT_8', 'MODIFIER_SLTH_GREAT_MERCHANT_ADD_GOLD', 'GREAT_PERSON_ACTION_ATTACHMENT_TARGET_CITY'),
('SLTH_GREAT_MERCHANT_9', 'MODIFIER_SLTH_GREAT_MERCHANT_ADD_GOLD', 'GREAT_PERSON_ACTION_ATTACHMENT_TARGET_CITY'),
('SLTH_GREAT_MERCHANT_10', 'MODIFIER_SLTH_GREAT_MERCHANT_ADD_GOLD', 'GREAT_PERSON_ACTION_ATTACHMENT_TARGET_CITY'),
('SLTH_GREAT_MERCHANT_11', 'MODIFIER_SLTH_GREAT_MERCHANT_ADD_GOLD', 'GREAT_PERSON_ACTION_ATTACHMENT_TARGET_CITY'),
('SLTH_GREAT_MERCHANT_12', 'MODIFIER_SLTH_GREAT_MERCHANT_ADD_GOLD', 'GREAT_PERSON_ACTION_ATTACHMENT_TARGET_CITY'),
('SLTH_GREAT_MERCHANT_13', 'MODIFIER_SLTH_GREAT_MERCHANT_ADD_GOLD', 'GREAT_PERSON_ACTION_ATTACHMENT_TARGET_CITY'),
('SLTH_GREAT_MERCHANT_14', 'MODIFIER_SLTH_GREAT_MERCHANT_ADD_GOLD', 'GREAT_PERSON_ACTION_ATTACHMENT_TARGET_CITY'),
('SLTH_GREAT_MERCHANT_15', 'MODIFIER_SLTH_GREAT_MERCHANT_ADD_GOLD', 'GREAT_PERSON_ACTION_ATTACHMENT_TARGET_CITY'),
('SLTH_GREAT_MERCHANT_16', 'MODIFIER_SLTH_GREAT_MERCHANT_ADD_GOLD', 'GREAT_PERSON_ACTION_ATTACHMENT_TARGET_CITY'),
('SLTH_GREAT_MERCHANT_17', 'MODIFIER_SLTH_GREAT_MERCHANT_ADD_GOLD', 'GREAT_PERSON_ACTION_ATTACHMENT_TARGET_CITY'),
('SLTH_GREAT_MERCHANT_18', 'MODIFIER_SLTH_GREAT_MERCHANT_ADD_GOLD', 'GREAT_PERSON_ACTION_ATTACHMENT_TARGET_CITY'),
('SLTH_GREAT_MERCHANT_19', 'MODIFIER_SLTH_GREAT_MERCHANT_ADD_GOLD', 'GREAT_PERSON_ACTION_ATTACHMENT_TARGET_CITY'),
('SLTH_GREAT_MERCHANT_20', 'MODIFIER_SLTH_GREAT_MERCHANT_ADD_GOLD', 'GREAT_PERSON_ACTION_ATTACHMENT_TARGET_CITY'),
('SLTH_GREAT_MERCHANT_1', 'MODIFIER_SLTH_GREAT_MERCHANT_ADD_GOLD_SIDAR', 'GREAT_PERSON_ACTION_ATTACHMENT_TARGET_CITY'),
('SLTH_GREAT_MERCHANT_2', 'MODIFIER_SLTH_GREAT_MERCHANT_ADD_GOLD_SIDAR', 'GREAT_PERSON_ACTION_ATTACHMENT_TARGET_CITY'),
('SLTH_GREAT_MERCHANT_3', 'MODIFIER_SLTH_GREAT_MERCHANT_ADD_GOLD_SIDAR', 'GREAT_PERSON_ACTION_ATTACHMENT_TARGET_CITY'),
('SLTH_GREAT_MERCHANT_4', 'MODIFIER_SLTH_GREAT_MERCHANT_ADD_GOLD_SIDAR', 'GREAT_PERSON_ACTION_ATTACHMENT_TARGET_CITY'),
('SLTH_GREAT_MERCHANT_5', 'MODIFIER_SLTH_GREAT_MERCHANT_ADD_GOLD_SIDAR', 'GREAT_PERSON_ACTION_ATTACHMENT_TARGET_CITY'),
('SLTH_GREAT_MERCHANT_6', 'MODIFIER_SLTH_GREAT_MERCHANT_ADD_GOLD_SIDAR', 'GREAT_PERSON_ACTION_ATTACHMENT_TARGET_CITY'),
('SLTH_GREAT_MERCHANT_7', 'MODIFIER_SLTH_GREAT_MERCHANT_ADD_GOLD_SIDAR', 'GREAT_PERSON_ACTION_ATTACHMENT_TARGET_CITY'),
('SLTH_GREAT_MERCHANT_8', 'MODIFIER_SLTH_GREAT_MERCHANT_ADD_GOLD_SIDAR', 'GREAT_PERSON_ACTION_ATTACHMENT_TARGET_CITY'),
('SLTH_GREAT_MERCHANT_9', 'MODIFIER_SLTH_GREAT_MERCHANT_ADD_GOLD_SIDAR', 'GREAT_PERSON_ACTION_ATTACHMENT_TARGET_CITY'),
('SLTH_GREAT_MERCHANT_10', 'MODIFIER_SLTH_GREAT_MERCHANT_ADD_GOLD_SIDAR', 'GREAT_PERSON_ACTION_ATTACHMENT_TARGET_CITY'),
('SLTH_GREAT_MERCHANT_11', 'MODIFIER_SLTH_GREAT_MERCHANT_ADD_GOLD_SIDAR', 'GREAT_PERSON_ACTION_ATTACHMENT_TARGET_CITY'),
('SLTH_GREAT_MERCHANT_12', 'MODIFIER_SLTH_GREAT_MERCHANT_ADD_GOLD_SIDAR', 'GREAT_PERSON_ACTION_ATTACHMENT_TARGET_CITY'),
('SLTH_GREAT_MERCHANT_13', 'MODIFIER_SLTH_GREAT_MERCHANT_ADD_GOLD_SIDAR', 'GREAT_PERSON_ACTION_ATTACHMENT_TARGET_CITY'),
('SLTH_GREAT_MERCHANT_14', 'MODIFIER_SLTH_GREAT_MERCHANT_ADD_GOLD_SIDAR', 'GREAT_PERSON_ACTION_ATTACHMENT_TARGET_CITY'),
('SLTH_GREAT_MERCHANT_15', 'MODIFIER_SLTH_GREAT_MERCHANT_ADD_GOLD_SIDAR', 'GREAT_PERSON_ACTION_ATTACHMENT_TARGET_CITY'),
('SLTH_GREAT_MERCHANT_16', 'MODIFIER_SLTH_GREAT_MERCHANT_ADD_GOLD_SIDAR', 'GREAT_PERSON_ACTION_ATTACHMENT_TARGET_CITY'),
('SLTH_GREAT_MERCHANT_17', 'MODIFIER_SLTH_GREAT_MERCHANT_ADD_GOLD_SIDAR', 'GREAT_PERSON_ACTION_ATTACHMENT_TARGET_CITY'),
('SLTH_GREAT_MERCHANT_18', 'MODIFIER_SLTH_GREAT_MERCHANT_ADD_GOLD_SIDAR', 'GREAT_PERSON_ACTION_ATTACHMENT_TARGET_CITY'),
('SLTH_GREAT_MERCHANT_19', 'MODIFIER_SLTH_GREAT_MERCHANT_ADD_GOLD_SIDAR', 'GREAT_PERSON_ACTION_ATTACHMENT_TARGET_CITY'),
('SLTH_GREAT_MERCHANT_20', 'MODIFIER_SLTH_GREAT_MERCHANT_ADD_GOLD_SIDAR', 'GREAT_PERSON_ACTION_ATTACHMENT_TARGET_CITY'),
('SLTH_GREAT_PROPHET_1', 'MODIFIER_SLTH_GREAT_PROPHET_ADD_PROD', 'GREAT_PERSON_ACTION_ATTACHMENT_TARGET_CITY'),
('SLTH_GREAT_PROPHET_2', 'MODIFIER_SLTH_GREAT_PROPHET_ADD_PROD', 'GREAT_PERSON_ACTION_ATTACHMENT_TARGET_CITY'),
('SLTH_GREAT_PROPHET_3', 'MODIFIER_SLTH_GREAT_PROPHET_ADD_PROD', 'GREAT_PERSON_ACTION_ATTACHMENT_TARGET_CITY'),
('SLTH_GREAT_PROPHET_4', 'MODIFIER_SLTH_GREAT_PROPHET_ADD_PROD', 'GREAT_PERSON_ACTION_ATTACHMENT_TARGET_CITY'),
('SLTH_GREAT_PROPHET_5', 'MODIFIER_SLTH_GREAT_PROPHET_ADD_PROD', 'GREAT_PERSON_ACTION_ATTACHMENT_TARGET_CITY'),
('SLTH_GREAT_PROPHET_6', 'MODIFIER_SLTH_GREAT_PROPHET_ADD_PROD', 'GREAT_PERSON_ACTION_ATTACHMENT_TARGET_CITY'),
('SLTH_GREAT_PROPHET_7', 'MODIFIER_SLTH_GREAT_PROPHET_ADD_PROD', 'GREAT_PERSON_ACTION_ATTACHMENT_TARGET_CITY'),
('SLTH_GREAT_PROPHET_8', 'MODIFIER_SLTH_GREAT_PROPHET_ADD_PROD', 'GREAT_PERSON_ACTION_ATTACHMENT_TARGET_CITY'),
('SLTH_GREAT_PROPHET_9', 'MODIFIER_SLTH_GREAT_PROPHET_ADD_PROD', 'GREAT_PERSON_ACTION_ATTACHMENT_TARGET_CITY'),
('SLTH_GREAT_PROPHET_10', 'MODIFIER_SLTH_GREAT_PROPHET_ADD_PROD', 'GREAT_PERSON_ACTION_ATTACHMENT_TARGET_CITY'),
('SLTH_GREAT_PROPHET_11', 'MODIFIER_SLTH_GREAT_PROPHET_ADD_PROD', 'GREAT_PERSON_ACTION_ATTACHMENT_TARGET_CITY'),
('SLTH_GREAT_PROPHET_12', 'MODIFIER_SLTH_GREAT_PROPHET_ADD_PROD', 'GREAT_PERSON_ACTION_ATTACHMENT_TARGET_CITY'),
('SLTH_GREAT_PROPHET_13', 'MODIFIER_SLTH_GREAT_PROPHET_ADD_PROD', 'GREAT_PERSON_ACTION_ATTACHMENT_TARGET_CITY'),
('SLTH_GREAT_PROPHET_14', 'MODIFIER_SLTH_GREAT_PROPHET_ADD_PROD', 'GREAT_PERSON_ACTION_ATTACHMENT_TARGET_CITY'),
('SLTH_GREAT_PROPHET_15', 'MODIFIER_SLTH_GREAT_PROPHET_ADD_PROD', 'GREAT_PERSON_ACTION_ATTACHMENT_TARGET_CITY'),
('SLTH_GREAT_PROPHET_16', 'MODIFIER_SLTH_GREAT_PROPHET_ADD_PROD', 'GREAT_PERSON_ACTION_ATTACHMENT_TARGET_CITY'),
('SLTH_GREAT_PROPHET_17', 'MODIFIER_SLTH_GREAT_PROPHET_ADD_PROD', 'GREAT_PERSON_ACTION_ATTACHMENT_TARGET_CITY'),
('SLTH_GREAT_PROPHET_18', 'MODIFIER_SLTH_GREAT_PROPHET_ADD_PROD', 'GREAT_PERSON_ACTION_ATTACHMENT_TARGET_CITY'),
('SLTH_GREAT_PROPHET_19', 'MODIFIER_SLTH_GREAT_PROPHET_ADD_PROD', 'GREAT_PERSON_ACTION_ATTACHMENT_TARGET_CITY'),
('SLTH_GREAT_PROPHET_20', 'MODIFIER_SLTH_GREAT_PROPHET_ADD_PROD', 'GREAT_PERSON_ACTION_ATTACHMENT_TARGET_CITY'),
('SLTH_GREAT_PROPHET_1', 'MODIFIER_SLTH_GREAT_PROPHET_ADD_GOLD', 'GREAT_PERSON_ACTION_ATTACHMENT_TARGET_CITY'),
('SLTH_GREAT_PROPHET_2', 'MODIFIER_SLTH_GREAT_PROPHET_ADD_GOLD', 'GREAT_PERSON_ACTION_ATTACHMENT_TARGET_CITY'),
('SLTH_GREAT_PROPHET_3', 'MODIFIER_SLTH_GREAT_PROPHET_ADD_GOLD', 'GREAT_PERSON_ACTION_ATTACHMENT_TARGET_CITY'),
('SLTH_GREAT_PROPHET_4', 'MODIFIER_SLTH_GREAT_PROPHET_ADD_GOLD', 'GREAT_PERSON_ACTION_ATTACHMENT_TARGET_CITY'),
('SLTH_GREAT_PROPHET_5', 'MODIFIER_SLTH_GREAT_PROPHET_ADD_GOLD', 'GREAT_PERSON_ACTION_ATTACHMENT_TARGET_CITY'),
('SLTH_GREAT_PROPHET_6', 'MODIFIER_SLTH_GREAT_PROPHET_ADD_GOLD', 'GREAT_PERSON_ACTION_ATTACHMENT_TARGET_CITY'),
('SLTH_GREAT_PROPHET_7', 'MODIFIER_SLTH_GREAT_PROPHET_ADD_GOLD', 'GREAT_PERSON_ACTION_ATTACHMENT_TARGET_CITY'),
('SLTH_GREAT_PROPHET_8', 'MODIFIER_SLTH_GREAT_PROPHET_ADD_GOLD', 'GREAT_PERSON_ACTION_ATTACHMENT_TARGET_CITY'),
('SLTH_GREAT_PROPHET_9', 'MODIFIER_SLTH_GREAT_PROPHET_ADD_GOLD', 'GREAT_PERSON_ACTION_ATTACHMENT_TARGET_CITY'),
('SLTH_GREAT_PROPHET_10', 'MODIFIER_SLTH_GREAT_PROPHET_ADD_GOLD', 'GREAT_PERSON_ACTION_ATTACHMENT_TARGET_CITY'),
('SLTH_GREAT_PROPHET_11', 'MODIFIER_SLTH_GREAT_PROPHET_ADD_GOLD', 'GREAT_PERSON_ACTION_ATTACHMENT_TARGET_CITY'),
('SLTH_GREAT_PROPHET_12', 'MODIFIER_SLTH_GREAT_PROPHET_ADD_GOLD', 'GREAT_PERSON_ACTION_ATTACHMENT_TARGET_CITY'),
('SLTH_GREAT_PROPHET_13', 'MODIFIER_SLTH_GREAT_PROPHET_ADD_GOLD', 'GREAT_PERSON_ACTION_ATTACHMENT_TARGET_CITY'),
('SLTH_GREAT_PROPHET_14', 'MODIFIER_SLTH_GREAT_PROPHET_ADD_GOLD', 'GREAT_PERSON_ACTION_ATTACHMENT_TARGET_CITY'),
('SLTH_GREAT_PROPHET_15', 'MODIFIER_SLTH_GREAT_PROPHET_ADD_GOLD', 'GREAT_PERSON_ACTION_ATTACHMENT_TARGET_CITY'),
('SLTH_GREAT_PROPHET_16', 'MODIFIER_SLTH_GREAT_PROPHET_ADD_GOLD', 'GREAT_PERSON_ACTION_ATTACHMENT_TARGET_CITY'),
('SLTH_GREAT_PROPHET_17', 'MODIFIER_SLTH_GREAT_PROPHET_ADD_GOLD', 'GREAT_PERSON_ACTION_ATTACHMENT_TARGET_CITY'),
('SLTH_GREAT_PROPHET_18', 'MODIFIER_SLTH_GREAT_PROPHET_ADD_GOLD', 'GREAT_PERSON_ACTION_ATTACHMENT_TARGET_CITY'),
('SLTH_GREAT_PROPHET_19', 'MODIFIER_SLTH_GREAT_PROPHET_ADD_GOLD', 'GREAT_PERSON_ACTION_ATTACHMENT_TARGET_CITY'),
('SLTH_GREAT_PROPHET_20', 'MODIFIER_SLTH_GREAT_PROPHET_ADD_GOLD', 'GREAT_PERSON_ACTION_ATTACHMENT_TARGET_CITY'),
('SLTH_GREAT_PROPHET_1', 'MODIFIER_SLTH_GREAT_PROPHET_ADD_PROD_BLESSED', 'GREAT_PERSON_ACTION_ATTACHMENT_TARGET_CITY'),
('SLTH_GREAT_PROPHET_2', 'MODIFIER_SLTH_GREAT_PROPHET_ADD_PROD_BLESSED', 'GREAT_PERSON_ACTION_ATTACHMENT_TARGET_CITY'),
('SLTH_GREAT_PROPHET_3', 'MODIFIER_SLTH_GREAT_PROPHET_ADD_PROD_BLESSED', 'GREAT_PERSON_ACTION_ATTACHMENT_TARGET_CITY'),
('SLTH_GREAT_PROPHET_4', 'MODIFIER_SLTH_GREAT_PROPHET_ADD_PROD_BLESSED', 'GREAT_PERSON_ACTION_ATTACHMENT_TARGET_CITY'),
('SLTH_GREAT_PROPHET_5', 'MODIFIER_SLTH_GREAT_PROPHET_ADD_PROD_BLESSED', 'GREAT_PERSON_ACTION_ATTACHMENT_TARGET_CITY'),
('SLTH_GREAT_PROPHET_6', 'MODIFIER_SLTH_GREAT_PROPHET_ADD_PROD_BLESSED', 'GREAT_PERSON_ACTION_ATTACHMENT_TARGET_CITY'),
('SLTH_GREAT_PROPHET_7', 'MODIFIER_SLTH_GREAT_PROPHET_ADD_PROD_BLESSED', 'GREAT_PERSON_ACTION_ATTACHMENT_TARGET_CITY'),
('SLTH_GREAT_PROPHET_8', 'MODIFIER_SLTH_GREAT_PROPHET_ADD_PROD_BLESSED', 'GREAT_PERSON_ACTION_ATTACHMENT_TARGET_CITY'),
('SLTH_GREAT_PROPHET_9', 'MODIFIER_SLTH_GREAT_PROPHET_ADD_PROD_BLESSED', 'GREAT_PERSON_ACTION_ATTACHMENT_TARGET_CITY'),
('SLTH_GREAT_PROPHET_10', 'MODIFIER_SLTH_GREAT_PROPHET_ADD_PROD_BLESSED', 'GREAT_PERSON_ACTION_ATTACHMENT_TARGET_CITY'),
('SLTH_GREAT_PROPHET_11', 'MODIFIER_SLTH_GREAT_PROPHET_ADD_PROD_BLESSED', 'GREAT_PERSON_ACTION_ATTACHMENT_TARGET_CITY'),
('SLTH_GREAT_PROPHET_12', 'MODIFIER_SLTH_GREAT_PROPHET_ADD_PROD_BLESSED', 'GREAT_PERSON_ACTION_ATTACHMENT_TARGET_CITY'),
('SLTH_GREAT_PROPHET_13', 'MODIFIER_SLTH_GREAT_PROPHET_ADD_PROD_BLESSED', 'GREAT_PERSON_ACTION_ATTACHMENT_TARGET_CITY'),
('SLTH_GREAT_PROPHET_14', 'MODIFIER_SLTH_GREAT_PROPHET_ADD_PROD_BLESSED', 'GREAT_PERSON_ACTION_ATTACHMENT_TARGET_CITY'),
('SLTH_GREAT_PROPHET_15', 'MODIFIER_SLTH_GREAT_PROPHET_ADD_PROD_BLESSED', 'GREAT_PERSON_ACTION_ATTACHMENT_TARGET_CITY'),
('SLTH_GREAT_PROPHET_16', 'MODIFIER_SLTH_GREAT_PROPHET_ADD_PROD_BLESSED', 'GREAT_PERSON_ACTION_ATTACHMENT_TARGET_CITY'),
('SLTH_GREAT_PROPHET_17', 'MODIFIER_SLTH_GREAT_PROPHET_ADD_PROD_BLESSED', 'GREAT_PERSON_ACTION_ATTACHMENT_TARGET_CITY'),
('SLTH_GREAT_PROPHET_18', 'MODIFIER_SLTH_GREAT_PROPHET_ADD_PROD_BLESSED', 'GREAT_PERSON_ACTION_ATTACHMENT_TARGET_CITY'),
('SLTH_GREAT_PROPHET_19', 'MODIFIER_SLTH_GREAT_PROPHET_ADD_PROD_BLESSED', 'GREAT_PERSON_ACTION_ATTACHMENT_TARGET_CITY'),
('SLTH_GREAT_PROPHET_20', 'MODIFIER_SLTH_GREAT_PROPHET_ADD_PROD_BLESSED', 'GREAT_PERSON_ACTION_ATTACHMENT_TARGET_CITY'),
('SLTH_GREAT_PROPHET_1', 'MODIFIER_SLTH_GREAT_PROPHET_ADD_PROD_DIVINE', 'GREAT_PERSON_ACTION_ATTACHMENT_TARGET_CITY'),
('SLTH_GREAT_PROPHET_2', 'MODIFIER_SLTH_GREAT_PROPHET_ADD_PROD_DIVINE', 'GREAT_PERSON_ACTION_ATTACHMENT_TARGET_CITY'),
('SLTH_GREAT_PROPHET_3', 'MODIFIER_SLTH_GREAT_PROPHET_ADD_PROD_DIVINE', 'GREAT_PERSON_ACTION_ATTACHMENT_TARGET_CITY'),
('SLTH_GREAT_PROPHET_4', 'MODIFIER_SLTH_GREAT_PROPHET_ADD_PROD_DIVINE', 'GREAT_PERSON_ACTION_ATTACHMENT_TARGET_CITY'),
('SLTH_GREAT_PROPHET_5', 'MODIFIER_SLTH_GREAT_PROPHET_ADD_PROD_DIVINE', 'GREAT_PERSON_ACTION_ATTACHMENT_TARGET_CITY'),
('SLTH_GREAT_PROPHET_6', 'MODIFIER_SLTH_GREAT_PROPHET_ADD_PROD_DIVINE', 'GREAT_PERSON_ACTION_ATTACHMENT_TARGET_CITY'),
('SLTH_GREAT_PROPHET_7', 'MODIFIER_SLTH_GREAT_PROPHET_ADD_PROD_DIVINE', 'GREAT_PERSON_ACTION_ATTACHMENT_TARGET_CITY'),
('SLTH_GREAT_PROPHET_8', 'MODIFIER_SLTH_GREAT_PROPHET_ADD_PROD_DIVINE', 'GREAT_PERSON_ACTION_ATTACHMENT_TARGET_CITY'),
('SLTH_GREAT_PROPHET_9', 'MODIFIER_SLTH_GREAT_PROPHET_ADD_PROD_DIVINE', 'GREAT_PERSON_ACTION_ATTACHMENT_TARGET_CITY'),
('SLTH_GREAT_PROPHET_10', 'MODIFIER_SLTH_GREAT_PROPHET_ADD_PROD_DIVINE', 'GREAT_PERSON_ACTION_ATTACHMENT_TARGET_CITY'),
('SLTH_GREAT_PROPHET_11', 'MODIFIER_SLTH_GREAT_PROPHET_ADD_PROD_DIVINE', 'GREAT_PERSON_ACTION_ATTACHMENT_TARGET_CITY'),
('SLTH_GREAT_PROPHET_12', 'MODIFIER_SLTH_GREAT_PROPHET_ADD_PROD_DIVINE', 'GREAT_PERSON_ACTION_ATTACHMENT_TARGET_CITY'),
('SLTH_GREAT_PROPHET_13', 'MODIFIER_SLTH_GREAT_PROPHET_ADD_PROD_DIVINE', 'GREAT_PERSON_ACTION_ATTACHMENT_TARGET_CITY'),
('SLTH_GREAT_PROPHET_14', 'MODIFIER_SLTH_GREAT_PROPHET_ADD_PROD_DIVINE', 'GREAT_PERSON_ACTION_ATTACHMENT_TARGET_CITY'),
('SLTH_GREAT_PROPHET_15', 'MODIFIER_SLTH_GREAT_PROPHET_ADD_PROD_DIVINE', 'GREAT_PERSON_ACTION_ATTACHMENT_TARGET_CITY'),
('SLTH_GREAT_PROPHET_16', 'MODIFIER_SLTH_GREAT_PROPHET_ADD_PROD_DIVINE', 'GREAT_PERSON_ACTION_ATTACHMENT_TARGET_CITY'),
('SLTH_GREAT_PROPHET_17', 'MODIFIER_SLTH_GREAT_PROPHET_ADD_PROD_DIVINE', 'GREAT_PERSON_ACTION_ATTACHMENT_TARGET_CITY'),
('SLTH_GREAT_PROPHET_18', 'MODIFIER_SLTH_GREAT_PROPHET_ADD_PROD_DIVINE', 'GREAT_PERSON_ACTION_ATTACHMENT_TARGET_CITY'),
('SLTH_GREAT_PROPHET_19', 'MODIFIER_SLTH_GREAT_PROPHET_ADD_PROD_DIVINE', 'GREAT_PERSON_ACTION_ATTACHMENT_TARGET_CITY'),
('SLTH_GREAT_PROPHET_20', 'MODIFIER_SLTH_GREAT_PROPHET_ADD_PROD_DIVINE', 'GREAT_PERSON_ACTION_ATTACHMENT_TARGET_CITY'),
('SLTH_GREAT_PROPHET_1', 'MODIFIER_SLTH_GREAT_PROPHET_ADD_PROD_FINAL', 'GREAT_PERSON_ACTION_ATTACHMENT_TARGET_CITY'),
('SLTH_GREAT_PROPHET_2', 'MODIFIER_SLTH_GREAT_PROPHET_ADD_PROD_FINAL', 'GREAT_PERSON_ACTION_ATTACHMENT_TARGET_CITY'),
('SLTH_GREAT_PROPHET_3', 'MODIFIER_SLTH_GREAT_PROPHET_ADD_PROD_FINAL', 'GREAT_PERSON_ACTION_ATTACHMENT_TARGET_CITY'),
('SLTH_GREAT_PROPHET_4', 'MODIFIER_SLTH_GREAT_PROPHET_ADD_PROD_FINAL', 'GREAT_PERSON_ACTION_ATTACHMENT_TARGET_CITY'),
('SLTH_GREAT_PROPHET_5', 'MODIFIER_SLTH_GREAT_PROPHET_ADD_PROD_FINAL', 'GREAT_PERSON_ACTION_ATTACHMENT_TARGET_CITY'),
('SLTH_GREAT_PROPHET_6', 'MODIFIER_SLTH_GREAT_PROPHET_ADD_PROD_FINAL', 'GREAT_PERSON_ACTION_ATTACHMENT_TARGET_CITY'),
('SLTH_GREAT_PROPHET_7', 'MODIFIER_SLTH_GREAT_PROPHET_ADD_PROD_FINAL', 'GREAT_PERSON_ACTION_ATTACHMENT_TARGET_CITY'),
('SLTH_GREAT_PROPHET_8', 'MODIFIER_SLTH_GREAT_PROPHET_ADD_PROD_FINAL', 'GREAT_PERSON_ACTION_ATTACHMENT_TARGET_CITY'),
('SLTH_GREAT_PROPHET_9', 'MODIFIER_SLTH_GREAT_PROPHET_ADD_PROD_FINAL', 'GREAT_PERSON_ACTION_ATTACHMENT_TARGET_CITY'),
('SLTH_GREAT_PROPHET_10', 'MODIFIER_SLTH_GREAT_PROPHET_ADD_PROD_FINAL', 'GREAT_PERSON_ACTION_ATTACHMENT_TARGET_CITY'),
('SLTH_GREAT_PROPHET_11', 'MODIFIER_SLTH_GREAT_PROPHET_ADD_PROD_FINAL', 'GREAT_PERSON_ACTION_ATTACHMENT_TARGET_CITY'),
('SLTH_GREAT_PROPHET_12', 'MODIFIER_SLTH_GREAT_PROPHET_ADD_PROD_FINAL', 'GREAT_PERSON_ACTION_ATTACHMENT_TARGET_CITY'),
('SLTH_GREAT_PROPHET_13', 'MODIFIER_SLTH_GREAT_PROPHET_ADD_PROD_FINAL', 'GREAT_PERSON_ACTION_ATTACHMENT_TARGET_CITY'),
('SLTH_GREAT_PROPHET_14', 'MODIFIER_SLTH_GREAT_PROPHET_ADD_PROD_FINAL', 'GREAT_PERSON_ACTION_ATTACHMENT_TARGET_CITY'),
('SLTH_GREAT_PROPHET_15', 'MODIFIER_SLTH_GREAT_PROPHET_ADD_PROD_FINAL', 'GREAT_PERSON_ACTION_ATTACHMENT_TARGET_CITY'),
('SLTH_GREAT_PROPHET_16', 'MODIFIER_SLTH_GREAT_PROPHET_ADD_PROD_FINAL', 'GREAT_PERSON_ACTION_ATTACHMENT_TARGET_CITY'),
('SLTH_GREAT_PROPHET_17', 'MODIFIER_SLTH_GREAT_PROPHET_ADD_PROD_FINAL', 'GREAT_PERSON_ACTION_ATTACHMENT_TARGET_CITY'),
('SLTH_GREAT_PROPHET_18', 'MODIFIER_SLTH_GREAT_PROPHET_ADD_PROD_FINAL', 'GREAT_PERSON_ACTION_ATTACHMENT_TARGET_CITY'),
('SLTH_GREAT_PROPHET_19', 'MODIFIER_SLTH_GREAT_PROPHET_ADD_PROD_FINAL', 'GREAT_PERSON_ACTION_ATTACHMENT_TARGET_CITY'),
('SLTH_GREAT_PROPHET_20', 'MODIFIER_SLTH_GREAT_PROPHET_ADD_PROD_FINAL', 'GREAT_PERSON_ACTION_ATTACHMENT_TARGET_CITY');

-- All Specialist Modifier bonuses
INSERT INTO GreatPersonIndividualActionModifiers (GreatPersonIndividualType, ModifierId, AttachmentTargetType) VALUES
('SLTH_GREAT_SCIENTIST_1', 'MODIFIER_SLTH_GREAT_PERSON_ADD_CULTURE_HALL_OF_KINGS', 'GREAT_PERSON_ACTION_ATTACHMENT_TARGET_CITY'),
('SLTH_GREAT_SCIENTIST_2', 'MODIFIER_SLTH_GREAT_PERSON_ADD_CULTURE_HALL_OF_KINGS', 'GREAT_PERSON_ACTION_ATTACHMENT_TARGET_CITY'),
('SLTH_GREAT_SCIENTIST_3', 'MODIFIER_SLTH_GREAT_PERSON_ADD_CULTURE_HALL_OF_KINGS', 'GREAT_PERSON_ACTION_ATTACHMENT_TARGET_CITY'),
('SLTH_GREAT_SCIENTIST_4', 'MODIFIER_SLTH_GREAT_PERSON_ADD_CULTURE_HALL_OF_KINGS', 'GREAT_PERSON_ACTION_ATTACHMENT_TARGET_CITY'),
('SLTH_GREAT_SCIENTIST_5', 'MODIFIER_SLTH_GREAT_PERSON_ADD_CULTURE_HALL_OF_KINGS', 'GREAT_PERSON_ACTION_ATTACHMENT_TARGET_CITY'),
('SLTH_GREAT_SCIENTIST_6', 'MODIFIER_SLTH_GREAT_PERSON_ADD_CULTURE_HALL_OF_KINGS', 'GREAT_PERSON_ACTION_ATTACHMENT_TARGET_CITY'),
('SLTH_GREAT_SCIENTIST_7', 'MODIFIER_SLTH_GREAT_PERSON_ADD_CULTURE_HALL_OF_KINGS', 'GREAT_PERSON_ACTION_ATTACHMENT_TARGET_CITY'),
('SLTH_GREAT_SCIENTIST_8', 'MODIFIER_SLTH_GREAT_PERSON_ADD_CULTURE_HALL_OF_KINGS', 'GREAT_PERSON_ACTION_ATTACHMENT_TARGET_CITY'),
('SLTH_GREAT_SCIENTIST_9', 'MODIFIER_SLTH_GREAT_PERSON_ADD_CULTURE_HALL_OF_KINGS', 'GREAT_PERSON_ACTION_ATTACHMENT_TARGET_CITY'),
('SLTH_GREAT_SCIENTIST_10', 'MODIFIER_SLTH_GREAT_PERSON_ADD_CULTURE_HALL_OF_KINGS', 'GREAT_PERSON_ACTION_ATTACHMENT_TARGET_CITY'),
('SLTH_GREAT_SCIENTIST_11', 'MODIFIER_SLTH_GREAT_PERSON_ADD_CULTURE_HALL_OF_KINGS', 'GREAT_PERSON_ACTION_ATTACHMENT_TARGET_CITY'),
('SLTH_GREAT_SCIENTIST_12', 'MODIFIER_SLTH_GREAT_PERSON_ADD_CULTURE_HALL_OF_KINGS', 'GREAT_PERSON_ACTION_ATTACHMENT_TARGET_CITY'),
('SLTH_GREAT_SCIENTIST_13', 'MODIFIER_SLTH_GREAT_PERSON_ADD_CULTURE_HALL_OF_KINGS', 'GREAT_PERSON_ACTION_ATTACHMENT_TARGET_CITY'),
('SLTH_GREAT_SCIENTIST_14', 'MODIFIER_SLTH_GREAT_PERSON_ADD_CULTURE_HALL_OF_KINGS', 'GREAT_PERSON_ACTION_ATTACHMENT_TARGET_CITY'),
('SLTH_GREAT_SCIENTIST_15', 'MODIFIER_SLTH_GREAT_PERSON_ADD_CULTURE_HALL_OF_KINGS', 'GREAT_PERSON_ACTION_ATTACHMENT_TARGET_CITY'),
('SLTH_GREAT_SCIENTIST_16', 'MODIFIER_SLTH_GREAT_PERSON_ADD_CULTURE_HALL_OF_KINGS', 'GREAT_PERSON_ACTION_ATTACHMENT_TARGET_CITY'),
('SLTH_GREAT_SCIENTIST_17', 'MODIFIER_SLTH_GREAT_PERSON_ADD_CULTURE_HALL_OF_KINGS', 'GREAT_PERSON_ACTION_ATTACHMENT_TARGET_CITY'),
('SLTH_GREAT_SCIENTIST_18', 'MODIFIER_SLTH_GREAT_PERSON_ADD_CULTURE_HALL_OF_KINGS', 'GREAT_PERSON_ACTION_ATTACHMENT_TARGET_CITY'),
('SLTH_GREAT_SCIENTIST_19', 'MODIFIER_SLTH_GREAT_PERSON_ADD_CULTURE_HALL_OF_KINGS', 'GREAT_PERSON_ACTION_ATTACHMENT_TARGET_CITY'),
('SLTH_GREAT_SCIENTIST_20', 'MODIFIER_SLTH_GREAT_PERSON_ADD_CULTURE_HALL_OF_KINGS', 'GREAT_PERSON_ACTION_ATTACHMENT_TARGET_CITY'),
('SLTH_GREAT_SCIENTIST_1', 'MODIFIER_SLTH_GREAT_PERSON_ADD_SCIENCE_CASTE_SYSTEM', 'GREAT_PERSON_ACTION_ATTACHMENT_TARGET_CITY'),
('SLTH_GREAT_SCIENTIST_2', 'MODIFIER_SLTH_GREAT_PERSON_ADD_SCIENCE_CASTE_SYSTEM', 'GREAT_PERSON_ACTION_ATTACHMENT_TARGET_CITY'),
('SLTH_GREAT_SCIENTIST_3', 'MODIFIER_SLTH_GREAT_PERSON_ADD_SCIENCE_CASTE_SYSTEM', 'GREAT_PERSON_ACTION_ATTACHMENT_TARGET_CITY'),
('SLTH_GREAT_SCIENTIST_4', 'MODIFIER_SLTH_GREAT_PERSON_ADD_SCIENCE_CASTE_SYSTEM', 'GREAT_PERSON_ACTION_ATTACHMENT_TARGET_CITY'),
('SLTH_GREAT_SCIENTIST_5', 'MODIFIER_SLTH_GREAT_PERSON_ADD_SCIENCE_CASTE_SYSTEM', 'GREAT_PERSON_ACTION_ATTACHMENT_TARGET_CITY'),
('SLTH_GREAT_SCIENTIST_6', 'MODIFIER_SLTH_GREAT_PERSON_ADD_SCIENCE_CASTE_SYSTEM', 'GREAT_PERSON_ACTION_ATTACHMENT_TARGET_CITY'),
('SLTH_GREAT_SCIENTIST_7', 'MODIFIER_SLTH_GREAT_PERSON_ADD_SCIENCE_CASTE_SYSTEM', 'GREAT_PERSON_ACTION_ATTACHMENT_TARGET_CITY'),
('SLTH_GREAT_SCIENTIST_8', 'MODIFIER_SLTH_GREAT_PERSON_ADD_SCIENCE_CASTE_SYSTEM', 'GREAT_PERSON_ACTION_ATTACHMENT_TARGET_CITY'),
('SLTH_GREAT_SCIENTIST_9', 'MODIFIER_SLTH_GREAT_PERSON_ADD_SCIENCE_CASTE_SYSTEM', 'GREAT_PERSON_ACTION_ATTACHMENT_TARGET_CITY'),
('SLTH_GREAT_SCIENTIST_10', 'MODIFIER_SLTH_GREAT_PERSON_ADD_SCIENCE_CASTE_SYSTEM', 'GREAT_PERSON_ACTION_ATTACHMENT_TARGET_CITY'),
('SLTH_GREAT_SCIENTIST_11', 'MODIFIER_SLTH_GREAT_PERSON_ADD_SCIENCE_CASTE_SYSTEM', 'GREAT_PERSON_ACTION_ATTACHMENT_TARGET_CITY'),
('SLTH_GREAT_SCIENTIST_12', 'MODIFIER_SLTH_GREAT_PERSON_ADD_SCIENCE_CASTE_SYSTEM', 'GREAT_PERSON_ACTION_ATTACHMENT_TARGET_CITY'),
('SLTH_GREAT_SCIENTIST_13', 'MODIFIER_SLTH_GREAT_PERSON_ADD_SCIENCE_CASTE_SYSTEM', 'GREAT_PERSON_ACTION_ATTACHMENT_TARGET_CITY'),
('SLTH_GREAT_SCIENTIST_14', 'MODIFIER_SLTH_GREAT_PERSON_ADD_SCIENCE_CASTE_SYSTEM', 'GREAT_PERSON_ACTION_ATTACHMENT_TARGET_CITY'),
('SLTH_GREAT_SCIENTIST_15', 'MODIFIER_SLTH_GREAT_PERSON_ADD_SCIENCE_CASTE_SYSTEM', 'GREAT_PERSON_ACTION_ATTACHMENT_TARGET_CITY'),
('SLTH_GREAT_SCIENTIST_16', 'MODIFIER_SLTH_GREAT_PERSON_ADD_SCIENCE_CASTE_SYSTEM', 'GREAT_PERSON_ACTION_ATTACHMENT_TARGET_CITY'),
('SLTH_GREAT_SCIENTIST_17', 'MODIFIER_SLTH_GREAT_PERSON_ADD_SCIENCE_CASTE_SYSTEM', 'GREAT_PERSON_ACTION_ATTACHMENT_TARGET_CITY'),
('SLTH_GREAT_SCIENTIST_18', 'MODIFIER_SLTH_GREAT_PERSON_ADD_SCIENCE_CASTE_SYSTEM', 'GREAT_PERSON_ACTION_ATTACHMENT_TARGET_CITY'),
('SLTH_GREAT_SCIENTIST_19', 'MODIFIER_SLTH_GREAT_PERSON_ADD_SCIENCE_CASTE_SYSTEM', 'GREAT_PERSON_ACTION_ATTACHMENT_TARGET_CITY'),
('SLTH_GREAT_SCIENTIST_20', 'MODIFIER_SLTH_GREAT_PERSON_ADD_SCIENCE_CASTE_SYSTEM', 'GREAT_PERSON_ACTION_ATTACHMENT_TARGET_CITY'),
('SLTH_GREAT_SCIENTIST_1', 'MODIFIER_SLTH_GREAT_PERSON_ADD_CULTURE_CASTE_SYSTEM', 'GREAT_PERSON_ACTION_ATTACHMENT_TARGET_CITY'),
('SLTH_GREAT_SCIENTIST_2', 'MODIFIER_SLTH_GREAT_PERSON_ADD_CULTURE_CASTE_SYSTEM', 'GREAT_PERSON_ACTION_ATTACHMENT_TARGET_CITY'),
('SLTH_GREAT_SCIENTIST_3', 'MODIFIER_SLTH_GREAT_PERSON_ADD_CULTURE_CASTE_SYSTEM', 'GREAT_PERSON_ACTION_ATTACHMENT_TARGET_CITY'),
('SLTH_GREAT_SCIENTIST_4', 'MODIFIER_SLTH_GREAT_PERSON_ADD_CULTURE_CASTE_SYSTEM', 'GREAT_PERSON_ACTION_ATTACHMENT_TARGET_CITY'),
('SLTH_GREAT_SCIENTIST_5', 'MODIFIER_SLTH_GREAT_PERSON_ADD_CULTURE_CASTE_SYSTEM', 'GREAT_PERSON_ACTION_ATTACHMENT_TARGET_CITY'),
('SLTH_GREAT_SCIENTIST_6', 'MODIFIER_SLTH_GREAT_PERSON_ADD_CULTURE_CASTE_SYSTEM', 'GREAT_PERSON_ACTION_ATTACHMENT_TARGET_CITY'),
('SLTH_GREAT_SCIENTIST_7', 'MODIFIER_SLTH_GREAT_PERSON_ADD_CULTURE_CASTE_SYSTEM', 'GREAT_PERSON_ACTION_ATTACHMENT_TARGET_CITY'),
('SLTH_GREAT_SCIENTIST_8', 'MODIFIER_SLTH_GREAT_PERSON_ADD_CULTURE_CASTE_SYSTEM', 'GREAT_PERSON_ACTION_ATTACHMENT_TARGET_CITY'),
('SLTH_GREAT_SCIENTIST_9', 'MODIFIER_SLTH_GREAT_PERSON_ADD_CULTURE_CASTE_SYSTEM', 'GREAT_PERSON_ACTION_ATTACHMENT_TARGET_CITY'),
('SLTH_GREAT_SCIENTIST_10', 'MODIFIER_SLTH_GREAT_PERSON_ADD_CULTURE_CASTE_SYSTEM', 'GREAT_PERSON_ACTION_ATTACHMENT_TARGET_CITY'),
('SLTH_GREAT_SCIENTIST_11', 'MODIFIER_SLTH_GREAT_PERSON_ADD_CULTURE_CASTE_SYSTEM', 'GREAT_PERSON_ACTION_ATTACHMENT_TARGET_CITY'),
('SLTH_GREAT_SCIENTIST_12', 'MODIFIER_SLTH_GREAT_PERSON_ADD_CULTURE_CASTE_SYSTEM', 'GREAT_PERSON_ACTION_ATTACHMENT_TARGET_CITY'),
('SLTH_GREAT_SCIENTIST_13', 'MODIFIER_SLTH_GREAT_PERSON_ADD_CULTURE_CASTE_SYSTEM', 'GREAT_PERSON_ACTION_ATTACHMENT_TARGET_CITY'),
('SLTH_GREAT_SCIENTIST_14', 'MODIFIER_SLTH_GREAT_PERSON_ADD_CULTURE_CASTE_SYSTEM', 'GREAT_PERSON_ACTION_ATTACHMENT_TARGET_CITY'),
('SLTH_GREAT_SCIENTIST_15', 'MODIFIER_SLTH_GREAT_PERSON_ADD_CULTURE_CASTE_SYSTEM', 'GREAT_PERSON_ACTION_ATTACHMENT_TARGET_CITY'),
('SLTH_GREAT_SCIENTIST_16', 'MODIFIER_SLTH_GREAT_PERSON_ADD_CULTURE_CASTE_SYSTEM', 'GREAT_PERSON_ACTION_ATTACHMENT_TARGET_CITY'),
('SLTH_GREAT_SCIENTIST_17', 'MODIFIER_SLTH_GREAT_PERSON_ADD_CULTURE_CASTE_SYSTEM', 'GREAT_PERSON_ACTION_ATTACHMENT_TARGET_CITY'),
('SLTH_GREAT_SCIENTIST_18', 'MODIFIER_SLTH_GREAT_PERSON_ADD_CULTURE_CASTE_SYSTEM', 'GREAT_PERSON_ACTION_ATTACHMENT_TARGET_CITY'),
('SLTH_GREAT_SCIENTIST_19', 'MODIFIER_SLTH_GREAT_PERSON_ADD_CULTURE_CASTE_SYSTEM', 'GREAT_PERSON_ACTION_ATTACHMENT_TARGET_CITY'),
('SLTH_GREAT_SCIENTIST_20', 'MODIFIER_SLTH_GREAT_PERSON_ADD_CULTURE_CASTE_SYSTEM', 'GREAT_PERSON_ACTION_ATTACHMENT_TARGET_CITY'),
('SLTH_GREAT_SCIENTIST_1', 'MODIFIER_SLTH_GREAT_PERSON_ADD_SCIENCE_SCHOLARSHIP', 'GREAT_PERSON_ACTION_ATTACHMENT_TARGET_CITY'),
('SLTH_GREAT_SCIENTIST_2', 'MODIFIER_SLTH_GREAT_PERSON_ADD_SCIENCE_SCHOLARSHIP', 'GREAT_PERSON_ACTION_ATTACHMENT_TARGET_CITY'),
('SLTH_GREAT_SCIENTIST_3', 'MODIFIER_SLTH_GREAT_PERSON_ADD_SCIENCE_SCHOLARSHIP', 'GREAT_PERSON_ACTION_ATTACHMENT_TARGET_CITY'),
('SLTH_GREAT_SCIENTIST_4', 'MODIFIER_SLTH_GREAT_PERSON_ADD_SCIENCE_SCHOLARSHIP', 'GREAT_PERSON_ACTION_ATTACHMENT_TARGET_CITY'),
('SLTH_GREAT_SCIENTIST_5', 'MODIFIER_SLTH_GREAT_PERSON_ADD_SCIENCE_SCHOLARSHIP', 'GREAT_PERSON_ACTION_ATTACHMENT_TARGET_CITY'),
('SLTH_GREAT_SCIENTIST_6', 'MODIFIER_SLTH_GREAT_PERSON_ADD_SCIENCE_SCHOLARSHIP', 'GREAT_PERSON_ACTION_ATTACHMENT_TARGET_CITY'),
('SLTH_GREAT_SCIENTIST_7', 'MODIFIER_SLTH_GREAT_PERSON_ADD_SCIENCE_SCHOLARSHIP', 'GREAT_PERSON_ACTION_ATTACHMENT_TARGET_CITY'),
('SLTH_GREAT_SCIENTIST_8', 'MODIFIER_SLTH_GREAT_PERSON_ADD_SCIENCE_SCHOLARSHIP', 'GREAT_PERSON_ACTION_ATTACHMENT_TARGET_CITY'),
('SLTH_GREAT_SCIENTIST_9', 'MODIFIER_SLTH_GREAT_PERSON_ADD_SCIENCE_SCHOLARSHIP', 'GREAT_PERSON_ACTION_ATTACHMENT_TARGET_CITY'),
('SLTH_GREAT_SCIENTIST_10', 'MODIFIER_SLTH_GREAT_PERSON_ADD_SCIENCE_SCHOLARSHIP', 'GREAT_PERSON_ACTION_ATTACHMENT_TARGET_CITY'),
('SLTH_GREAT_SCIENTIST_11', 'MODIFIER_SLTH_GREAT_PERSON_ADD_SCIENCE_SCHOLARSHIP', 'GREAT_PERSON_ACTION_ATTACHMENT_TARGET_CITY'),
('SLTH_GREAT_SCIENTIST_12', 'MODIFIER_SLTH_GREAT_PERSON_ADD_SCIENCE_SCHOLARSHIP', 'GREAT_PERSON_ACTION_ATTACHMENT_TARGET_CITY'),
('SLTH_GREAT_SCIENTIST_13', 'MODIFIER_SLTH_GREAT_PERSON_ADD_SCIENCE_SCHOLARSHIP', 'GREAT_PERSON_ACTION_ATTACHMENT_TARGET_CITY'),
('SLTH_GREAT_SCIENTIST_14', 'MODIFIER_SLTH_GREAT_PERSON_ADD_SCIENCE_SCHOLARSHIP', 'GREAT_PERSON_ACTION_ATTACHMENT_TARGET_CITY'),
('SLTH_GREAT_SCIENTIST_15', 'MODIFIER_SLTH_GREAT_PERSON_ADD_SCIENCE_SCHOLARSHIP', 'GREAT_PERSON_ACTION_ATTACHMENT_TARGET_CITY'),
('SLTH_GREAT_SCIENTIST_16', 'MODIFIER_SLTH_GREAT_PERSON_ADD_SCIENCE_SCHOLARSHIP', 'GREAT_PERSON_ACTION_ATTACHMENT_TARGET_CITY'),
('SLTH_GREAT_SCIENTIST_17', 'MODIFIER_SLTH_GREAT_PERSON_ADD_SCIENCE_SCHOLARSHIP', 'GREAT_PERSON_ACTION_ATTACHMENT_TARGET_CITY'),
('SLTH_GREAT_SCIENTIST_18', 'MODIFIER_SLTH_GREAT_PERSON_ADD_SCIENCE_SCHOLARSHIP', 'GREAT_PERSON_ACTION_ATTACHMENT_TARGET_CITY'),
('SLTH_GREAT_SCIENTIST_19', 'MODIFIER_SLTH_GREAT_PERSON_ADD_SCIENCE_SCHOLARSHIP', 'GREAT_PERSON_ACTION_ATTACHMENT_TARGET_CITY'),
('SLTH_GREAT_SCIENTIST_20', 'MODIFIER_SLTH_GREAT_PERSON_ADD_SCIENCE_SCHOLARSHIP', 'GREAT_PERSON_ACTION_ATTACHMENT_TARGET_CITY'),
('SLTH_GREAT_ARTIST_1', 'MODIFIER_SLTH_GREAT_PERSON_ADD_CULTURE_HALL_OF_KINGS', 'GREAT_PERSON_ACTION_ATTACHMENT_TARGET_CITY'),
('SLTH_GREAT_ARTIST_2', 'MODIFIER_SLTH_GREAT_PERSON_ADD_CULTURE_HALL_OF_KINGS', 'GREAT_PERSON_ACTION_ATTACHMENT_TARGET_CITY'),
('SLTH_GREAT_ARTIST_3', 'MODIFIER_SLTH_GREAT_PERSON_ADD_CULTURE_HALL_OF_KINGS', 'GREAT_PERSON_ACTION_ATTACHMENT_TARGET_CITY'),
('SLTH_GREAT_ARTIST_4', 'MODIFIER_SLTH_GREAT_PERSON_ADD_CULTURE_HALL_OF_KINGS', 'GREAT_PERSON_ACTION_ATTACHMENT_TARGET_CITY'),
('SLTH_GREAT_ARTIST_5', 'MODIFIER_SLTH_GREAT_PERSON_ADD_CULTURE_HALL_OF_KINGS', 'GREAT_PERSON_ACTION_ATTACHMENT_TARGET_CITY'),
('SLTH_GREAT_ARTIST_6', 'MODIFIER_SLTH_GREAT_PERSON_ADD_CULTURE_HALL_OF_KINGS', 'GREAT_PERSON_ACTION_ATTACHMENT_TARGET_CITY'),
('SLTH_GREAT_ARTIST_7', 'MODIFIER_SLTH_GREAT_PERSON_ADD_CULTURE_HALL_OF_KINGS', 'GREAT_PERSON_ACTION_ATTACHMENT_TARGET_CITY'),
('SLTH_GREAT_ARTIST_8', 'MODIFIER_SLTH_GREAT_PERSON_ADD_CULTURE_HALL_OF_KINGS', 'GREAT_PERSON_ACTION_ATTACHMENT_TARGET_CITY'),
('SLTH_GREAT_ARTIST_9', 'MODIFIER_SLTH_GREAT_PERSON_ADD_CULTURE_HALL_OF_KINGS', 'GREAT_PERSON_ACTION_ATTACHMENT_TARGET_CITY'),
('SLTH_GREAT_ARTIST_10', 'MODIFIER_SLTH_GREAT_PERSON_ADD_CULTURE_HALL_OF_KINGS', 'GREAT_PERSON_ACTION_ATTACHMENT_TARGET_CITY'),
('SLTH_GREAT_ARTIST_11', 'MODIFIER_SLTH_GREAT_PERSON_ADD_CULTURE_HALL_OF_KINGS', 'GREAT_PERSON_ACTION_ATTACHMENT_TARGET_CITY'),
('SLTH_GREAT_ARTIST_12', 'MODIFIER_SLTH_GREAT_PERSON_ADD_CULTURE_HALL_OF_KINGS', 'GREAT_PERSON_ACTION_ATTACHMENT_TARGET_CITY'),
('SLTH_GREAT_ARTIST_13', 'MODIFIER_SLTH_GREAT_PERSON_ADD_CULTURE_HALL_OF_KINGS', 'GREAT_PERSON_ACTION_ATTACHMENT_TARGET_CITY'),
('SLTH_GREAT_ARTIST_14', 'MODIFIER_SLTH_GREAT_PERSON_ADD_CULTURE_HALL_OF_KINGS', 'GREAT_PERSON_ACTION_ATTACHMENT_TARGET_CITY'),
('SLTH_GREAT_ARTIST_15', 'MODIFIER_SLTH_GREAT_PERSON_ADD_CULTURE_HALL_OF_KINGS', 'GREAT_PERSON_ACTION_ATTACHMENT_TARGET_CITY'),
('SLTH_GREAT_ARTIST_16', 'MODIFIER_SLTH_GREAT_PERSON_ADD_CULTURE_HALL_OF_KINGS', 'GREAT_PERSON_ACTION_ATTACHMENT_TARGET_CITY'),
('SLTH_GREAT_ARTIST_17', 'MODIFIER_SLTH_GREAT_PERSON_ADD_CULTURE_HALL_OF_KINGS', 'GREAT_PERSON_ACTION_ATTACHMENT_TARGET_CITY'),
('SLTH_GREAT_ARTIST_18', 'MODIFIER_SLTH_GREAT_PERSON_ADD_CULTURE_HALL_OF_KINGS', 'GREAT_PERSON_ACTION_ATTACHMENT_TARGET_CITY'),
('SLTH_GREAT_ARTIST_19', 'MODIFIER_SLTH_GREAT_PERSON_ADD_CULTURE_HALL_OF_KINGS', 'GREAT_PERSON_ACTION_ATTACHMENT_TARGET_CITY'),
('SLTH_GREAT_ARTIST_20', 'MODIFIER_SLTH_GREAT_PERSON_ADD_CULTURE_HALL_OF_KINGS', 'GREAT_PERSON_ACTION_ATTACHMENT_TARGET_CITY'),
('SLTH_GREAT_ARTIST_1', 'MODIFIER_SLTH_GREAT_PERSON_ADD_SCIENCE_CASTE_SYSTEM', 'GREAT_PERSON_ACTION_ATTACHMENT_TARGET_CITY'),
('SLTH_GREAT_ARTIST_2', 'MODIFIER_SLTH_GREAT_PERSON_ADD_SCIENCE_CASTE_SYSTEM', 'GREAT_PERSON_ACTION_ATTACHMENT_TARGET_CITY'),
('SLTH_GREAT_ARTIST_3', 'MODIFIER_SLTH_GREAT_PERSON_ADD_SCIENCE_CASTE_SYSTEM', 'GREAT_PERSON_ACTION_ATTACHMENT_TARGET_CITY'),
('SLTH_GREAT_ARTIST_4', 'MODIFIER_SLTH_GREAT_PERSON_ADD_SCIENCE_CASTE_SYSTEM', 'GREAT_PERSON_ACTION_ATTACHMENT_TARGET_CITY'),
('SLTH_GREAT_ARTIST_5', 'MODIFIER_SLTH_GREAT_PERSON_ADD_SCIENCE_CASTE_SYSTEM', 'GREAT_PERSON_ACTION_ATTACHMENT_TARGET_CITY'),
('SLTH_GREAT_ARTIST_6', 'MODIFIER_SLTH_GREAT_PERSON_ADD_SCIENCE_CASTE_SYSTEM', 'GREAT_PERSON_ACTION_ATTACHMENT_TARGET_CITY'),
('SLTH_GREAT_ARTIST_7', 'MODIFIER_SLTH_GREAT_PERSON_ADD_SCIENCE_CASTE_SYSTEM', 'GREAT_PERSON_ACTION_ATTACHMENT_TARGET_CITY'),
('SLTH_GREAT_ARTIST_8', 'MODIFIER_SLTH_GREAT_PERSON_ADD_SCIENCE_CASTE_SYSTEM', 'GREAT_PERSON_ACTION_ATTACHMENT_TARGET_CITY'),
('SLTH_GREAT_ARTIST_9', 'MODIFIER_SLTH_GREAT_PERSON_ADD_SCIENCE_CASTE_SYSTEM', 'GREAT_PERSON_ACTION_ATTACHMENT_TARGET_CITY'),
('SLTH_GREAT_ARTIST_10', 'MODIFIER_SLTH_GREAT_PERSON_ADD_SCIENCE_CASTE_SYSTEM', 'GREAT_PERSON_ACTION_ATTACHMENT_TARGET_CITY'),
('SLTH_GREAT_ARTIST_11', 'MODIFIER_SLTH_GREAT_PERSON_ADD_SCIENCE_CASTE_SYSTEM', 'GREAT_PERSON_ACTION_ATTACHMENT_TARGET_CITY'),
('SLTH_GREAT_ARTIST_12', 'MODIFIER_SLTH_GREAT_PERSON_ADD_SCIENCE_CASTE_SYSTEM', 'GREAT_PERSON_ACTION_ATTACHMENT_TARGET_CITY'),
('SLTH_GREAT_ARTIST_13', 'MODIFIER_SLTH_GREAT_PERSON_ADD_SCIENCE_CASTE_SYSTEM', 'GREAT_PERSON_ACTION_ATTACHMENT_TARGET_CITY'),
('SLTH_GREAT_ARTIST_14', 'MODIFIER_SLTH_GREAT_PERSON_ADD_SCIENCE_CASTE_SYSTEM', 'GREAT_PERSON_ACTION_ATTACHMENT_TARGET_CITY'),
('SLTH_GREAT_ARTIST_15', 'MODIFIER_SLTH_GREAT_PERSON_ADD_SCIENCE_CASTE_SYSTEM', 'GREAT_PERSON_ACTION_ATTACHMENT_TARGET_CITY'),
('SLTH_GREAT_ARTIST_16', 'MODIFIER_SLTH_GREAT_PERSON_ADD_SCIENCE_CASTE_SYSTEM', 'GREAT_PERSON_ACTION_ATTACHMENT_TARGET_CITY'),
('SLTH_GREAT_ARTIST_17', 'MODIFIER_SLTH_GREAT_PERSON_ADD_SCIENCE_CASTE_SYSTEM', 'GREAT_PERSON_ACTION_ATTACHMENT_TARGET_CITY'),
('SLTH_GREAT_ARTIST_18', 'MODIFIER_SLTH_GREAT_PERSON_ADD_SCIENCE_CASTE_SYSTEM', 'GREAT_PERSON_ACTION_ATTACHMENT_TARGET_CITY'),
('SLTH_GREAT_ARTIST_19', 'MODIFIER_SLTH_GREAT_PERSON_ADD_SCIENCE_CASTE_SYSTEM', 'GREAT_PERSON_ACTION_ATTACHMENT_TARGET_CITY'),
('SLTH_GREAT_ARTIST_20', 'MODIFIER_SLTH_GREAT_PERSON_ADD_SCIENCE_CASTE_SYSTEM', 'GREAT_PERSON_ACTION_ATTACHMENT_TARGET_CITY'),
('SLTH_GREAT_ARTIST_1', 'MODIFIER_SLTH_GREAT_PERSON_ADD_CULTURE_CASTE_SYSTEM', 'GREAT_PERSON_ACTION_ATTACHMENT_TARGET_CITY'),
('SLTH_GREAT_ARTIST_2', 'MODIFIER_SLTH_GREAT_PERSON_ADD_CULTURE_CASTE_SYSTEM', 'GREAT_PERSON_ACTION_ATTACHMENT_TARGET_CITY'),
('SLTH_GREAT_ARTIST_3', 'MODIFIER_SLTH_GREAT_PERSON_ADD_CULTURE_CASTE_SYSTEM', 'GREAT_PERSON_ACTION_ATTACHMENT_TARGET_CITY'),
('SLTH_GREAT_ARTIST_4', 'MODIFIER_SLTH_GREAT_PERSON_ADD_CULTURE_CASTE_SYSTEM', 'GREAT_PERSON_ACTION_ATTACHMENT_TARGET_CITY'),
('SLTH_GREAT_ARTIST_5', 'MODIFIER_SLTH_GREAT_PERSON_ADD_CULTURE_CASTE_SYSTEM', 'GREAT_PERSON_ACTION_ATTACHMENT_TARGET_CITY'),
('SLTH_GREAT_ARTIST_6', 'MODIFIER_SLTH_GREAT_PERSON_ADD_CULTURE_CASTE_SYSTEM', 'GREAT_PERSON_ACTION_ATTACHMENT_TARGET_CITY'),
('SLTH_GREAT_ARTIST_7', 'MODIFIER_SLTH_GREAT_PERSON_ADD_CULTURE_CASTE_SYSTEM', 'GREAT_PERSON_ACTION_ATTACHMENT_TARGET_CITY'),
('SLTH_GREAT_ARTIST_8', 'MODIFIER_SLTH_GREAT_PERSON_ADD_CULTURE_CASTE_SYSTEM', 'GREAT_PERSON_ACTION_ATTACHMENT_TARGET_CITY'),
('SLTH_GREAT_ARTIST_9', 'MODIFIER_SLTH_GREAT_PERSON_ADD_CULTURE_CASTE_SYSTEM', 'GREAT_PERSON_ACTION_ATTACHMENT_TARGET_CITY'),
('SLTH_GREAT_ARTIST_10', 'MODIFIER_SLTH_GREAT_PERSON_ADD_CULTURE_CASTE_SYSTEM', 'GREAT_PERSON_ACTION_ATTACHMENT_TARGET_CITY'),
('SLTH_GREAT_ARTIST_11', 'MODIFIER_SLTH_GREAT_PERSON_ADD_CULTURE_CASTE_SYSTEM', 'GREAT_PERSON_ACTION_ATTACHMENT_TARGET_CITY'),
('SLTH_GREAT_ARTIST_12', 'MODIFIER_SLTH_GREAT_PERSON_ADD_CULTURE_CASTE_SYSTEM', 'GREAT_PERSON_ACTION_ATTACHMENT_TARGET_CITY'),
('SLTH_GREAT_ARTIST_13', 'MODIFIER_SLTH_GREAT_PERSON_ADD_CULTURE_CASTE_SYSTEM', 'GREAT_PERSON_ACTION_ATTACHMENT_TARGET_CITY'),
('SLTH_GREAT_ARTIST_14', 'MODIFIER_SLTH_GREAT_PERSON_ADD_CULTURE_CASTE_SYSTEM', 'GREAT_PERSON_ACTION_ATTACHMENT_TARGET_CITY'),
('SLTH_GREAT_ARTIST_15', 'MODIFIER_SLTH_GREAT_PERSON_ADD_CULTURE_CASTE_SYSTEM', 'GREAT_PERSON_ACTION_ATTACHMENT_TARGET_CITY'),
('SLTH_GREAT_ARTIST_16', 'MODIFIER_SLTH_GREAT_PERSON_ADD_CULTURE_CASTE_SYSTEM', 'GREAT_PERSON_ACTION_ATTACHMENT_TARGET_CITY'),
('SLTH_GREAT_ARTIST_17', 'MODIFIER_SLTH_GREAT_PERSON_ADD_CULTURE_CASTE_SYSTEM', 'GREAT_PERSON_ACTION_ATTACHMENT_TARGET_CITY'),
('SLTH_GREAT_ARTIST_18', 'MODIFIER_SLTH_GREAT_PERSON_ADD_CULTURE_CASTE_SYSTEM', 'GREAT_PERSON_ACTION_ATTACHMENT_TARGET_CITY'),
('SLTH_GREAT_ARTIST_19', 'MODIFIER_SLTH_GREAT_PERSON_ADD_CULTURE_CASTE_SYSTEM', 'GREAT_PERSON_ACTION_ATTACHMENT_TARGET_CITY'),
('SLTH_GREAT_ARTIST_20', 'MODIFIER_SLTH_GREAT_PERSON_ADD_CULTURE_CASTE_SYSTEM', 'GREAT_PERSON_ACTION_ATTACHMENT_TARGET_CITY'),
('SLTH_GREAT_ARTIST_1', 'MODIFIER_SLTH_GREAT_PERSON_ADD_SCIENCE_SCHOLARSHIP', 'GREAT_PERSON_ACTION_ATTACHMENT_TARGET_CITY'),
('SLTH_GREAT_ARTIST_2', 'MODIFIER_SLTH_GREAT_PERSON_ADD_SCIENCE_SCHOLARSHIP', 'GREAT_PERSON_ACTION_ATTACHMENT_TARGET_CITY'),
('SLTH_GREAT_ARTIST_3', 'MODIFIER_SLTH_GREAT_PERSON_ADD_SCIENCE_SCHOLARSHIP', 'GREAT_PERSON_ACTION_ATTACHMENT_TARGET_CITY'),
('SLTH_GREAT_ARTIST_4', 'MODIFIER_SLTH_GREAT_PERSON_ADD_SCIENCE_SCHOLARSHIP', 'GREAT_PERSON_ACTION_ATTACHMENT_TARGET_CITY'),
('SLTH_GREAT_ARTIST_5', 'MODIFIER_SLTH_GREAT_PERSON_ADD_SCIENCE_SCHOLARSHIP', 'GREAT_PERSON_ACTION_ATTACHMENT_TARGET_CITY'),
('SLTH_GREAT_ARTIST_6', 'MODIFIER_SLTH_GREAT_PERSON_ADD_SCIENCE_SCHOLARSHIP', 'GREAT_PERSON_ACTION_ATTACHMENT_TARGET_CITY'),
('SLTH_GREAT_ARTIST_7', 'MODIFIER_SLTH_GREAT_PERSON_ADD_SCIENCE_SCHOLARSHIP', 'GREAT_PERSON_ACTION_ATTACHMENT_TARGET_CITY'),
('SLTH_GREAT_ARTIST_8', 'MODIFIER_SLTH_GREAT_PERSON_ADD_SCIENCE_SCHOLARSHIP', 'GREAT_PERSON_ACTION_ATTACHMENT_TARGET_CITY'),
('SLTH_GREAT_ARTIST_9', 'MODIFIER_SLTH_GREAT_PERSON_ADD_SCIENCE_SCHOLARSHIP', 'GREAT_PERSON_ACTION_ATTACHMENT_TARGET_CITY'),
('SLTH_GREAT_ARTIST_10', 'MODIFIER_SLTH_GREAT_PERSON_ADD_SCIENCE_SCHOLARSHIP', 'GREAT_PERSON_ACTION_ATTACHMENT_TARGET_CITY'),
('SLTH_GREAT_ARTIST_11', 'MODIFIER_SLTH_GREAT_PERSON_ADD_SCIENCE_SCHOLARSHIP', 'GREAT_PERSON_ACTION_ATTACHMENT_TARGET_CITY'),
('SLTH_GREAT_ARTIST_12', 'MODIFIER_SLTH_GREAT_PERSON_ADD_SCIENCE_SCHOLARSHIP', 'GREAT_PERSON_ACTION_ATTACHMENT_TARGET_CITY'),
('SLTH_GREAT_ARTIST_13', 'MODIFIER_SLTH_GREAT_PERSON_ADD_SCIENCE_SCHOLARSHIP', 'GREAT_PERSON_ACTION_ATTACHMENT_TARGET_CITY'),
('SLTH_GREAT_ARTIST_14', 'MODIFIER_SLTH_GREAT_PERSON_ADD_SCIENCE_SCHOLARSHIP', 'GREAT_PERSON_ACTION_ATTACHMENT_TARGET_CITY'),
('SLTH_GREAT_ARTIST_15', 'MODIFIER_SLTH_GREAT_PERSON_ADD_SCIENCE_SCHOLARSHIP', 'GREAT_PERSON_ACTION_ATTACHMENT_TARGET_CITY'),
('SLTH_GREAT_ARTIST_16', 'MODIFIER_SLTH_GREAT_PERSON_ADD_SCIENCE_SCHOLARSHIP', 'GREAT_PERSON_ACTION_ATTACHMENT_TARGET_CITY'),
('SLTH_GREAT_ARTIST_17', 'MODIFIER_SLTH_GREAT_PERSON_ADD_SCIENCE_SCHOLARSHIP', 'GREAT_PERSON_ACTION_ATTACHMENT_TARGET_CITY'),
('SLTH_GREAT_ARTIST_18', 'MODIFIER_SLTH_GREAT_PERSON_ADD_SCIENCE_SCHOLARSHIP', 'GREAT_PERSON_ACTION_ATTACHMENT_TARGET_CITY'),
('SLTH_GREAT_ARTIST_19', 'MODIFIER_SLTH_GREAT_PERSON_ADD_SCIENCE_SCHOLARSHIP', 'GREAT_PERSON_ACTION_ATTACHMENT_TARGET_CITY'),
('SLTH_GREAT_ARTIST_20', 'MODIFIER_SLTH_GREAT_PERSON_ADD_SCIENCE_SCHOLARSHIP', 'GREAT_PERSON_ACTION_ATTACHMENT_TARGET_CITY'),
('SLTH_GREAT_ENGINEER_1', 'MODIFIER_SLTH_GREAT_PERSON_ADD_CULTURE_HALL_OF_KINGS', 'GREAT_PERSON_ACTION_ATTACHMENT_TARGET_CITY'),
('SLTH_GREAT_ENGINEER_2', 'MODIFIER_SLTH_GREAT_PERSON_ADD_CULTURE_HALL_OF_KINGS', 'GREAT_PERSON_ACTION_ATTACHMENT_TARGET_CITY'),
('SLTH_GREAT_ENGINEER_3', 'MODIFIER_SLTH_GREAT_PERSON_ADD_CULTURE_HALL_OF_KINGS', 'GREAT_PERSON_ACTION_ATTACHMENT_TARGET_CITY'),
('SLTH_GREAT_ENGINEER_4', 'MODIFIER_SLTH_GREAT_PERSON_ADD_CULTURE_HALL_OF_KINGS', 'GREAT_PERSON_ACTION_ATTACHMENT_TARGET_CITY'),
('SLTH_GREAT_ENGINEER_5', 'MODIFIER_SLTH_GREAT_PERSON_ADD_CULTURE_HALL_OF_KINGS', 'GREAT_PERSON_ACTION_ATTACHMENT_TARGET_CITY'),
('SLTH_GREAT_ENGINEER_6', 'MODIFIER_SLTH_GREAT_PERSON_ADD_CULTURE_HALL_OF_KINGS', 'GREAT_PERSON_ACTION_ATTACHMENT_TARGET_CITY'),
('SLTH_GREAT_ENGINEER_7', 'MODIFIER_SLTH_GREAT_PERSON_ADD_CULTURE_HALL_OF_KINGS', 'GREAT_PERSON_ACTION_ATTACHMENT_TARGET_CITY'),
('SLTH_GREAT_ENGINEER_8', 'MODIFIER_SLTH_GREAT_PERSON_ADD_CULTURE_HALL_OF_KINGS', 'GREAT_PERSON_ACTION_ATTACHMENT_TARGET_CITY'),
('SLTH_GREAT_ENGINEER_9', 'MODIFIER_SLTH_GREAT_PERSON_ADD_CULTURE_HALL_OF_KINGS', 'GREAT_PERSON_ACTION_ATTACHMENT_TARGET_CITY'),
('SLTH_GREAT_ENGINEER_10', 'MODIFIER_SLTH_GREAT_PERSON_ADD_CULTURE_HALL_OF_KINGS', 'GREAT_PERSON_ACTION_ATTACHMENT_TARGET_CITY'),
('SLTH_GREAT_ENGINEER_11', 'MODIFIER_SLTH_GREAT_PERSON_ADD_CULTURE_HALL_OF_KINGS', 'GREAT_PERSON_ACTION_ATTACHMENT_TARGET_CITY'),
('SLTH_GREAT_ENGINEER_12', 'MODIFIER_SLTH_GREAT_PERSON_ADD_CULTURE_HALL_OF_KINGS', 'GREAT_PERSON_ACTION_ATTACHMENT_TARGET_CITY'),
('SLTH_GREAT_ENGINEER_13', 'MODIFIER_SLTH_GREAT_PERSON_ADD_CULTURE_HALL_OF_KINGS', 'GREAT_PERSON_ACTION_ATTACHMENT_TARGET_CITY'),
('SLTH_GREAT_ENGINEER_14', 'MODIFIER_SLTH_GREAT_PERSON_ADD_CULTURE_HALL_OF_KINGS', 'GREAT_PERSON_ACTION_ATTACHMENT_TARGET_CITY'),
('SLTH_GREAT_ENGINEER_15', 'MODIFIER_SLTH_GREAT_PERSON_ADD_CULTURE_HALL_OF_KINGS', 'GREAT_PERSON_ACTION_ATTACHMENT_TARGET_CITY'),
('SLTH_GREAT_ENGINEER_16', 'MODIFIER_SLTH_GREAT_PERSON_ADD_CULTURE_HALL_OF_KINGS', 'GREAT_PERSON_ACTION_ATTACHMENT_TARGET_CITY'),
('SLTH_GREAT_ENGINEER_17', 'MODIFIER_SLTH_GREAT_PERSON_ADD_CULTURE_HALL_OF_KINGS', 'GREAT_PERSON_ACTION_ATTACHMENT_TARGET_CITY'),
('SLTH_GREAT_ENGINEER_18', 'MODIFIER_SLTH_GREAT_PERSON_ADD_CULTURE_HALL_OF_KINGS', 'GREAT_PERSON_ACTION_ATTACHMENT_TARGET_CITY'),
('SLTH_GREAT_ENGINEER_19', 'MODIFIER_SLTH_GREAT_PERSON_ADD_CULTURE_HALL_OF_KINGS', 'GREAT_PERSON_ACTION_ATTACHMENT_TARGET_CITY'),
('SLTH_GREAT_ENGINEER_20', 'MODIFIER_SLTH_GREAT_PERSON_ADD_CULTURE_HALL_OF_KINGS', 'GREAT_PERSON_ACTION_ATTACHMENT_TARGET_CITY'),
('SLTH_GREAT_ENGINEER_1', 'MODIFIER_SLTH_GREAT_PERSON_ADD_SCIENCE_CASTE_SYSTEM', 'GREAT_PERSON_ACTION_ATTACHMENT_TARGET_CITY'),
('SLTH_GREAT_ENGINEER_2', 'MODIFIER_SLTH_GREAT_PERSON_ADD_SCIENCE_CASTE_SYSTEM', 'GREAT_PERSON_ACTION_ATTACHMENT_TARGET_CITY'),
('SLTH_GREAT_ENGINEER_3', 'MODIFIER_SLTH_GREAT_PERSON_ADD_SCIENCE_CASTE_SYSTEM', 'GREAT_PERSON_ACTION_ATTACHMENT_TARGET_CITY'),
('SLTH_GREAT_ENGINEER_4', 'MODIFIER_SLTH_GREAT_PERSON_ADD_SCIENCE_CASTE_SYSTEM', 'GREAT_PERSON_ACTION_ATTACHMENT_TARGET_CITY'),
('SLTH_GREAT_ENGINEER_5', 'MODIFIER_SLTH_GREAT_PERSON_ADD_SCIENCE_CASTE_SYSTEM', 'GREAT_PERSON_ACTION_ATTACHMENT_TARGET_CITY'),
('SLTH_GREAT_ENGINEER_6', 'MODIFIER_SLTH_GREAT_PERSON_ADD_SCIENCE_CASTE_SYSTEM', 'GREAT_PERSON_ACTION_ATTACHMENT_TARGET_CITY'),
('SLTH_GREAT_ENGINEER_7', 'MODIFIER_SLTH_GREAT_PERSON_ADD_SCIENCE_CASTE_SYSTEM', 'GREAT_PERSON_ACTION_ATTACHMENT_TARGET_CITY'),
('SLTH_GREAT_ENGINEER_8', 'MODIFIER_SLTH_GREAT_PERSON_ADD_SCIENCE_CASTE_SYSTEM', 'GREAT_PERSON_ACTION_ATTACHMENT_TARGET_CITY'),
('SLTH_GREAT_ENGINEER_9', 'MODIFIER_SLTH_GREAT_PERSON_ADD_SCIENCE_CASTE_SYSTEM', 'GREAT_PERSON_ACTION_ATTACHMENT_TARGET_CITY'),
('SLTH_GREAT_ENGINEER_10', 'MODIFIER_SLTH_GREAT_PERSON_ADD_SCIENCE_CASTE_SYSTEM', 'GREAT_PERSON_ACTION_ATTACHMENT_TARGET_CITY'),
('SLTH_GREAT_ENGINEER_11', 'MODIFIER_SLTH_GREAT_PERSON_ADD_SCIENCE_CASTE_SYSTEM', 'GREAT_PERSON_ACTION_ATTACHMENT_TARGET_CITY'),
('SLTH_GREAT_ENGINEER_12', 'MODIFIER_SLTH_GREAT_PERSON_ADD_SCIENCE_CASTE_SYSTEM', 'GREAT_PERSON_ACTION_ATTACHMENT_TARGET_CITY'),
('SLTH_GREAT_ENGINEER_13', 'MODIFIER_SLTH_GREAT_PERSON_ADD_SCIENCE_CASTE_SYSTEM', 'GREAT_PERSON_ACTION_ATTACHMENT_TARGET_CITY'),
('SLTH_GREAT_ENGINEER_14', 'MODIFIER_SLTH_GREAT_PERSON_ADD_SCIENCE_CASTE_SYSTEM', 'GREAT_PERSON_ACTION_ATTACHMENT_TARGET_CITY'),
('SLTH_GREAT_ENGINEER_15', 'MODIFIER_SLTH_GREAT_PERSON_ADD_SCIENCE_CASTE_SYSTEM', 'GREAT_PERSON_ACTION_ATTACHMENT_TARGET_CITY'),
('SLTH_GREAT_ENGINEER_16', 'MODIFIER_SLTH_GREAT_PERSON_ADD_SCIENCE_CASTE_SYSTEM', 'GREAT_PERSON_ACTION_ATTACHMENT_TARGET_CITY'),
('SLTH_GREAT_ENGINEER_17', 'MODIFIER_SLTH_GREAT_PERSON_ADD_SCIENCE_CASTE_SYSTEM', 'GREAT_PERSON_ACTION_ATTACHMENT_TARGET_CITY'),
('SLTH_GREAT_ENGINEER_18', 'MODIFIER_SLTH_GREAT_PERSON_ADD_SCIENCE_CASTE_SYSTEM', 'GREAT_PERSON_ACTION_ATTACHMENT_TARGET_CITY'),
('SLTH_GREAT_ENGINEER_19', 'MODIFIER_SLTH_GREAT_PERSON_ADD_SCIENCE_CASTE_SYSTEM', 'GREAT_PERSON_ACTION_ATTACHMENT_TARGET_CITY'),
('SLTH_GREAT_ENGINEER_20', 'MODIFIER_SLTH_GREAT_PERSON_ADD_SCIENCE_CASTE_SYSTEM', 'GREAT_PERSON_ACTION_ATTACHMENT_TARGET_CITY'),
('SLTH_GREAT_ENGINEER_1', 'MODIFIER_SLTH_GREAT_PERSON_ADD_CULTURE_CASTE_SYSTEM', 'GREAT_PERSON_ACTION_ATTACHMENT_TARGET_CITY'),
('SLTH_GREAT_ENGINEER_2', 'MODIFIER_SLTH_GREAT_PERSON_ADD_CULTURE_CASTE_SYSTEM', 'GREAT_PERSON_ACTION_ATTACHMENT_TARGET_CITY'),
('SLTH_GREAT_ENGINEER_3', 'MODIFIER_SLTH_GREAT_PERSON_ADD_CULTURE_CASTE_SYSTEM', 'GREAT_PERSON_ACTION_ATTACHMENT_TARGET_CITY'),
('SLTH_GREAT_ENGINEER_4', 'MODIFIER_SLTH_GREAT_PERSON_ADD_CULTURE_CASTE_SYSTEM', 'GREAT_PERSON_ACTION_ATTACHMENT_TARGET_CITY'),
('SLTH_GREAT_ENGINEER_5', 'MODIFIER_SLTH_GREAT_PERSON_ADD_CULTURE_CASTE_SYSTEM', 'GREAT_PERSON_ACTION_ATTACHMENT_TARGET_CITY'),
('SLTH_GREAT_ENGINEER_6', 'MODIFIER_SLTH_GREAT_PERSON_ADD_CULTURE_CASTE_SYSTEM', 'GREAT_PERSON_ACTION_ATTACHMENT_TARGET_CITY'),
('SLTH_GREAT_ENGINEER_7', 'MODIFIER_SLTH_GREAT_PERSON_ADD_CULTURE_CASTE_SYSTEM', 'GREAT_PERSON_ACTION_ATTACHMENT_TARGET_CITY'),
('SLTH_GREAT_ENGINEER_8', 'MODIFIER_SLTH_GREAT_PERSON_ADD_CULTURE_CASTE_SYSTEM', 'GREAT_PERSON_ACTION_ATTACHMENT_TARGET_CITY'),
('SLTH_GREAT_ENGINEER_9', 'MODIFIER_SLTH_GREAT_PERSON_ADD_CULTURE_CASTE_SYSTEM', 'GREAT_PERSON_ACTION_ATTACHMENT_TARGET_CITY'),
('SLTH_GREAT_ENGINEER_10', 'MODIFIER_SLTH_GREAT_PERSON_ADD_CULTURE_CASTE_SYSTEM', 'GREAT_PERSON_ACTION_ATTACHMENT_TARGET_CITY'),
('SLTH_GREAT_ENGINEER_11', 'MODIFIER_SLTH_GREAT_PERSON_ADD_CULTURE_CASTE_SYSTEM', 'GREAT_PERSON_ACTION_ATTACHMENT_TARGET_CITY'),
('SLTH_GREAT_ENGINEER_12', 'MODIFIER_SLTH_GREAT_PERSON_ADD_CULTURE_CASTE_SYSTEM', 'GREAT_PERSON_ACTION_ATTACHMENT_TARGET_CITY'),
('SLTH_GREAT_ENGINEER_13', 'MODIFIER_SLTH_GREAT_PERSON_ADD_CULTURE_CASTE_SYSTEM', 'GREAT_PERSON_ACTION_ATTACHMENT_TARGET_CITY'),
('SLTH_GREAT_ENGINEER_14', 'MODIFIER_SLTH_GREAT_PERSON_ADD_CULTURE_CASTE_SYSTEM', 'GREAT_PERSON_ACTION_ATTACHMENT_TARGET_CITY'),
('SLTH_GREAT_ENGINEER_15', 'MODIFIER_SLTH_GREAT_PERSON_ADD_CULTURE_CASTE_SYSTEM', 'GREAT_PERSON_ACTION_ATTACHMENT_TARGET_CITY'),
('SLTH_GREAT_ENGINEER_16', 'MODIFIER_SLTH_GREAT_PERSON_ADD_CULTURE_CASTE_SYSTEM', 'GREAT_PERSON_ACTION_ATTACHMENT_TARGET_CITY'),
('SLTH_GREAT_ENGINEER_17', 'MODIFIER_SLTH_GREAT_PERSON_ADD_CULTURE_CASTE_SYSTEM', 'GREAT_PERSON_ACTION_ATTACHMENT_TARGET_CITY'),
('SLTH_GREAT_ENGINEER_18', 'MODIFIER_SLTH_GREAT_PERSON_ADD_CULTURE_CASTE_SYSTEM', 'GREAT_PERSON_ACTION_ATTACHMENT_TARGET_CITY'),
('SLTH_GREAT_ENGINEER_19', 'MODIFIER_SLTH_GREAT_PERSON_ADD_CULTURE_CASTE_SYSTEM', 'GREAT_PERSON_ACTION_ATTACHMENT_TARGET_CITY'),
('SLTH_GREAT_ENGINEER_20', 'MODIFIER_SLTH_GREAT_PERSON_ADD_CULTURE_CASTE_SYSTEM', 'GREAT_PERSON_ACTION_ATTACHMENT_TARGET_CITY'),
('SLTH_GREAT_ENGINEER_1', 'MODIFIER_SLTH_GREAT_PERSON_ADD_SCIENCE_SCHOLARSHIP', 'GREAT_PERSON_ACTION_ATTACHMENT_TARGET_CITY'),
('SLTH_GREAT_ENGINEER_2', 'MODIFIER_SLTH_GREAT_PERSON_ADD_SCIENCE_SCHOLARSHIP', 'GREAT_PERSON_ACTION_ATTACHMENT_TARGET_CITY'),
('SLTH_GREAT_ENGINEER_3', 'MODIFIER_SLTH_GREAT_PERSON_ADD_SCIENCE_SCHOLARSHIP', 'GREAT_PERSON_ACTION_ATTACHMENT_TARGET_CITY'),
('SLTH_GREAT_ENGINEER_4', 'MODIFIER_SLTH_GREAT_PERSON_ADD_SCIENCE_SCHOLARSHIP', 'GREAT_PERSON_ACTION_ATTACHMENT_TARGET_CITY'),
('SLTH_GREAT_ENGINEER_5', 'MODIFIER_SLTH_GREAT_PERSON_ADD_SCIENCE_SCHOLARSHIP', 'GREAT_PERSON_ACTION_ATTACHMENT_TARGET_CITY'),
('SLTH_GREAT_ENGINEER_6', 'MODIFIER_SLTH_GREAT_PERSON_ADD_SCIENCE_SCHOLARSHIP', 'GREAT_PERSON_ACTION_ATTACHMENT_TARGET_CITY'),
('SLTH_GREAT_ENGINEER_7', 'MODIFIER_SLTH_GREAT_PERSON_ADD_SCIENCE_SCHOLARSHIP', 'GREAT_PERSON_ACTION_ATTACHMENT_TARGET_CITY'),
('SLTH_GREAT_ENGINEER_8', 'MODIFIER_SLTH_GREAT_PERSON_ADD_SCIENCE_SCHOLARSHIP', 'GREAT_PERSON_ACTION_ATTACHMENT_TARGET_CITY'),
('SLTH_GREAT_ENGINEER_9', 'MODIFIER_SLTH_GREAT_PERSON_ADD_SCIENCE_SCHOLARSHIP', 'GREAT_PERSON_ACTION_ATTACHMENT_TARGET_CITY'),
('SLTH_GREAT_ENGINEER_10', 'MODIFIER_SLTH_GREAT_PERSON_ADD_SCIENCE_SCHOLARSHIP', 'GREAT_PERSON_ACTION_ATTACHMENT_TARGET_CITY'),
('SLTH_GREAT_ENGINEER_11', 'MODIFIER_SLTH_GREAT_PERSON_ADD_SCIENCE_SCHOLARSHIP', 'GREAT_PERSON_ACTION_ATTACHMENT_TARGET_CITY'),
('SLTH_GREAT_ENGINEER_12', 'MODIFIER_SLTH_GREAT_PERSON_ADD_SCIENCE_SCHOLARSHIP', 'GREAT_PERSON_ACTION_ATTACHMENT_TARGET_CITY'),
('SLTH_GREAT_ENGINEER_13', 'MODIFIER_SLTH_GREAT_PERSON_ADD_SCIENCE_SCHOLARSHIP', 'GREAT_PERSON_ACTION_ATTACHMENT_TARGET_CITY'),
('SLTH_GREAT_ENGINEER_14', 'MODIFIER_SLTH_GREAT_PERSON_ADD_SCIENCE_SCHOLARSHIP', 'GREAT_PERSON_ACTION_ATTACHMENT_TARGET_CITY'),
('SLTH_GREAT_ENGINEER_15', 'MODIFIER_SLTH_GREAT_PERSON_ADD_SCIENCE_SCHOLARSHIP', 'GREAT_PERSON_ACTION_ATTACHMENT_TARGET_CITY'),
('SLTH_GREAT_ENGINEER_16', 'MODIFIER_SLTH_GREAT_PERSON_ADD_SCIENCE_SCHOLARSHIP', 'GREAT_PERSON_ACTION_ATTACHMENT_TARGET_CITY'),
('SLTH_GREAT_ENGINEER_17', 'MODIFIER_SLTH_GREAT_PERSON_ADD_SCIENCE_SCHOLARSHIP', 'GREAT_PERSON_ACTION_ATTACHMENT_TARGET_CITY'),
('SLTH_GREAT_ENGINEER_18', 'MODIFIER_SLTH_GREAT_PERSON_ADD_SCIENCE_SCHOLARSHIP', 'GREAT_PERSON_ACTION_ATTACHMENT_TARGET_CITY'),
('SLTH_GREAT_ENGINEER_19', 'MODIFIER_SLTH_GREAT_PERSON_ADD_SCIENCE_SCHOLARSHIP', 'GREAT_PERSON_ACTION_ATTACHMENT_TARGET_CITY'),
('SLTH_GREAT_ENGINEER_20', 'MODIFIER_SLTH_GREAT_PERSON_ADD_SCIENCE_SCHOLARSHIP', 'GREAT_PERSON_ACTION_ATTACHMENT_TARGET_CITY'),
('SLTH_GREAT_MERCHANT_1', 'MODIFIER_SLTH_GREAT_PERSON_ADD_CULTURE_HALL_OF_KINGS', 'GREAT_PERSON_ACTION_ATTACHMENT_TARGET_CITY'),
('SLTH_GREAT_MERCHANT_2', 'MODIFIER_SLTH_GREAT_PERSON_ADD_CULTURE_HALL_OF_KINGS', 'GREAT_PERSON_ACTION_ATTACHMENT_TARGET_CITY'),
('SLTH_GREAT_MERCHANT_3', 'MODIFIER_SLTH_GREAT_PERSON_ADD_CULTURE_HALL_OF_KINGS', 'GREAT_PERSON_ACTION_ATTACHMENT_TARGET_CITY'),
('SLTH_GREAT_MERCHANT_4', 'MODIFIER_SLTH_GREAT_PERSON_ADD_CULTURE_HALL_OF_KINGS', 'GREAT_PERSON_ACTION_ATTACHMENT_TARGET_CITY'),
('SLTH_GREAT_MERCHANT_5', 'MODIFIER_SLTH_GREAT_PERSON_ADD_CULTURE_HALL_OF_KINGS', 'GREAT_PERSON_ACTION_ATTACHMENT_TARGET_CITY'),
('SLTH_GREAT_MERCHANT_6', 'MODIFIER_SLTH_GREAT_PERSON_ADD_CULTURE_HALL_OF_KINGS', 'GREAT_PERSON_ACTION_ATTACHMENT_TARGET_CITY'),
('SLTH_GREAT_MERCHANT_7', 'MODIFIER_SLTH_GREAT_PERSON_ADD_CULTURE_HALL_OF_KINGS', 'GREAT_PERSON_ACTION_ATTACHMENT_TARGET_CITY'),
('SLTH_GREAT_MERCHANT_8', 'MODIFIER_SLTH_GREAT_PERSON_ADD_CULTURE_HALL_OF_KINGS', 'GREAT_PERSON_ACTION_ATTACHMENT_TARGET_CITY'),
('SLTH_GREAT_MERCHANT_9', 'MODIFIER_SLTH_GREAT_PERSON_ADD_CULTURE_HALL_OF_KINGS', 'GREAT_PERSON_ACTION_ATTACHMENT_TARGET_CITY'),
('SLTH_GREAT_MERCHANT_10', 'MODIFIER_SLTH_GREAT_PERSON_ADD_CULTURE_HALL_OF_KINGS', 'GREAT_PERSON_ACTION_ATTACHMENT_TARGET_CITY'),
('SLTH_GREAT_MERCHANT_11', 'MODIFIER_SLTH_GREAT_PERSON_ADD_CULTURE_HALL_OF_KINGS', 'GREAT_PERSON_ACTION_ATTACHMENT_TARGET_CITY'),
('SLTH_GREAT_MERCHANT_12', 'MODIFIER_SLTH_GREAT_PERSON_ADD_CULTURE_HALL_OF_KINGS', 'GREAT_PERSON_ACTION_ATTACHMENT_TARGET_CITY'),
('SLTH_GREAT_MERCHANT_13', 'MODIFIER_SLTH_GREAT_PERSON_ADD_CULTURE_HALL_OF_KINGS', 'GREAT_PERSON_ACTION_ATTACHMENT_TARGET_CITY'),
('SLTH_GREAT_MERCHANT_14', 'MODIFIER_SLTH_GREAT_PERSON_ADD_CULTURE_HALL_OF_KINGS', 'GREAT_PERSON_ACTION_ATTACHMENT_TARGET_CITY'),
('SLTH_GREAT_MERCHANT_15', 'MODIFIER_SLTH_GREAT_PERSON_ADD_CULTURE_HALL_OF_KINGS', 'GREAT_PERSON_ACTION_ATTACHMENT_TARGET_CITY'),
('SLTH_GREAT_MERCHANT_16', 'MODIFIER_SLTH_GREAT_PERSON_ADD_CULTURE_HALL_OF_KINGS', 'GREAT_PERSON_ACTION_ATTACHMENT_TARGET_CITY'),
('SLTH_GREAT_MERCHANT_17', 'MODIFIER_SLTH_GREAT_PERSON_ADD_CULTURE_HALL_OF_KINGS', 'GREAT_PERSON_ACTION_ATTACHMENT_TARGET_CITY'),
('SLTH_GREAT_MERCHANT_18', 'MODIFIER_SLTH_GREAT_PERSON_ADD_CULTURE_HALL_OF_KINGS', 'GREAT_PERSON_ACTION_ATTACHMENT_TARGET_CITY'),
('SLTH_GREAT_MERCHANT_19', 'MODIFIER_SLTH_GREAT_PERSON_ADD_CULTURE_HALL_OF_KINGS', 'GREAT_PERSON_ACTION_ATTACHMENT_TARGET_CITY'),
('SLTH_GREAT_MERCHANT_20', 'MODIFIER_SLTH_GREAT_PERSON_ADD_CULTURE_HALL_OF_KINGS', 'GREAT_PERSON_ACTION_ATTACHMENT_TARGET_CITY'),
('SLTH_GREAT_MERCHANT_1', 'MODIFIER_SLTH_GREAT_PERSON_ADD_SCIENCE_CASTE_SYSTEM', 'GREAT_PERSON_ACTION_ATTACHMENT_TARGET_CITY'),
('SLTH_GREAT_MERCHANT_2', 'MODIFIER_SLTH_GREAT_PERSON_ADD_SCIENCE_CASTE_SYSTEM', 'GREAT_PERSON_ACTION_ATTACHMENT_TARGET_CITY'),
('SLTH_GREAT_MERCHANT_3', 'MODIFIER_SLTH_GREAT_PERSON_ADD_SCIENCE_CASTE_SYSTEM', 'GREAT_PERSON_ACTION_ATTACHMENT_TARGET_CITY'),
('SLTH_GREAT_MERCHANT_4', 'MODIFIER_SLTH_GREAT_PERSON_ADD_SCIENCE_CASTE_SYSTEM', 'GREAT_PERSON_ACTION_ATTACHMENT_TARGET_CITY'),
('SLTH_GREAT_MERCHANT_5', 'MODIFIER_SLTH_GREAT_PERSON_ADD_SCIENCE_CASTE_SYSTEM', 'GREAT_PERSON_ACTION_ATTACHMENT_TARGET_CITY'),
('SLTH_GREAT_MERCHANT_6', 'MODIFIER_SLTH_GREAT_PERSON_ADD_SCIENCE_CASTE_SYSTEM', 'GREAT_PERSON_ACTION_ATTACHMENT_TARGET_CITY'),
('SLTH_GREAT_MERCHANT_7', 'MODIFIER_SLTH_GREAT_PERSON_ADD_SCIENCE_CASTE_SYSTEM', 'GREAT_PERSON_ACTION_ATTACHMENT_TARGET_CITY'),
('SLTH_GREAT_MERCHANT_8', 'MODIFIER_SLTH_GREAT_PERSON_ADD_SCIENCE_CASTE_SYSTEM', 'GREAT_PERSON_ACTION_ATTACHMENT_TARGET_CITY'),
('SLTH_GREAT_MERCHANT_9', 'MODIFIER_SLTH_GREAT_PERSON_ADD_SCIENCE_CASTE_SYSTEM', 'GREAT_PERSON_ACTION_ATTACHMENT_TARGET_CITY'),
('SLTH_GREAT_MERCHANT_10', 'MODIFIER_SLTH_GREAT_PERSON_ADD_SCIENCE_CASTE_SYSTEM', 'GREAT_PERSON_ACTION_ATTACHMENT_TARGET_CITY'),
('SLTH_GREAT_MERCHANT_11', 'MODIFIER_SLTH_GREAT_PERSON_ADD_SCIENCE_CASTE_SYSTEM', 'GREAT_PERSON_ACTION_ATTACHMENT_TARGET_CITY'),
('SLTH_GREAT_MERCHANT_12', 'MODIFIER_SLTH_GREAT_PERSON_ADD_SCIENCE_CASTE_SYSTEM', 'GREAT_PERSON_ACTION_ATTACHMENT_TARGET_CITY'),
('SLTH_GREAT_MERCHANT_13', 'MODIFIER_SLTH_GREAT_PERSON_ADD_SCIENCE_CASTE_SYSTEM', 'GREAT_PERSON_ACTION_ATTACHMENT_TARGET_CITY'),
('SLTH_GREAT_MERCHANT_14', 'MODIFIER_SLTH_GREAT_PERSON_ADD_SCIENCE_CASTE_SYSTEM', 'GREAT_PERSON_ACTION_ATTACHMENT_TARGET_CITY'),
('SLTH_GREAT_MERCHANT_15', 'MODIFIER_SLTH_GREAT_PERSON_ADD_SCIENCE_CASTE_SYSTEM', 'GREAT_PERSON_ACTION_ATTACHMENT_TARGET_CITY'),
('SLTH_GREAT_MERCHANT_16', 'MODIFIER_SLTH_GREAT_PERSON_ADD_SCIENCE_CASTE_SYSTEM', 'GREAT_PERSON_ACTION_ATTACHMENT_TARGET_CITY'),
('SLTH_GREAT_MERCHANT_17', 'MODIFIER_SLTH_GREAT_PERSON_ADD_SCIENCE_CASTE_SYSTEM', 'GREAT_PERSON_ACTION_ATTACHMENT_TARGET_CITY'),
('SLTH_GREAT_MERCHANT_18', 'MODIFIER_SLTH_GREAT_PERSON_ADD_SCIENCE_CASTE_SYSTEM', 'GREAT_PERSON_ACTION_ATTACHMENT_TARGET_CITY'),
('SLTH_GREAT_MERCHANT_19', 'MODIFIER_SLTH_GREAT_PERSON_ADD_SCIENCE_CASTE_SYSTEM', 'GREAT_PERSON_ACTION_ATTACHMENT_TARGET_CITY'),
('SLTH_GREAT_MERCHANT_20', 'MODIFIER_SLTH_GREAT_PERSON_ADD_SCIENCE_CASTE_SYSTEM', 'GREAT_PERSON_ACTION_ATTACHMENT_TARGET_CITY'),
('SLTH_GREAT_MERCHANT_1', 'MODIFIER_SLTH_GREAT_PERSON_ADD_CULTURE_CASTE_SYSTEM', 'GREAT_PERSON_ACTION_ATTACHMENT_TARGET_CITY'),
('SLTH_GREAT_MERCHANT_2', 'MODIFIER_SLTH_GREAT_PERSON_ADD_CULTURE_CASTE_SYSTEM', 'GREAT_PERSON_ACTION_ATTACHMENT_TARGET_CITY'),
('SLTH_GREAT_MERCHANT_3', 'MODIFIER_SLTH_GREAT_PERSON_ADD_CULTURE_CASTE_SYSTEM', 'GREAT_PERSON_ACTION_ATTACHMENT_TARGET_CITY'),
('SLTH_GREAT_MERCHANT_4', 'MODIFIER_SLTH_GREAT_PERSON_ADD_CULTURE_CASTE_SYSTEM', 'GREAT_PERSON_ACTION_ATTACHMENT_TARGET_CITY'),
('SLTH_GREAT_MERCHANT_5', 'MODIFIER_SLTH_GREAT_PERSON_ADD_CULTURE_CASTE_SYSTEM', 'GREAT_PERSON_ACTION_ATTACHMENT_TARGET_CITY'),
('SLTH_GREAT_MERCHANT_6', 'MODIFIER_SLTH_GREAT_PERSON_ADD_CULTURE_CASTE_SYSTEM', 'GREAT_PERSON_ACTION_ATTACHMENT_TARGET_CITY'),
('SLTH_GREAT_MERCHANT_7', 'MODIFIER_SLTH_GREAT_PERSON_ADD_CULTURE_CASTE_SYSTEM', 'GREAT_PERSON_ACTION_ATTACHMENT_TARGET_CITY'),
('SLTH_GREAT_MERCHANT_8', 'MODIFIER_SLTH_GREAT_PERSON_ADD_CULTURE_CASTE_SYSTEM', 'GREAT_PERSON_ACTION_ATTACHMENT_TARGET_CITY'),
('SLTH_GREAT_MERCHANT_9', 'MODIFIER_SLTH_GREAT_PERSON_ADD_CULTURE_CASTE_SYSTEM', 'GREAT_PERSON_ACTION_ATTACHMENT_TARGET_CITY'),
('SLTH_GREAT_MERCHANT_10', 'MODIFIER_SLTH_GREAT_PERSON_ADD_CULTURE_CASTE_SYSTEM', 'GREAT_PERSON_ACTION_ATTACHMENT_TARGET_CITY'),
('SLTH_GREAT_MERCHANT_11', 'MODIFIER_SLTH_GREAT_PERSON_ADD_CULTURE_CASTE_SYSTEM', 'GREAT_PERSON_ACTION_ATTACHMENT_TARGET_CITY'),
('SLTH_GREAT_MERCHANT_12', 'MODIFIER_SLTH_GREAT_PERSON_ADD_CULTURE_CASTE_SYSTEM', 'GREAT_PERSON_ACTION_ATTACHMENT_TARGET_CITY'),
('SLTH_GREAT_MERCHANT_13', 'MODIFIER_SLTH_GREAT_PERSON_ADD_CULTURE_CASTE_SYSTEM', 'GREAT_PERSON_ACTION_ATTACHMENT_TARGET_CITY'),
('SLTH_GREAT_MERCHANT_14', 'MODIFIER_SLTH_GREAT_PERSON_ADD_CULTURE_CASTE_SYSTEM', 'GREAT_PERSON_ACTION_ATTACHMENT_TARGET_CITY'),
('SLTH_GREAT_MERCHANT_15', 'MODIFIER_SLTH_GREAT_PERSON_ADD_CULTURE_CASTE_SYSTEM', 'GREAT_PERSON_ACTION_ATTACHMENT_TARGET_CITY'),
('SLTH_GREAT_MERCHANT_16', 'MODIFIER_SLTH_GREAT_PERSON_ADD_CULTURE_CASTE_SYSTEM', 'GREAT_PERSON_ACTION_ATTACHMENT_TARGET_CITY'),
('SLTH_GREAT_MERCHANT_17', 'MODIFIER_SLTH_GREAT_PERSON_ADD_CULTURE_CASTE_SYSTEM', 'GREAT_PERSON_ACTION_ATTACHMENT_TARGET_CITY'),
('SLTH_GREAT_MERCHANT_18', 'MODIFIER_SLTH_GREAT_PERSON_ADD_CULTURE_CASTE_SYSTEM', 'GREAT_PERSON_ACTION_ATTACHMENT_TARGET_CITY'),
('SLTH_GREAT_MERCHANT_19', 'MODIFIER_SLTH_GREAT_PERSON_ADD_CULTURE_CASTE_SYSTEM', 'GREAT_PERSON_ACTION_ATTACHMENT_TARGET_CITY'),
('SLTH_GREAT_MERCHANT_20', 'MODIFIER_SLTH_GREAT_PERSON_ADD_CULTURE_CASTE_SYSTEM', 'GREAT_PERSON_ACTION_ATTACHMENT_TARGET_CITY'),
('SLTH_GREAT_MERCHANT_1', 'MODIFIER_SLTH_GREAT_PERSON_ADD_SCIENCE_SCHOLARSHIP', 'GREAT_PERSON_ACTION_ATTACHMENT_TARGET_CITY'),
('SLTH_GREAT_MERCHANT_2', 'MODIFIER_SLTH_GREAT_PERSON_ADD_SCIENCE_SCHOLARSHIP', 'GREAT_PERSON_ACTION_ATTACHMENT_TARGET_CITY'),
('SLTH_GREAT_MERCHANT_3', 'MODIFIER_SLTH_GREAT_PERSON_ADD_SCIENCE_SCHOLARSHIP', 'GREAT_PERSON_ACTION_ATTACHMENT_TARGET_CITY'),
('SLTH_GREAT_MERCHANT_4', 'MODIFIER_SLTH_GREAT_PERSON_ADD_SCIENCE_SCHOLARSHIP', 'GREAT_PERSON_ACTION_ATTACHMENT_TARGET_CITY'),
('SLTH_GREAT_MERCHANT_5', 'MODIFIER_SLTH_GREAT_PERSON_ADD_SCIENCE_SCHOLARSHIP', 'GREAT_PERSON_ACTION_ATTACHMENT_TARGET_CITY'),
('SLTH_GREAT_MERCHANT_6', 'MODIFIER_SLTH_GREAT_PERSON_ADD_SCIENCE_SCHOLARSHIP', 'GREAT_PERSON_ACTION_ATTACHMENT_TARGET_CITY'),
('SLTH_GREAT_MERCHANT_7', 'MODIFIER_SLTH_GREAT_PERSON_ADD_SCIENCE_SCHOLARSHIP', 'GREAT_PERSON_ACTION_ATTACHMENT_TARGET_CITY'),
('SLTH_GREAT_MERCHANT_8', 'MODIFIER_SLTH_GREAT_PERSON_ADD_SCIENCE_SCHOLARSHIP', 'GREAT_PERSON_ACTION_ATTACHMENT_TARGET_CITY'),
('SLTH_GREAT_MERCHANT_9', 'MODIFIER_SLTH_GREAT_PERSON_ADD_SCIENCE_SCHOLARSHIP', 'GREAT_PERSON_ACTION_ATTACHMENT_TARGET_CITY'),
('SLTH_GREAT_MERCHANT_10', 'MODIFIER_SLTH_GREAT_PERSON_ADD_SCIENCE_SCHOLARSHIP', 'GREAT_PERSON_ACTION_ATTACHMENT_TARGET_CITY'),
('SLTH_GREAT_MERCHANT_11', 'MODIFIER_SLTH_GREAT_PERSON_ADD_SCIENCE_SCHOLARSHIP', 'GREAT_PERSON_ACTION_ATTACHMENT_TARGET_CITY'),
('SLTH_GREAT_MERCHANT_12', 'MODIFIER_SLTH_GREAT_PERSON_ADD_SCIENCE_SCHOLARSHIP', 'GREAT_PERSON_ACTION_ATTACHMENT_TARGET_CITY'),
('SLTH_GREAT_MERCHANT_13', 'MODIFIER_SLTH_GREAT_PERSON_ADD_SCIENCE_SCHOLARSHIP', 'GREAT_PERSON_ACTION_ATTACHMENT_TARGET_CITY'),
('SLTH_GREAT_MERCHANT_14', 'MODIFIER_SLTH_GREAT_PERSON_ADD_SCIENCE_SCHOLARSHIP', 'GREAT_PERSON_ACTION_ATTACHMENT_TARGET_CITY'),
('SLTH_GREAT_MERCHANT_15', 'MODIFIER_SLTH_GREAT_PERSON_ADD_SCIENCE_SCHOLARSHIP', 'GREAT_PERSON_ACTION_ATTACHMENT_TARGET_CITY'),
('SLTH_GREAT_MERCHANT_16', 'MODIFIER_SLTH_GREAT_PERSON_ADD_SCIENCE_SCHOLARSHIP', 'GREAT_PERSON_ACTION_ATTACHMENT_TARGET_CITY'),
('SLTH_GREAT_MERCHANT_17', 'MODIFIER_SLTH_GREAT_PERSON_ADD_SCIENCE_SCHOLARSHIP', 'GREAT_PERSON_ACTION_ATTACHMENT_TARGET_CITY'),
('SLTH_GREAT_MERCHANT_18', 'MODIFIER_SLTH_GREAT_PERSON_ADD_SCIENCE_SCHOLARSHIP', 'GREAT_PERSON_ACTION_ATTACHMENT_TARGET_CITY'),
('SLTH_GREAT_MERCHANT_19', 'MODIFIER_SLTH_GREAT_PERSON_ADD_SCIENCE_SCHOLARSHIP', 'GREAT_PERSON_ACTION_ATTACHMENT_TARGET_CITY'),
('SLTH_GREAT_MERCHANT_20', 'MODIFIER_SLTH_GREAT_PERSON_ADD_SCIENCE_SCHOLARSHIP', 'GREAT_PERSON_ACTION_ATTACHMENT_TARGET_CITY'),
('SLTH_GREAT_PROPHET_1', 'MODIFIER_SLTH_GREAT_PERSON_ADD_CULTURE_HALL_OF_KINGS', 'GREAT_PERSON_ACTION_ATTACHMENT_TARGET_CITY'),
('SLTH_GREAT_PROPHET_2', 'MODIFIER_SLTH_GREAT_PERSON_ADD_CULTURE_HALL_OF_KINGS', 'GREAT_PERSON_ACTION_ATTACHMENT_TARGET_CITY'),
('SLTH_GREAT_PROPHET_3', 'MODIFIER_SLTH_GREAT_PERSON_ADD_CULTURE_HALL_OF_KINGS', 'GREAT_PERSON_ACTION_ATTACHMENT_TARGET_CITY'),
('SLTH_GREAT_PROPHET_4', 'MODIFIER_SLTH_GREAT_PERSON_ADD_CULTURE_HALL_OF_KINGS', 'GREAT_PERSON_ACTION_ATTACHMENT_TARGET_CITY'),
('SLTH_GREAT_PROPHET_5', 'MODIFIER_SLTH_GREAT_PERSON_ADD_CULTURE_HALL_OF_KINGS', 'GREAT_PERSON_ACTION_ATTACHMENT_TARGET_CITY'),
('SLTH_GREAT_PROPHET_6', 'MODIFIER_SLTH_GREAT_PERSON_ADD_CULTURE_HALL_OF_KINGS', 'GREAT_PERSON_ACTION_ATTACHMENT_TARGET_CITY'),
('SLTH_GREAT_PROPHET_7', 'MODIFIER_SLTH_GREAT_PERSON_ADD_CULTURE_HALL_OF_KINGS', 'GREAT_PERSON_ACTION_ATTACHMENT_TARGET_CITY'),
('SLTH_GREAT_PROPHET_8', 'MODIFIER_SLTH_GREAT_PERSON_ADD_CULTURE_HALL_OF_KINGS', 'GREAT_PERSON_ACTION_ATTACHMENT_TARGET_CITY'),
('SLTH_GREAT_PROPHET_9', 'MODIFIER_SLTH_GREAT_PERSON_ADD_CULTURE_HALL_OF_KINGS', 'GREAT_PERSON_ACTION_ATTACHMENT_TARGET_CITY'),
('SLTH_GREAT_PROPHET_10', 'MODIFIER_SLTH_GREAT_PERSON_ADD_CULTURE_HALL_OF_KINGS', 'GREAT_PERSON_ACTION_ATTACHMENT_TARGET_CITY'),
('SLTH_GREAT_PROPHET_11', 'MODIFIER_SLTH_GREAT_PERSON_ADD_CULTURE_HALL_OF_KINGS', 'GREAT_PERSON_ACTION_ATTACHMENT_TARGET_CITY'),
('SLTH_GREAT_PROPHET_12', 'MODIFIER_SLTH_GREAT_PERSON_ADD_CULTURE_HALL_OF_KINGS', 'GREAT_PERSON_ACTION_ATTACHMENT_TARGET_CITY'),
('SLTH_GREAT_PROPHET_13', 'MODIFIER_SLTH_GREAT_PERSON_ADD_CULTURE_HALL_OF_KINGS', 'GREAT_PERSON_ACTION_ATTACHMENT_TARGET_CITY'),
('SLTH_GREAT_PROPHET_14', 'MODIFIER_SLTH_GREAT_PERSON_ADD_CULTURE_HALL_OF_KINGS', 'GREAT_PERSON_ACTION_ATTACHMENT_TARGET_CITY'),
('SLTH_GREAT_PROPHET_15', 'MODIFIER_SLTH_GREAT_PERSON_ADD_CULTURE_HALL_OF_KINGS', 'GREAT_PERSON_ACTION_ATTACHMENT_TARGET_CITY'),
('SLTH_GREAT_PROPHET_16', 'MODIFIER_SLTH_GREAT_PERSON_ADD_CULTURE_HALL_OF_KINGS', 'GREAT_PERSON_ACTION_ATTACHMENT_TARGET_CITY'),
('SLTH_GREAT_PROPHET_17', 'MODIFIER_SLTH_GREAT_PERSON_ADD_CULTURE_HALL_OF_KINGS', 'GREAT_PERSON_ACTION_ATTACHMENT_TARGET_CITY'),
('SLTH_GREAT_PROPHET_18', 'MODIFIER_SLTH_GREAT_PERSON_ADD_CULTURE_HALL_OF_KINGS', 'GREAT_PERSON_ACTION_ATTACHMENT_TARGET_CITY'),
('SLTH_GREAT_PROPHET_19', 'MODIFIER_SLTH_GREAT_PERSON_ADD_CULTURE_HALL_OF_KINGS', 'GREAT_PERSON_ACTION_ATTACHMENT_TARGET_CITY'),
('SLTH_GREAT_PROPHET_20', 'MODIFIER_SLTH_GREAT_PERSON_ADD_CULTURE_HALL_OF_KINGS', 'GREAT_PERSON_ACTION_ATTACHMENT_TARGET_CITY'),
('SLTH_GREAT_PROPHET_1', 'MODIFIER_SLTH_GREAT_PERSON_ADD_SCIENCE_CASTE_SYSTEM', 'GREAT_PERSON_ACTION_ATTACHMENT_TARGET_CITY'),
('SLTH_GREAT_PROPHET_2', 'MODIFIER_SLTH_GREAT_PERSON_ADD_SCIENCE_CASTE_SYSTEM', 'GREAT_PERSON_ACTION_ATTACHMENT_TARGET_CITY'),
('SLTH_GREAT_PROPHET_3', 'MODIFIER_SLTH_GREAT_PERSON_ADD_SCIENCE_CASTE_SYSTEM', 'GREAT_PERSON_ACTION_ATTACHMENT_TARGET_CITY'),
('SLTH_GREAT_PROPHET_4', 'MODIFIER_SLTH_GREAT_PERSON_ADD_SCIENCE_CASTE_SYSTEM', 'GREAT_PERSON_ACTION_ATTACHMENT_TARGET_CITY'),
('SLTH_GREAT_PROPHET_5', 'MODIFIER_SLTH_GREAT_PERSON_ADD_SCIENCE_CASTE_SYSTEM', 'GREAT_PERSON_ACTION_ATTACHMENT_TARGET_CITY'),
('SLTH_GREAT_PROPHET_6', 'MODIFIER_SLTH_GREAT_PERSON_ADD_SCIENCE_CASTE_SYSTEM', 'GREAT_PERSON_ACTION_ATTACHMENT_TARGET_CITY'),
('SLTH_GREAT_PROPHET_7', 'MODIFIER_SLTH_GREAT_PERSON_ADD_SCIENCE_CASTE_SYSTEM', 'GREAT_PERSON_ACTION_ATTACHMENT_TARGET_CITY'),
('SLTH_GREAT_PROPHET_8', 'MODIFIER_SLTH_GREAT_PERSON_ADD_SCIENCE_CASTE_SYSTEM', 'GREAT_PERSON_ACTION_ATTACHMENT_TARGET_CITY'),
('SLTH_GREAT_PROPHET_9', 'MODIFIER_SLTH_GREAT_PERSON_ADD_SCIENCE_CASTE_SYSTEM', 'GREAT_PERSON_ACTION_ATTACHMENT_TARGET_CITY'),
('SLTH_GREAT_PROPHET_10', 'MODIFIER_SLTH_GREAT_PERSON_ADD_SCIENCE_CASTE_SYSTEM', 'GREAT_PERSON_ACTION_ATTACHMENT_TARGET_CITY'),
('SLTH_GREAT_PROPHET_11', 'MODIFIER_SLTH_GREAT_PERSON_ADD_SCIENCE_CASTE_SYSTEM', 'GREAT_PERSON_ACTION_ATTACHMENT_TARGET_CITY'),
('SLTH_GREAT_PROPHET_12', 'MODIFIER_SLTH_GREAT_PERSON_ADD_SCIENCE_CASTE_SYSTEM', 'GREAT_PERSON_ACTION_ATTACHMENT_TARGET_CITY'),
('SLTH_GREAT_PROPHET_13', 'MODIFIER_SLTH_GREAT_PERSON_ADD_SCIENCE_CASTE_SYSTEM', 'GREAT_PERSON_ACTION_ATTACHMENT_TARGET_CITY'),
('SLTH_GREAT_PROPHET_14', 'MODIFIER_SLTH_GREAT_PERSON_ADD_SCIENCE_CASTE_SYSTEM', 'GREAT_PERSON_ACTION_ATTACHMENT_TARGET_CITY'),
('SLTH_GREAT_PROPHET_15', 'MODIFIER_SLTH_GREAT_PERSON_ADD_SCIENCE_CASTE_SYSTEM', 'GREAT_PERSON_ACTION_ATTACHMENT_TARGET_CITY'),
('SLTH_GREAT_PROPHET_16', 'MODIFIER_SLTH_GREAT_PERSON_ADD_SCIENCE_CASTE_SYSTEM', 'GREAT_PERSON_ACTION_ATTACHMENT_TARGET_CITY'),
('SLTH_GREAT_PROPHET_17', 'MODIFIER_SLTH_GREAT_PERSON_ADD_SCIENCE_CASTE_SYSTEM', 'GREAT_PERSON_ACTION_ATTACHMENT_TARGET_CITY'),
('SLTH_GREAT_PROPHET_18', 'MODIFIER_SLTH_GREAT_PERSON_ADD_SCIENCE_CASTE_SYSTEM', 'GREAT_PERSON_ACTION_ATTACHMENT_TARGET_CITY'),
('SLTH_GREAT_PROPHET_19', 'MODIFIER_SLTH_GREAT_PERSON_ADD_SCIENCE_CASTE_SYSTEM', 'GREAT_PERSON_ACTION_ATTACHMENT_TARGET_CITY'),
('SLTH_GREAT_PROPHET_20', 'MODIFIER_SLTH_GREAT_PERSON_ADD_SCIENCE_CASTE_SYSTEM', 'GREAT_PERSON_ACTION_ATTACHMENT_TARGET_CITY'),
('SLTH_GREAT_PROPHET_1', 'MODIFIER_SLTH_GREAT_PERSON_ADD_CULTURE_CASTE_SYSTEM', 'GREAT_PERSON_ACTION_ATTACHMENT_TARGET_CITY'),
('SLTH_GREAT_PROPHET_2', 'MODIFIER_SLTH_GREAT_PERSON_ADD_CULTURE_CASTE_SYSTEM', 'GREAT_PERSON_ACTION_ATTACHMENT_TARGET_CITY'),
('SLTH_GREAT_PROPHET_3', 'MODIFIER_SLTH_GREAT_PERSON_ADD_CULTURE_CASTE_SYSTEM', 'GREAT_PERSON_ACTION_ATTACHMENT_TARGET_CITY'),
('SLTH_GREAT_PROPHET_4', 'MODIFIER_SLTH_GREAT_PERSON_ADD_CULTURE_CASTE_SYSTEM', 'GREAT_PERSON_ACTION_ATTACHMENT_TARGET_CITY'),
('SLTH_GREAT_PROPHET_5', 'MODIFIER_SLTH_GREAT_PERSON_ADD_CULTURE_CASTE_SYSTEM', 'GREAT_PERSON_ACTION_ATTACHMENT_TARGET_CITY'),
('SLTH_GREAT_PROPHET_6', 'MODIFIER_SLTH_GREAT_PERSON_ADD_CULTURE_CASTE_SYSTEM', 'GREAT_PERSON_ACTION_ATTACHMENT_TARGET_CITY'),
('SLTH_GREAT_PROPHET_7', 'MODIFIER_SLTH_GREAT_PERSON_ADD_CULTURE_CASTE_SYSTEM', 'GREAT_PERSON_ACTION_ATTACHMENT_TARGET_CITY'),
('SLTH_GREAT_PROPHET_8', 'MODIFIER_SLTH_GREAT_PERSON_ADD_CULTURE_CASTE_SYSTEM', 'GREAT_PERSON_ACTION_ATTACHMENT_TARGET_CITY'),
('SLTH_GREAT_PROPHET_9', 'MODIFIER_SLTH_GREAT_PERSON_ADD_CULTURE_CASTE_SYSTEM', 'GREAT_PERSON_ACTION_ATTACHMENT_TARGET_CITY'),
('SLTH_GREAT_PROPHET_10', 'MODIFIER_SLTH_GREAT_PERSON_ADD_CULTURE_CASTE_SYSTEM', 'GREAT_PERSON_ACTION_ATTACHMENT_TARGET_CITY'),
('SLTH_GREAT_PROPHET_11', 'MODIFIER_SLTH_GREAT_PERSON_ADD_CULTURE_CASTE_SYSTEM', 'GREAT_PERSON_ACTION_ATTACHMENT_TARGET_CITY'),
('SLTH_GREAT_PROPHET_12', 'MODIFIER_SLTH_GREAT_PERSON_ADD_CULTURE_CASTE_SYSTEM', 'GREAT_PERSON_ACTION_ATTACHMENT_TARGET_CITY'),
('SLTH_GREAT_PROPHET_13', 'MODIFIER_SLTH_GREAT_PERSON_ADD_CULTURE_CASTE_SYSTEM', 'GREAT_PERSON_ACTION_ATTACHMENT_TARGET_CITY'),
('SLTH_GREAT_PROPHET_14', 'MODIFIER_SLTH_GREAT_PERSON_ADD_CULTURE_CASTE_SYSTEM', 'GREAT_PERSON_ACTION_ATTACHMENT_TARGET_CITY'),
('SLTH_GREAT_PROPHET_15', 'MODIFIER_SLTH_GREAT_PERSON_ADD_CULTURE_CASTE_SYSTEM', 'GREAT_PERSON_ACTION_ATTACHMENT_TARGET_CITY'),
('SLTH_GREAT_PROPHET_16', 'MODIFIER_SLTH_GREAT_PERSON_ADD_CULTURE_CASTE_SYSTEM', 'GREAT_PERSON_ACTION_ATTACHMENT_TARGET_CITY'),
('SLTH_GREAT_PROPHET_17', 'MODIFIER_SLTH_GREAT_PERSON_ADD_CULTURE_CASTE_SYSTEM', 'GREAT_PERSON_ACTION_ATTACHMENT_TARGET_CITY'),
('SLTH_GREAT_PROPHET_18', 'MODIFIER_SLTH_GREAT_PERSON_ADD_CULTURE_CASTE_SYSTEM', 'GREAT_PERSON_ACTION_ATTACHMENT_TARGET_CITY'),
('SLTH_GREAT_PROPHET_19', 'MODIFIER_SLTH_GREAT_PERSON_ADD_CULTURE_CASTE_SYSTEM', 'GREAT_PERSON_ACTION_ATTACHMENT_TARGET_CITY'),
('SLTH_GREAT_PROPHET_20', 'MODIFIER_SLTH_GREAT_PERSON_ADD_CULTURE_CASTE_SYSTEM', 'GREAT_PERSON_ACTION_ATTACHMENT_TARGET_CITY'),
('SLTH_GREAT_PROPHET_1', 'MODIFIER_SLTH_GREAT_PERSON_ADD_SCIENCE_SCHOLARSHIP', 'GREAT_PERSON_ACTION_ATTACHMENT_TARGET_CITY'),
('SLTH_GREAT_PROPHET_2', 'MODIFIER_SLTH_GREAT_PERSON_ADD_SCIENCE_SCHOLARSHIP', 'GREAT_PERSON_ACTION_ATTACHMENT_TARGET_CITY'),
('SLTH_GREAT_PROPHET_3', 'MODIFIER_SLTH_GREAT_PERSON_ADD_SCIENCE_SCHOLARSHIP', 'GREAT_PERSON_ACTION_ATTACHMENT_TARGET_CITY'),
('SLTH_GREAT_PROPHET_4', 'MODIFIER_SLTH_GREAT_PERSON_ADD_SCIENCE_SCHOLARSHIP', 'GREAT_PERSON_ACTION_ATTACHMENT_TARGET_CITY'),
('SLTH_GREAT_PROPHET_5', 'MODIFIER_SLTH_GREAT_PERSON_ADD_SCIENCE_SCHOLARSHIP', 'GREAT_PERSON_ACTION_ATTACHMENT_TARGET_CITY'),
('SLTH_GREAT_PROPHET_6', 'MODIFIER_SLTH_GREAT_PERSON_ADD_SCIENCE_SCHOLARSHIP', 'GREAT_PERSON_ACTION_ATTACHMENT_TARGET_CITY'),
('SLTH_GREAT_PROPHET_7', 'MODIFIER_SLTH_GREAT_PERSON_ADD_SCIENCE_SCHOLARSHIP', 'GREAT_PERSON_ACTION_ATTACHMENT_TARGET_CITY'),
('SLTH_GREAT_PROPHET_8', 'MODIFIER_SLTH_GREAT_PERSON_ADD_SCIENCE_SCHOLARSHIP', 'GREAT_PERSON_ACTION_ATTACHMENT_TARGET_CITY'),
('SLTH_GREAT_PROPHET_9', 'MODIFIER_SLTH_GREAT_PERSON_ADD_SCIENCE_SCHOLARSHIP', 'GREAT_PERSON_ACTION_ATTACHMENT_TARGET_CITY'),
('SLTH_GREAT_PROPHET_10', 'MODIFIER_SLTH_GREAT_PERSON_ADD_SCIENCE_SCHOLARSHIP', 'GREAT_PERSON_ACTION_ATTACHMENT_TARGET_CITY'),
('SLTH_GREAT_PROPHET_11', 'MODIFIER_SLTH_GREAT_PERSON_ADD_SCIENCE_SCHOLARSHIP', 'GREAT_PERSON_ACTION_ATTACHMENT_TARGET_CITY'),
('SLTH_GREAT_PROPHET_12', 'MODIFIER_SLTH_GREAT_PERSON_ADD_SCIENCE_SCHOLARSHIP', 'GREAT_PERSON_ACTION_ATTACHMENT_TARGET_CITY'),
('SLTH_GREAT_PROPHET_13', 'MODIFIER_SLTH_GREAT_PERSON_ADD_SCIENCE_SCHOLARSHIP', 'GREAT_PERSON_ACTION_ATTACHMENT_TARGET_CITY'),
('SLTH_GREAT_PROPHET_14', 'MODIFIER_SLTH_GREAT_PERSON_ADD_SCIENCE_SCHOLARSHIP', 'GREAT_PERSON_ACTION_ATTACHMENT_TARGET_CITY'),
('SLTH_GREAT_PROPHET_15', 'MODIFIER_SLTH_GREAT_PERSON_ADD_SCIENCE_SCHOLARSHIP', 'GREAT_PERSON_ACTION_ATTACHMENT_TARGET_CITY'),
('SLTH_GREAT_PROPHET_16', 'MODIFIER_SLTH_GREAT_PERSON_ADD_SCIENCE_SCHOLARSHIP', 'GREAT_PERSON_ACTION_ATTACHMENT_TARGET_CITY'),
('SLTH_GREAT_PROPHET_17', 'MODIFIER_SLTH_GREAT_PERSON_ADD_SCIENCE_SCHOLARSHIP', 'GREAT_PERSON_ACTION_ATTACHMENT_TARGET_CITY'),
('SLTH_GREAT_PROPHET_18', 'MODIFIER_SLTH_GREAT_PERSON_ADD_SCIENCE_SCHOLARSHIP', 'GREAT_PERSON_ACTION_ATTACHMENT_TARGET_CITY'),
('SLTH_GREAT_PROPHET_19', 'MODIFIER_SLTH_GREAT_PERSON_ADD_SCIENCE_SCHOLARSHIP', 'GREAT_PERSON_ACTION_ATTACHMENT_TARGET_CITY'),
('SLTH_GREAT_PROPHET_20', 'MODIFIER_SLTH_GREAT_PERSON_ADD_SCIENCE_SCHOLARSHIP', 'GREAT_PERSON_ACTION_ATTACHMENT_TARGET_CITY');

INSERT INTO Types(Type, Kind) VALUES
('GREAT_PERSON_CLASS_ADVENTURER', 'KIND_GREAT_PERSON_CLASS'),
('SLTH_GREAT_SCIENTIST_1', 'KIND_GREAT_PERSON_INDIVIDUAL'),
('SLTH_GREAT_SCIENTIST_2', 'KIND_GREAT_PERSON_INDIVIDUAL'),
('SLTH_GREAT_SCIENTIST_3', 'KIND_GREAT_PERSON_INDIVIDUAL'),
('SLTH_GREAT_SCIENTIST_4', 'KIND_GREAT_PERSON_INDIVIDUAL'),
('SLTH_GREAT_SCIENTIST_5', 'KIND_GREAT_PERSON_INDIVIDUAL'),
('SLTH_GREAT_SCIENTIST_6', 'KIND_GREAT_PERSON_INDIVIDUAL'),
('SLTH_GREAT_SCIENTIST_7', 'KIND_GREAT_PERSON_INDIVIDUAL'),
('SLTH_GREAT_SCIENTIST_8', 'KIND_GREAT_PERSON_INDIVIDUAL'),
('SLTH_GREAT_SCIENTIST_9', 'KIND_GREAT_PERSON_INDIVIDUAL'),
('SLTH_GREAT_SCIENTIST_10', 'KIND_GREAT_PERSON_INDIVIDUAL'),
('SLTH_GREAT_SCIENTIST_11', 'KIND_GREAT_PERSON_INDIVIDUAL'),
('SLTH_GREAT_SCIENTIST_12', 'KIND_GREAT_PERSON_INDIVIDUAL'),
('SLTH_GREAT_SCIENTIST_13', 'KIND_GREAT_PERSON_INDIVIDUAL'),
('SLTH_GREAT_SCIENTIST_14', 'KIND_GREAT_PERSON_INDIVIDUAL'),
('SLTH_GREAT_SCIENTIST_15', 'KIND_GREAT_PERSON_INDIVIDUAL'),
('SLTH_GREAT_SCIENTIST_16', 'KIND_GREAT_PERSON_INDIVIDUAL'),
('SLTH_GREAT_SCIENTIST_17', 'KIND_GREAT_PERSON_INDIVIDUAL'),
('SLTH_GREAT_SCIENTIST_18', 'KIND_GREAT_PERSON_INDIVIDUAL'),
('SLTH_GREAT_SCIENTIST_19', 'KIND_GREAT_PERSON_INDIVIDUAL'),
('SLTH_GREAT_SCIENTIST_20', 'KIND_GREAT_PERSON_INDIVIDUAL'),
('SLTH_GREAT_ADVENTURER_1', 'KIND_GREAT_PERSON_INDIVIDUAL'),
('SLTH_GREAT_ADVENTURER_2', 'KIND_GREAT_PERSON_INDIVIDUAL'),
('SLTH_GREAT_ADVENTURER_3', 'KIND_GREAT_PERSON_INDIVIDUAL'),
('SLTH_GREAT_ADVENTURER_4', 'KIND_GREAT_PERSON_INDIVIDUAL'),
('SLTH_GREAT_ADVENTURER_5', 'KIND_GREAT_PERSON_INDIVIDUAL'),
('SLTH_GREAT_ADVENTURER_6', 'KIND_GREAT_PERSON_INDIVIDUAL'),
('SLTH_GREAT_ADVENTURER_7', 'KIND_GREAT_PERSON_INDIVIDUAL'),
('SLTH_GREAT_ADVENTURER_8', 'KIND_GREAT_PERSON_INDIVIDUAL'),
('SLTH_GREAT_ADVENTURER_9', 'KIND_GREAT_PERSON_INDIVIDUAL'),
('SLTH_GREAT_ADVENTURER_10', 'KIND_GREAT_PERSON_INDIVIDUAL'),
('SLTH_GREAT_ADVENTURER_11', 'KIND_GREAT_PERSON_INDIVIDUAL'),
('SLTH_GREAT_ADVENTURER_12', 'KIND_GREAT_PERSON_INDIVIDUAL'),
('SLTH_GREAT_ADVENTURER_13', 'KIND_GREAT_PERSON_INDIVIDUAL'),
('SLTH_GREAT_ADVENTURER_14', 'KIND_GREAT_PERSON_INDIVIDUAL'),
('SLTH_GREAT_ADVENTURER_15', 'KIND_GREAT_PERSON_INDIVIDUAL'),
('SLTH_GREAT_ADVENTURER_16', 'KIND_GREAT_PERSON_INDIVIDUAL'),
('SLTH_GREAT_ADVENTURER_17', 'KIND_GREAT_PERSON_INDIVIDUAL'),
('SLTH_GREAT_ADVENTURER_18', 'KIND_GREAT_PERSON_INDIVIDUAL'),
('SLTH_GREAT_ADVENTURER_19', 'KIND_GREAT_PERSON_INDIVIDUAL'),
('SLTH_GREAT_ADVENTURER_20', 'KIND_GREAT_PERSON_INDIVIDUAL'),
('SLTH_GREAT_ARTIST_1', 'KIND_GREAT_PERSON_INDIVIDUAL'),
('SLTH_GREAT_ARTIST_2', 'KIND_GREAT_PERSON_INDIVIDUAL'),
('SLTH_GREAT_ARTIST_3', 'KIND_GREAT_PERSON_INDIVIDUAL'),
('SLTH_GREAT_ARTIST_4', 'KIND_GREAT_PERSON_INDIVIDUAL'),
('SLTH_GREAT_ARTIST_5', 'KIND_GREAT_PERSON_INDIVIDUAL'),
('SLTH_GREAT_ARTIST_6', 'KIND_GREAT_PERSON_INDIVIDUAL'),
('SLTH_GREAT_ARTIST_7', 'KIND_GREAT_PERSON_INDIVIDUAL'),
('SLTH_GREAT_ARTIST_8', 'KIND_GREAT_PERSON_INDIVIDUAL'),
('SLTH_GREAT_ARTIST_9', 'KIND_GREAT_PERSON_INDIVIDUAL'),
('SLTH_GREAT_ARTIST_10', 'KIND_GREAT_PERSON_INDIVIDUAL'),
('SLTH_GREAT_ARTIST_11', 'KIND_GREAT_PERSON_INDIVIDUAL'),
('SLTH_GREAT_ARTIST_12', 'KIND_GREAT_PERSON_INDIVIDUAL'),
('SLTH_GREAT_ARTIST_13', 'KIND_GREAT_PERSON_INDIVIDUAL'),
('SLTH_GREAT_ARTIST_14', 'KIND_GREAT_PERSON_INDIVIDUAL'),
('SLTH_GREAT_ARTIST_15', 'KIND_GREAT_PERSON_INDIVIDUAL'),
('SLTH_GREAT_ARTIST_16', 'KIND_GREAT_PERSON_INDIVIDUAL'),
('SLTH_GREAT_ARTIST_17', 'KIND_GREAT_PERSON_INDIVIDUAL'),
('SLTH_GREAT_ARTIST_18', 'KIND_GREAT_PERSON_INDIVIDUAL'),
('SLTH_GREAT_ARTIST_19', 'KIND_GREAT_PERSON_INDIVIDUAL'),
('SLTH_GREAT_ARTIST_20', 'KIND_GREAT_PERSON_INDIVIDUAL'),
('SLTH_GREAT_ENGINEER_1', 'KIND_GREAT_PERSON_INDIVIDUAL'),
('SLTH_GREAT_ENGINEER_2', 'KIND_GREAT_PERSON_INDIVIDUAL'),
('SLTH_GREAT_ENGINEER_3', 'KIND_GREAT_PERSON_INDIVIDUAL'),
('SLTH_GREAT_ENGINEER_4', 'KIND_GREAT_PERSON_INDIVIDUAL'),
('SLTH_GREAT_ENGINEER_5', 'KIND_GREAT_PERSON_INDIVIDUAL'),
('SLTH_GREAT_ENGINEER_6', 'KIND_GREAT_PERSON_INDIVIDUAL'),
('SLTH_GREAT_ENGINEER_7', 'KIND_GREAT_PERSON_INDIVIDUAL'),
('SLTH_GREAT_ENGINEER_8', 'KIND_GREAT_PERSON_INDIVIDUAL'),
('SLTH_GREAT_ENGINEER_9', 'KIND_GREAT_PERSON_INDIVIDUAL'),
('SLTH_GREAT_ENGINEER_10', 'KIND_GREAT_PERSON_INDIVIDUAL'),
('SLTH_GREAT_ENGINEER_11', 'KIND_GREAT_PERSON_INDIVIDUAL'),
('SLTH_GREAT_ENGINEER_12', 'KIND_GREAT_PERSON_INDIVIDUAL'),
('SLTH_GREAT_ENGINEER_13', 'KIND_GREAT_PERSON_INDIVIDUAL'),
('SLTH_GREAT_ENGINEER_14', 'KIND_GREAT_PERSON_INDIVIDUAL'),
('SLTH_GREAT_ENGINEER_15', 'KIND_GREAT_PERSON_INDIVIDUAL'),
('SLTH_GREAT_ENGINEER_16', 'KIND_GREAT_PERSON_INDIVIDUAL'),
('SLTH_GREAT_ENGINEER_17', 'KIND_GREAT_PERSON_INDIVIDUAL'),
('SLTH_GREAT_ENGINEER_18', 'KIND_GREAT_PERSON_INDIVIDUAL'),
('SLTH_GREAT_ENGINEER_19', 'KIND_GREAT_PERSON_INDIVIDUAL'),
('SLTH_GREAT_ENGINEER_20', 'KIND_GREAT_PERSON_INDIVIDUAL'),
('SLTH_GREAT_MERCHANT_1', 'KIND_GREAT_PERSON_INDIVIDUAL'),
('SLTH_GREAT_MERCHANT_2', 'KIND_GREAT_PERSON_INDIVIDUAL'),
('SLTH_GREAT_MERCHANT_3', 'KIND_GREAT_PERSON_INDIVIDUAL'),
('SLTH_GREAT_MERCHANT_4', 'KIND_GREAT_PERSON_INDIVIDUAL'),
('SLTH_GREAT_MERCHANT_5', 'KIND_GREAT_PERSON_INDIVIDUAL'),
('SLTH_GREAT_MERCHANT_6', 'KIND_GREAT_PERSON_INDIVIDUAL'),
('SLTH_GREAT_MERCHANT_7', 'KIND_GREAT_PERSON_INDIVIDUAL'),
('SLTH_GREAT_MERCHANT_8', 'KIND_GREAT_PERSON_INDIVIDUAL'),
('SLTH_GREAT_MERCHANT_9', 'KIND_GREAT_PERSON_INDIVIDUAL'),
('SLTH_GREAT_MERCHANT_10', 'KIND_GREAT_PERSON_INDIVIDUAL'),
('SLTH_GREAT_MERCHANT_11', 'KIND_GREAT_PERSON_INDIVIDUAL'),
('SLTH_GREAT_MERCHANT_12', 'KIND_GREAT_PERSON_INDIVIDUAL'),
('SLTH_GREAT_MERCHANT_13', 'KIND_GREAT_PERSON_INDIVIDUAL'),
('SLTH_GREAT_MERCHANT_14', 'KIND_GREAT_PERSON_INDIVIDUAL'),
('SLTH_GREAT_MERCHANT_15', 'KIND_GREAT_PERSON_INDIVIDUAL'),
('SLTH_GREAT_MERCHANT_16', 'KIND_GREAT_PERSON_INDIVIDUAL'),
('SLTH_GREAT_MERCHANT_17', 'KIND_GREAT_PERSON_INDIVIDUAL'),
('SLTH_GREAT_MERCHANT_18', 'KIND_GREAT_PERSON_INDIVIDUAL'),
('SLTH_GREAT_MERCHANT_19', 'KIND_GREAT_PERSON_INDIVIDUAL'),
('SLTH_GREAT_MERCHANT_20', 'KIND_GREAT_PERSON_INDIVIDUAL'),
('SLTH_GREAT_PROPHET_1', 'KIND_GREAT_PERSON_INDIVIDUAL'),
('SLTH_GREAT_PROPHET_2', 'KIND_GREAT_PERSON_INDIVIDUAL'),
('SLTH_GREAT_PROPHET_3', 'KIND_GREAT_PERSON_INDIVIDUAL'),
('SLTH_GREAT_PROPHET_4', 'KIND_GREAT_PERSON_INDIVIDUAL'),
('SLTH_GREAT_PROPHET_5', 'KIND_GREAT_PERSON_INDIVIDUAL'),
('SLTH_GREAT_PROPHET_6', 'KIND_GREAT_PERSON_INDIVIDUAL'),
('SLTH_GREAT_PROPHET_7', 'KIND_GREAT_PERSON_INDIVIDUAL'),
('SLTH_GREAT_PROPHET_8', 'KIND_GREAT_PERSON_INDIVIDUAL'),
('SLTH_GREAT_PROPHET_9', 'KIND_GREAT_PERSON_INDIVIDUAL'),
('SLTH_GREAT_PROPHET_10', 'KIND_GREAT_PERSON_INDIVIDUAL'),
('SLTH_GREAT_PROPHET_11', 'KIND_GREAT_PERSON_INDIVIDUAL'),
('SLTH_GREAT_PROPHET_12', 'KIND_GREAT_PERSON_INDIVIDUAL'),
('SLTH_GREAT_PROPHET_13', 'KIND_GREAT_PERSON_INDIVIDUAL'),
('SLTH_GREAT_PROPHET_14', 'KIND_GREAT_PERSON_INDIVIDUAL'),
('SLTH_GREAT_PROPHET_15', 'KIND_GREAT_PERSON_INDIVIDUAL'),
('SLTH_GREAT_PROPHET_16', 'KIND_GREAT_PERSON_INDIVIDUAL'),
('SLTH_GREAT_PROPHET_17', 'KIND_GREAT_PERSON_INDIVIDUAL'),
('SLTH_GREAT_PROPHET_18', 'KIND_GREAT_PERSON_INDIVIDUAL'),
('SLTH_GREAT_PROPHET_19', 'KIND_GREAT_PERSON_INDIVIDUAL'),
('SLTH_GREAT_PROPHET_20', 'KIND_GREAT_PERSON_INDIVIDUAL');
