-- Todo: Change to unit Adventurer and implement features of it
-- Find existing framework used for new Great People (see Limes mod for in use)
-- Implement Religious Wonders, once religious framework established
-- Find a way to do the Luonnotar altars as GreatPerson actions instead of superSpecialists so the AI does it,
-- In a way that lets them do the Luonnotar in order. without completing them all

-- Great Engineer, set completing wonder to default. Tablets

-- Great Merchant, Trade Mission, Nox Noctis, Bulb List

-- Golden Age stuff: should be pretty simple to implement as modifier, issue will be consuming multiple great people.
-- Any tile with gold gets +1 gold, any tile with prod gets +1 prod, uhh hard
-- doubled GPP, No anarchy Easy
-- also different lengths based on game speed

-- Bulbing techs (has to be Lua as list for each)

-- UPDATE GreatPersonClasses SET GenerateDuplicateIndividuals = 1 WHERE MaxPlayerInstances IS NULL;
-- UPDATE GreatPersonClasses SET MaxPlayerInstances = NULL AND DistrictType = 'DISTRICT_ENCAMPMENT' WHERE GreatPersonClassType = 'GREAT_PERSON_CLASS_PROPHET';
UPDATE Units SET FoundReligion = 0 WHERE UnitType = 'UNIT_GREAT_PROPHET';
UPDATE Units SET CanCapture = 1, CanRetreatWhenCaptured = 0 WHERE UnitType IN('UNIT_GREAT_ENGINEER', 'UNIT_GREAT_MERCHANT', 'UNIT_GREAT_PROPHET', 'UNIT_GREAT_SCIENTIST', 'UNIT_GREAT_WRITER', 'UNIT_GREAT_ARTIST');

INSERT INTO UnitUpgrades(Unit, UpgradeUnit) VALUES
('UNIT_GREAT_WRITER', 'UNIT_WARRIOR');

-- try MODIFIER_SINGLE_CITY_GRANT_BUILDING_IN_CITY and prereqs?
INSERT INTO Modifiers(ModifierId, ModifierType, RunOnce, Repeatable, SubjectRequirementSetId) VALUES
('SLTH_MODIFIER_GRANT_ACADEMY', 'MODIFIER_SINGLE_CITY_GRANT_BUILDING_IN_CITY', '1', '0', NULL),
('SLTH_MODIFIER_GRANT_LUONNOTAR_BASE', 'MODIFIER_SINGLE_CITY_GRANT_BUILDING_IN_CITY', '1', '0', NULL),
('SLTH_MODIFIER_GRANT_LUONNOTAR_ANOINTED', 'MODIFIER_SINGLE_CITY_GRANT_BUILDING_IN_CITY', '1', '0', 'SLTH_HAS_LUONNOTAR_BASE_REQS'),
('SLTH_MODIFIER_GRANT_LUONNOTAR_BLESSED', 'MODIFIER_SINGLE_CITY_GRANT_BUILDING_IN_CITY', '1', '0', 'SLTH_HAS_LUONNOTAR_ANOINTED_REQS'),
('SLTH_MODIFIER_GRANT_LUONNOTAR_CONSECRATED', 'MODIFIER_SINGLE_CITY_GRANT_BUILDING_IN_CITY', '1', '0', 'SLTH_HAS_LUONNOTAR_BLESSED_REQS'),
('SLTH_MODIFIER_GRANT_LUONNOTAR_DIVINE', 'MODIFIER_SINGLE_CITY_GRANT_BUILDING_IN_CITY', '1', '0', 'SLTH_HAS_LUONNOTAR_CONSECRATED_REQS'),
('SLTH_MODIFIER_GRANT_LUONNOTAR_EXALTED', 'MODIFIER_SINGLE_CITY_GRANT_BUILDING_IN_CITY', '1', '0', 'SLTH_HAS_LUONNOTAR_DIVINE_REQS'),
('SLTH_MODIFIER_GRANT_LUONNOTAR_FINAL', 'MODIFIER_SINGLE_CITY_GRANT_BUILDING_IN_CITY', '1', '0', 'SLTH_HAS_LUONNOTAR_EXALTED_REQS'),
('SLTH_MODIFIER_GRANT_DIES_DEI', 'MODIFIER_SINGLE_CITY_GRANT_BUILDING_IN_CITY', '1', '0', NULL),
('SLTH_MODIFIER_GRANT_CODE_OF_JUNIL', 'MODIFIER_SINGLE_CITY_GRANT_BUILDING_IN_CITY', '1', '0', NULL),
('SLTH_MODIFIER_GRANT_SONG_OF_AUTUMN', 'MODIFIER_SINGLE_CITY_GRANT_BUILDING_IN_CITY', '1', '0', NULL),
('SLTH_MODIFIER_GRANT_STIGMATA_ON_THE_UNBORN', 'MODIFIER_SINGLE_CITY_GRANT_BUILDING_IN_CITY', '1', '0', NULL),
('SLTH_MODIFIER_GRANT_TABLETS_OF_BAMBUR', 'MODIFIER_SINGLE_CITY_GRANT_BUILDING_IN_CITY', '1', '0', NULL),
('SLTH_MODIFIER_GRANT_NOX_NOCTIS', 'MODIFIER_SINGLE_CITY_GRANT_BUILDING_IN_CITY', '1', '0', NULL),
('SLTH_MODIFIER_GRANT_THE_NECRONOMICON', 'MODIFIER_SINGLE_CITY_GRANT_BUILDING_IN_CITY', '1', '0', NULL),
('SLTH_MODIFIER_GRANT_COMMAND_POST', 'MODIFIER_SINGLE_CITY_GRANT_BUILDING_IN_CITY', '1', '0', NULL);
INSERT INTO ModifierArguments(ModifierId, Name, Type, Value) VALUES
('SLTH_MODIFIER_GRANT_ACADEMY', 'BuildingType', 'ARGTYPE_IDENTITY', 'BUILDING_ALCHEMICAL_SOCIETY'),
('SLTH_MODIFIER_GRANT_LUONNOTAR_BASE', 'BuildingType', 'ARGTYPE_IDENTITY', 'SLTH_BUILDING_ALTAR_OF_THE_LUONNOTAR'),
('SLTH_MODIFIER_GRANT_LUONNOTAR_ANOINTED', 'BuildingType', 'ARGTYPE_IDENTITY', 'SLTH_BUILDING_ALTAR_OF_THE_LUONNOTAR_ANOINTED'),
('SLTH_MODIFIER_GRANT_LUONNOTAR_BLESSED', 'BuildingType', 'ARGTYPE_IDENTITY', 'SLTH_BUILDING_ALTAR_OF_THE_LUONNOTAR_BLESSED'),
('SLTH_MODIFIER_GRANT_LUONNOTAR_CONSECRATED', 'BuildingType', 'ARGTYPE_IDENTITY', 'SLTH_BUILDING_ALTAR_OF_THE_LUONNOTAR_CONSECRATED'),
('SLTH_MODIFIER_GRANT_LUONNOTAR_DIVINE', 'BuildingType', 'ARGTYPE_IDENTITY', 'SLTH_BUILDING_ALTAR_OF_THE_LUONNOTAR_DIVINE'),
('SLTH_MODIFIER_GRANT_LUONNOTAR_EXALTED', 'BuildingType', 'ARGTYPE_IDENTITY', 'SLTH_BUILDING_ALTAR_OF_THE_LUONNOTAR_EXALTED'),
('SLTH_MODIFIER_GRANT_LUONNOTAR_FINAL', 'BuildingType', 'ARGTYPE_IDENTITY', 'SLTH_BUILDING_ALTAR_OF_THE_LUONNOTAR_FINAL'),
('SLTH_MODIFIER_GRANT_DIES_DEI', 'BuildingType', 'ARGTYPE_IDENTITY', 'BUILDING_ANGKOR_WAT'),
('SLTH_MODIFIER_GRANT_CODE_OF_JUNIL', 'BuildingType', 'ARGTYPE_IDENTITY', 'SLTH_BUILDING_CODE_OF_JUNIL'),
('SLTH_MODIFIER_GRANT_SONG_OF_AUTUMN', 'BuildingType', 'ARGTYPE_IDENTITY', 'SLTH_BUILDING_SONG_OF_AUTUMN'),
('SLTH_MODIFIER_GRANT_STIGMATA_ON_THE_UNBORN', 'BuildingType', 'ARGTYPE_IDENTITY', 'SLTH_BUILDING_STIGMATA_ON_THE_UNBORN'),
('SLTH_MODIFIER_GRANT_TABLETS_OF_BAMBUR', 'BuildingType', 'ARGTYPE_IDENTITY', 'SLTH_BUILDING_TABLETS_OF_BAMBUR'),
('SLTH_MODIFIER_GRANT_NOX_NOCTIS', 'BuildingType', 'ARGTYPE_IDENTITY', 'SLTH_BUILDING_NOX_NOCTIS'),
('SLTH_MODIFIER_GRANT_THE_NECRONOMICON', 'BuildingType', 'ARGTYPE_IDENTITY', 'SLTH_BUILDING_THE_NECRONOMICON'),
('SLTH_MODIFIER_GRANT_COMMAND_POST', 'BuildingType', 'ARGTYPE_IDENTITY', 'BUILDING_PAGODA'),
('SLTH_MODIFIER_HURRY_WONDER', 'Amount', 'ScaleByGameSpeed', '800'),
('SLTH_MODIFIER_HURRY_WONDER', 'KeepOverflow', 'ARGTYPE_IDENTITY', '0');

INSERT INTO GameModifiers(ModifierId) VALUES
('SLTH_MODIFIER_GOLDEN_AGE_GPP_ATTACH');
-- prod and gold increases, anarchy loss
INSERT INTO Modifiers(ModifierId, ModifierType, SubjectRequirementSetId) VALUES
('SLTH_MODIFIER_GOLDEN_AGE_GPP_ATTACH', 'MODIFIER_ALL_CITIES_ATTACH_MODIFIER', NULL),
('SLTH_MODIFIER_GOLDEN_AGE_GPP', 'MODIFIER_CITY_INCREASE_GREAT_PERSON_POINT_BONUS', 'PLOT_PROPERTY_IS_GOLD_AGE_REQS');

INSERT INTO ModifierArguments(ModifierId, Name, Type, Value) VALUES
('SLTH_MODIFIER_GOLDEN_AGE_GPP_ATTACH', 'ModifierId', 'ARGTYPE_IDENTITY', 'SLTH_MODIFIER_GOLDEN_AGE_GPP'),
('SLTH_MODIFIER_GOLDEN_AGE_GPP', 'Amount', 'ARGTYPE_IDENTITY', '100');

INSERT INTO Requirements(RequirementId, RequirementType) VALUES
('SLTH_REQUIREMENT_GOLDEN_AGE_PROPERTY', 'REQUIREMENT_PLOT_PROPERTY_MATCHES');
INSERT INTO RequirementArguments(RequirementId, Name, Value) VALUES
('SLTH_REQUIREMENT_GOLDEN_AGE_PROPERTY', 'PropertyName','GoldenAgeDuration'),
('SLTH_REQUIREMENT_GOLDEN_AGE_PROPERTY', 'PropertyMinimum','1');
INSERT INTO RequirementSetRequirements(RequirementSetId, RequirementId) VALUES
('PLOT_PROPERTY_IS_GOLD_AGE_REQS', 'SLTH_REQUIREMENT_GOLDEN_AGE_PROPERTY');
INSERT INTO RequirementSets(RequirementSetId, RequirementSetType) VALUES
('PLOT_PROPERTY_IS_GOLD_AGE_REQS', 'REQUIREMENTSET_TEST_ALL');

INSERT INTO Modifiers(ModifierId, ModifierType, RunOnce, Permanent) VALUES
('SLTH_MODIFIER_HURRY_WONDER', 'MODIFIER_SINGLE_CITY_GRANT_PRODUCTION_IN_CITY', '1', '1');

INSERT INTO ModifierStrings(ModifierId, Context, Text) VALUES
('SLTH_MODIFIER_HURRY_WONDER', 'Summary', 'LOC_GREATPERSON_HURRY_WONDER');

INSERT INTO Requirements(RequirementId, RequirementType) VALUES
('SLTH_REQUIREMENT_HAS_LUONNOTAR_BASE', 'REQUIREMENT_PLAYER_HAS_BUILDING');
INSERT INTO RequirementArguments(RequirementId, Name, Value) VALUES
('SLTH_REQUIREMENT_HAS_LUONNOTAR_BASE', 'BuildingType', 'SLTH_BUILDING_ALTAR_OF_THE_LUONNOTAR');
INSERT INTO RequirementSetRequirements(RequirementSetId, RequirementId) VALUES
('SLTH_HAS_LUONNOTAR_BASE_REQS', 'SLTH_REQUIREMENT_HAS_LUONNOTAR_BASE');
INSERT INTO RequirementSets(RequirementSetId, RequirementSetType) VALUES
('SLTH_HAS_LUONNOTAR_BASE_REQS', 'REQUIREMENTSET_TEST_ANY');

INSERT INTO Requirements(RequirementId, RequirementType) VALUES
('SLTH_REQUIREMENT_HAS_LUONNOTAR_ANOINTED', 'REQUIREMENT_PLAYER_HAS_BUILDING');
INSERT INTO RequirementArguments(RequirementId, Name, Value) VALUES
('SLTH_REQUIREMENT_HAS_LUONNOTAR_ANOINTED', 'BuildingType', 'SLTH_BUILDING_ALTAR_OF_THE_LUONNOTAR_ANOINTED');
INSERT INTO RequirementSetRequirements(RequirementSetId, RequirementId) VALUES
('SLTH_HAS_LUONNOTAR_ANOINTED_REQS', 'SLTH_REQUIREMENT_HAS_LUONNOTAR_ANOINTED');
INSERT INTO RequirementSets(RequirementSetId, RequirementSetType) VALUES
('SLTH_HAS_LUONNOTAR_ANOINTED_REQS', 'REQUIREMENTSET_TEST_ANY');

INSERT INTO Requirements(RequirementId, RequirementType) VALUES
('SLTH_REQUIREMENT_HAS_LUONNOTAR_CONSECRATED', 'REQUIREMENT_PLAYER_HAS_BUILDING');
INSERT INTO RequirementArguments(RequirementId, Name, Value) VALUES
('SLTH_REQUIREMENT_HAS_LUONNOTAR_CONSECRATED', 'BuildingType', 'SLTH_BUILDING_ALTAR_OF_THE_LUONNOTAR_CONSECRATED');
INSERT INTO RequirementSetRequirements(RequirementSetId, RequirementId) VALUES
('SLTH_HAS_LUONNOTAR_CONSECRATED_REQS', 'SLTH_REQUIREMENT_HAS_LUONNOTAR_CONSECRATED');
INSERT INTO RequirementSets(RequirementSetId, RequirementSetType) VALUES
('SLTH_HAS_LUONNOTAR_CONSECRATED_REQS', 'REQUIREMENTSET_TEST_ANY');

INSERT INTO Requirements(RequirementId, RequirementType) VALUES
('SLTH_REQUIREMENT_HAS_LUONNOTAR_EXALTED', 'REQUIREMENT_PLAYER_HAS_BUILDING');
INSERT INTO RequirementArguments(RequirementId, Name, Value) VALUES
('SLTH_REQUIREMENT_HAS_LUONNOTAR_EXALTED', 'BuildingType', 'SLTH_BUILDING_ALTAR_OF_THE_LUONNOTAR_EXALTED');
INSERT INTO RequirementSetRequirements(RequirementSetId, RequirementId) VALUES
('SLTH_HAS_LUONNOTAR_EXALTED_REQS', 'SLTH_REQUIREMENT_HAS_LUONNOTAR_EXALTED');
INSERT INTO RequirementSets(RequirementSetId, RequirementSetType) VALUES
('SLTH_HAS_LUONNOTAR_EXALTED_REQS', 'REQUIREMENTSET_TEST_ANY');

INSERT INTO Buildings(BuildingType, Name, Cost, PrereqDistrict, Description, AdvisorType, PurchaseYield, MustPurchase) VALUES
('BUILDING_ALCHEMICAL_SOCIETY', 'LOC_BUILDING_ALCHEMICAL_SOCIETY_NAME', '1', 'DISTRICT_CITY_CENTER', 'LOC_BUILDING_ALCHEMICAL_SOCIETY_DESCRIPTION', 'ADVISOR_TECHNOLOGY', NULL, '1'),
('BUILDING_PAGODA', 'LOC_BUILDING_PAGODA_NAME', '180', 'DISTRICT_CITY_CENTER', 'LOC_BUILDING_PAGODA_DESCRIPTION', 'ADVISOR_CONQUEST', NULL, '1');

INSERT INTO Buildings(BuildingType, Name, PrereqTech, PrereqCivic, Cost, PrereqDistrict, Description, Entertainment, CitizenSlots, AdvisorType, MaxPlayerInstances, PurchaseYield, MustPurchase) VALUES
('SLTH_BUILDING_ALTAR_OF_THE_LUONNOTAR', 'LOC_SLTH_BUILDING_ALTAR_OF_THE_LUONNOTAR_NAME', NULL, NULL, '1', 'DISTRICT_CITY_CENTER', 'LOC_SLTH_BUILDING_ALTAR_OF_THE_LUONNOTAR_DESCRIPTION', '0', '1', 'ADVISOR_CONQUEST', '1', NULL, '1'),
('SLTH_BUILDING_ALTAR_OF_THE_LUONNOTAR_ANOINTED', 'LOC_SLTH_BUILDING_ALTAR_OF_THE_LUONNOTAR_ANOINTED_NAME', NULL, 'CIVIC_MYSTICISM', '1', 'DISTRICT_CITY_CENTER', 'LOC_SLTH_BUILDING_ALTAR_OF_THE_LUONNOTAR_ANOINTED_DESCRIPTION', '1',  '1', 'ADVISOR_CONQUEST', '1', NULL, '1'),
('SLTH_BUILDING_ALTAR_OF_THE_LUONNOTAR_BLESSED', 'LOC_SLTH_BUILDING_ALTAR_OF_THE_LUONNOTAR_BLESSED_NAME', NULL, 'CIVIC_POLITICAL_PHILOSOPHY', '1', 'DISTRICT_CITY_CENTER', 'LOC_SLTH_BUILDING_ALTAR_OF_THE_LUONNOTAR_BLESSED_DESCRIPTION', '0', '1', 'ADVISOR_CONQUEST', '1', NULL, '1'),
('SLTH_BUILDING_ALTAR_OF_THE_LUONNOTAR_CONSECRATED', 'LOC_SLTH_BUILDING_ALTAR_OF_THE_LUONNOTAR_CONSECRATED_NAME', NULL, 'CIVIC_PRIESTHOOD', '1', 'DISTRICT_CITY_CENTER', 'LOC_SLTH_BUILDING_ALTAR_OF_THE_LUONNOTAR_CONSECRATED_DESCRIPTION', '0', '2', 'ADVISOR_CONQUEST', '1', NULL, '1'),
('SLTH_BUILDING_ALTAR_OF_THE_LUONNOTAR_DIVINE', 'LOC_SLTH_BUILDING_ALTAR_OF_THE_LUONNOTAR_DIVINE_NAME', NULL, 'CIVIC_FANATICISM', '1', 'DISTRICT_CITY_CENTER', 'LOC_SLTH_BUILDING_ALTAR_OF_THE_LUONNOTAR_DIVINE_DESCRIPTION', '0', '2', 'ADVISOR_CONQUEST', '1', NULL, '1'),
('SLTH_BUILDING_ALTAR_OF_THE_LUONNOTAR_EXALTED', 'LOC_SLTH_BUILDING_ALTAR_OF_THE_LUONNOTAR_EXALTED_NAME', NULL, 'CIVIC_RIGHTEOUSNESS', '1', 'DISTRICT_CITY_CENTER', 'LOC_SLTH_BUILDING_ALTAR_OF_THE_LUONNOTAR_EXALTED_DESCRIPTION', '0', '2', 'ADVISOR_CONQUEST', '1', NULL, '1'),
('SLTH_BUILDING_ALTAR_OF_THE_LUONNOTAR_FINAL', 'LOC_SLTH_BUILDING_ALTAR_OF_THE_LUONNOTAR_FINAL_NAME', 'TECH_OMNISCIENCE', NULL, '4000', 'DISTRICT_CITY_CENTER', 'LOC_SLTH_BUILDING_ALTAR_OF_THE_LUONNOTAR_FINAL_DESCRIPTION', '0', '3', 'ADVISOR_CONQUEST', '1', NULL, '1');

INSERT INTO Buildings(BuildingType, Name, Cost, PrereqDistrict, Description, AdvisorType, PurchaseYield, MustPurchase) VALUES
('SLTH_BUILDING_CODE_OF_JUNIL', 'LOC_SLTH_BUILDING_CODE_OF_JUNIL_NAME', '1', 'DISTRICT_CITY_CENTER', 'LOC_SLTH_BUILDING_CODE_OF_JUNIL_DESCRIPTION',  'ADVISOR_RELIGIOUS', NULL, '1'),
('SLTH_BUILDING_SONG_OF_AUTUMN', 'LOC_SLTH_BUILDING_SONG_OF_AUTUMN_NAME', '1', 'DISTRICT_CITY_CENTER', 'LOC_SLTH_BUILDING_SONG_OF_AUTUMN_DESCRIPTION',  'ADVISOR_RELIGIOUS', NULL, '1'),
('SLTH_BUILDING_STIGMATA_ON_THE_UNBORN', 'LOC_SLTH_BUILDING_STIGMATA_ON_THE_UNBORN_NAME', '1', 'DISTRICT_CITY_CENTER', 'LOC_SLTH_BUILDING_STIGMATA_ON_THE_UNBORN_DESCRIPTION',  'ADVISOR_RELIGIOUS', NULL, '1'),
('SLTH_BUILDING_TABLETS_OF_BAMBUR', 'LOC_SLTH_BUILDING_TABLETS_OF_BAMBUR_NAME', '1', 'DISTRICT_CITY_CENTER', 'LOC_SLTH_BUILDING_TABLETS_OF_BAMBUR_DESCRIPTION',  'ADVISOR_RELIGIOUS', NULL, '1'),
('SLTH_BUILDING_THE_NECRONOMICON', 'LOC_SLTH_BUILDING_THE_NECRONOMICON_NAME', '1', 'DISTRICT_CITY_CENTER', 'LOC_SLTH_BUILDING_THE_NECRONOMICON_DESCRIPTION',  'ADVISOR_RELIGIOUS', NULL, '1'),
('BUILDING_ANGKOR_WAT', 'LOC_BUILDING_ANGKOR_WAT_NAME', '1', 'DISTRICT_CITY_CENTER', 'LOC_BUILDING_ANGKOR_WAT_DESCRIPTION',  'ADVISOR_RELIGIOUS', NULL, '1'),
('SLTH_BUILDING_NOX_NOCTIS', 'LOC_SLTH_BUILDING_NOX_NOCTIS_NAME', '1', 'DISTRICT_CITY_CENTER', 'LOC_SLTH_BUILDING_NOX_NOCTIS_DESCRIPTION',  'ADVISOR_RELIGIOUS', NULL, '1');

INSERT INTO BuildingPrereqs(Building, PrereqBuilding) VALUES
('SLTH_BUILDING_ALTAR_OF_THE_LUONNOTAR_ANOINTED', 'SLTH_BUILDING_ALTAR_OF_THE_LUONNOTAR'),
('SLTH_BUILDING_ALTAR_OF_THE_LUONNOTAR_BLESSED', 'SLTH_BUILDING_ALTAR_OF_THE_LUONNOTAR_ANOINTED'),
('SLTH_BUILDING_ALTAR_OF_THE_LUONNOTAR_CONSECRATED', 'SLTH_BUILDING_ALTAR_OF_THE_LUONNOTAR_BLESSED'),
('SLTH_BUILDING_ALTAR_OF_THE_LUONNOTAR_DIVINE', 'SLTH_BUILDING_ALTAR_OF_THE_LUONNOTAR_CONSECRATED'),
('SLTH_BUILDING_ALTAR_OF_THE_LUONNOTAR_EXALTED', 'SLTH_BUILDING_ALTAR_OF_THE_LUONNOTAR_DIVINE'),
('SLTH_BUILDING_ALTAR_OF_THE_LUONNOTAR_FINAL', 'SLTH_BUILDING_ALTAR_OF_THE_LUONNOTAR_EXALTED');

INSERT INTO Building_GreatPersonPoints(BuildingType, GreatPersonClassType, PointsPerTurn) VALUES
('SLTH_BUILDING_ALTAR_OF_THE_LUONNOTAR_BLESSED', 'GREAT_PERSON_CLASS_PROPHET', '1'),
('SLTH_BUILDING_ALTAR_OF_THE_LUONNOTAR_CONSECRATED', 'GREAT_PERSON_CLASS_PROPHET', '1'),
('SLTH_BUILDING_ALTAR_OF_THE_LUONNOTAR_DIVINE', 'GREAT_PERSON_CLASS_PROPHET', '1'),
('SLTH_BUILDING_ALTAR_OF_THE_LUONNOTAR_EXALTED', 'GREAT_PERSON_CLASS_PROPHET', '1'),
('SLTH_BUILDING_ALTAR_OF_THE_LUONNOTAR_FINAL', 'GREAT_PERSON_CLASS_PROPHET', '1'),
('SLTH_BUILDING_CODE_OF_JUNIL', 'GREAT_PERSON_CLASS_ENGINEER', '2'),
('BUILDING_ANGKOR_WAT', 'GREAT_PERSON_CLASS_PROPHET', '2'),
('SLTH_BUILDING_TABLETS_OF_BAMBUR', 'GREAT_PERSON_CLASS_ENGINEER', '2'),
('SLTH_BUILDING_SONG_OF_AUTUMN', 'GREAT_PERSON_CLASS_ARTIST', '2'),
('SLTH_BUILDING_NOX_NOCTIS', 'GREAT_PERSON_CLASS_MERCHANT', '2'),
('SLTH_BUILDING_STIGMATA_ON_THE_UNBORN', 'GREAT_PERSON_CLASS_SCIENTIST', '2'),
('SLTH_BUILDING_THE_NECRONOMICON', 'GREAT_PERSON_CLASS_PROPHET', '2'),
('BUILDING_PAGODA', 'GREAT_PERSON_CLASS_GENERAL', '1');

INSERT INTO BuildingModifiers(BuildingType, ModifierId) VALUES
('BUILDING_ALCHEMICAL_SOCIETY', 'MODIFIER_BUILDING_ALCHEMICAL_SOCIETY_ADD_SCIENCEYIELD'),
('SLTH_BUILDING_ALTAR_OF_THE_LUONNOTAR', 'MODIFIER_SLTH_BUILDING_ALTAR_OF_THE_LUONNOTAR_MILITARY_EXPERIENCE'),
('SLTH_BUILDING_ALTAR_OF_THE_LUONNOTAR_ANOINTED', 'MODIFIER_SLTH_BUILDING_ALTAR_OF_THE_LUONNOTAR_ANOINTED_MILITARY_EXPERIENCE'),
('SLTH_BUILDING_ALTAR_OF_THE_LUONNOTAR_BLESSED', 'MODIFIER_SLTH_BUILDING_ALTAR_OF_THE_LUONNOTAR_BLESSED_MILITARY_EXPERIENCE'),
('SLTH_BUILDING_ALTAR_OF_THE_LUONNOTAR_BLESSED', 'MODIFIER_SLTH_BUILDING_ALTAR_OF_THE_LUONNOTAR_BLESSED_ADD_AMENITIES'),
('SLTH_BUILDING_ALTAR_OF_THE_LUONNOTAR_CONSECRATED', 'MODIFIER_SLTH_BUILDING_ALTAR_OF_THE_LUONNOTAR_CONSECRATED_MILITARY_EXPERIENCE'),
('SLTH_BUILDING_ALTAR_OF_THE_LUONNOTAR_CONSECRATED', 'MODIFIER_SLTH_BUILDING_ALTAR_OF_THE_LUONNOTAR_CONSECRATED_ADD_AMENITIES'),
('SLTH_BUILDING_ALTAR_OF_THE_LUONNOTAR_DIVINE', 'MODIFIER_SLTH_BUILDING_ALTAR_OF_THE_LUONNOTAR_DIVINE_MILITARY_EXPERIENCE'),
('SLTH_BUILDING_ALTAR_OF_THE_LUONNOTAR_DIVINE', 'MODIFIER_SLTH_BUILDING_ALTAR_OF_THE_LUONNOTAR_DIVINE_ADD_AMENITIES'),
('SLTH_BUILDING_ALTAR_OF_THE_LUONNOTAR_EXALTED', 'MODIFIER_SLTH_BUILDING_ALTAR_OF_THE_LUONNOTAR_EXALTED_MILITARY_EXPERIENCE'),
('SLTH_BUILDING_ALTAR_OF_THE_LUONNOTAR_EXALTED', 'MODIFIER_SLTH_BUILDING_ALTAR_OF_THE_LUONNOTAR_EXALTED_ADD_AMENITIES'),
('SLTH_BUILDING_ALTAR_OF_THE_LUONNOTAR_FINAL', 'MODIFIER_SLTH_BUILDING_ALTAR_OF_THE_LUONNOTAR_FINAL_MILITARY_EXPERIENCE'),
('SLTH_BUILDING_ALTAR_OF_THE_LUONNOTAR_FINAL', 'MODIFIER_SLTH_BUILDING_ALTAR_OF_THE_LUONNOTAR_FINAL_ADD_AMENITIES'),
('BUILDING_ANGKOR_WAT', 'MODIFIER_BUILDING_ANGKOR_WAT_GRANT_MANA_SUN'),
('BUILDING_ANGKOR_WAT', 'MODIFIER_BUILDING_ANGKOR_WAT_MILITARY_EXPERIENCE'),
('SLTH_BUILDING_TABLETS_OF_BAMBUR', 'MODIFIER_SLTH_BUILDING_TABLETS_OF_BAMBUR_GRANT_MANA_EARTH'),
('SLTH_BUILDING_SONG_OF_AUTUMN', 'MODIFIER_SLTH_BUILDING_SONG_OF_AUTUMN_GRANT_MANA_NATURE'),
('SLTH_BUILDING_CODE_OF_JUNIL', 'MODIFIER_SLTH_BUILDING_CODE_OF_JUNIL_GRANT_MANA_LAW'),
('SLTH_BUILDING_STIGMATA_ON_THE_UNBORN', 'MODIFIER_SLTH_BUILDING_STIGMATA_ON_THE_UNBORN_GRANT_MANA_ENTROPY'),
('SLTH_BUILDING_STIGMATA_ON_THE_UNBORN', 'MODIFIER_SLTH_BUILDING_STIGMATA_ON_THE_UNBORN_MILITARY_EXPERIENCE'),
('SLTH_BUILDING_NOX_NOCTIS', 'MODIFIER_SLTH_BUILDING_NOX_NOCTIS_GRANT_MANA_SHADOW'),
('SLTH_BUILDING_NOX_NOCTIS', 'MODIFIER_SLTH_BUILDING_NOX_NOCTIS_MILITARY_EXPERIENCE'),
('SLTH_BUILDING_THE_NECRONOMICON', 'MODIFIER_SLTH_BUILDING_THE_NECRONOMICON_GRANT_MANA_WATER'),
('BUILDING_PAGODA', 'MODIFIER_BUILDING_PAGODA_MILITARY_PRODUCTION'),
('BUILDING_PAGODA', 'MODIFIER_MILITARY_EXPERIENCE_DOMAIN_DOMAIN_LAND');

INSERT INTO Modifiers(ModifierId, ModifierType) VALUES
('MODIFIER_BUILDING_ALCHEMICAL_SOCIETY_ADD_SCIENCEYIELD', 'MODIFIER_SINGLE_CITY_ADJUST_CITY_YIELD_MODIFIER'),
('MODIFIER_SLTH_BUILDING_ALTAR_OF_THE_LUONNOTAR_MILITARY_EXPERIENCE', 'MODIFIER_CITY_TRAINED_UNITS_ADJUST_GRANT_EXPERIENCE'),
('MODIFIER_SLTH_BUILDING_ALTAR_OF_THE_LUONNOTAR_ANOINTED_MILITARY_EXPERIENCE', 'MODIFIER_CITY_TRAINED_UNITS_ADJUST_GRANT_EXPERIENCE'),
('MODIFIER_SLTH_BUILDING_ALTAR_OF_THE_LUONNOTAR_BLESSED_MILITARY_EXPERIENCE', 'MODIFIER_CITY_TRAINED_UNITS_ADJUST_GRANT_EXPERIENCE'),
('MODIFIER_SLTH_BUILDING_ALTAR_OF_THE_LUONNOTAR_BLESSED_ADD_AMENITIES', 'MODIFIER_ALL_CITY_ADJUST_ENTERTAINMENT'),
('MODIFIER_SLTH_BUILDING_ALTAR_OF_THE_LUONNOTAR_CONSECRATED_MILITARY_EXPERIENCE', 'MODIFIER_CITY_TRAINED_UNITS_ADJUST_GRANT_EXPERIENCE'),
('MODIFIER_SLTH_BUILDING_ALTAR_OF_THE_LUONNOTAR_CONSECRATED_ADD_AMENITIES', 'MODIFIER_ALL_CITY_ADJUST_ENTERTAINMENT'),
('MODIFIER_SLTH_BUILDING_ALTAR_OF_THE_LUONNOTAR_DIVINE_MILITARY_EXPERIENCE', 'MODIFIER_CITY_TRAINED_UNITS_ADJUST_GRANT_EXPERIENCE'),
('MODIFIER_SLTH_BUILDING_ALTAR_OF_THE_LUONNOTAR_DIVINE_ADD_AMENITIES', 'MODIFIER_ALL_CITY_ADJUST_ENTERTAINMENT'),
('MODIFIER_SLTH_BUILDING_ALTAR_OF_THE_LUONNOTAR_EXALTED_MILITARY_EXPERIENCE', 'MODIFIER_CITY_TRAINED_UNITS_ADJUST_GRANT_EXPERIENCE'),
('MODIFIER_SLTH_BUILDING_ALTAR_OF_THE_LUONNOTAR_EXALTED_ADD_AMENITIES', 'MODIFIER_ALL_CITY_ADJUST_ENTERTAINMENT'),
('MODIFIER_SLTH_BUILDING_ALTAR_OF_THE_LUONNOTAR_FINAL_MILITARY_EXPERIENCE', 'MODIFIER_CITY_TRAINED_UNITS_ADJUST_GRANT_EXPERIENCE'),
('MODIFIER_SLTH_BUILDING_ALTAR_OF_THE_LUONNOTAR_FINAL_ADD_AMENITIES', 'MODIFIER_ALL_CITY_ADJUST_ENTERTAINMENT'),
('MODIFIER_BUILDING_ANGKOR_WAT_GRANT_MANA_SUN', 'MODIFIER_FREE_RESOURCE_IN_CAPITAL'),
('MODIFIER_BUILDING_ANGKOR_WAT_MILITARY_EXPERIENCE', 'MODIFIER_CITY_TRAINED_UNITS_ADJUST_GRANT_EXPERIENCE'),
('MODIFIER_SLTH_BUILDING_CODE_OF_JUNIL_GRANT_MANA_LAW', 'MODIFIER_FREE_RESOURCE_IN_CAPITAL'),
('MODIFIER_SLTH_BUILDING_SONG_OF_AUTUMN_GRANT_MANA_NATURE', 'MODIFIER_FREE_RESOURCE_IN_CAPITAL'),
('MODIFIER_SLTH_BUILDING_NOX_NOCTIS_GRANT_MANA_SHADOW', 'MODIFIER_FREE_RESOURCE_IN_CAPITAL'),
('MODIFIER_SLTH_BUILDING_NOX_NOCTIS_MILITARY_EXPERIENCE', 'MODIFIER_CITY_TRAINED_UNITS_ADJUST_GRANT_EXPERIENCE'),
('MODIFIER_SLTH_BUILDING_STIGMATA_ON_THE_UNBORN_GRANT_MANA_ENTROPY', 'MODIFIER_FREE_RESOURCE_IN_CAPITAL'),
('MODIFIER_SLTH_BUILDING_STIGMATA_ON_THE_UNBORN_MILITARY_EXPERIENCE', 'MODIFIER_CITY_TRAINED_UNITS_ADJUST_GRANT_EXPERIENCE'),
('MODIFIER_SLTH_BUILDING_TABLETS_OF_BAMBUR_GRANT_MANA_EARTH', 'MODIFIER_FREE_RESOURCE_IN_CAPITAL'),
('MODIFIER_SLTH_BUILDING_THE_NECRONOMICON_GRANT_MANA_WATER', 'MODIFIER_FREE_RESOURCE_IN_CAPITAL'),
('MODIFIER_BUILDING_PAGODA_MILITARY_PRODUCTION', 'MODIFIER_PLAYER_CITIES_ADJUST_MILITARY_UNITS_PRODUCTION');

INSERT INTO ModifierArguments(ModifierId, Name, Type, Value) VALUES
('MODIFIER_BUILDING_ALCHEMICAL_SOCIETY_ADD_SCIENCEYIELD', 'Amount', 'ARGTYPE_IDENTITY', '50'),
('MODIFIER_BUILDING_ALCHEMICAL_SOCIETY_ADD_SCIENCEYIELD', 'YieldType', 'ARGTYPE_IDENTITY', 'YIELD_SCIENCE'),
('MODIFIER_SLTH_BUILDING_ALTAR_OF_THE_LUONNOTAR_MILITARY_EXPERIENCE', 'Amount', 'ARGTYPE_IDENTITY', '-1'),
('MODIFIER_SLTH_BUILDING_ALTAR_OF_THE_LUONNOTAR_ANOINTED_MILITARY_EXPERIENCE', 'Amount', 'ARGTYPE_IDENTITY', '-1'),
('MODIFIER_SLTH_BUILDING_ALTAR_OF_THE_LUONNOTAR_BLESSED_MILITARY_EXPERIENCE', 'Amount', 'ARGTYPE_IDENTITY', '-1'),
('MODIFIER_SLTH_BUILDING_ALTAR_OF_THE_LUONNOTAR_BLESSED_ADD_AMENITIES', 'SLTH_BUILDING_ALTAR_OF_THE_LUONNOTAR_BLESSED', 'ARGTYPE_IDENTITY', '1'),
('MODIFIER_SLTH_BUILDING_ALTAR_OF_THE_LUONNOTAR_CONSECRATED_MILITARY_EXPERIENCE', 'Amount', 'ARGTYPE_IDENTITY', '-1'),
('MODIFIER_SLTH_BUILDING_ALTAR_OF_THE_LUONNOTAR_CONSECRATED_ADD_AMENITIES', 'SLTH_BUILDING_ALTAR_OF_THE_LUONNOTAR_CONSECRATED', 'ARGTYPE_IDENTITY', '2'),
('MODIFIER_SLTH_BUILDING_ALTAR_OF_THE_LUONNOTAR_DIVINE_MILITARY_EXPERIENCE', 'Amount', 'ARGTYPE_IDENTITY', '-1'),
('MODIFIER_SLTH_BUILDING_ALTAR_OF_THE_LUONNOTAR_DIVINE_ADD_AMENITIES', 'SLTH_BUILDING_ALTAR_OF_THE_LUONNOTAR_DIVINE', 'ARGTYPE_IDENTITY', '2'),
('MODIFIER_SLTH_BUILDING_ALTAR_OF_THE_LUONNOTAR_EXALTED_MILITARY_EXPERIENCE', 'Amount', 'ARGTYPE_IDENTITY', '-1'),
('MODIFIER_SLTH_BUILDING_ALTAR_OF_THE_LUONNOTAR_EXALTED_ADD_AMENITIES', 'SLTH_BUILDING_ALTAR_OF_THE_LUONNOTAR_EXALTED', 'ARGTYPE_IDENTITY', '3'),
('MODIFIER_SLTH_BUILDING_ALTAR_OF_THE_LUONNOTAR_FINAL_MILITARY_EXPERIENCE', 'Amount', 'ARGTYPE_IDENTITY', '-1'),
('MODIFIER_SLTH_BUILDING_ALTAR_OF_THE_LUONNOTAR_FINAL_ADD_AMENITIES', 'SLTH_BUILDING_ALTAR_OF_THE_LUONNOTAR_FINAL', 'ARGTYPE_IDENTITY', '3'),
('MODIFIER_BUILDING_ANGKOR_WAT_GRANT_MANA_SUN', 'Amount', 'ARGTYPE_IDENTITY', '1'),
('MODIFIER_BUILDING_ANGKOR_WAT_GRANT_MANA_SUN', 'ResourceType', 'ARGTYPE_IDENTITY', 'RESOURCE_MANA_SUN'),
('MODIFIER_BUILDING_ANGKOR_WAT_MILITARY_EXPERIENCE', 'Amount', 'ARGTYPE_IDENTITY', '-1'),
('MODIFIER_SLTH_BUILDING_CODE_OF_JUNIL_GRANT_MANA_LAW', 'Amount', 'ARGTYPE_IDENTITY', '1'),
('MODIFIER_SLTH_BUILDING_CODE_OF_JUNIL_GRANT_MANA_LAW', 'ResourceType', 'ARGTYPE_IDENTITY', 'RESOURCE_MANA_LAW'),
('MODIFIER_SLTH_BUILDING_TABLETS_OF_BAMBUR_GRANT_MANA_EARTH', 'Amount', 'ARGTYPE_IDENTITY', '1'),
('MODIFIER_SLTH_BUILDING_TABLETS_OF_BAMBUR_GRANT_MANA_EARTH', 'ResourceType', 'ARGTYPE_IDENTITY', 'RESOURCE_MANA_EARTH'),
('MODIFIER_SLTH_BUILDING_SONG_OF_AUTUMN_GRANT_MANA_NATURE', 'Amount', 'ARGTYPE_IDENTITY', '1'),
('MODIFIER_SLTH_BUILDING_SONG_OF_AUTUMN_GRANT_MANA_NATURE', 'ResourceType', 'ARGTYPE_IDENTITY', 'RESOURCE_MANA_NATURE'),
('MODIFIER_SLTH_BUILDING_NOX_NOCTIS_GRANT_MANA_SHADOW', 'Amount', 'ARGTYPE_IDENTITY', '1'),
('MODIFIER_SLTH_BUILDING_NOX_NOCTIS_GRANT_MANA_SHADOW', 'ResourceType', 'ARGTYPE_IDENTITY', 'RESOURCE_MANA_SHADOW'),
('MODIFIER_SLTH_BUILDING_NOX_NOCTIS_MILITARY_EXPERIENCE', 'Amount', 'ARGTYPE_IDENTITY', '-1'),
('MODIFIER_SLTH_BUILDING_STIGMATA_ON_THE_UNBORN_GRANT_MANA_ENTROPY', 'Amount', 'ARGTYPE_IDENTITY', '1'),
('MODIFIER_SLTH_BUILDING_STIGMATA_ON_THE_UNBORN_GRANT_MANA_ENTROPY', 'ResourceType', 'ARGTYPE_IDENTITY', 'RESOURCE_MANA_ENTROPY'),
('MODIFIER_SLTH_BUILDING_STIGMATA_ON_THE_UNBORN_MILITARY_EXPERIENCE', 'Amount', 'ARGTYPE_IDENTITY', '-1'),
('MODIFIER_SLTH_BUILDING_THE_NECRONOMICON_GRANT_MANA_WATER', 'Amount', 'ARGTYPE_IDENTITY', '1'),
('MODIFIER_SLTH_BUILDING_THE_NECRONOMICON_GRANT_MANA_WATER', 'ResourceType', 'ARGTYPE_IDENTITY', 'RESOURCE_MANA_WATER'),
('MODIFIER_BUILDING_PAGODA_MILITARY_PRODUCTION', 'Amount', 'ARGTYPE_IDENTITY', '20');

INSERT OR IGNORE INTO Buildings_XP2(BuildingType, Pillage) VALUES
('SLTH_BUILDING_DUMMY_SCHOLARSHIP_SUPER_SPECIALIST_FLAG', '0'),
('BUILDING_ALCHEMICAL_SOCIETY', '0'),
('SLTH_BUILDING_ALTAR_OF_THE_LUONNOTAR', '0'),
('SLTH_BUILDING_ALTAR_OF_THE_LUONNOTAR_ANOINTED', '0'),
('SLTH_BUILDING_ALTAR_OF_THE_LUONNOTAR_BLESSED', '0'),
('SLTH_BUILDING_ALTAR_OF_THE_LUONNOTAR_CONSECRATED', '0'),
('SLTH_BUILDING_ALTAR_OF_THE_LUONNOTAR_DIVINE', '0'),
('SLTH_BUILDING_ALTAR_OF_THE_LUONNOTAR_EXALTED', '0'),
('SLTH_BUILDING_ALTAR_OF_THE_LUONNOTAR_FINAL', '0');


INSERT INTO GreatPersonIndividuals (GreatPersonIndividualType, Name, GreatPersonClassType, EraType, ActionCharges, Gender) VALUES
('SLTH_GREAT_SCIENTIST_1', 'LOC_SLTH_GREAT_SCIENTIST_1', 'GREAT_PERSON_CLASS_SCIENTIST', 'ERA_INDUSTRIAL', '1', 'Male'),
('SLTH_GREAT_SCIENTIST_2', 'LOC_SLTH_GREAT_SCIENTIST_2', 'GREAT_PERSON_CLASS_SCIENTIST', 'ERA_INDUSTRIAL', '1', 'Male'),
('SLTH_GREAT_SCIENTIST_3', 'LOC_SLTH_GREAT_SCIENTIST_3', 'GREAT_PERSON_CLASS_SCIENTIST', 'ERA_INDUSTRIAL', '1', 'Male'),
('SLTH_GREAT_SCIENTIST_4', 'LOC_SLTH_GREAT_SCIENTIST_4', 'GREAT_PERSON_CLASS_SCIENTIST', 'ERA_INDUSTRIAL', '1', 'Male'),
('SLTH_GREAT_SCIENTIST_5', 'LOC_SLTH_GREAT_SCIENTIST_5', 'GREAT_PERSON_CLASS_SCIENTIST', 'ERA_INDUSTRIAL', '1', 'Male'),
('SLTH_GREAT_SCIENTIST_6', 'LOC_SLTH_GREAT_SCIENTIST_6', 'GREAT_PERSON_CLASS_SCIENTIST', 'ERA_INDUSTRIAL', '1', 'Male'),
('SLTH_GREAT_SCIENTIST_7', 'LOC_SLTH_GREAT_SCIENTIST_7', 'GREAT_PERSON_CLASS_SCIENTIST', 'ERA_INDUSTRIAL', '1', 'Male'),
('SLTH_GREAT_SCIENTIST_8', 'LOC_SLTH_GREAT_SCIENTIST_8', 'GREAT_PERSON_CLASS_SCIENTIST', 'ERA_INDUSTRIAL', '1', 'Male'),
('SLTH_GREAT_SCIENTIST_9', 'LOC_SLTH_GREAT_SCIENTIST_9', 'GREAT_PERSON_CLASS_SCIENTIST', 'ERA_INDUSTRIAL', '1', 'Male'),
('SLTH_GREAT_SCIENTIST_10', 'LOC_SLTH_GREAT_SCIENTIST_10', 'GREAT_PERSON_CLASS_SCIENTIST', 'ERA_INDUSTRIAL', '1', 'Female'),
('SLTH_GREAT_SCIENTIST_11', 'LOC_SLTH_GREAT_SCIENTIST_11', 'GREAT_PERSON_CLASS_SCIENTIST', 'ERA_INDUSTRIAL', '1', 'Female'),
('SLTH_GREAT_SCIENTIST_12', 'LOC_SLTH_GREAT_SCIENTIST_12', 'GREAT_PERSON_CLASS_SCIENTIST', 'ERA_INDUSTRIAL', '1', 'Male'),
('SLTH_GREAT_SCIENTIST_13', 'LOC_SLTH_GREAT_SCIENTIST_13', 'GREAT_PERSON_CLASS_SCIENTIST', 'ERA_INDUSTRIAL', '1', 'Male'),
('SLTH_GREAT_SCIENTIST_14', 'LOC_SLTH_GREAT_SCIENTIST_14', 'GREAT_PERSON_CLASS_SCIENTIST', 'ERA_INDUSTRIAL', '1', 'Male'),
('SLTH_GREAT_SCIENTIST_15', 'LOC_SLTH_GREAT_SCIENTIST_15', 'GREAT_PERSON_CLASS_SCIENTIST', 'ERA_INDUSTRIAL', '1', 'Male'),
('SLTH_GREAT_SCIENTIST_16', 'LOC_SLTH_GREAT_SCIENTIST_16', 'GREAT_PERSON_CLASS_SCIENTIST', 'ERA_INDUSTRIAL', '1', 'Male'),
('SLTH_GREAT_SCIENTIST_17', 'LOC_SLTH_GREAT_SCIENTIST_17', 'GREAT_PERSON_CLASS_SCIENTIST', 'ERA_INDUSTRIAL', '1', 'Male'),
('SLTH_GREAT_SCIENTIST_18', 'LOC_SLTH_GREAT_SCIENTIST_18', 'GREAT_PERSON_CLASS_SCIENTIST', 'ERA_INDUSTRIAL', '1', 'Male'),
('SLTH_GREAT_SCIENTIST_19', 'LOC_SLTH_GREAT_SCIENTIST_19', 'GREAT_PERSON_CLASS_SCIENTIST', 'ERA_INDUSTRIAL', '1', 'Male'),
('SLTH_GREAT_SCIENTIST_20', 'LOC_SLTH_GREAT_SCIENTIST_20', 'GREAT_PERSON_CLASS_SCIENTIST', 'ERA_INDUSTRIAL', '1', 'Female'),
('SLTH_GREAT_ADVENTURER_1', 'LOC_SLTH_GREAT_ADVENTURER_1', 'GREAT_PERSON_CLASS_WRITER', 'ERA_INDUSTRIAL', '0', 'Male'),
('SLTH_GREAT_ADVENTURER_2', 'LOC_SLTH_GREAT_ADVENTURER_2', 'GREAT_PERSON_CLASS_WRITER', 'ERA_INDUSTRIAL', '0', 'Male'),
('SLTH_GREAT_ADVENTURER_3', 'LOC_SLTH_GREAT_ADVENTURER_3', 'GREAT_PERSON_CLASS_WRITER', 'ERA_INDUSTRIAL', '0', 'Male'),
('SLTH_GREAT_ADVENTURER_4', 'LOC_SLTH_GREAT_ADVENTURER_4', 'GREAT_PERSON_CLASS_WRITER', 'ERA_INDUSTRIAL', '0', 'Male'),
('SLTH_GREAT_ADVENTURER_5', 'LOC_SLTH_GREAT_ADVENTURER_5', 'GREAT_PERSON_CLASS_WRITER', 'ERA_INDUSTRIAL', '0', 'Male'),
('SLTH_GREAT_ADVENTURER_6', 'LOC_SLTH_GREAT_ADVENTURER_6', 'GREAT_PERSON_CLASS_WRITER', 'ERA_INDUSTRIAL', '0', 'Male'),
('SLTH_GREAT_ADVENTURER_7', 'LOC_SLTH_GREAT_ADVENTURER_7', 'GREAT_PERSON_CLASS_WRITER', 'ERA_INDUSTRIAL', '0', 'Male'),
('SLTH_GREAT_ADVENTURER_8', 'LOC_SLTH_GREAT_ADVENTURER_8', 'GREAT_PERSON_CLASS_WRITER', 'ERA_INDUSTRIAL', '0', 'Male'),
('SLTH_GREAT_ADVENTURER_9', 'LOC_SLTH_GREAT_ADVENTURER_9', 'GREAT_PERSON_CLASS_WRITER', 'ERA_INDUSTRIAL', '0', 'Male'),
('SLTH_GREAT_ADVENTURER_10', 'LOC_SLTH_GREAT_ADVENTURER_10', 'GREAT_PERSON_CLASS_WRITER', 'ERA_INDUSTRIAL', '0', 'Male'),
('SLTH_GREAT_ADVENTURER_11', 'LOC_SLTH_GREAT_ADVENTURER_11', 'GREAT_PERSON_CLASS_WRITER', 'ERA_INDUSTRIAL', '0', 'Male'),
('SLTH_GREAT_ADVENTURER_12', 'LOC_SLTH_GREAT_ADVENTURER_12', 'GREAT_PERSON_CLASS_WRITER', 'ERA_INDUSTRIAL', '0', 'Male'),
('SLTH_GREAT_ADVENTURER_13', 'LOC_SLTH_GREAT_ADVENTURER_13', 'GREAT_PERSON_CLASS_WRITER', 'ERA_INDUSTRIAL', '0', 'Male'),
('SLTH_GREAT_ADVENTURER_14', 'LOC_SLTH_GREAT_ADVENTURER_14', 'GREAT_PERSON_CLASS_WRITER', 'ERA_INDUSTRIAL', '0', 'Male'),
('SLTH_GREAT_ADVENTURER_15', 'LOC_SLTH_GREAT_ADVENTURER_15', 'GREAT_PERSON_CLASS_WRITER', 'ERA_INDUSTRIAL', '0', 'Male'),
('SLTH_GREAT_ADVENTURER_16', 'LOC_SLTH_GREAT_ADVENTURER_16', 'GREAT_PERSON_CLASS_WRITER', 'ERA_INDUSTRIAL', '0', 'Male'),
('SLTH_GREAT_ADVENTURER_17', 'LOC_SLTH_GREAT_ADVENTURER_17', 'GREAT_PERSON_CLASS_WRITER', 'ERA_INDUSTRIAL', '0', 'Male'),
('SLTH_GREAT_ADVENTURER_18', 'LOC_SLTH_GREAT_ADVENTURER_18', 'GREAT_PERSON_CLASS_WRITER', 'ERA_INDUSTRIAL', '0', 'Male'),
('SLTH_GREAT_ADVENTURER_19', 'LOC_SLTH_GREAT_ADVENTURER_19', 'GREAT_PERSON_CLASS_WRITER', 'ERA_INDUSTRIAL', '0', 'Male'),
('SLTH_GREAT_ADVENTURER_20', 'LOC_SLTH_GREAT_ADVENTURER_20', 'GREAT_PERSON_CLASS_WRITER', 'ERA_INDUSTRIAL', '0', 'Male'),
('SLTH_GREAT_ARTIST_1', 'LOC_SLTH_GREAT_ARTIST_1', 'GREAT_PERSON_CLASS_ARTIST', 'ERA_INDUSTRIAL', '1', 'Male'),
('SLTH_GREAT_ARTIST_2', 'LOC_SLTH_GREAT_ARTIST_2', 'GREAT_PERSON_CLASS_ARTIST', 'ERA_INDUSTRIAL', '1', 'Male'),
('SLTH_GREAT_ARTIST_3', 'LOC_SLTH_GREAT_ARTIST_3', 'GREAT_PERSON_CLASS_ARTIST', 'ERA_INDUSTRIAL', '1', 'Female'),
('SLTH_GREAT_ARTIST_4', 'LOC_SLTH_GREAT_ARTIST_4', 'GREAT_PERSON_CLASS_ARTIST', 'ERA_INDUSTRIAL', '1', 'Male'),
('SLTH_GREAT_ARTIST_5', 'LOC_SLTH_GREAT_ARTIST_5', 'GREAT_PERSON_CLASS_ARTIST', 'ERA_INDUSTRIAL', '1', 'Male'),
('SLTH_GREAT_ARTIST_6', 'LOC_SLTH_GREAT_ARTIST_6', 'GREAT_PERSON_CLASS_ARTIST', 'ERA_INDUSTRIAL', '1', 'Male'),
('SLTH_GREAT_ARTIST_7', 'LOC_SLTH_GREAT_ARTIST_7', 'GREAT_PERSON_CLASS_ARTIST', 'ERA_INDUSTRIAL', '1', 'Male'),
('SLTH_GREAT_ARTIST_8', 'LOC_SLTH_GREAT_ARTIST_8', 'GREAT_PERSON_CLASS_ARTIST', 'ERA_INDUSTRIAL', '1', 'Male'),
('SLTH_GREAT_ARTIST_9', 'LOC_SLTH_GREAT_ARTIST_9', 'GREAT_PERSON_CLASS_ARTIST', 'ERA_INDUSTRIAL', '1', 'Male'),
('SLTH_GREAT_ARTIST_10', 'LOC_SLTH_GREAT_ARTIST_10', 'GREAT_PERSON_CLASS_ARTIST', 'ERA_INDUSTRIAL', '1', 'Male'),
('SLTH_GREAT_ARTIST_11', 'LOC_SLTH_GREAT_ARTIST_11', 'GREAT_PERSON_CLASS_ARTIST', 'ERA_INDUSTRIAL', '1', 'Male'),
('SLTH_GREAT_ARTIST_12', 'LOC_SLTH_GREAT_ARTIST_12', 'GREAT_PERSON_CLASS_ARTIST', 'ERA_INDUSTRIAL', '1', 'Male'),
('SLTH_GREAT_ARTIST_13', 'LOC_SLTH_GREAT_ARTIST_13', 'GREAT_PERSON_CLASS_ARTIST', 'ERA_INDUSTRIAL', '1', 'Male'),
('SLTH_GREAT_ARTIST_14', 'LOC_SLTH_GREAT_ARTIST_14', 'GREAT_PERSON_CLASS_ARTIST', 'ERA_INDUSTRIAL', '1', 'Male'),
('SLTH_GREAT_ARTIST_15', 'LOC_SLTH_GREAT_ARTIST_15', 'GREAT_PERSON_CLASS_ARTIST', 'ERA_INDUSTRIAL', '1', 'Male'),
('SLTH_GREAT_ARTIST_16', 'LOC_SLTH_GREAT_ARTIST_16', 'GREAT_PERSON_CLASS_ARTIST', 'ERA_INDUSTRIAL', '1', 'Male'),
('SLTH_GREAT_ARTIST_17', 'LOC_SLTH_GREAT_ARTIST_17', 'GREAT_PERSON_CLASS_ARTIST', 'ERA_INDUSTRIAL', '1', 'Male'),
('SLTH_GREAT_ARTIST_18', 'LOC_SLTH_GREAT_ARTIST_18', 'GREAT_PERSON_CLASS_ARTIST', 'ERA_INDUSTRIAL', '1', 'Male'),
('SLTH_GREAT_ARTIST_19', 'LOC_SLTH_GREAT_ARTIST_19', 'GREAT_PERSON_CLASS_ARTIST', 'ERA_INDUSTRIAL', '1', 'Male'),
('SLTH_GREAT_ARTIST_20', 'LOC_SLTH_GREAT_ARTIST_20', 'GREAT_PERSON_CLASS_ARTIST', 'ERA_INDUSTRIAL', '1', 'Male'),
('SLTH_GREAT_MERCHANT_1', 'LOC_SLTH_GREAT_MERCHANT_1', 'GREAT_PERSON_CLASS_MERCHANT', 'ERA_INDUSTRIAL', '1', 'Male'),
('SLTH_GREAT_MERCHANT_2', 'LOC_SLTH_GREAT_MERCHANT_2', 'GREAT_PERSON_CLASS_MERCHANT', 'ERA_INDUSTRIAL', '1', 'Female'),
('SLTH_GREAT_MERCHANT_3', 'LOC_SLTH_GREAT_MERCHANT_3', 'GREAT_PERSON_CLASS_MERCHANT', 'ERA_INDUSTRIAL', '1', 'Male'),
('SLTH_GREAT_MERCHANT_4', 'LOC_SLTH_GREAT_MERCHANT_4', 'GREAT_PERSON_CLASS_MERCHANT', 'ERA_INDUSTRIAL', '1', 'Male'),
('SLTH_GREAT_MERCHANT_5', 'LOC_SLTH_GREAT_MERCHANT_5', 'GREAT_PERSON_CLASS_MERCHANT', 'ERA_INDUSTRIAL', '1', 'Male'),
('SLTH_GREAT_MERCHANT_6', 'LOC_SLTH_GREAT_MERCHANT_6', 'GREAT_PERSON_CLASS_MERCHANT', 'ERA_INDUSTRIAL', '1', 'Male'),
('SLTH_GREAT_MERCHANT_7', 'LOC_SLTH_GREAT_MERCHANT_7', 'GREAT_PERSON_CLASS_MERCHANT', 'ERA_INDUSTRIAL', '1', 'Male'),
('SLTH_GREAT_MERCHANT_8', 'LOC_SLTH_GREAT_MERCHANT_8', 'GREAT_PERSON_CLASS_MERCHANT', 'ERA_INDUSTRIAL', '1', 'Male'),
('SLTH_GREAT_MERCHANT_9', 'LOC_SLTH_GREAT_MERCHANT_9', 'GREAT_PERSON_CLASS_MERCHANT', 'ERA_INDUSTRIAL', '1', 'Male'),
('SLTH_GREAT_MERCHANT_10', 'LOC_SLTH_GREAT_MERCHANT_10', 'GREAT_PERSON_CLASS_MERCHANT', 'ERA_INDUSTRIAL', '1', 'Male'),
('SLTH_GREAT_MERCHANT_11', 'LOC_SLTH_GREAT_MERCHANT_11', 'GREAT_PERSON_CLASS_MERCHANT', 'ERA_INDUSTRIAL', '1', 'Male'),
('SLTH_GREAT_MERCHANT_12', 'LOC_SLTH_GREAT_MERCHANT_12', 'GREAT_PERSON_CLASS_MERCHANT', 'ERA_INDUSTRIAL', '1', 'Male'),
('SLTH_GREAT_MERCHANT_13', 'LOC_SLTH_GREAT_MERCHANT_13', 'GREAT_PERSON_CLASS_MERCHANT', 'ERA_INDUSTRIAL', '1', 'Male'),
('SLTH_GREAT_MERCHANT_14', 'LOC_SLTH_GREAT_MERCHANT_14', 'GREAT_PERSON_CLASS_MERCHANT', 'ERA_INDUSTRIAL', '1', 'Male'),
('SLTH_GREAT_MERCHANT_15', 'LOC_SLTH_GREAT_MERCHANT_15', 'GREAT_PERSON_CLASS_MERCHANT', 'ERA_INDUSTRIAL', '1', 'Male'),
('SLTH_GREAT_MERCHANT_16', 'LOC_SLTH_GREAT_MERCHANT_16', 'GREAT_PERSON_CLASS_MERCHANT', 'ERA_INDUSTRIAL', '1', 'Male'),
('SLTH_GREAT_MERCHANT_17', 'LOC_SLTH_GREAT_MERCHANT_17', 'GREAT_PERSON_CLASS_MERCHANT', 'ERA_INDUSTRIAL', '1', 'Male'),
('SLTH_GREAT_MERCHANT_18', 'LOC_SLTH_GREAT_MERCHANT_18', 'GREAT_PERSON_CLASS_MERCHANT', 'ERA_INDUSTRIAL', '1', 'Male'),
('SLTH_GREAT_MERCHANT_19', 'LOC_SLTH_GREAT_MERCHANT_19', 'GREAT_PERSON_CLASS_MERCHANT', 'ERA_INDUSTRIAL', '1', 'Male'),
('SLTH_GREAT_MERCHANT_20', 'LOC_SLTH_GREAT_MERCHANT_20', 'GREAT_PERSON_CLASS_MERCHANT', 'ERA_INDUSTRIAL', '1', 'Male'),
('SLTH_GREAT_PROPHET_1', 'LOC_SLTH_GREAT_PROPHET_1', 'GREAT_PERSON_CLASS_PROPHET', 'ERA_INDUSTRIAL', '1', 'Female'),
('SLTH_GREAT_PROPHET_2', 'LOC_SLTH_GREAT_PROPHET_2', 'GREAT_PERSON_CLASS_PROPHET', 'ERA_INDUSTRIAL', '1', 'Female'),
('SLTH_GREAT_PROPHET_3', 'LOC_SLTH_GREAT_PROPHET_3', 'GREAT_PERSON_CLASS_PROPHET', 'ERA_INDUSTRIAL', '1', 'Female'),
('SLTH_GREAT_PROPHET_4', 'LOC_SLTH_GREAT_PROPHET_4', 'GREAT_PERSON_CLASS_PROPHET', 'ERA_INDUSTRIAL', '1', 'Female'),
('SLTH_GREAT_PROPHET_5', 'LOC_SLTH_GREAT_PROPHET_5', 'GREAT_PERSON_CLASS_PROPHET', 'ERA_INDUSTRIAL', '1', 'Male'),
('SLTH_GREAT_PROPHET_6', 'LOC_SLTH_GREAT_PROPHET_6', 'GREAT_PERSON_CLASS_PROPHET', 'ERA_INDUSTRIAL', '1', 'Male'),
('SLTH_GREAT_PROPHET_7', 'LOC_SLTH_GREAT_PROPHET_7', 'GREAT_PERSON_CLASS_PROPHET', 'ERA_INDUSTRIAL', '1', 'Male'),
('SLTH_GREAT_PROPHET_8', 'LOC_SLTH_GREAT_PROPHET_8', 'GREAT_PERSON_CLASS_PROPHET', 'ERA_INDUSTRIAL', '1', 'Male'),
('SLTH_GREAT_PROPHET_9', 'LOC_SLTH_GREAT_PROPHET_9', 'GREAT_PERSON_CLASS_PROPHET', 'ERA_INDUSTRIAL', '1', 'Male'),
('SLTH_GREAT_PROPHET_10', 'LOC_SLTH_GREAT_PROPHET_10', 'GREAT_PERSON_CLASS_PROPHET', 'ERA_INDUSTRIAL', '1', 'Male'),
('SLTH_GREAT_PROPHET_11', 'LOC_SLTH_GREAT_PROPHET_11', 'GREAT_PERSON_CLASS_PROPHET', 'ERA_INDUSTRIAL', '1', 'Male'),
('SLTH_GREAT_PROPHET_12', 'LOC_SLTH_GREAT_PROPHET_12', 'GREAT_PERSON_CLASS_PROPHET', 'ERA_INDUSTRIAL', '1', 'Male'),
('SLTH_GREAT_PROPHET_13', 'LOC_SLTH_GREAT_PROPHET_13', 'GREAT_PERSON_CLASS_PROPHET', 'ERA_INDUSTRIAL', '1', 'Male'),
('SLTH_GREAT_PROPHET_14', 'LOC_SLTH_GREAT_PROPHET_14', 'GREAT_PERSON_CLASS_PROPHET', 'ERA_INDUSTRIAL', '1', 'Male'),
('SLTH_GREAT_PROPHET_15', 'LOC_SLTH_GREAT_PROPHET_15', 'GREAT_PERSON_CLASS_PROPHET', 'ERA_INDUSTRIAL', '1', 'Male'),
('SLTH_GREAT_PROPHET_16', 'LOC_SLTH_GREAT_PROPHET_16', 'GREAT_PERSON_CLASS_PROPHET', 'ERA_INDUSTRIAL', '1', 'Male'),
('SLTH_GREAT_PROPHET_17', 'LOC_SLTH_GREAT_PROPHET_17', 'GREAT_PERSON_CLASS_PROPHET', 'ERA_INDUSTRIAL', '1', 'Male'),
('SLTH_GREAT_PROPHET_18', 'LOC_SLTH_GREAT_PROPHET_18', 'GREAT_PERSON_CLASS_PROPHET', 'ERA_INDUSTRIAL', '1', 'Male'),
('SLTH_GREAT_PROPHET_19', 'LOC_SLTH_GREAT_PROPHET_19', 'GREAT_PERSON_CLASS_PROPHET', 'ERA_INDUSTRIAL', '1', 'Male'),
('SLTH_GREAT_PROPHET_20', 'LOC_SLTH_GREAT_PROPHET_20', 'GREAT_PERSON_CLASS_PROPHET', 'ERA_INDUSTRIAL', '1', 'Male'),
('SLTH_GREAT_GENERAL_1', 'LOC_SLTH_GREAT_GENERAL_1', 'GREAT_PERSON_CLASS_GENERAL', 'ERA_INDUSTRIAL', '1', 'Male'),
('SLTH_GREAT_GENERAL_2', 'LOC_SLTH_GREAT_GENERAL_2', 'GREAT_PERSON_CLASS_GENERAL', 'ERA_INDUSTRIAL', '1', 'Female'),
('SLTH_GREAT_GENERAL_3', 'LOC_SLTH_GREAT_GENERAL_3', 'GREAT_PERSON_CLASS_GENERAL', 'ERA_INDUSTRIAL', '1', 'Male'),
('SLTH_GREAT_GENERAL_4', 'LOC_SLTH_GREAT_GENERAL_4', 'GREAT_PERSON_CLASS_GENERAL', 'ERA_INDUSTRIAL', '1', 'Male'),
('SLTH_GREAT_GENERAL_5', 'LOC_SLTH_GREAT_GENERAL_5', 'GREAT_PERSON_CLASS_GENERAL', 'ERA_INDUSTRIAL', '1', 'Male'),
('SLTH_GREAT_GENERAL_6', 'LOC_SLTH_GREAT_GENERAL_6', 'GREAT_PERSON_CLASS_GENERAL', 'ERA_INDUSTRIAL', '1', 'Male'),
('SLTH_GREAT_GENERAL_7', 'LOC_SLTH_GREAT_GENERAL_7', 'GREAT_PERSON_CLASS_GENERAL', 'ERA_INDUSTRIAL', '1', 'Male'),
('SLTH_GREAT_GENERAL_8', 'LOC_SLTH_GREAT_GENERAL_8', 'GREAT_PERSON_CLASS_GENERAL', 'ERA_INDUSTRIAL', '1', 'Male'),
('SLTH_GREAT_GENERAL_9', 'LOC_SLTH_GREAT_GENERAL_9', 'GREAT_PERSON_CLASS_GENERAL', 'ERA_INDUSTRIAL', '1', 'Male'),
('SLTH_GREAT_GENERAL_10', 'LOC_SLTH_GREAT_GENERAL_10', 'GREAT_PERSON_CLASS_GENERAL', 'ERA_INDUSTRIAL', '1', 'Male'),
('SLTH_GREAT_GENERAL_11', 'LOC_SLTH_GREAT_GENERAL_11', 'GREAT_PERSON_CLASS_GENERAL', 'ERA_INDUSTRIAL', '1', 'Male'),
('SLTH_GREAT_GENERAL_12', 'LOC_SLTH_GREAT_GENERAL_12', 'GREAT_PERSON_CLASS_GENERAL', 'ERA_INDUSTRIAL', '1', 'Male'),
('SLTH_GREAT_GENERAL_13', 'LOC_SLTH_GREAT_GENERAL_13', 'GREAT_PERSON_CLASS_GENERAL', 'ERA_INDUSTRIAL', '1', 'Male'),
('SLTH_GREAT_GENERAL_14', 'LOC_SLTH_GREAT_GENERAL_14', 'GREAT_PERSON_CLASS_GENERAL', 'ERA_INDUSTRIAL', '1', 'Male'),
('SLTH_GREAT_GENERAL_15', 'LOC_SLTH_GREAT_GENERAL_15', 'GREAT_PERSON_CLASS_GENERAL', 'ERA_INDUSTRIAL', '1', 'Male'),
('SLTH_GREAT_GENERAL_16', 'LOC_SLTH_GREAT_GENERAL_16', 'GREAT_PERSON_CLASS_GENERAL', 'ERA_INDUSTRIAL', '1', 'Male'),
('SLTH_GREAT_GENERAL_17', 'LOC_SLTH_GREAT_GENERAL_17', 'GREAT_PERSON_CLASS_GENERAL', 'ERA_INDUSTRIAL', '1', 'Male'),
('SLTH_GREAT_GENERAL_18', 'LOC_SLTH_GREAT_GENERAL_18', 'GREAT_PERSON_CLASS_GENERAL', 'ERA_INDUSTRIAL', '1', 'Male'),
('SLTH_GREAT_GENERAL_19', 'LOC_SLTH_GREAT_GENERAL_19', 'GREAT_PERSON_CLASS_GENERAL', 'ERA_INDUSTRIAL', '1', 'Male'),
('SLTH_GREAT_GENERAL_20', 'LOC_SLTH_GREAT_GENERAL_20', 'GREAT_PERSON_CLASS_GENERAL', 'ERA_INDUSTRIAL', '1', 'Male');

INSERT INTO GreatPersonIndividuals (GreatPersonIndividualType, Name, GreatPersonClassType, EraType, ActionCharges, Gender, ActionRequiresIncompleteWonder) VALUES
('SLTH_GREAT_ENGINEER_1', 'LOC_SLTH_GREAT_ENGINEER_1', 'GREAT_PERSON_CLASS_ENGINEER', 'ERA_INDUSTRIAL', '1', 'Male', '1'),
('SLTH_GREAT_ENGINEER_2', 'LOC_SLTH_GREAT_ENGINEER_2', 'GREAT_PERSON_CLASS_ENGINEER', 'ERA_INDUSTRIAL', '1', 'Female', '1'),
('SLTH_GREAT_ENGINEER_3', 'LOC_SLTH_GREAT_ENGINEER_3', 'GREAT_PERSON_CLASS_ENGINEER', 'ERA_INDUSTRIAL', '1', 'Male', '1'),
('SLTH_GREAT_ENGINEER_4', 'LOC_SLTH_GREAT_ENGINEER_4', 'GREAT_PERSON_CLASS_ENGINEER', 'ERA_INDUSTRIAL', '1', 'Male', '1'),
('SLTH_GREAT_ENGINEER_5', 'LOC_SLTH_GREAT_ENGINEER_5', 'GREAT_PERSON_CLASS_ENGINEER', 'ERA_INDUSTRIAL', '1', 'Male', '1'),
('SLTH_GREAT_ENGINEER_6', 'LOC_SLTH_GREAT_ENGINEER_6', 'GREAT_PERSON_CLASS_ENGINEER', 'ERA_INDUSTRIAL', '1', 'Male', '1'),
('SLTH_GREAT_ENGINEER_7', 'LOC_SLTH_GREAT_ENGINEER_7', 'GREAT_PERSON_CLASS_ENGINEER', 'ERA_INDUSTRIAL', '1', 'Male', '1'),
('SLTH_GREAT_ENGINEER_8', 'LOC_SLTH_GREAT_ENGINEER_8', 'GREAT_PERSON_CLASS_ENGINEER', 'ERA_INDUSTRIAL', '1', 'Male', '1'),
('SLTH_GREAT_ENGINEER_9', 'LOC_SLTH_GREAT_ENGINEER_9', 'GREAT_PERSON_CLASS_ENGINEER', 'ERA_INDUSTRIAL', '1', 'Male', '1'),
('SLTH_GREAT_ENGINEER_10', 'LOC_SLTH_GREAT_ENGINEER_10', 'GREAT_PERSON_CLASS_ENGINEER', 'ERA_INDUSTRIAL', '1', 'Male', '1'),
('SLTH_GREAT_ENGINEER_11', 'LOC_SLTH_GREAT_ENGINEER_11', 'GREAT_PERSON_CLASS_ENGINEER', 'ERA_INDUSTRIAL', '1', 'Male', '1'),
('SLTH_GREAT_ENGINEER_12', 'LOC_SLTH_GREAT_ENGINEER_12', 'GREAT_PERSON_CLASS_ENGINEER', 'ERA_INDUSTRIAL', '1', 'Male', '1'),
('SLTH_GREAT_ENGINEER_13', 'LOC_SLTH_GREAT_ENGINEER_13', 'GREAT_PERSON_CLASS_ENGINEER', 'ERA_INDUSTRIAL', '1', 'Male', '1'),
('SLTH_GREAT_ENGINEER_14', 'LOC_SLTH_GREAT_ENGINEER_14', 'GREAT_PERSON_CLASS_ENGINEER', 'ERA_INDUSTRIAL', '1', 'Female', '1'),
('SLTH_GREAT_ENGINEER_15', 'LOC_SLTH_GREAT_ENGINEER_15', 'GREAT_PERSON_CLASS_ENGINEER', 'ERA_INDUSTRIAL', '1', 'Male', '1'),
('SLTH_GREAT_ENGINEER_16', 'LOC_SLTH_GREAT_ENGINEER_16', 'GREAT_PERSON_CLASS_ENGINEER', 'ERA_INDUSTRIAL', '1', 'Male', '1'),
('SLTH_GREAT_ENGINEER_17', 'LOC_SLTH_GREAT_ENGINEER_17', 'GREAT_PERSON_CLASS_ENGINEER', 'ERA_INDUSTRIAL', '1', 'Male', '1'),
('SLTH_GREAT_ENGINEER_18', 'LOC_SLTH_GREAT_ENGINEER_18', 'GREAT_PERSON_CLASS_ENGINEER', 'ERA_INDUSTRIAL', '1', 'Male', '1'),
('SLTH_GREAT_ENGINEER_19', 'LOC_SLTH_GREAT_ENGINEER_19', 'GREAT_PERSON_CLASS_ENGINEER', 'ERA_INDUSTRIAL', '1', 'Male', '1'),
('SLTH_GREAT_ENGINEER_20', 'LOC_SLTH_GREAT_ENGINEER_20', 'GREAT_PERSON_CLASS_ENGINEER', 'ERA_INDUSTRIAL', '1', 'Male', '1');


INSERT INTO GreatPersonIndividualActionModifiers (GreatPersonIndividualType, ModifierId, AttachmentTargetType) VALUES
('SLTH_GREAT_SCIENTIST_1', 'MODIFIER_SLTH_GREAT_SCIENTIST_ADD_PROD', 'GREAT_PERSON_ACTION_ATTACHMENT_TARGET_CITY'),
('SLTH_GREAT_SCIENTIST_2', 'MODIFIER_SLTH_GREAT_SCIENTIST_ADD_PROD', 'GREAT_PERSON_ACTION_ATTACHMENT_TARGET_CITY'),
('SLTH_GREAT_SCIENTIST_3', 'MODIFIER_SLTH_GREAT_SCIENTIST_ADD_PROD', 'GREAT_PERSON_ACTION_ATTACHMENT_TARGET_CITY'),
('SLTH_GREAT_SCIENTIST_4', 'MODIFIER_SLTH_GREAT_SCIENTIST_ADD_PROD', 'GREAT_PERSON_ACTION_ATTACHMENT_TARGET_CITY'),
('SLTH_GREAT_SCIENTIST_5', 'MODIFIER_SLTH_GREAT_SCIENTIST_ADD_PROD', 'GREAT_PERSON_ACTION_ATTACHMENT_TARGET_CITY'),
('SLTH_GREAT_SCIENTIST_6', 'MODIFIER_SLTH_GREAT_SCIENTIST_ADD_PROD', 'GREAT_PERSON_ACTION_ATTACHMENT_TARGET_CITY'),
('SLTH_GREAT_SCIENTIST_7', 'MODIFIER_SLTH_GREAT_SCIENTIST_ADD_PROD', 'GREAT_PERSON_ACTION_ATTACHMENT_TARGET_CITY'),
('SLTH_GREAT_SCIENTIST_8', 'MODIFIER_SLTH_GREAT_SCIENTIST_ADD_PROD', 'GREAT_PERSON_ACTION_ATTACHMENT_TARGET_CITY'),
('SLTH_GREAT_SCIENTIST_9', 'MODIFIER_SLTH_GREAT_SCIENTIST_ADD_PROD', 'GREAT_PERSON_ACTION_ATTACHMENT_TARGET_CITY'),
('SLTH_GREAT_SCIENTIST_10', 'MODIFIER_SLTH_GREAT_SCIENTIST_ADD_PROD', 'GREAT_PERSON_ACTION_ATTACHMENT_TARGET_CITY'),
('SLTH_GREAT_SCIENTIST_11', 'MODIFIER_SLTH_GREAT_SCIENTIST_ADD_PROD', 'GREAT_PERSON_ACTION_ATTACHMENT_TARGET_CITY'),
('SLTH_GREAT_SCIENTIST_12', 'MODIFIER_SLTH_GREAT_SCIENTIST_ADD_PROD', 'GREAT_PERSON_ACTION_ATTACHMENT_TARGET_CITY'),
('SLTH_GREAT_SCIENTIST_13', 'MODIFIER_SLTH_GREAT_SCIENTIST_ADD_PROD', 'GREAT_PERSON_ACTION_ATTACHMENT_TARGET_CITY'),
('SLTH_GREAT_SCIENTIST_14', 'MODIFIER_SLTH_GREAT_SCIENTIST_ADD_PROD', 'GREAT_PERSON_ACTION_ATTACHMENT_TARGET_CITY'),
('SLTH_GREAT_SCIENTIST_15', 'MODIFIER_SLTH_GREAT_SCIENTIST_ADD_PROD', 'GREAT_PERSON_ACTION_ATTACHMENT_TARGET_CITY'),
('SLTH_GREAT_SCIENTIST_16', 'MODIFIER_SLTH_GREAT_SCIENTIST_ADD_PROD', 'GREAT_PERSON_ACTION_ATTACHMENT_TARGET_CITY'),
('SLTH_GREAT_SCIENTIST_17', 'MODIFIER_SLTH_GREAT_SCIENTIST_ADD_PROD', 'GREAT_PERSON_ACTION_ATTACHMENT_TARGET_CITY'),
('SLTH_GREAT_SCIENTIST_18', 'MODIFIER_SLTH_GREAT_SCIENTIST_ADD_PROD', 'GREAT_PERSON_ACTION_ATTACHMENT_TARGET_CITY'),
('SLTH_GREAT_SCIENTIST_19', 'MODIFIER_SLTH_GREAT_SCIENTIST_ADD_PROD', 'GREAT_PERSON_ACTION_ATTACHMENT_TARGET_CITY'),
('SLTH_GREAT_SCIENTIST_20', 'MODIFIER_SLTH_GREAT_SCIENTIST_ADD_PROD', 'GREAT_PERSON_ACTION_ATTACHMENT_TARGET_CITY'),
('SLTH_GREAT_SCIENTIST_1', 'MODIFIER_SLTH_GREAT_SCIENTIST_ADD_SCIENCE', 'GREAT_PERSON_ACTION_ATTACHMENT_TARGET_CITY'),
('SLTH_GREAT_SCIENTIST_2', 'MODIFIER_SLTH_GREAT_SCIENTIST_ADD_SCIENCE', 'GREAT_PERSON_ACTION_ATTACHMENT_TARGET_CITY'),
('SLTH_GREAT_SCIENTIST_3', 'MODIFIER_SLTH_GREAT_SCIENTIST_ADD_SCIENCE', 'GREAT_PERSON_ACTION_ATTACHMENT_TARGET_CITY'),
('SLTH_GREAT_SCIENTIST_4', 'MODIFIER_SLTH_GREAT_SCIENTIST_ADD_SCIENCE', 'GREAT_PERSON_ACTION_ATTACHMENT_TARGET_CITY'),
('SLTH_GREAT_SCIENTIST_5', 'MODIFIER_SLTH_GREAT_SCIENTIST_ADD_SCIENCE', 'GREAT_PERSON_ACTION_ATTACHMENT_TARGET_CITY'),
('SLTH_GREAT_SCIENTIST_6', 'MODIFIER_SLTH_GREAT_SCIENTIST_ADD_SCIENCE', 'GREAT_PERSON_ACTION_ATTACHMENT_TARGET_CITY'),
('SLTH_GREAT_SCIENTIST_7', 'MODIFIER_SLTH_GREAT_SCIENTIST_ADD_SCIENCE', 'GREAT_PERSON_ACTION_ATTACHMENT_TARGET_CITY'),
('SLTH_GREAT_SCIENTIST_8', 'MODIFIER_SLTH_GREAT_SCIENTIST_ADD_SCIENCE', 'GREAT_PERSON_ACTION_ATTACHMENT_TARGET_CITY'),
('SLTH_GREAT_SCIENTIST_9', 'MODIFIER_SLTH_GREAT_SCIENTIST_ADD_SCIENCE', 'GREAT_PERSON_ACTION_ATTACHMENT_TARGET_CITY'),
('SLTH_GREAT_SCIENTIST_10', 'MODIFIER_SLTH_GREAT_SCIENTIST_ADD_SCIENCE', 'GREAT_PERSON_ACTION_ATTACHMENT_TARGET_CITY'),
('SLTH_GREAT_SCIENTIST_11', 'MODIFIER_SLTH_GREAT_SCIENTIST_ADD_SCIENCE', 'GREAT_PERSON_ACTION_ATTACHMENT_TARGET_CITY'),
('SLTH_GREAT_SCIENTIST_12', 'MODIFIER_SLTH_GREAT_SCIENTIST_ADD_SCIENCE', 'GREAT_PERSON_ACTION_ATTACHMENT_TARGET_CITY'),
('SLTH_GREAT_SCIENTIST_13', 'MODIFIER_SLTH_GREAT_SCIENTIST_ADD_SCIENCE', 'GREAT_PERSON_ACTION_ATTACHMENT_TARGET_CITY'),
('SLTH_GREAT_SCIENTIST_14', 'MODIFIER_SLTH_GREAT_SCIENTIST_ADD_SCIENCE', 'GREAT_PERSON_ACTION_ATTACHMENT_TARGET_CITY'),
('SLTH_GREAT_SCIENTIST_15', 'MODIFIER_SLTH_GREAT_SCIENTIST_ADD_SCIENCE', 'GREAT_PERSON_ACTION_ATTACHMENT_TARGET_CITY'),
('SLTH_GREAT_SCIENTIST_16', 'MODIFIER_SLTH_GREAT_SCIENTIST_ADD_SCIENCE', 'GREAT_PERSON_ACTION_ATTACHMENT_TARGET_CITY'),
('SLTH_GREAT_SCIENTIST_17', 'MODIFIER_SLTH_GREAT_SCIENTIST_ADD_SCIENCE', 'GREAT_PERSON_ACTION_ATTACHMENT_TARGET_CITY'),
('SLTH_GREAT_SCIENTIST_18', 'MODIFIER_SLTH_GREAT_SCIENTIST_ADD_SCIENCE', 'GREAT_PERSON_ACTION_ATTACHMENT_TARGET_CITY'),
('SLTH_GREAT_SCIENTIST_19', 'MODIFIER_SLTH_GREAT_SCIENTIST_ADD_SCIENCE', 'GREAT_PERSON_ACTION_ATTACHMENT_TARGET_CITY'),
('SLTH_GREAT_SCIENTIST_20', 'MODIFIER_SLTH_GREAT_SCIENTIST_ADD_SCIENCE', 'GREAT_PERSON_ACTION_ATTACHMENT_TARGET_CITY'),
('SLTH_GREAT_SCIENTIST_1', 'MODIFIER_SLTH_GREAT_SCIENTIST_ADD_SCIENCE_SIDAR', 'GREAT_PERSON_ACTION_ATTACHMENT_TARGET_CITY'),
('SLTH_GREAT_SCIENTIST_2', 'MODIFIER_SLTH_GREAT_SCIENTIST_ADD_SCIENCE_SIDAR', 'GREAT_PERSON_ACTION_ATTACHMENT_TARGET_CITY'),
('SLTH_GREAT_SCIENTIST_3', 'MODIFIER_SLTH_GREAT_SCIENTIST_ADD_SCIENCE_SIDAR', 'GREAT_PERSON_ACTION_ATTACHMENT_TARGET_CITY'),
('SLTH_GREAT_SCIENTIST_4', 'MODIFIER_SLTH_GREAT_SCIENTIST_ADD_SCIENCE_SIDAR', 'GREAT_PERSON_ACTION_ATTACHMENT_TARGET_CITY'),
('SLTH_GREAT_SCIENTIST_5', 'MODIFIER_SLTH_GREAT_SCIENTIST_ADD_SCIENCE_SIDAR', 'GREAT_PERSON_ACTION_ATTACHMENT_TARGET_CITY'),
('SLTH_GREAT_SCIENTIST_6', 'MODIFIER_SLTH_GREAT_SCIENTIST_ADD_SCIENCE_SIDAR', 'GREAT_PERSON_ACTION_ATTACHMENT_TARGET_CITY'),
('SLTH_GREAT_SCIENTIST_7', 'MODIFIER_SLTH_GREAT_SCIENTIST_ADD_SCIENCE_SIDAR', 'GREAT_PERSON_ACTION_ATTACHMENT_TARGET_CITY'),
('SLTH_GREAT_SCIENTIST_8', 'MODIFIER_SLTH_GREAT_SCIENTIST_ADD_SCIENCE_SIDAR', 'GREAT_PERSON_ACTION_ATTACHMENT_TARGET_CITY'),
('SLTH_GREAT_SCIENTIST_9', 'MODIFIER_SLTH_GREAT_SCIENTIST_ADD_SCIENCE_SIDAR', 'GREAT_PERSON_ACTION_ATTACHMENT_TARGET_CITY'),
('SLTH_GREAT_SCIENTIST_10', 'MODIFIER_SLTH_GREAT_SCIENTIST_ADD_SCIENCE_SIDAR', 'GREAT_PERSON_ACTION_ATTACHMENT_TARGET_CITY'),
('SLTH_GREAT_SCIENTIST_11', 'MODIFIER_SLTH_GREAT_SCIENTIST_ADD_SCIENCE_SIDAR', 'GREAT_PERSON_ACTION_ATTACHMENT_TARGET_CITY'),
('SLTH_GREAT_SCIENTIST_12', 'MODIFIER_SLTH_GREAT_SCIENTIST_ADD_SCIENCE_SIDAR', 'GREAT_PERSON_ACTION_ATTACHMENT_TARGET_CITY'),
('SLTH_GREAT_SCIENTIST_13', 'MODIFIER_SLTH_GREAT_SCIENTIST_ADD_SCIENCE_SIDAR', 'GREAT_PERSON_ACTION_ATTACHMENT_TARGET_CITY'),
('SLTH_GREAT_SCIENTIST_14', 'MODIFIER_SLTH_GREAT_SCIENTIST_ADD_SCIENCE_SIDAR', 'GREAT_PERSON_ACTION_ATTACHMENT_TARGET_CITY'),
('SLTH_GREAT_SCIENTIST_15', 'MODIFIER_SLTH_GREAT_SCIENTIST_ADD_SCIENCE_SIDAR', 'GREAT_PERSON_ACTION_ATTACHMENT_TARGET_CITY'),
('SLTH_GREAT_SCIENTIST_16', 'MODIFIER_SLTH_GREAT_SCIENTIST_ADD_SCIENCE_SIDAR', 'GREAT_PERSON_ACTION_ATTACHMENT_TARGET_CITY'),
('SLTH_GREAT_SCIENTIST_17', 'MODIFIER_SLTH_GREAT_SCIENTIST_ADD_SCIENCE_SIDAR', 'GREAT_PERSON_ACTION_ATTACHMENT_TARGET_CITY'),
('SLTH_GREAT_SCIENTIST_18', 'MODIFIER_SLTH_GREAT_SCIENTIST_ADD_SCIENCE_SIDAR', 'GREAT_PERSON_ACTION_ATTACHMENT_TARGET_CITY'),
('SLTH_GREAT_SCIENTIST_19', 'MODIFIER_SLTH_GREAT_SCIENTIST_ADD_SCIENCE_SIDAR', 'GREAT_PERSON_ACTION_ATTACHMENT_TARGET_CITY'),
('SLTH_GREAT_SCIENTIST_20', 'MODIFIER_SLTH_GREAT_SCIENTIST_ADD_SCIENCE_SIDAR', 'GREAT_PERSON_ACTION_ATTACHMENT_TARGET_CITY'),
('SLTH_GREAT_SCIENTIST_1', 'MODIFIER_SLTH_GREAT_SCIENTIST_ADD_SCIENCE_GREAT_LIB', 'GREAT_PERSON_ACTION_ATTACHMENT_TARGET_CITY'),
('SLTH_GREAT_SCIENTIST_2', 'MODIFIER_SLTH_GREAT_SCIENTIST_ADD_SCIENCE_GREAT_LIB', 'GREAT_PERSON_ACTION_ATTACHMENT_TARGET_CITY'),
('SLTH_GREAT_SCIENTIST_3', 'MODIFIER_SLTH_GREAT_SCIENTIST_ADD_SCIENCE_GREAT_LIB', 'GREAT_PERSON_ACTION_ATTACHMENT_TARGET_CITY'),
('SLTH_GREAT_SCIENTIST_4', 'MODIFIER_SLTH_GREAT_SCIENTIST_ADD_SCIENCE_GREAT_LIB', 'GREAT_PERSON_ACTION_ATTACHMENT_TARGET_CITY'),
('SLTH_GREAT_SCIENTIST_5', 'MODIFIER_SLTH_GREAT_SCIENTIST_ADD_SCIENCE_GREAT_LIB', 'GREAT_PERSON_ACTION_ATTACHMENT_TARGET_CITY'),
('SLTH_GREAT_SCIENTIST_6', 'MODIFIER_SLTH_GREAT_SCIENTIST_ADD_SCIENCE_GREAT_LIB', 'GREAT_PERSON_ACTION_ATTACHMENT_TARGET_CITY'),
('SLTH_GREAT_SCIENTIST_7', 'MODIFIER_SLTH_GREAT_SCIENTIST_ADD_SCIENCE_GREAT_LIB', 'GREAT_PERSON_ACTION_ATTACHMENT_TARGET_CITY'),
('SLTH_GREAT_SCIENTIST_8', 'MODIFIER_SLTH_GREAT_SCIENTIST_ADD_SCIENCE_GREAT_LIB', 'GREAT_PERSON_ACTION_ATTACHMENT_TARGET_CITY'),
('SLTH_GREAT_SCIENTIST_9', 'MODIFIER_SLTH_GREAT_SCIENTIST_ADD_SCIENCE_GREAT_LIB', 'GREAT_PERSON_ACTION_ATTACHMENT_TARGET_CITY'),
('SLTH_GREAT_SCIENTIST_10', 'MODIFIER_SLTH_GREAT_SCIENTIST_ADD_SCIENCE_GREAT_LIB', 'GREAT_PERSON_ACTION_ATTACHMENT_TARGET_CITY'),
('SLTH_GREAT_SCIENTIST_11', 'MODIFIER_SLTH_GREAT_SCIENTIST_ADD_SCIENCE_GREAT_LIB', 'GREAT_PERSON_ACTION_ATTACHMENT_TARGET_CITY'),
('SLTH_GREAT_SCIENTIST_12', 'MODIFIER_SLTH_GREAT_SCIENTIST_ADD_SCIENCE_GREAT_LIB', 'GREAT_PERSON_ACTION_ATTACHMENT_TARGET_CITY'),
('SLTH_GREAT_SCIENTIST_13', 'MODIFIER_SLTH_GREAT_SCIENTIST_ADD_SCIENCE_GREAT_LIB', 'GREAT_PERSON_ACTION_ATTACHMENT_TARGET_CITY'),
('SLTH_GREAT_SCIENTIST_14', 'MODIFIER_SLTH_GREAT_SCIENTIST_ADD_SCIENCE_GREAT_LIB', 'GREAT_PERSON_ACTION_ATTACHMENT_TARGET_CITY'),
('SLTH_GREAT_SCIENTIST_15', 'MODIFIER_SLTH_GREAT_SCIENTIST_ADD_SCIENCE_GREAT_LIB', 'GREAT_PERSON_ACTION_ATTACHMENT_TARGET_CITY'),
('SLTH_GREAT_SCIENTIST_16', 'MODIFIER_SLTH_GREAT_SCIENTIST_ADD_SCIENCE_GREAT_LIB', 'GREAT_PERSON_ACTION_ATTACHMENT_TARGET_CITY'),
('SLTH_GREAT_SCIENTIST_17', 'MODIFIER_SLTH_GREAT_SCIENTIST_ADD_SCIENCE_GREAT_LIB', 'GREAT_PERSON_ACTION_ATTACHMENT_TARGET_CITY'),
('SLTH_GREAT_SCIENTIST_18', 'MODIFIER_SLTH_GREAT_SCIENTIST_ADD_SCIENCE_GREAT_LIB', 'GREAT_PERSON_ACTION_ATTACHMENT_TARGET_CITY'),
('SLTH_GREAT_SCIENTIST_19', 'MODIFIER_SLTH_GREAT_SCIENTIST_ADD_SCIENCE_GREAT_LIB', 'GREAT_PERSON_ACTION_ATTACHMENT_TARGET_CITY'),
('SLTH_GREAT_SCIENTIST_20', 'MODIFIER_SLTH_GREAT_SCIENTIST_ADD_SCIENCE_GREAT_LIB', 'GREAT_PERSON_ACTION_ATTACHMENT_TARGET_CITY'),
('SLTH_GREAT_ARTIST_1', 'MODIFIER_SLTH_GREAT_ARTIST_ADD_CULTURE', 'GREAT_PERSON_ACTION_ATTACHMENT_TARGET_CITY'),
('SLTH_GREAT_ARTIST_2', 'MODIFIER_SLTH_GREAT_ARTIST_ADD_CULTURE', 'GREAT_PERSON_ACTION_ATTACHMENT_TARGET_CITY'),
('SLTH_GREAT_ARTIST_3', 'MODIFIER_SLTH_GREAT_ARTIST_ADD_CULTURE', 'GREAT_PERSON_ACTION_ATTACHMENT_TARGET_CITY'),
('SLTH_GREAT_ARTIST_4', 'MODIFIER_SLTH_GREAT_ARTIST_ADD_CULTURE', 'GREAT_PERSON_ACTION_ATTACHMENT_TARGET_CITY'),
('SLTH_GREAT_ARTIST_5', 'MODIFIER_SLTH_GREAT_ARTIST_ADD_CULTURE', 'GREAT_PERSON_ACTION_ATTACHMENT_TARGET_CITY'),
('SLTH_GREAT_ARTIST_6', 'MODIFIER_SLTH_GREAT_ARTIST_ADD_CULTURE', 'GREAT_PERSON_ACTION_ATTACHMENT_TARGET_CITY'),
('SLTH_GREAT_ARTIST_7', 'MODIFIER_SLTH_GREAT_ARTIST_ADD_CULTURE', 'GREAT_PERSON_ACTION_ATTACHMENT_TARGET_CITY'),
('SLTH_GREAT_ARTIST_8', 'MODIFIER_SLTH_GREAT_ARTIST_ADD_CULTURE', 'GREAT_PERSON_ACTION_ATTACHMENT_TARGET_CITY'),
('SLTH_GREAT_ARTIST_9', 'MODIFIER_SLTH_GREAT_ARTIST_ADD_CULTURE', 'GREAT_PERSON_ACTION_ATTACHMENT_TARGET_CITY'),
('SLTH_GREAT_ARTIST_10', 'MODIFIER_SLTH_GREAT_ARTIST_ADD_CULTURE', 'GREAT_PERSON_ACTION_ATTACHMENT_TARGET_CITY'),
('SLTH_GREAT_ARTIST_11', 'MODIFIER_SLTH_GREAT_ARTIST_ADD_CULTURE', 'GREAT_PERSON_ACTION_ATTACHMENT_TARGET_CITY'),
('SLTH_GREAT_ARTIST_12', 'MODIFIER_SLTH_GREAT_ARTIST_ADD_CULTURE', 'GREAT_PERSON_ACTION_ATTACHMENT_TARGET_CITY'),
('SLTH_GREAT_ARTIST_13', 'MODIFIER_SLTH_GREAT_ARTIST_ADD_CULTURE', 'GREAT_PERSON_ACTION_ATTACHMENT_TARGET_CITY'),
('SLTH_GREAT_ARTIST_14', 'MODIFIER_SLTH_GREAT_ARTIST_ADD_CULTURE', 'GREAT_PERSON_ACTION_ATTACHMENT_TARGET_CITY'),
('SLTH_GREAT_ARTIST_15', 'MODIFIER_SLTH_GREAT_ARTIST_ADD_CULTURE', 'GREAT_PERSON_ACTION_ATTACHMENT_TARGET_CITY'),
('SLTH_GREAT_ARTIST_16', 'MODIFIER_SLTH_GREAT_ARTIST_ADD_CULTURE', 'GREAT_PERSON_ACTION_ATTACHMENT_TARGET_CITY'),
('SLTH_GREAT_ARTIST_17', 'MODIFIER_SLTH_GREAT_ARTIST_ADD_CULTURE', 'GREAT_PERSON_ACTION_ATTACHMENT_TARGET_CITY'),
('SLTH_GREAT_ARTIST_18', 'MODIFIER_SLTH_GREAT_ARTIST_ADD_CULTURE', 'GREAT_PERSON_ACTION_ATTACHMENT_TARGET_CITY'),
('SLTH_GREAT_ARTIST_19', 'MODIFIER_SLTH_GREAT_ARTIST_ADD_CULTURE', 'GREAT_PERSON_ACTION_ATTACHMENT_TARGET_CITY'),
('SLTH_GREAT_ARTIST_20', 'MODIFIER_SLTH_GREAT_ARTIST_ADD_CULTURE', 'GREAT_PERSON_ACTION_ATTACHMENT_TARGET_CITY'),
('SLTH_GREAT_ARTIST_1', 'MODIFIER_SLTH_GREAT_ARTIST_ADD_GOLD', 'GREAT_PERSON_ACTION_ATTACHMENT_TARGET_CITY'),
('SLTH_GREAT_ARTIST_2', 'MODIFIER_SLTH_GREAT_ARTIST_ADD_GOLD', 'GREAT_PERSON_ACTION_ATTACHMENT_TARGET_CITY'),
('SLTH_GREAT_ARTIST_3', 'MODIFIER_SLTH_GREAT_ARTIST_ADD_GOLD', 'GREAT_PERSON_ACTION_ATTACHMENT_TARGET_CITY'),
('SLTH_GREAT_ARTIST_4', 'MODIFIER_SLTH_GREAT_ARTIST_ADD_GOLD', 'GREAT_PERSON_ACTION_ATTACHMENT_TARGET_CITY'),
('SLTH_GREAT_ARTIST_5', 'MODIFIER_SLTH_GREAT_ARTIST_ADD_GOLD', 'GREAT_PERSON_ACTION_ATTACHMENT_TARGET_CITY'),
('SLTH_GREAT_ARTIST_6', 'MODIFIER_SLTH_GREAT_ARTIST_ADD_GOLD', 'GREAT_PERSON_ACTION_ATTACHMENT_TARGET_CITY'),
('SLTH_GREAT_ARTIST_7', 'MODIFIER_SLTH_GREAT_ARTIST_ADD_GOLD', 'GREAT_PERSON_ACTION_ATTACHMENT_TARGET_CITY'),
('SLTH_GREAT_ARTIST_8', 'MODIFIER_SLTH_GREAT_ARTIST_ADD_GOLD', 'GREAT_PERSON_ACTION_ATTACHMENT_TARGET_CITY'),
('SLTH_GREAT_ARTIST_9', 'MODIFIER_SLTH_GREAT_ARTIST_ADD_GOLD', 'GREAT_PERSON_ACTION_ATTACHMENT_TARGET_CITY'),
('SLTH_GREAT_ARTIST_10', 'MODIFIER_SLTH_GREAT_ARTIST_ADD_GOLD', 'GREAT_PERSON_ACTION_ATTACHMENT_TARGET_CITY'),
('SLTH_GREAT_ARTIST_11', 'MODIFIER_SLTH_GREAT_ARTIST_ADD_GOLD', 'GREAT_PERSON_ACTION_ATTACHMENT_TARGET_CITY'),
('SLTH_GREAT_ARTIST_12', 'MODIFIER_SLTH_GREAT_ARTIST_ADD_GOLD', 'GREAT_PERSON_ACTION_ATTACHMENT_TARGET_CITY'),
('SLTH_GREAT_ARTIST_13', 'MODIFIER_SLTH_GREAT_ARTIST_ADD_GOLD', 'GREAT_PERSON_ACTION_ATTACHMENT_TARGET_CITY'),
('SLTH_GREAT_ARTIST_14', 'MODIFIER_SLTH_GREAT_ARTIST_ADD_GOLD', 'GREAT_PERSON_ACTION_ATTACHMENT_TARGET_CITY'),
('SLTH_GREAT_ARTIST_15', 'MODIFIER_SLTH_GREAT_ARTIST_ADD_GOLD', 'GREAT_PERSON_ACTION_ATTACHMENT_TARGET_CITY'),
('SLTH_GREAT_ARTIST_16', 'MODIFIER_SLTH_GREAT_ARTIST_ADD_GOLD', 'GREAT_PERSON_ACTION_ATTACHMENT_TARGET_CITY'),
('SLTH_GREAT_ARTIST_17', 'MODIFIER_SLTH_GREAT_ARTIST_ADD_GOLD', 'GREAT_PERSON_ACTION_ATTACHMENT_TARGET_CITY'),
('SLTH_GREAT_ARTIST_18', 'MODIFIER_SLTH_GREAT_ARTIST_ADD_GOLD', 'GREAT_PERSON_ACTION_ATTACHMENT_TARGET_CITY'),
('SLTH_GREAT_ARTIST_19', 'MODIFIER_SLTH_GREAT_ARTIST_ADD_GOLD', 'GREAT_PERSON_ACTION_ATTACHMENT_TARGET_CITY'),
('SLTH_GREAT_ARTIST_20', 'MODIFIER_SLTH_GREAT_ARTIST_ADD_GOLD', 'GREAT_PERSON_ACTION_ATTACHMENT_TARGET_CITY'),
('SLTH_GREAT_ARTIST_1', 'MODIFIER_SLTH_GREAT_ARTIST_ADD_CULTURE_SIDAR', 'GREAT_PERSON_ACTION_ATTACHMENT_TARGET_CITY'),
('SLTH_GREAT_ARTIST_2', 'MODIFIER_SLTH_GREAT_ARTIST_ADD_CULTURE_SIDAR', 'GREAT_PERSON_ACTION_ATTACHMENT_TARGET_CITY'),
('SLTH_GREAT_ARTIST_3', 'MODIFIER_SLTH_GREAT_ARTIST_ADD_CULTURE_SIDAR', 'GREAT_PERSON_ACTION_ATTACHMENT_TARGET_CITY'),
('SLTH_GREAT_ARTIST_4', 'MODIFIER_SLTH_GREAT_ARTIST_ADD_CULTURE_SIDAR', 'GREAT_PERSON_ACTION_ATTACHMENT_TARGET_CITY'),
('SLTH_GREAT_ARTIST_5', 'MODIFIER_SLTH_GREAT_ARTIST_ADD_CULTURE_SIDAR', 'GREAT_PERSON_ACTION_ATTACHMENT_TARGET_CITY'),
('SLTH_GREAT_ARTIST_6', 'MODIFIER_SLTH_GREAT_ARTIST_ADD_CULTURE_SIDAR', 'GREAT_PERSON_ACTION_ATTACHMENT_TARGET_CITY'),
('SLTH_GREAT_ARTIST_7', 'MODIFIER_SLTH_GREAT_ARTIST_ADD_CULTURE_SIDAR', 'GREAT_PERSON_ACTION_ATTACHMENT_TARGET_CITY'),
('SLTH_GREAT_ARTIST_8', 'MODIFIER_SLTH_GREAT_ARTIST_ADD_CULTURE_SIDAR', 'GREAT_PERSON_ACTION_ATTACHMENT_TARGET_CITY'),
('SLTH_GREAT_ARTIST_9', 'MODIFIER_SLTH_GREAT_ARTIST_ADD_CULTURE_SIDAR', 'GREAT_PERSON_ACTION_ATTACHMENT_TARGET_CITY'),
('SLTH_GREAT_ARTIST_10', 'MODIFIER_SLTH_GREAT_ARTIST_ADD_CULTURE_SIDAR', 'GREAT_PERSON_ACTION_ATTACHMENT_TARGET_CITY'),
('SLTH_GREAT_ARTIST_11', 'MODIFIER_SLTH_GREAT_ARTIST_ADD_CULTURE_SIDAR', 'GREAT_PERSON_ACTION_ATTACHMENT_TARGET_CITY'),
('SLTH_GREAT_ARTIST_12', 'MODIFIER_SLTH_GREAT_ARTIST_ADD_CULTURE_SIDAR', 'GREAT_PERSON_ACTION_ATTACHMENT_TARGET_CITY'),
('SLTH_GREAT_ARTIST_13', 'MODIFIER_SLTH_GREAT_ARTIST_ADD_CULTURE_SIDAR', 'GREAT_PERSON_ACTION_ATTACHMENT_TARGET_CITY'),
('SLTH_GREAT_ARTIST_14', 'MODIFIER_SLTH_GREAT_ARTIST_ADD_CULTURE_SIDAR', 'GREAT_PERSON_ACTION_ATTACHMENT_TARGET_CITY'),
('SLTH_GREAT_ARTIST_15', 'MODIFIER_SLTH_GREAT_ARTIST_ADD_CULTURE_SIDAR', 'GREAT_PERSON_ACTION_ATTACHMENT_TARGET_CITY'),
('SLTH_GREAT_ARTIST_16', 'MODIFIER_SLTH_GREAT_ARTIST_ADD_CULTURE_SIDAR', 'GREAT_PERSON_ACTION_ATTACHMENT_TARGET_CITY'),
('SLTH_GREAT_ARTIST_17', 'MODIFIER_SLTH_GREAT_ARTIST_ADD_CULTURE_SIDAR', 'GREAT_PERSON_ACTION_ATTACHMENT_TARGET_CITY'),
('SLTH_GREAT_ARTIST_18', 'MODIFIER_SLTH_GREAT_ARTIST_ADD_CULTURE_SIDAR', 'GREAT_PERSON_ACTION_ATTACHMENT_TARGET_CITY'),
('SLTH_GREAT_ARTIST_19', 'MODIFIER_SLTH_GREAT_ARTIST_ADD_CULTURE_SIDAR', 'GREAT_PERSON_ACTION_ATTACHMENT_TARGET_CITY'),
('SLTH_GREAT_ARTIST_20', 'MODIFIER_SLTH_GREAT_ARTIST_ADD_CULTURE_SIDAR', 'GREAT_PERSON_ACTION_ATTACHMENT_TARGET_CITY'),
('SLTH_GREAT_ARTIST_1', 'MODIFIER_SLTH_GREAT_ARTIST_ADD_CULTURE_THEATRE_OF_DREAMS', 'GREAT_PERSON_ACTION_ATTACHMENT_TARGET_CITY'),
('SLTH_GREAT_ARTIST_2', 'MODIFIER_SLTH_GREAT_ARTIST_ADD_CULTURE_THEATRE_OF_DREAMS', 'GREAT_PERSON_ACTION_ATTACHMENT_TARGET_CITY'),
('SLTH_GREAT_ARTIST_3', 'MODIFIER_SLTH_GREAT_ARTIST_ADD_CULTURE_THEATRE_OF_DREAMS', 'GREAT_PERSON_ACTION_ATTACHMENT_TARGET_CITY'),
('SLTH_GREAT_ARTIST_4', 'MODIFIER_SLTH_GREAT_ARTIST_ADD_CULTURE_THEATRE_OF_DREAMS', 'GREAT_PERSON_ACTION_ATTACHMENT_TARGET_CITY'),
('SLTH_GREAT_ARTIST_5', 'MODIFIER_SLTH_GREAT_ARTIST_ADD_CULTURE_THEATRE_OF_DREAMS', 'GREAT_PERSON_ACTION_ATTACHMENT_TARGET_CITY'),
('SLTH_GREAT_ARTIST_6', 'MODIFIER_SLTH_GREAT_ARTIST_ADD_CULTURE_THEATRE_OF_DREAMS', 'GREAT_PERSON_ACTION_ATTACHMENT_TARGET_CITY'),
('SLTH_GREAT_ARTIST_7', 'MODIFIER_SLTH_GREAT_ARTIST_ADD_CULTURE_THEATRE_OF_DREAMS', 'GREAT_PERSON_ACTION_ATTACHMENT_TARGET_CITY'),
('SLTH_GREAT_ARTIST_8', 'MODIFIER_SLTH_GREAT_ARTIST_ADD_CULTURE_THEATRE_OF_DREAMS', 'GREAT_PERSON_ACTION_ATTACHMENT_TARGET_CITY'),
('SLTH_GREAT_ARTIST_9', 'MODIFIER_SLTH_GREAT_ARTIST_ADD_CULTURE_THEATRE_OF_DREAMS', 'GREAT_PERSON_ACTION_ATTACHMENT_TARGET_CITY'),
('SLTH_GREAT_ARTIST_10', 'MODIFIER_SLTH_GREAT_ARTIST_ADD_CULTURE_THEATRE_OF_DREAMS', 'GREAT_PERSON_ACTION_ATTACHMENT_TARGET_CITY'),
('SLTH_GREAT_ARTIST_11', 'MODIFIER_SLTH_GREAT_ARTIST_ADD_CULTURE_THEATRE_OF_DREAMS', 'GREAT_PERSON_ACTION_ATTACHMENT_TARGET_CITY'),
('SLTH_GREAT_ARTIST_12', 'MODIFIER_SLTH_GREAT_ARTIST_ADD_CULTURE_THEATRE_OF_DREAMS', 'GREAT_PERSON_ACTION_ATTACHMENT_TARGET_CITY'),
('SLTH_GREAT_ARTIST_13', 'MODIFIER_SLTH_GREAT_ARTIST_ADD_CULTURE_THEATRE_OF_DREAMS', 'GREAT_PERSON_ACTION_ATTACHMENT_TARGET_CITY'),
('SLTH_GREAT_ARTIST_14', 'MODIFIER_SLTH_GREAT_ARTIST_ADD_CULTURE_THEATRE_OF_DREAMS', 'GREAT_PERSON_ACTION_ATTACHMENT_TARGET_CITY'),
('SLTH_GREAT_ARTIST_15', 'MODIFIER_SLTH_GREAT_ARTIST_ADD_CULTURE_THEATRE_OF_DREAMS', 'GREAT_PERSON_ACTION_ATTACHMENT_TARGET_CITY'),
('SLTH_GREAT_ARTIST_16', 'MODIFIER_SLTH_GREAT_ARTIST_ADD_CULTURE_THEATRE_OF_DREAMS', 'GREAT_PERSON_ACTION_ATTACHMENT_TARGET_CITY'),
('SLTH_GREAT_ARTIST_17', 'MODIFIER_SLTH_GREAT_ARTIST_ADD_CULTURE_THEATRE_OF_DREAMS', 'GREAT_PERSON_ACTION_ATTACHMENT_TARGET_CITY'),
('SLTH_GREAT_ARTIST_18', 'MODIFIER_SLTH_GREAT_ARTIST_ADD_CULTURE_THEATRE_OF_DREAMS', 'GREAT_PERSON_ACTION_ATTACHMENT_TARGET_CITY'),
('SLTH_GREAT_ARTIST_19', 'MODIFIER_SLTH_GREAT_ARTIST_ADD_CULTURE_THEATRE_OF_DREAMS', 'GREAT_PERSON_ACTION_ATTACHMENT_TARGET_CITY'),
('SLTH_GREAT_ARTIST_20', 'MODIFIER_SLTH_GREAT_ARTIST_ADD_CULTURE_THEATRE_OF_DREAMS', 'GREAT_PERSON_ACTION_ATTACHMENT_TARGET_CITY'),
('SLTH_GREAT_ENGINEER_1', 'SLTH_MODIFIER_HURRY_WONDER', 'GREAT_PERSON_ACTION_ATTACHMENT_TARGET_DISTRICT_WONDER_IN_TILE'),
('SLTH_GREAT_ENGINEER_2', 'SLTH_MODIFIER_HURRY_WONDER', 'GREAT_PERSON_ACTION_ATTACHMENT_TARGET_DISTRICT_WONDER_IN_TILE'),
('SLTH_GREAT_ENGINEER_3', 'SLTH_MODIFIER_HURRY_WONDER', 'GREAT_PERSON_ACTION_ATTACHMENT_TARGET_DISTRICT_WONDER_IN_TILE'),
('SLTH_GREAT_ENGINEER_4', 'SLTH_MODIFIER_HURRY_WONDER', 'GREAT_PERSON_ACTION_ATTACHMENT_TARGET_DISTRICT_WONDER_IN_TILE'),
('SLTH_GREAT_ENGINEER_5', 'SLTH_MODIFIER_HURRY_WONDER', 'GREAT_PERSON_ACTION_ATTACHMENT_TARGET_DISTRICT_WONDER_IN_TILE'),
('SLTH_GREAT_ENGINEER_6', 'SLTH_MODIFIER_HURRY_WONDER', 'GREAT_PERSON_ACTION_ATTACHMENT_TARGET_DISTRICT_WONDER_IN_TILE'),
('SLTH_GREAT_ENGINEER_7', 'SLTH_MODIFIER_HURRY_WONDER', 'GREAT_PERSON_ACTION_ATTACHMENT_TARGET_DISTRICT_WONDER_IN_TILE'),
('SLTH_GREAT_ENGINEER_8', 'SLTH_MODIFIER_HURRY_WONDER', 'GREAT_PERSON_ACTION_ATTACHMENT_TARGET_DISTRICT_WONDER_IN_TILE'),
('SLTH_GREAT_ENGINEER_9', 'SLTH_MODIFIER_HURRY_WONDER', 'GREAT_PERSON_ACTION_ATTACHMENT_TARGET_DISTRICT_WONDER_IN_TILE'),
('SLTH_GREAT_ENGINEER_10', 'SLTH_MODIFIER_HURRY_WONDER', 'GREAT_PERSON_ACTION_ATTACHMENT_TARGET_DISTRICT_WONDER_IN_TILE'),
('SLTH_GREAT_ENGINEER_11', 'SLTH_MODIFIER_HURRY_WONDER', 'GREAT_PERSON_ACTION_ATTACHMENT_TARGET_DISTRICT_WONDER_IN_TILE'),
('SLTH_GREAT_ENGINEER_12', 'SLTH_MODIFIER_HURRY_WONDER', 'GREAT_PERSON_ACTION_ATTACHMENT_TARGET_DISTRICT_WONDER_IN_TILE'),
('SLTH_GREAT_ENGINEER_13', 'SLTH_MODIFIER_HURRY_WONDER', 'GREAT_PERSON_ACTION_ATTACHMENT_TARGET_DISTRICT_WONDER_IN_TILE'),
('SLTH_GREAT_ENGINEER_14', 'SLTH_MODIFIER_HURRY_WONDER', 'GREAT_PERSON_ACTION_ATTACHMENT_TARGET_DISTRICT_WONDER_IN_TILE'),
('SLTH_GREAT_ENGINEER_15', 'SLTH_MODIFIER_HURRY_WONDER', 'GREAT_PERSON_ACTION_ATTACHMENT_TARGET_DISTRICT_WONDER_IN_TILE'),
('SLTH_GREAT_ENGINEER_16', 'SLTH_MODIFIER_HURRY_WONDER', 'GREAT_PERSON_ACTION_ATTACHMENT_TARGET_DISTRICT_WONDER_IN_TILE'),
('SLTH_GREAT_ENGINEER_17', 'SLTH_MODIFIER_HURRY_WONDER', 'GREAT_PERSON_ACTION_ATTACHMENT_TARGET_DISTRICT_WONDER_IN_TILE'),
('SLTH_GREAT_ENGINEER_18', 'SLTH_MODIFIER_HURRY_WONDER', 'GREAT_PERSON_ACTION_ATTACHMENT_TARGET_DISTRICT_WONDER_IN_TILE'),
('SLTH_GREAT_ENGINEER_19', 'SLTH_MODIFIER_HURRY_WONDER', 'GREAT_PERSON_ACTION_ATTACHMENT_TARGET_DISTRICT_WONDER_IN_TILE'),
('SLTH_GREAT_ENGINEER_20', 'SLTH_MODIFIER_HURRY_WONDER', 'GREAT_PERSON_ACTION_ATTACHMENT_TARGET_DISTRICT_WONDER_IN_TILE'),
('SLTH_GREAT_MERCHANT_1', 'MODIFIER_SLTH_GREAT_MERCHANT_ADD_FOOD', 'GREAT_PERSON_ACTION_ATTACHMENT_TARGET_CITY'),
('SLTH_GREAT_MERCHANT_2', 'MODIFIER_SLTH_GREAT_MERCHANT_ADD_FOOD', 'GREAT_PERSON_ACTION_ATTACHMENT_TARGET_CITY'),
('SLTH_GREAT_MERCHANT_3', 'MODIFIER_SLTH_GREAT_MERCHANT_ADD_FOOD', 'GREAT_PERSON_ACTION_ATTACHMENT_TARGET_CITY'),
('SLTH_GREAT_MERCHANT_4', 'MODIFIER_SLTH_GREAT_MERCHANT_ADD_FOOD', 'GREAT_PERSON_ACTION_ATTACHMENT_TARGET_CITY'),
('SLTH_GREAT_MERCHANT_5', 'MODIFIER_SLTH_GREAT_MERCHANT_ADD_FOOD', 'GREAT_PERSON_ACTION_ATTACHMENT_TARGET_CITY'),
('SLTH_GREAT_MERCHANT_6', 'MODIFIER_SLTH_GREAT_MERCHANT_ADD_FOOD', 'GREAT_PERSON_ACTION_ATTACHMENT_TARGET_CITY'),
('SLTH_GREAT_MERCHANT_7', 'MODIFIER_SLTH_GREAT_MERCHANT_ADD_FOOD', 'GREAT_PERSON_ACTION_ATTACHMENT_TARGET_CITY'),
('SLTH_GREAT_MERCHANT_8', 'MODIFIER_SLTH_GREAT_MERCHANT_ADD_FOOD', 'GREAT_PERSON_ACTION_ATTACHMENT_TARGET_CITY'),
('SLTH_GREAT_MERCHANT_9', 'MODIFIER_SLTH_GREAT_MERCHANT_ADD_FOOD', 'GREAT_PERSON_ACTION_ATTACHMENT_TARGET_CITY'),
('SLTH_GREAT_MERCHANT_10', 'MODIFIER_SLTH_GREAT_MERCHANT_ADD_FOOD', 'GREAT_PERSON_ACTION_ATTACHMENT_TARGET_CITY'),
('SLTH_GREAT_MERCHANT_11', 'MODIFIER_SLTH_GREAT_MERCHANT_ADD_FOOD', 'GREAT_PERSON_ACTION_ATTACHMENT_TARGET_CITY'),
('SLTH_GREAT_MERCHANT_12', 'MODIFIER_SLTH_GREAT_MERCHANT_ADD_FOOD', 'GREAT_PERSON_ACTION_ATTACHMENT_TARGET_CITY'),
('SLTH_GREAT_MERCHANT_13', 'MODIFIER_SLTH_GREAT_MERCHANT_ADD_FOOD', 'GREAT_PERSON_ACTION_ATTACHMENT_TARGET_CITY'),
('SLTH_GREAT_MERCHANT_14', 'MODIFIER_SLTH_GREAT_MERCHANT_ADD_FOOD', 'GREAT_PERSON_ACTION_ATTACHMENT_TARGET_CITY'),
('SLTH_GREAT_MERCHANT_15', 'MODIFIER_SLTH_GREAT_MERCHANT_ADD_FOOD', 'GREAT_PERSON_ACTION_ATTACHMENT_TARGET_CITY'),
('SLTH_GREAT_MERCHANT_16', 'MODIFIER_SLTH_GREAT_MERCHANT_ADD_FOOD', 'GREAT_PERSON_ACTION_ATTACHMENT_TARGET_CITY'),
('SLTH_GREAT_MERCHANT_17', 'MODIFIER_SLTH_GREAT_MERCHANT_ADD_FOOD', 'GREAT_PERSON_ACTION_ATTACHMENT_TARGET_CITY'),
('SLTH_GREAT_MERCHANT_18', 'MODIFIER_SLTH_GREAT_MERCHANT_ADD_FOOD', 'GREAT_PERSON_ACTION_ATTACHMENT_TARGET_CITY'),
('SLTH_GREAT_MERCHANT_19', 'MODIFIER_SLTH_GREAT_MERCHANT_ADD_FOOD', 'GREAT_PERSON_ACTION_ATTACHMENT_TARGET_CITY'),
('SLTH_GREAT_MERCHANT_20', 'MODIFIER_SLTH_GREAT_MERCHANT_ADD_FOOD', 'GREAT_PERSON_ACTION_ATTACHMENT_TARGET_CITY'),
('SLTH_GREAT_MERCHANT_1', 'MODIFIER_SLTH_GREAT_MERCHANT_ADD_GOLD', 'GREAT_PERSON_ACTION_ATTACHMENT_TARGET_CITY'),
('SLTH_GREAT_MERCHANT_2', 'MODIFIER_SLTH_GREAT_MERCHANT_ADD_GOLD', 'GREAT_PERSON_ACTION_ATTACHMENT_TARGET_CITY'),
('SLTH_GREAT_MERCHANT_3', 'MODIFIER_SLTH_GREAT_MERCHANT_ADD_GOLD', 'GREAT_PERSON_ACTION_ATTACHMENT_TARGET_CITY'),
('SLTH_GREAT_MERCHANT_4', 'MODIFIER_SLTH_GREAT_MERCHANT_ADD_GOLD', 'GREAT_PERSON_ACTION_ATTACHMENT_TARGET_CITY'),
('SLTH_GREAT_MERCHANT_5', 'MODIFIER_SLTH_GREAT_MERCHANT_ADD_GOLD', 'GREAT_PERSON_ACTION_ATTACHMENT_TARGET_CITY'),
('SLTH_GREAT_MERCHANT_6', 'MODIFIER_SLTH_GREAT_MERCHANT_ADD_GOLD', 'GREAT_PERSON_ACTION_ATTACHMENT_TARGET_CITY'),
('SLTH_GREAT_MERCHANT_7', 'MODIFIER_SLTH_GREAT_MERCHANT_ADD_GOLD', 'GREAT_PERSON_ACTION_ATTACHMENT_TARGET_CITY'),
('SLTH_GREAT_MERCHANT_8', 'MODIFIER_SLTH_GREAT_MERCHANT_ADD_GOLD', 'GREAT_PERSON_ACTION_ATTACHMENT_TARGET_CITY'),
('SLTH_GREAT_MERCHANT_9', 'MODIFIER_SLTH_GREAT_MERCHANT_ADD_GOLD', 'GREAT_PERSON_ACTION_ATTACHMENT_TARGET_CITY'),
('SLTH_GREAT_MERCHANT_10', 'MODIFIER_SLTH_GREAT_MERCHANT_ADD_GOLD', 'GREAT_PERSON_ACTION_ATTACHMENT_TARGET_CITY'),
('SLTH_GREAT_MERCHANT_11', 'MODIFIER_SLTH_GREAT_MERCHANT_ADD_GOLD', 'GREAT_PERSON_ACTION_ATTACHMENT_TARGET_CITY'),
('SLTH_GREAT_MERCHANT_12', 'MODIFIER_SLTH_GREAT_MERCHANT_ADD_GOLD', 'GREAT_PERSON_ACTION_ATTACHMENT_TARGET_CITY'),
('SLTH_GREAT_MERCHANT_13', 'MODIFIER_SLTH_GREAT_MERCHANT_ADD_GOLD', 'GREAT_PERSON_ACTION_ATTACHMENT_TARGET_CITY'),
('SLTH_GREAT_MERCHANT_14', 'MODIFIER_SLTH_GREAT_MERCHANT_ADD_GOLD', 'GREAT_PERSON_ACTION_ATTACHMENT_TARGET_CITY'),
('SLTH_GREAT_MERCHANT_15', 'MODIFIER_SLTH_GREAT_MERCHANT_ADD_GOLD', 'GREAT_PERSON_ACTION_ATTACHMENT_TARGET_CITY'),
('SLTH_GREAT_MERCHANT_16', 'MODIFIER_SLTH_GREAT_MERCHANT_ADD_GOLD', 'GREAT_PERSON_ACTION_ATTACHMENT_TARGET_CITY'),
('SLTH_GREAT_MERCHANT_17', 'MODIFIER_SLTH_GREAT_MERCHANT_ADD_GOLD', 'GREAT_PERSON_ACTION_ATTACHMENT_TARGET_CITY'),
('SLTH_GREAT_MERCHANT_18', 'MODIFIER_SLTH_GREAT_MERCHANT_ADD_GOLD', 'GREAT_PERSON_ACTION_ATTACHMENT_TARGET_CITY'),
('SLTH_GREAT_MERCHANT_19', 'MODIFIER_SLTH_GREAT_MERCHANT_ADD_GOLD', 'GREAT_PERSON_ACTION_ATTACHMENT_TARGET_CITY'),
('SLTH_GREAT_MERCHANT_20', 'MODIFIER_SLTH_GREAT_MERCHANT_ADD_GOLD', 'GREAT_PERSON_ACTION_ATTACHMENT_TARGET_CITY'),
('SLTH_GREAT_MERCHANT_1', 'MODIFIER_SLTH_GREAT_MERCHANT_ADD_GOLD_SIDAR', 'GREAT_PERSON_ACTION_ATTACHMENT_TARGET_CITY'),
('SLTH_GREAT_MERCHANT_2', 'MODIFIER_SLTH_GREAT_MERCHANT_ADD_GOLD_SIDAR', 'GREAT_PERSON_ACTION_ATTACHMENT_TARGET_CITY'),
('SLTH_GREAT_MERCHANT_3', 'MODIFIER_SLTH_GREAT_MERCHANT_ADD_GOLD_SIDAR', 'GREAT_PERSON_ACTION_ATTACHMENT_TARGET_CITY'),
('SLTH_GREAT_MERCHANT_4', 'MODIFIER_SLTH_GREAT_MERCHANT_ADD_GOLD_SIDAR', 'GREAT_PERSON_ACTION_ATTACHMENT_TARGET_CITY'),
('SLTH_GREAT_MERCHANT_5', 'MODIFIER_SLTH_GREAT_MERCHANT_ADD_GOLD_SIDAR', 'GREAT_PERSON_ACTION_ATTACHMENT_TARGET_CITY'),
('SLTH_GREAT_MERCHANT_6', 'MODIFIER_SLTH_GREAT_MERCHANT_ADD_GOLD_SIDAR', 'GREAT_PERSON_ACTION_ATTACHMENT_TARGET_CITY'),
('SLTH_GREAT_MERCHANT_7', 'MODIFIER_SLTH_GREAT_MERCHANT_ADD_GOLD_SIDAR', 'GREAT_PERSON_ACTION_ATTACHMENT_TARGET_CITY'),
('SLTH_GREAT_MERCHANT_8', 'MODIFIER_SLTH_GREAT_MERCHANT_ADD_GOLD_SIDAR', 'GREAT_PERSON_ACTION_ATTACHMENT_TARGET_CITY'),
('SLTH_GREAT_MERCHANT_9', 'MODIFIER_SLTH_GREAT_MERCHANT_ADD_GOLD_SIDAR', 'GREAT_PERSON_ACTION_ATTACHMENT_TARGET_CITY'),
('SLTH_GREAT_MERCHANT_10', 'MODIFIER_SLTH_GREAT_MERCHANT_ADD_GOLD_SIDAR', 'GREAT_PERSON_ACTION_ATTACHMENT_TARGET_CITY'),
('SLTH_GREAT_MERCHANT_11', 'MODIFIER_SLTH_GREAT_MERCHANT_ADD_GOLD_SIDAR', 'GREAT_PERSON_ACTION_ATTACHMENT_TARGET_CITY'),
('SLTH_GREAT_MERCHANT_12', 'MODIFIER_SLTH_GREAT_MERCHANT_ADD_GOLD_SIDAR', 'GREAT_PERSON_ACTION_ATTACHMENT_TARGET_CITY'),
('SLTH_GREAT_MERCHANT_13', 'MODIFIER_SLTH_GREAT_MERCHANT_ADD_GOLD_SIDAR', 'GREAT_PERSON_ACTION_ATTACHMENT_TARGET_CITY'),
('SLTH_GREAT_MERCHANT_14', 'MODIFIER_SLTH_GREAT_MERCHANT_ADD_GOLD_SIDAR', 'GREAT_PERSON_ACTION_ATTACHMENT_TARGET_CITY'),
('SLTH_GREAT_MERCHANT_15', 'MODIFIER_SLTH_GREAT_MERCHANT_ADD_GOLD_SIDAR', 'GREAT_PERSON_ACTION_ATTACHMENT_TARGET_CITY'),
('SLTH_GREAT_MERCHANT_16', 'MODIFIER_SLTH_GREAT_MERCHANT_ADD_GOLD_SIDAR', 'GREAT_PERSON_ACTION_ATTACHMENT_TARGET_CITY'),
('SLTH_GREAT_MERCHANT_17', 'MODIFIER_SLTH_GREAT_MERCHANT_ADD_GOLD_SIDAR', 'GREAT_PERSON_ACTION_ATTACHMENT_TARGET_CITY'),
('SLTH_GREAT_MERCHANT_18', 'MODIFIER_SLTH_GREAT_MERCHANT_ADD_GOLD_SIDAR', 'GREAT_PERSON_ACTION_ATTACHMENT_TARGET_CITY'),
('SLTH_GREAT_MERCHANT_19', 'MODIFIER_SLTH_GREAT_MERCHANT_ADD_GOLD_SIDAR', 'GREAT_PERSON_ACTION_ATTACHMENT_TARGET_CITY'),
('SLTH_GREAT_MERCHANT_20', 'MODIFIER_SLTH_GREAT_MERCHANT_ADD_GOLD_SIDAR', 'GREAT_PERSON_ACTION_ATTACHMENT_TARGET_CITY'),
('SLTH_GREAT_PROPHET_1', 'SLTH_MODIFIER_GRANT_LUONNOTAR_BASE', 'GREAT_PERSON_ACTION_ATTACHMENT_TARGET_CITY'),
('SLTH_GREAT_PROPHET_2', 'SLTH_MODIFIER_GRANT_LUONNOTAR_BASE', 'GREAT_PERSON_ACTION_ATTACHMENT_TARGET_CITY'),
('SLTH_GREAT_PROPHET_3', 'SLTH_MODIFIER_GRANT_LUONNOTAR_BASE', 'GREAT_PERSON_ACTION_ATTACHMENT_TARGET_CITY'),
('SLTH_GREAT_PROPHET_4', 'SLTH_MODIFIER_GRANT_LUONNOTAR_BASE', 'GREAT_PERSON_ACTION_ATTACHMENT_TARGET_CITY'),
('SLTH_GREAT_PROPHET_5', 'SLTH_MODIFIER_GRANT_LUONNOTAR_BASE', 'GREAT_PERSON_ACTION_ATTACHMENT_TARGET_CITY'),
('SLTH_GREAT_PROPHET_6', 'SLTH_MODIFIER_GRANT_LUONNOTAR_BASE', 'GREAT_PERSON_ACTION_ATTACHMENT_TARGET_CITY'),
('SLTH_GREAT_PROPHET_7', 'SLTH_MODIFIER_GRANT_LUONNOTAR_BASE', 'GREAT_PERSON_ACTION_ATTACHMENT_TARGET_CITY'),
('SLTH_GREAT_PROPHET_8', 'SLTH_MODIFIER_GRANT_LUONNOTAR_BASE', 'GREAT_PERSON_ACTION_ATTACHMENT_TARGET_CITY'),
('SLTH_GREAT_PROPHET_9', 'SLTH_MODIFIER_GRANT_LUONNOTAR_BASE', 'GREAT_PERSON_ACTION_ATTACHMENT_TARGET_CITY'),
('SLTH_GREAT_PROPHET_10', 'SLTH_MODIFIER_GRANT_LUONNOTAR_BASE', 'GREAT_PERSON_ACTION_ATTACHMENT_TARGET_CITY'),
('SLTH_GREAT_PROPHET_11', 'SLTH_MODIFIER_GRANT_LUONNOTAR_BASE', 'GREAT_PERSON_ACTION_ATTACHMENT_TARGET_CITY'),
('SLTH_GREAT_PROPHET_12', 'SLTH_MODIFIER_GRANT_LUONNOTAR_BASE', 'GREAT_PERSON_ACTION_ATTACHMENT_TARGET_CITY'),
('SLTH_GREAT_PROPHET_13', 'SLTH_MODIFIER_GRANT_LUONNOTAR_BASE', 'GREAT_PERSON_ACTION_ATTACHMENT_TARGET_CITY'),
('SLTH_GREAT_PROPHET_14', 'SLTH_MODIFIER_GRANT_LUONNOTAR_BASE', 'GREAT_PERSON_ACTION_ATTACHMENT_TARGET_CITY'),
('SLTH_GREAT_PROPHET_15', 'SLTH_MODIFIER_GRANT_LUONNOTAR_BASE', 'GREAT_PERSON_ACTION_ATTACHMENT_TARGET_CITY'),
('SLTH_GREAT_PROPHET_16', 'SLTH_MODIFIER_GRANT_LUONNOTAR_BASE', 'GREAT_PERSON_ACTION_ATTACHMENT_TARGET_CITY'),
('SLTH_GREAT_PROPHET_17', 'SLTH_MODIFIER_GRANT_LUONNOTAR_BASE', 'GREAT_PERSON_ACTION_ATTACHMENT_TARGET_CITY'),
('SLTH_GREAT_PROPHET_18', 'SLTH_MODIFIER_GRANT_LUONNOTAR_BASE', 'GREAT_PERSON_ACTION_ATTACHMENT_TARGET_CITY'),
('SLTH_GREAT_PROPHET_19', 'SLTH_MODIFIER_GRANT_LUONNOTAR_BASE', 'GREAT_PERSON_ACTION_ATTACHMENT_TARGET_CITY'),
('SLTH_GREAT_PROPHET_20', 'SLTH_MODIFIER_GRANT_LUONNOTAR_BASE', 'GREAT_PERSON_ACTION_ATTACHMENT_TARGET_CITY'),
('SLTH_GREAT_PROPHET_1', 'SLTH_MODIFIER_GRANT_LUONNOTAR_ANOINTED', 'GREAT_PERSON_ACTION_ATTACHMENT_TARGET_CITY'),
('SLTH_GREAT_PROPHET_2', 'SLTH_MODIFIER_GRANT_LUONNOTAR_ANOINTED', 'GREAT_PERSON_ACTION_ATTACHMENT_TARGET_CITY'),
('SLTH_GREAT_PROPHET_3', 'SLTH_MODIFIER_GRANT_LUONNOTAR_ANOINTED', 'GREAT_PERSON_ACTION_ATTACHMENT_TARGET_CITY'),
('SLTH_GREAT_PROPHET_4', 'SLTH_MODIFIER_GRANT_LUONNOTAR_ANOINTED', 'GREAT_PERSON_ACTION_ATTACHMENT_TARGET_CITY'),
('SLTH_GREAT_PROPHET_5', 'SLTH_MODIFIER_GRANT_LUONNOTAR_ANOINTED', 'GREAT_PERSON_ACTION_ATTACHMENT_TARGET_CITY'),
('SLTH_GREAT_PROPHET_6', 'SLTH_MODIFIER_GRANT_LUONNOTAR_ANOINTED', 'GREAT_PERSON_ACTION_ATTACHMENT_TARGET_CITY'),
('SLTH_GREAT_PROPHET_7', 'SLTH_MODIFIER_GRANT_LUONNOTAR_ANOINTED', 'GREAT_PERSON_ACTION_ATTACHMENT_TARGET_CITY'),
('SLTH_GREAT_PROPHET_8', 'SLTH_MODIFIER_GRANT_LUONNOTAR_ANOINTED', 'GREAT_PERSON_ACTION_ATTACHMENT_TARGET_CITY'),
('SLTH_GREAT_PROPHET_9', 'SLTH_MODIFIER_GRANT_LUONNOTAR_ANOINTED', 'GREAT_PERSON_ACTION_ATTACHMENT_TARGET_CITY'),
('SLTH_GREAT_PROPHET_10', 'SLTH_MODIFIER_GRANT_LUONNOTAR_ANOINTED', 'GREAT_PERSON_ACTION_ATTACHMENT_TARGET_CITY'),
('SLTH_GREAT_PROPHET_11', 'SLTH_MODIFIER_GRANT_LUONNOTAR_ANOINTED', 'GREAT_PERSON_ACTION_ATTACHMENT_TARGET_CITY'),
('SLTH_GREAT_PROPHET_12', 'SLTH_MODIFIER_GRANT_LUONNOTAR_ANOINTED', 'GREAT_PERSON_ACTION_ATTACHMENT_TARGET_CITY'),
('SLTH_GREAT_PROPHET_13', 'SLTH_MODIFIER_GRANT_LUONNOTAR_ANOINTED', 'GREAT_PERSON_ACTION_ATTACHMENT_TARGET_CITY'),
('SLTH_GREAT_PROPHET_14', 'SLTH_MODIFIER_GRANT_LUONNOTAR_ANOINTED', 'GREAT_PERSON_ACTION_ATTACHMENT_TARGET_CITY'),
('SLTH_GREAT_PROPHET_15', 'SLTH_MODIFIER_GRANT_LUONNOTAR_ANOINTED', 'GREAT_PERSON_ACTION_ATTACHMENT_TARGET_CITY'),
('SLTH_GREAT_PROPHET_16', 'SLTH_MODIFIER_GRANT_LUONNOTAR_ANOINTED', 'GREAT_PERSON_ACTION_ATTACHMENT_TARGET_CITY'),
('SLTH_GREAT_PROPHET_17', 'SLTH_MODIFIER_GRANT_LUONNOTAR_ANOINTED', 'GREAT_PERSON_ACTION_ATTACHMENT_TARGET_CITY'),
('SLTH_GREAT_PROPHET_18', 'SLTH_MODIFIER_GRANT_LUONNOTAR_ANOINTED', 'GREAT_PERSON_ACTION_ATTACHMENT_TARGET_CITY'),
('SLTH_GREAT_PROPHET_19', 'SLTH_MODIFIER_GRANT_LUONNOTAR_ANOINTED', 'GREAT_PERSON_ACTION_ATTACHMENT_TARGET_CITY'),
('SLTH_GREAT_PROPHET_20', 'SLTH_MODIFIER_GRANT_LUONNOTAR_ANOINTED', 'GREAT_PERSON_ACTION_ATTACHMENT_TARGET_CITY'),
('SLTH_GREAT_PROPHET_1', 'SLTH_MODIFIER_GRANT_LUONNOTAR_BLESSED', 'GREAT_PERSON_ACTION_ATTACHMENT_TARGET_CITY'),
('SLTH_GREAT_PROPHET_2', 'SLTH_MODIFIER_GRANT_LUONNOTAR_BLESSED', 'GREAT_PERSON_ACTION_ATTACHMENT_TARGET_CITY'),
('SLTH_GREAT_PROPHET_3', 'SLTH_MODIFIER_GRANT_LUONNOTAR_BLESSED', 'GREAT_PERSON_ACTION_ATTACHMENT_TARGET_CITY'),
('SLTH_GREAT_PROPHET_4', 'SLTH_MODIFIER_GRANT_LUONNOTAR_BLESSED', 'GREAT_PERSON_ACTION_ATTACHMENT_TARGET_CITY'),
('SLTH_GREAT_PROPHET_5', 'SLTH_MODIFIER_GRANT_LUONNOTAR_BLESSED', 'GREAT_PERSON_ACTION_ATTACHMENT_TARGET_CITY'),
('SLTH_GREAT_PROPHET_6', 'SLTH_MODIFIER_GRANT_LUONNOTAR_BLESSED', 'GREAT_PERSON_ACTION_ATTACHMENT_TARGET_CITY'),
('SLTH_GREAT_PROPHET_7', 'SLTH_MODIFIER_GRANT_LUONNOTAR_BLESSED', 'GREAT_PERSON_ACTION_ATTACHMENT_TARGET_CITY'),
('SLTH_GREAT_PROPHET_8', 'SLTH_MODIFIER_GRANT_LUONNOTAR_BLESSED', 'GREAT_PERSON_ACTION_ATTACHMENT_TARGET_CITY'),
('SLTH_GREAT_PROPHET_9', 'SLTH_MODIFIER_GRANT_LUONNOTAR_BLESSED', 'GREAT_PERSON_ACTION_ATTACHMENT_TARGET_CITY'),
('SLTH_GREAT_PROPHET_10', 'SLTH_MODIFIER_GRANT_LUONNOTAR_BLESSED', 'GREAT_PERSON_ACTION_ATTACHMENT_TARGET_CITY'),
('SLTH_GREAT_PROPHET_11', 'SLTH_MODIFIER_GRANT_LUONNOTAR_BLESSED', 'GREAT_PERSON_ACTION_ATTACHMENT_TARGET_CITY'),
('SLTH_GREAT_PROPHET_12', 'SLTH_MODIFIER_GRANT_LUONNOTAR_BLESSED', 'GREAT_PERSON_ACTION_ATTACHMENT_TARGET_CITY'),
('SLTH_GREAT_PROPHET_13', 'SLTH_MODIFIER_GRANT_LUONNOTAR_BLESSED', 'GREAT_PERSON_ACTION_ATTACHMENT_TARGET_CITY'),
('SLTH_GREAT_PROPHET_14', 'SLTH_MODIFIER_GRANT_LUONNOTAR_BLESSED', 'GREAT_PERSON_ACTION_ATTACHMENT_TARGET_CITY'),
('SLTH_GREAT_PROPHET_15', 'SLTH_MODIFIER_GRANT_LUONNOTAR_BLESSED', 'GREAT_PERSON_ACTION_ATTACHMENT_TARGET_CITY'),
('SLTH_GREAT_PROPHET_16', 'SLTH_MODIFIER_GRANT_LUONNOTAR_BLESSED', 'GREAT_PERSON_ACTION_ATTACHMENT_TARGET_CITY'),
('SLTH_GREAT_PROPHET_17', 'SLTH_MODIFIER_GRANT_LUONNOTAR_BLESSED', 'GREAT_PERSON_ACTION_ATTACHMENT_TARGET_CITY'),
('SLTH_GREAT_PROPHET_18', 'SLTH_MODIFIER_GRANT_LUONNOTAR_BLESSED', 'GREAT_PERSON_ACTION_ATTACHMENT_TARGET_CITY'),
('SLTH_GREAT_PROPHET_19', 'SLTH_MODIFIER_GRANT_LUONNOTAR_BLESSED', 'GREAT_PERSON_ACTION_ATTACHMENT_TARGET_CITY'),
('SLTH_GREAT_PROPHET_20', 'SLTH_MODIFIER_GRANT_LUONNOTAR_BLESSED', 'GREAT_PERSON_ACTION_ATTACHMENT_TARGET_CITY'),
('SLTH_GREAT_PROPHET_1', 'SLTH_BUILDING_ALTAR_OF_THE_LUONNOTAR_CONSECRATED', 'GREAT_PERSON_ACTION_ATTACHMENT_TARGET_CITY'),
('SLTH_GREAT_PROPHET_2', 'SLTH_BUILDING_ALTAR_OF_THE_LUONNOTAR_CONSECRATED', 'GREAT_PERSON_ACTION_ATTACHMENT_TARGET_CITY'),
('SLTH_GREAT_PROPHET_3', 'SLTH_BUILDING_ALTAR_OF_THE_LUONNOTAR_CONSECRATED', 'GREAT_PERSON_ACTION_ATTACHMENT_TARGET_CITY'),
('SLTH_GREAT_PROPHET_4', 'SLTH_BUILDING_ALTAR_OF_THE_LUONNOTAR_CONSECRATED', 'GREAT_PERSON_ACTION_ATTACHMENT_TARGET_CITY'),
('SLTH_GREAT_PROPHET_5', 'SLTH_BUILDING_ALTAR_OF_THE_LUONNOTAR_CONSECRATED', 'GREAT_PERSON_ACTION_ATTACHMENT_TARGET_CITY'),
('SLTH_GREAT_PROPHET_6', 'SLTH_BUILDING_ALTAR_OF_THE_LUONNOTAR_CONSECRATED', 'GREAT_PERSON_ACTION_ATTACHMENT_TARGET_CITY'),
('SLTH_GREAT_PROPHET_7', 'SLTH_BUILDING_ALTAR_OF_THE_LUONNOTAR_CONSECRATED', 'GREAT_PERSON_ACTION_ATTACHMENT_TARGET_CITY'),
('SLTH_GREAT_PROPHET_8', 'SLTH_BUILDING_ALTAR_OF_THE_LUONNOTAR_CONSECRATED', 'GREAT_PERSON_ACTION_ATTACHMENT_TARGET_CITY'),
('SLTH_GREAT_PROPHET_9', 'SLTH_BUILDING_ALTAR_OF_THE_LUONNOTAR_CONSECRATED', 'GREAT_PERSON_ACTION_ATTACHMENT_TARGET_CITY'),
('SLTH_GREAT_PROPHET_10', 'SLTH_BUILDING_ALTAR_OF_THE_LUONNOTAR_CONSECRATED', 'GREAT_PERSON_ACTION_ATTACHMENT_TARGET_CITY'),
('SLTH_GREAT_PROPHET_11', 'SLTH_BUILDING_ALTAR_OF_THE_LUONNOTAR_CONSECRATED', 'GREAT_PERSON_ACTION_ATTACHMENT_TARGET_CITY'),
('SLTH_GREAT_PROPHET_12', 'SLTH_BUILDING_ALTAR_OF_THE_LUONNOTAR_CONSECRATED', 'GREAT_PERSON_ACTION_ATTACHMENT_TARGET_CITY'),
('SLTH_GREAT_PROPHET_13', 'SLTH_BUILDING_ALTAR_OF_THE_LUONNOTAR_CONSECRATED', 'GREAT_PERSON_ACTION_ATTACHMENT_TARGET_CITY'),
('SLTH_GREAT_PROPHET_14', 'SLTH_BUILDING_ALTAR_OF_THE_LUONNOTAR_CONSECRATED', 'GREAT_PERSON_ACTION_ATTACHMENT_TARGET_CITY'),
('SLTH_GREAT_PROPHET_15', 'SLTH_BUILDING_ALTAR_OF_THE_LUONNOTAR_CONSECRATED', 'GREAT_PERSON_ACTION_ATTACHMENT_TARGET_CITY'),
('SLTH_GREAT_PROPHET_16', 'SLTH_BUILDING_ALTAR_OF_THE_LUONNOTAR_CONSECRATED', 'GREAT_PERSON_ACTION_ATTACHMENT_TARGET_CITY'),
('SLTH_GREAT_PROPHET_17', 'SLTH_BUILDING_ALTAR_OF_THE_LUONNOTAR_CONSECRATED', 'GREAT_PERSON_ACTION_ATTACHMENT_TARGET_CITY'),
('SLTH_GREAT_PROPHET_18', 'SLTH_BUILDING_ALTAR_OF_THE_LUONNOTAR_CONSECRATED', 'GREAT_PERSON_ACTION_ATTACHMENT_TARGET_CITY'),
('SLTH_GREAT_PROPHET_19', 'SLTH_BUILDING_ALTAR_OF_THE_LUONNOTAR_CONSECRATED', 'GREAT_PERSON_ACTION_ATTACHMENT_TARGET_CITY'),
('SLTH_GREAT_PROPHET_20', 'SLTH_BUILDING_ALTAR_OF_THE_LUONNOTAR_CONSECRATED', 'GREAT_PERSON_ACTION_ATTACHMENT_TARGET_CITY'),
('SLTH_GREAT_PROPHET_1', 'SLTH_BUILDING_ALTAR_OF_THE_LUONNOTAR_DIVINE', 'GREAT_PERSON_ACTION_ATTACHMENT_TARGET_CITY'),
('SLTH_GREAT_PROPHET_2', 'SLTH_BUILDING_ALTAR_OF_THE_LUONNOTAR_DIVINE', 'GREAT_PERSON_ACTION_ATTACHMENT_TARGET_CITY'),
('SLTH_GREAT_PROPHET_3', 'SLTH_BUILDING_ALTAR_OF_THE_LUONNOTAR_DIVINE', 'GREAT_PERSON_ACTION_ATTACHMENT_TARGET_CITY'),
('SLTH_GREAT_PROPHET_4', 'SLTH_BUILDING_ALTAR_OF_THE_LUONNOTAR_DIVINE', 'GREAT_PERSON_ACTION_ATTACHMENT_TARGET_CITY'),
('SLTH_GREAT_PROPHET_5', 'SLTH_BUILDING_ALTAR_OF_THE_LUONNOTAR_DIVINE', 'GREAT_PERSON_ACTION_ATTACHMENT_TARGET_CITY'),
('SLTH_GREAT_PROPHET_6', 'SLTH_BUILDING_ALTAR_OF_THE_LUONNOTAR_DIVINE', 'GREAT_PERSON_ACTION_ATTACHMENT_TARGET_CITY'),
('SLTH_GREAT_PROPHET_7', 'SLTH_BUILDING_ALTAR_OF_THE_LUONNOTAR_DIVINE', 'GREAT_PERSON_ACTION_ATTACHMENT_TARGET_CITY'),
('SLTH_GREAT_PROPHET_8', 'SLTH_BUILDING_ALTAR_OF_THE_LUONNOTAR_DIVINE', 'GREAT_PERSON_ACTION_ATTACHMENT_TARGET_CITY'),
('SLTH_GREAT_PROPHET_9', 'SLTH_BUILDING_ALTAR_OF_THE_LUONNOTAR_DIVINE', 'GREAT_PERSON_ACTION_ATTACHMENT_TARGET_CITY'),
('SLTH_GREAT_PROPHET_10', 'SLTH_BUILDING_ALTAR_OF_THE_LUONNOTAR_DIVINE', 'GREAT_PERSON_ACTION_ATTACHMENT_TARGET_CITY'),
('SLTH_GREAT_PROPHET_11', 'SLTH_BUILDING_ALTAR_OF_THE_LUONNOTAR_DIVINE', 'GREAT_PERSON_ACTION_ATTACHMENT_TARGET_CITY'),
('SLTH_GREAT_PROPHET_12', 'SLTH_BUILDING_ALTAR_OF_THE_LUONNOTAR_DIVINE', 'GREAT_PERSON_ACTION_ATTACHMENT_TARGET_CITY'),
('SLTH_GREAT_PROPHET_13', 'SLTH_BUILDING_ALTAR_OF_THE_LUONNOTAR_DIVINE', 'GREAT_PERSON_ACTION_ATTACHMENT_TARGET_CITY'),
('SLTH_GREAT_PROPHET_14', 'SLTH_BUILDING_ALTAR_OF_THE_LUONNOTAR_DIVINE', 'GREAT_PERSON_ACTION_ATTACHMENT_TARGET_CITY'),
('SLTH_GREAT_PROPHET_15', 'SLTH_BUILDING_ALTAR_OF_THE_LUONNOTAR_DIVINE', 'GREAT_PERSON_ACTION_ATTACHMENT_TARGET_CITY'),
('SLTH_GREAT_PROPHET_16', 'SLTH_BUILDING_ALTAR_OF_THE_LUONNOTAR_DIVINE', 'GREAT_PERSON_ACTION_ATTACHMENT_TARGET_CITY'),
('SLTH_GREAT_PROPHET_17', 'SLTH_BUILDING_ALTAR_OF_THE_LUONNOTAR_DIVINE', 'GREAT_PERSON_ACTION_ATTACHMENT_TARGET_CITY'),
('SLTH_GREAT_PROPHET_18', 'SLTH_BUILDING_ALTAR_OF_THE_LUONNOTAR_DIVINE', 'GREAT_PERSON_ACTION_ATTACHMENT_TARGET_CITY'),
('SLTH_GREAT_PROPHET_19', 'SLTH_BUILDING_ALTAR_OF_THE_LUONNOTAR_DIVINE', 'GREAT_PERSON_ACTION_ATTACHMENT_TARGET_CITY'),
('SLTH_GREAT_PROPHET_20', 'SLTH_BUILDING_ALTAR_OF_THE_LUONNOTAR_DIVINE', 'GREAT_PERSON_ACTION_ATTACHMENT_TARGET_CITY'),
('SLTH_GREAT_PROPHET_1', 'SLTH_BUILDING_ALTAR_OF_THE_LUONNOTAR_EXALTED', 'GREAT_PERSON_ACTION_ATTACHMENT_TARGET_CITY'),
('SLTH_GREAT_PROPHET_2', 'SLTH_BUILDING_ALTAR_OF_THE_LUONNOTAR_EXALTED', 'GREAT_PERSON_ACTION_ATTACHMENT_TARGET_CITY'),
('SLTH_GREAT_PROPHET_3', 'SLTH_BUILDING_ALTAR_OF_THE_LUONNOTAR_EXALTED', 'GREAT_PERSON_ACTION_ATTACHMENT_TARGET_CITY'),
('SLTH_GREAT_PROPHET_4', 'SLTH_BUILDING_ALTAR_OF_THE_LUONNOTAR_EXALTED', 'GREAT_PERSON_ACTION_ATTACHMENT_TARGET_CITY'),
('SLTH_GREAT_PROPHET_5', 'SLTH_BUILDING_ALTAR_OF_THE_LUONNOTAR_EXALTED', 'GREAT_PERSON_ACTION_ATTACHMENT_TARGET_CITY'),
('SLTH_GREAT_PROPHET_6', 'SLTH_BUILDING_ALTAR_OF_THE_LUONNOTAR_EXALTED', 'GREAT_PERSON_ACTION_ATTACHMENT_TARGET_CITY'),
('SLTH_GREAT_PROPHET_7', 'SLTH_BUILDING_ALTAR_OF_THE_LUONNOTAR_EXALTED', 'GREAT_PERSON_ACTION_ATTACHMENT_TARGET_CITY'),
('SLTH_GREAT_PROPHET_8', 'SLTH_BUILDING_ALTAR_OF_THE_LUONNOTAR_EXALTED', 'GREAT_PERSON_ACTION_ATTACHMENT_TARGET_CITY'),
('SLTH_GREAT_PROPHET_9', 'SLTH_BUILDING_ALTAR_OF_THE_LUONNOTAR_EXALTED', 'GREAT_PERSON_ACTION_ATTACHMENT_TARGET_CITY'),
('SLTH_GREAT_PROPHET_10', 'SLTH_BUILDING_ALTAR_OF_THE_LUONNOTAR_EXALTED', 'GREAT_PERSON_ACTION_ATTACHMENT_TARGET_CITY'),
('SLTH_GREAT_PROPHET_11', 'SLTH_BUILDING_ALTAR_OF_THE_LUONNOTAR_EXALTED', 'GREAT_PERSON_ACTION_ATTACHMENT_TARGET_CITY'),
('SLTH_GREAT_PROPHET_12', 'SLTH_BUILDING_ALTAR_OF_THE_LUONNOTAR_EXALTED', 'GREAT_PERSON_ACTION_ATTACHMENT_TARGET_CITY'),
('SLTH_GREAT_PROPHET_13', 'SLTH_BUILDING_ALTAR_OF_THE_LUONNOTAR_EXALTED', 'GREAT_PERSON_ACTION_ATTACHMENT_TARGET_CITY'),
('SLTH_GREAT_PROPHET_14', 'SLTH_BUILDING_ALTAR_OF_THE_LUONNOTAR_EXALTED', 'GREAT_PERSON_ACTION_ATTACHMENT_TARGET_CITY'),
('SLTH_GREAT_PROPHET_15', 'SLTH_BUILDING_ALTAR_OF_THE_LUONNOTAR_EXALTED', 'GREAT_PERSON_ACTION_ATTACHMENT_TARGET_CITY'),
('SLTH_GREAT_PROPHET_16', 'SLTH_BUILDING_ALTAR_OF_THE_LUONNOTAR_EXALTED', 'GREAT_PERSON_ACTION_ATTACHMENT_TARGET_CITY'),
('SLTH_GREAT_PROPHET_17', 'SLTH_BUILDING_ALTAR_OF_THE_LUONNOTAR_EXALTED', 'GREAT_PERSON_ACTION_ATTACHMENT_TARGET_CITY'),
('SLTH_GREAT_PROPHET_18', 'SLTH_BUILDING_ALTAR_OF_THE_LUONNOTAR_EXALTED', 'GREAT_PERSON_ACTION_ATTACHMENT_TARGET_CITY'),
('SLTH_GREAT_PROPHET_19', 'SLTH_BUILDING_ALTAR_OF_THE_LUONNOTAR_EXALTED', 'GREAT_PERSON_ACTION_ATTACHMENT_TARGET_CITY'),
('SLTH_GREAT_PROPHET_20', 'SLTH_BUILDING_ALTAR_OF_THE_LUONNOTAR_EXALTED', 'GREAT_PERSON_ACTION_ATTACHMENT_TARGET_CITY'),
('SLTH_GREAT_PROPHET_1', 'SLTH_BUILDING_ALTAR_OF_THE_LUONNOTAR_FINAL', 'GREAT_PERSON_ACTION_ATTACHMENT_TARGET_CITY'),
('SLTH_GREAT_PROPHET_2', 'SLTH_BUILDING_ALTAR_OF_THE_LUONNOTAR_FINAL', 'GREAT_PERSON_ACTION_ATTACHMENT_TARGET_CITY'),
('SLTH_GREAT_PROPHET_3', 'SLTH_BUILDING_ALTAR_OF_THE_LUONNOTAR_FINAL', 'GREAT_PERSON_ACTION_ATTACHMENT_TARGET_CITY'),
('SLTH_GREAT_PROPHET_4', 'SLTH_BUILDING_ALTAR_OF_THE_LUONNOTAR_FINAL', 'GREAT_PERSON_ACTION_ATTACHMENT_TARGET_CITY'),
('SLTH_GREAT_PROPHET_5', 'SLTH_BUILDING_ALTAR_OF_THE_LUONNOTAR_FINAL', 'GREAT_PERSON_ACTION_ATTACHMENT_TARGET_CITY'),
('SLTH_GREAT_PROPHET_6', 'SLTH_BUILDING_ALTAR_OF_THE_LUONNOTAR_FINAL', 'GREAT_PERSON_ACTION_ATTACHMENT_TARGET_CITY'),
('SLTH_GREAT_PROPHET_7', 'SLTH_BUILDING_ALTAR_OF_THE_LUONNOTAR_FINAL', 'GREAT_PERSON_ACTION_ATTACHMENT_TARGET_CITY'),
('SLTH_GREAT_PROPHET_8', 'SLTH_BUILDING_ALTAR_OF_THE_LUONNOTAR_FINAL', 'GREAT_PERSON_ACTION_ATTACHMENT_TARGET_CITY'),
('SLTH_GREAT_PROPHET_9', 'SLTH_BUILDING_ALTAR_OF_THE_LUONNOTAR_FINAL', 'GREAT_PERSON_ACTION_ATTACHMENT_TARGET_CITY'),
('SLTH_GREAT_PROPHET_10', 'SLTH_BUILDING_ALTAR_OF_THE_LUONNOTAR_FINAL', 'GREAT_PERSON_ACTION_ATTACHMENT_TARGET_CITY'),
('SLTH_GREAT_PROPHET_11', 'SLTH_BUILDING_ALTAR_OF_THE_LUONNOTAR_FINAL', 'GREAT_PERSON_ACTION_ATTACHMENT_TARGET_CITY'),
('SLTH_GREAT_PROPHET_12', 'SLTH_BUILDING_ALTAR_OF_THE_LUONNOTAR_FINAL', 'GREAT_PERSON_ACTION_ATTACHMENT_TARGET_CITY'),
('SLTH_GREAT_PROPHET_13', 'SLTH_BUILDING_ALTAR_OF_THE_LUONNOTAR_FINAL', 'GREAT_PERSON_ACTION_ATTACHMENT_TARGET_CITY'),
('SLTH_GREAT_PROPHET_14', 'SLTH_BUILDING_ALTAR_OF_THE_LUONNOTAR_FINAL', 'GREAT_PERSON_ACTION_ATTACHMENT_TARGET_CITY'),
('SLTH_GREAT_PROPHET_15', 'SLTH_BUILDING_ALTAR_OF_THE_LUONNOTAR_FINAL', 'GREAT_PERSON_ACTION_ATTACHMENT_TARGET_CITY'),
('SLTH_GREAT_PROPHET_16', 'SLTH_BUILDING_ALTAR_OF_THE_LUONNOTAR_FINAL', 'GREAT_PERSON_ACTION_ATTACHMENT_TARGET_CITY'),
('SLTH_GREAT_PROPHET_17', 'SLTH_BUILDING_ALTAR_OF_THE_LUONNOTAR_FINAL', 'GREAT_PERSON_ACTION_ATTACHMENT_TARGET_CITY'),
('SLTH_GREAT_PROPHET_18', 'SLTH_BUILDING_ALTAR_OF_THE_LUONNOTAR_FINAL', 'GREAT_PERSON_ACTION_ATTACHMENT_TARGET_CITY'),
('SLTH_GREAT_PROPHET_19', 'SLTH_BUILDING_ALTAR_OF_THE_LUONNOTAR_FINAL', 'GREAT_PERSON_ACTION_ATTACHMENT_TARGET_CITY'),
('SLTH_GREAT_PROPHET_20', 'SLTH_BUILDING_ALTAR_OF_THE_LUONNOTAR_FINAL', 'GREAT_PERSON_ACTION_ATTACHMENT_TARGET_CITY'),
('SLTH_GREAT_GENERAL_1', 'SLTH_MODIFIER_GRANT_COMMAND_POST', 'GREAT_PERSON_ACTION_ATTACHMENT_TARGET_CITY'),
('SLTH_GREAT_GENERAL_2', 'SLTH_MODIFIER_GRANT_COMMAND_POST', 'GREAT_PERSON_ACTION_ATTACHMENT_TARGET_CITY'),
('SLTH_GREAT_GENERAL_3', 'SLTH_MODIFIER_GRANT_COMMAND_POST', 'GREAT_PERSON_ACTION_ATTACHMENT_TARGET_CITY'),
('SLTH_GREAT_GENERAL_4', 'SLTH_MODIFIER_GRANT_COMMAND_POST', 'GREAT_PERSON_ACTION_ATTACHMENT_TARGET_CITY'),
('SLTH_GREAT_GENERAL_5', 'SLTH_MODIFIER_GRANT_COMMAND_POST', 'GREAT_PERSON_ACTION_ATTACHMENT_TARGET_CITY'),
('SLTH_GREAT_GENERAL_6', 'SLTH_MODIFIER_GRANT_COMMAND_POST', 'GREAT_PERSON_ACTION_ATTACHMENT_TARGET_CITY'),
('SLTH_GREAT_GENERAL_7', 'SLTH_MODIFIER_GRANT_COMMAND_POST', 'GREAT_PERSON_ACTION_ATTACHMENT_TARGET_CITY'),
('SLTH_GREAT_GENERAL_8', 'SLTH_MODIFIER_GRANT_COMMAND_POST', 'GREAT_PERSON_ACTION_ATTACHMENT_TARGET_CITY'),
('SLTH_GREAT_GENERAL_9', 'SLTH_MODIFIER_GRANT_COMMAND_POST', 'GREAT_PERSON_ACTION_ATTACHMENT_TARGET_CITY'),
('SLTH_GREAT_GENERAL_10', 'SLTH_MODIFIER_GRANT_COMMAND_POST', 'GREAT_PERSON_ACTION_ATTACHMENT_TARGET_CITY'),
('SLTH_GREAT_GENERAL_11', 'SLTH_MODIFIER_GRANT_COMMAND_POST', 'GREAT_PERSON_ACTION_ATTACHMENT_TARGET_CITY'),
('SLTH_GREAT_GENERAL_12', 'SLTH_MODIFIER_GRANT_COMMAND_POST', 'GREAT_PERSON_ACTION_ATTACHMENT_TARGET_CITY'),
('SLTH_GREAT_GENERAL_13', 'SLTH_MODIFIER_GRANT_COMMAND_POST', 'GREAT_PERSON_ACTION_ATTACHMENT_TARGET_CITY'),
('SLTH_GREAT_GENERAL_14', 'SLTH_MODIFIER_GRANT_COMMAND_POST', 'GREAT_PERSON_ACTION_ATTACHMENT_TARGET_CITY'),
('SLTH_GREAT_GENERAL_15', 'SLTH_MODIFIER_GRANT_COMMAND_POST', 'GREAT_PERSON_ACTION_ATTACHMENT_TARGET_CITY'),
('SLTH_GREAT_GENERAL_16', 'SLTH_MODIFIER_GRANT_COMMAND_POST', 'GREAT_PERSON_ACTION_ATTACHMENT_TARGET_CITY'),
('SLTH_GREAT_GENERAL_17', 'SLTH_MODIFIER_GRANT_COMMAND_POST', 'GREAT_PERSON_ACTION_ATTACHMENT_TARGET_CITY'),
('SLTH_GREAT_GENERAL_18', 'SLTH_MODIFIER_GRANT_COMMAND_POST', 'GREAT_PERSON_ACTION_ATTACHMENT_TARGET_CITY'),
('SLTH_GREAT_GENERAL_19', 'SLTH_MODIFIER_GRANT_COMMAND_POST', 'GREAT_PERSON_ACTION_ATTACHMENT_TARGET_CITY'),
('SLTH_GREAT_GENERAL_20', 'SLTH_MODIFIER_GRANT_COMMAND_POST', 'GREAT_PERSON_ACTION_ATTACHMENT_TARGET_CITY');

-- All Specialist Modifier bonuses
INSERT INTO GreatPersonIndividualActionModifiers (GreatPersonIndividualType, ModifierId, AttachmentTargetType) VALUES
('SLTH_GREAT_SCIENTIST_1', 'MODIFIER_SLTH_GREAT_PERSON_ADD_CULTURE_HALL_OF_KINGS', 'GREAT_PERSON_ACTION_ATTACHMENT_TARGET_CITY'),
('SLTH_GREAT_SCIENTIST_2', 'MODIFIER_SLTH_GREAT_PERSON_ADD_CULTURE_HALL_OF_KINGS', 'GREAT_PERSON_ACTION_ATTACHMENT_TARGET_CITY'),
('SLTH_GREAT_SCIENTIST_3', 'MODIFIER_SLTH_GREAT_PERSON_ADD_CULTURE_HALL_OF_KINGS', 'GREAT_PERSON_ACTION_ATTACHMENT_TARGET_CITY'),
('SLTH_GREAT_SCIENTIST_4', 'MODIFIER_SLTH_GREAT_PERSON_ADD_CULTURE_HALL_OF_KINGS', 'GREAT_PERSON_ACTION_ATTACHMENT_TARGET_CITY'),
('SLTH_GREAT_SCIENTIST_5', 'MODIFIER_SLTH_GREAT_PERSON_ADD_CULTURE_HALL_OF_KINGS', 'GREAT_PERSON_ACTION_ATTACHMENT_TARGET_CITY'),
('SLTH_GREAT_SCIENTIST_6', 'MODIFIER_SLTH_GREAT_PERSON_ADD_CULTURE_HALL_OF_KINGS', 'GREAT_PERSON_ACTION_ATTACHMENT_TARGET_CITY'),
('SLTH_GREAT_SCIENTIST_7', 'MODIFIER_SLTH_GREAT_PERSON_ADD_CULTURE_HALL_OF_KINGS', 'GREAT_PERSON_ACTION_ATTACHMENT_TARGET_CITY'),
('SLTH_GREAT_SCIENTIST_8', 'MODIFIER_SLTH_GREAT_PERSON_ADD_CULTURE_HALL_OF_KINGS', 'GREAT_PERSON_ACTION_ATTACHMENT_TARGET_CITY'),
('SLTH_GREAT_SCIENTIST_9', 'MODIFIER_SLTH_GREAT_PERSON_ADD_CULTURE_HALL_OF_KINGS', 'GREAT_PERSON_ACTION_ATTACHMENT_TARGET_CITY'),
('SLTH_GREAT_SCIENTIST_10', 'MODIFIER_SLTH_GREAT_PERSON_ADD_CULTURE_HALL_OF_KINGS', 'GREAT_PERSON_ACTION_ATTACHMENT_TARGET_CITY'),
('SLTH_GREAT_SCIENTIST_11', 'MODIFIER_SLTH_GREAT_PERSON_ADD_CULTURE_HALL_OF_KINGS', 'GREAT_PERSON_ACTION_ATTACHMENT_TARGET_CITY'),
('SLTH_GREAT_SCIENTIST_12', 'MODIFIER_SLTH_GREAT_PERSON_ADD_CULTURE_HALL_OF_KINGS', 'GREAT_PERSON_ACTION_ATTACHMENT_TARGET_CITY'),
('SLTH_GREAT_SCIENTIST_13', 'MODIFIER_SLTH_GREAT_PERSON_ADD_CULTURE_HALL_OF_KINGS', 'GREAT_PERSON_ACTION_ATTACHMENT_TARGET_CITY'),
('SLTH_GREAT_SCIENTIST_14', 'MODIFIER_SLTH_GREAT_PERSON_ADD_CULTURE_HALL_OF_KINGS', 'GREAT_PERSON_ACTION_ATTACHMENT_TARGET_CITY'),
('SLTH_GREAT_SCIENTIST_15', 'MODIFIER_SLTH_GREAT_PERSON_ADD_CULTURE_HALL_OF_KINGS', 'GREAT_PERSON_ACTION_ATTACHMENT_TARGET_CITY'),
('SLTH_GREAT_SCIENTIST_16', 'MODIFIER_SLTH_GREAT_PERSON_ADD_CULTURE_HALL_OF_KINGS', 'GREAT_PERSON_ACTION_ATTACHMENT_TARGET_CITY'),
('SLTH_GREAT_SCIENTIST_17', 'MODIFIER_SLTH_GREAT_PERSON_ADD_CULTURE_HALL_OF_KINGS', 'GREAT_PERSON_ACTION_ATTACHMENT_TARGET_CITY'),
('SLTH_GREAT_SCIENTIST_18', 'MODIFIER_SLTH_GREAT_PERSON_ADD_CULTURE_HALL_OF_KINGS', 'GREAT_PERSON_ACTION_ATTACHMENT_TARGET_CITY'),
('SLTH_GREAT_SCIENTIST_19', 'MODIFIER_SLTH_GREAT_PERSON_ADD_CULTURE_HALL_OF_KINGS', 'GREAT_PERSON_ACTION_ATTACHMENT_TARGET_CITY'),
('SLTH_GREAT_SCIENTIST_20', 'MODIFIER_SLTH_GREAT_PERSON_ADD_CULTURE_HALL_OF_KINGS', 'GREAT_PERSON_ACTION_ATTACHMENT_TARGET_CITY'),
('SLTH_GREAT_SCIENTIST_1', 'MODIFIER_SLTH_GREAT_PERSON_ADD_SCIENCE_CASTE_SYSTEM', 'GREAT_PERSON_ACTION_ATTACHMENT_TARGET_CITY'),
('SLTH_GREAT_SCIENTIST_2', 'MODIFIER_SLTH_GREAT_PERSON_ADD_SCIENCE_CASTE_SYSTEM', 'GREAT_PERSON_ACTION_ATTACHMENT_TARGET_CITY'),
('SLTH_GREAT_SCIENTIST_3', 'MODIFIER_SLTH_GREAT_PERSON_ADD_SCIENCE_CASTE_SYSTEM', 'GREAT_PERSON_ACTION_ATTACHMENT_TARGET_CITY'),
('SLTH_GREAT_SCIENTIST_4', 'MODIFIER_SLTH_GREAT_PERSON_ADD_SCIENCE_CASTE_SYSTEM', 'GREAT_PERSON_ACTION_ATTACHMENT_TARGET_CITY'),
('SLTH_GREAT_SCIENTIST_5', 'MODIFIER_SLTH_GREAT_PERSON_ADD_SCIENCE_CASTE_SYSTEM', 'GREAT_PERSON_ACTION_ATTACHMENT_TARGET_CITY'),
('SLTH_GREAT_SCIENTIST_6', 'MODIFIER_SLTH_GREAT_PERSON_ADD_SCIENCE_CASTE_SYSTEM', 'GREAT_PERSON_ACTION_ATTACHMENT_TARGET_CITY'),
('SLTH_GREAT_SCIENTIST_7', 'MODIFIER_SLTH_GREAT_PERSON_ADD_SCIENCE_CASTE_SYSTEM', 'GREAT_PERSON_ACTION_ATTACHMENT_TARGET_CITY'),
('SLTH_GREAT_SCIENTIST_8', 'MODIFIER_SLTH_GREAT_PERSON_ADD_SCIENCE_CASTE_SYSTEM', 'GREAT_PERSON_ACTION_ATTACHMENT_TARGET_CITY'),
('SLTH_GREAT_SCIENTIST_9', 'MODIFIER_SLTH_GREAT_PERSON_ADD_SCIENCE_CASTE_SYSTEM', 'GREAT_PERSON_ACTION_ATTACHMENT_TARGET_CITY'),
('SLTH_GREAT_SCIENTIST_10', 'MODIFIER_SLTH_GREAT_PERSON_ADD_SCIENCE_CASTE_SYSTEM', 'GREAT_PERSON_ACTION_ATTACHMENT_TARGET_CITY'),
('SLTH_GREAT_SCIENTIST_11', 'MODIFIER_SLTH_GREAT_PERSON_ADD_SCIENCE_CASTE_SYSTEM', 'GREAT_PERSON_ACTION_ATTACHMENT_TARGET_CITY'),
('SLTH_GREAT_SCIENTIST_12', 'MODIFIER_SLTH_GREAT_PERSON_ADD_SCIENCE_CASTE_SYSTEM', 'GREAT_PERSON_ACTION_ATTACHMENT_TARGET_CITY'),
('SLTH_GREAT_SCIENTIST_13', 'MODIFIER_SLTH_GREAT_PERSON_ADD_SCIENCE_CASTE_SYSTEM', 'GREAT_PERSON_ACTION_ATTACHMENT_TARGET_CITY'),
('SLTH_GREAT_SCIENTIST_14', 'MODIFIER_SLTH_GREAT_PERSON_ADD_SCIENCE_CASTE_SYSTEM', 'GREAT_PERSON_ACTION_ATTACHMENT_TARGET_CITY'),
('SLTH_GREAT_SCIENTIST_15', 'MODIFIER_SLTH_GREAT_PERSON_ADD_SCIENCE_CASTE_SYSTEM', 'GREAT_PERSON_ACTION_ATTACHMENT_TARGET_CITY'),
('SLTH_GREAT_SCIENTIST_16', 'MODIFIER_SLTH_GREAT_PERSON_ADD_SCIENCE_CASTE_SYSTEM', 'GREAT_PERSON_ACTION_ATTACHMENT_TARGET_CITY'),
('SLTH_GREAT_SCIENTIST_17', 'MODIFIER_SLTH_GREAT_PERSON_ADD_SCIENCE_CASTE_SYSTEM', 'GREAT_PERSON_ACTION_ATTACHMENT_TARGET_CITY'),
('SLTH_GREAT_SCIENTIST_18', 'MODIFIER_SLTH_GREAT_PERSON_ADD_SCIENCE_CASTE_SYSTEM', 'GREAT_PERSON_ACTION_ATTACHMENT_TARGET_CITY'),
('SLTH_GREAT_SCIENTIST_19', 'MODIFIER_SLTH_GREAT_PERSON_ADD_SCIENCE_CASTE_SYSTEM', 'GREAT_PERSON_ACTION_ATTACHMENT_TARGET_CITY'),
('SLTH_GREAT_SCIENTIST_20', 'MODIFIER_SLTH_GREAT_PERSON_ADD_SCIENCE_CASTE_SYSTEM', 'GREAT_PERSON_ACTION_ATTACHMENT_TARGET_CITY'),
('SLTH_GREAT_SCIENTIST_1', 'MODIFIER_SLTH_GREAT_PERSON_ADD_CULTURE_CASTE_SYSTEM', 'GREAT_PERSON_ACTION_ATTACHMENT_TARGET_CITY'),
('SLTH_GREAT_SCIENTIST_2', 'MODIFIER_SLTH_GREAT_PERSON_ADD_CULTURE_CASTE_SYSTEM', 'GREAT_PERSON_ACTION_ATTACHMENT_TARGET_CITY'),
('SLTH_GREAT_SCIENTIST_3', 'MODIFIER_SLTH_GREAT_PERSON_ADD_CULTURE_CASTE_SYSTEM', 'GREAT_PERSON_ACTION_ATTACHMENT_TARGET_CITY'),
('SLTH_GREAT_SCIENTIST_4', 'MODIFIER_SLTH_GREAT_PERSON_ADD_CULTURE_CASTE_SYSTEM', 'GREAT_PERSON_ACTION_ATTACHMENT_TARGET_CITY'),
('SLTH_GREAT_SCIENTIST_5', 'MODIFIER_SLTH_GREAT_PERSON_ADD_CULTURE_CASTE_SYSTEM', 'GREAT_PERSON_ACTION_ATTACHMENT_TARGET_CITY'),
('SLTH_GREAT_SCIENTIST_6', 'MODIFIER_SLTH_GREAT_PERSON_ADD_CULTURE_CASTE_SYSTEM', 'GREAT_PERSON_ACTION_ATTACHMENT_TARGET_CITY'),
('SLTH_GREAT_SCIENTIST_7', 'MODIFIER_SLTH_GREAT_PERSON_ADD_CULTURE_CASTE_SYSTEM', 'GREAT_PERSON_ACTION_ATTACHMENT_TARGET_CITY'),
('SLTH_GREAT_SCIENTIST_8', 'MODIFIER_SLTH_GREAT_PERSON_ADD_CULTURE_CASTE_SYSTEM', 'GREAT_PERSON_ACTION_ATTACHMENT_TARGET_CITY'),
('SLTH_GREAT_SCIENTIST_9', 'MODIFIER_SLTH_GREAT_PERSON_ADD_CULTURE_CASTE_SYSTEM', 'GREAT_PERSON_ACTION_ATTACHMENT_TARGET_CITY'),
('SLTH_GREAT_SCIENTIST_10', 'MODIFIER_SLTH_GREAT_PERSON_ADD_CULTURE_CASTE_SYSTEM', 'GREAT_PERSON_ACTION_ATTACHMENT_TARGET_CITY'),
('SLTH_GREAT_SCIENTIST_11', 'MODIFIER_SLTH_GREAT_PERSON_ADD_CULTURE_CASTE_SYSTEM', 'GREAT_PERSON_ACTION_ATTACHMENT_TARGET_CITY'),
('SLTH_GREAT_SCIENTIST_12', 'MODIFIER_SLTH_GREAT_PERSON_ADD_CULTURE_CASTE_SYSTEM', 'GREAT_PERSON_ACTION_ATTACHMENT_TARGET_CITY'),
('SLTH_GREAT_SCIENTIST_13', 'MODIFIER_SLTH_GREAT_PERSON_ADD_CULTURE_CASTE_SYSTEM', 'GREAT_PERSON_ACTION_ATTACHMENT_TARGET_CITY'),
('SLTH_GREAT_SCIENTIST_14', 'MODIFIER_SLTH_GREAT_PERSON_ADD_CULTURE_CASTE_SYSTEM', 'GREAT_PERSON_ACTION_ATTACHMENT_TARGET_CITY'),
('SLTH_GREAT_SCIENTIST_15', 'MODIFIER_SLTH_GREAT_PERSON_ADD_CULTURE_CASTE_SYSTEM', 'GREAT_PERSON_ACTION_ATTACHMENT_TARGET_CITY'),
('SLTH_GREAT_SCIENTIST_16', 'MODIFIER_SLTH_GREAT_PERSON_ADD_CULTURE_CASTE_SYSTEM', 'GREAT_PERSON_ACTION_ATTACHMENT_TARGET_CITY'),
('SLTH_GREAT_SCIENTIST_17', 'MODIFIER_SLTH_GREAT_PERSON_ADD_CULTURE_CASTE_SYSTEM', 'GREAT_PERSON_ACTION_ATTACHMENT_TARGET_CITY'),
('SLTH_GREAT_SCIENTIST_18', 'MODIFIER_SLTH_GREAT_PERSON_ADD_CULTURE_CASTE_SYSTEM', 'GREAT_PERSON_ACTION_ATTACHMENT_TARGET_CITY'),
('SLTH_GREAT_SCIENTIST_19', 'MODIFIER_SLTH_GREAT_PERSON_ADD_CULTURE_CASTE_SYSTEM', 'GREAT_PERSON_ACTION_ATTACHMENT_TARGET_CITY'),
('SLTH_GREAT_SCIENTIST_20', 'MODIFIER_SLTH_GREAT_PERSON_ADD_CULTURE_CASTE_SYSTEM', 'GREAT_PERSON_ACTION_ATTACHMENT_TARGET_CITY'),
('SLTH_GREAT_SCIENTIST_1', 'MODIFIER_SLTH_GREAT_PERSON_ADD_SCIENCE_SCHOLARSHIP', 'GREAT_PERSON_ACTION_ATTACHMENT_TARGET_CITY'),
('SLTH_GREAT_SCIENTIST_2', 'MODIFIER_SLTH_GREAT_PERSON_ADD_SCIENCE_SCHOLARSHIP', 'GREAT_PERSON_ACTION_ATTACHMENT_TARGET_CITY'),
('SLTH_GREAT_SCIENTIST_3', 'MODIFIER_SLTH_GREAT_PERSON_ADD_SCIENCE_SCHOLARSHIP', 'GREAT_PERSON_ACTION_ATTACHMENT_TARGET_CITY'),
('SLTH_GREAT_SCIENTIST_4', 'MODIFIER_SLTH_GREAT_PERSON_ADD_SCIENCE_SCHOLARSHIP', 'GREAT_PERSON_ACTION_ATTACHMENT_TARGET_CITY'),
('SLTH_GREAT_SCIENTIST_5', 'MODIFIER_SLTH_GREAT_PERSON_ADD_SCIENCE_SCHOLARSHIP', 'GREAT_PERSON_ACTION_ATTACHMENT_TARGET_CITY'),
('SLTH_GREAT_SCIENTIST_6', 'MODIFIER_SLTH_GREAT_PERSON_ADD_SCIENCE_SCHOLARSHIP', 'GREAT_PERSON_ACTION_ATTACHMENT_TARGET_CITY'),
('SLTH_GREAT_SCIENTIST_7', 'MODIFIER_SLTH_GREAT_PERSON_ADD_SCIENCE_SCHOLARSHIP', 'GREAT_PERSON_ACTION_ATTACHMENT_TARGET_CITY'),
('SLTH_GREAT_SCIENTIST_8', 'MODIFIER_SLTH_GREAT_PERSON_ADD_SCIENCE_SCHOLARSHIP', 'GREAT_PERSON_ACTION_ATTACHMENT_TARGET_CITY'),
('SLTH_GREAT_SCIENTIST_9', 'MODIFIER_SLTH_GREAT_PERSON_ADD_SCIENCE_SCHOLARSHIP', 'GREAT_PERSON_ACTION_ATTACHMENT_TARGET_CITY'),
('SLTH_GREAT_SCIENTIST_10', 'MODIFIER_SLTH_GREAT_PERSON_ADD_SCIENCE_SCHOLARSHIP', 'GREAT_PERSON_ACTION_ATTACHMENT_TARGET_CITY'),
('SLTH_GREAT_SCIENTIST_11', 'MODIFIER_SLTH_GREAT_PERSON_ADD_SCIENCE_SCHOLARSHIP', 'GREAT_PERSON_ACTION_ATTACHMENT_TARGET_CITY'),
('SLTH_GREAT_SCIENTIST_12', 'MODIFIER_SLTH_GREAT_PERSON_ADD_SCIENCE_SCHOLARSHIP', 'GREAT_PERSON_ACTION_ATTACHMENT_TARGET_CITY'),
('SLTH_GREAT_SCIENTIST_13', 'MODIFIER_SLTH_GREAT_PERSON_ADD_SCIENCE_SCHOLARSHIP', 'GREAT_PERSON_ACTION_ATTACHMENT_TARGET_CITY'),
('SLTH_GREAT_SCIENTIST_14', 'MODIFIER_SLTH_GREAT_PERSON_ADD_SCIENCE_SCHOLARSHIP', 'GREAT_PERSON_ACTION_ATTACHMENT_TARGET_CITY'),
('SLTH_GREAT_SCIENTIST_15', 'MODIFIER_SLTH_GREAT_PERSON_ADD_SCIENCE_SCHOLARSHIP', 'GREAT_PERSON_ACTION_ATTACHMENT_TARGET_CITY'),
('SLTH_GREAT_SCIENTIST_16', 'MODIFIER_SLTH_GREAT_PERSON_ADD_SCIENCE_SCHOLARSHIP', 'GREAT_PERSON_ACTION_ATTACHMENT_TARGET_CITY'),
('SLTH_GREAT_SCIENTIST_17', 'MODIFIER_SLTH_GREAT_PERSON_ADD_SCIENCE_SCHOLARSHIP', 'GREAT_PERSON_ACTION_ATTACHMENT_TARGET_CITY'),
('SLTH_GREAT_SCIENTIST_18', 'MODIFIER_SLTH_GREAT_PERSON_ADD_SCIENCE_SCHOLARSHIP', 'GREAT_PERSON_ACTION_ATTACHMENT_TARGET_CITY'),
('SLTH_GREAT_SCIENTIST_19', 'MODIFIER_SLTH_GREAT_PERSON_ADD_SCIENCE_SCHOLARSHIP', 'GREAT_PERSON_ACTION_ATTACHMENT_TARGET_CITY'),
('SLTH_GREAT_SCIENTIST_20', 'MODIFIER_SLTH_GREAT_PERSON_ADD_SCIENCE_SCHOLARSHIP', 'GREAT_PERSON_ACTION_ATTACHMENT_TARGET_CITY'),
('SLTH_GREAT_ARTIST_1', 'MODIFIER_SLTH_GREAT_PERSON_ADD_CULTURE_HALL_OF_KINGS', 'GREAT_PERSON_ACTION_ATTACHMENT_TARGET_CITY'),
('SLTH_GREAT_ARTIST_2', 'MODIFIER_SLTH_GREAT_PERSON_ADD_CULTURE_HALL_OF_KINGS', 'GREAT_PERSON_ACTION_ATTACHMENT_TARGET_CITY'),
('SLTH_GREAT_ARTIST_3', 'MODIFIER_SLTH_GREAT_PERSON_ADD_CULTURE_HALL_OF_KINGS', 'GREAT_PERSON_ACTION_ATTACHMENT_TARGET_CITY'),
('SLTH_GREAT_ARTIST_4', 'MODIFIER_SLTH_GREAT_PERSON_ADD_CULTURE_HALL_OF_KINGS', 'GREAT_PERSON_ACTION_ATTACHMENT_TARGET_CITY'),
('SLTH_GREAT_ARTIST_5', 'MODIFIER_SLTH_GREAT_PERSON_ADD_CULTURE_HALL_OF_KINGS', 'GREAT_PERSON_ACTION_ATTACHMENT_TARGET_CITY'),
('SLTH_GREAT_ARTIST_6', 'MODIFIER_SLTH_GREAT_PERSON_ADD_CULTURE_HALL_OF_KINGS', 'GREAT_PERSON_ACTION_ATTACHMENT_TARGET_CITY'),
('SLTH_GREAT_ARTIST_7', 'MODIFIER_SLTH_GREAT_PERSON_ADD_CULTURE_HALL_OF_KINGS', 'GREAT_PERSON_ACTION_ATTACHMENT_TARGET_CITY'),
('SLTH_GREAT_ARTIST_8', 'MODIFIER_SLTH_GREAT_PERSON_ADD_CULTURE_HALL_OF_KINGS', 'GREAT_PERSON_ACTION_ATTACHMENT_TARGET_CITY'),
('SLTH_GREAT_ARTIST_9', 'MODIFIER_SLTH_GREAT_PERSON_ADD_CULTURE_HALL_OF_KINGS', 'GREAT_PERSON_ACTION_ATTACHMENT_TARGET_CITY'),
('SLTH_GREAT_ARTIST_10', 'MODIFIER_SLTH_GREAT_PERSON_ADD_CULTURE_HALL_OF_KINGS', 'GREAT_PERSON_ACTION_ATTACHMENT_TARGET_CITY'),
('SLTH_GREAT_ARTIST_11', 'MODIFIER_SLTH_GREAT_PERSON_ADD_CULTURE_HALL_OF_KINGS', 'GREAT_PERSON_ACTION_ATTACHMENT_TARGET_CITY'),
('SLTH_GREAT_ARTIST_12', 'MODIFIER_SLTH_GREAT_PERSON_ADD_CULTURE_HALL_OF_KINGS', 'GREAT_PERSON_ACTION_ATTACHMENT_TARGET_CITY'),
('SLTH_GREAT_ARTIST_13', 'MODIFIER_SLTH_GREAT_PERSON_ADD_CULTURE_HALL_OF_KINGS', 'GREAT_PERSON_ACTION_ATTACHMENT_TARGET_CITY'),
('SLTH_GREAT_ARTIST_14', 'MODIFIER_SLTH_GREAT_PERSON_ADD_CULTURE_HALL_OF_KINGS', 'GREAT_PERSON_ACTION_ATTACHMENT_TARGET_CITY'),
('SLTH_GREAT_ARTIST_15', 'MODIFIER_SLTH_GREAT_PERSON_ADD_CULTURE_HALL_OF_KINGS', 'GREAT_PERSON_ACTION_ATTACHMENT_TARGET_CITY'),
('SLTH_GREAT_ARTIST_16', 'MODIFIER_SLTH_GREAT_PERSON_ADD_CULTURE_HALL_OF_KINGS', 'GREAT_PERSON_ACTION_ATTACHMENT_TARGET_CITY'),
('SLTH_GREAT_ARTIST_17', 'MODIFIER_SLTH_GREAT_PERSON_ADD_CULTURE_HALL_OF_KINGS', 'GREAT_PERSON_ACTION_ATTACHMENT_TARGET_CITY'),
('SLTH_GREAT_ARTIST_18', 'MODIFIER_SLTH_GREAT_PERSON_ADD_CULTURE_HALL_OF_KINGS', 'GREAT_PERSON_ACTION_ATTACHMENT_TARGET_CITY'),
('SLTH_GREAT_ARTIST_19', 'MODIFIER_SLTH_GREAT_PERSON_ADD_CULTURE_HALL_OF_KINGS', 'GREAT_PERSON_ACTION_ATTACHMENT_TARGET_CITY'),
('SLTH_GREAT_ARTIST_20', 'MODIFIER_SLTH_GREAT_PERSON_ADD_CULTURE_HALL_OF_KINGS', 'GREAT_PERSON_ACTION_ATTACHMENT_TARGET_CITY'),
('SLTH_GREAT_ARTIST_1', 'MODIFIER_SLTH_GREAT_PERSON_ADD_SCIENCE_CASTE_SYSTEM', 'GREAT_PERSON_ACTION_ATTACHMENT_TARGET_CITY'),
('SLTH_GREAT_ARTIST_2', 'MODIFIER_SLTH_GREAT_PERSON_ADD_SCIENCE_CASTE_SYSTEM', 'GREAT_PERSON_ACTION_ATTACHMENT_TARGET_CITY'),
('SLTH_GREAT_ARTIST_3', 'MODIFIER_SLTH_GREAT_PERSON_ADD_SCIENCE_CASTE_SYSTEM', 'GREAT_PERSON_ACTION_ATTACHMENT_TARGET_CITY'),
('SLTH_GREAT_ARTIST_4', 'MODIFIER_SLTH_GREAT_PERSON_ADD_SCIENCE_CASTE_SYSTEM', 'GREAT_PERSON_ACTION_ATTACHMENT_TARGET_CITY'),
('SLTH_GREAT_ARTIST_5', 'MODIFIER_SLTH_GREAT_PERSON_ADD_SCIENCE_CASTE_SYSTEM', 'GREAT_PERSON_ACTION_ATTACHMENT_TARGET_CITY'),
('SLTH_GREAT_ARTIST_6', 'MODIFIER_SLTH_GREAT_PERSON_ADD_SCIENCE_CASTE_SYSTEM', 'GREAT_PERSON_ACTION_ATTACHMENT_TARGET_CITY'),
('SLTH_GREAT_ARTIST_7', 'MODIFIER_SLTH_GREAT_PERSON_ADD_SCIENCE_CASTE_SYSTEM', 'GREAT_PERSON_ACTION_ATTACHMENT_TARGET_CITY'),
('SLTH_GREAT_ARTIST_8', 'MODIFIER_SLTH_GREAT_PERSON_ADD_SCIENCE_CASTE_SYSTEM', 'GREAT_PERSON_ACTION_ATTACHMENT_TARGET_CITY'),
('SLTH_GREAT_ARTIST_9', 'MODIFIER_SLTH_GREAT_PERSON_ADD_SCIENCE_CASTE_SYSTEM', 'GREAT_PERSON_ACTION_ATTACHMENT_TARGET_CITY'),
('SLTH_GREAT_ARTIST_10', 'MODIFIER_SLTH_GREAT_PERSON_ADD_SCIENCE_CASTE_SYSTEM', 'GREAT_PERSON_ACTION_ATTACHMENT_TARGET_CITY'),
('SLTH_GREAT_ARTIST_11', 'MODIFIER_SLTH_GREAT_PERSON_ADD_SCIENCE_CASTE_SYSTEM', 'GREAT_PERSON_ACTION_ATTACHMENT_TARGET_CITY'),
('SLTH_GREAT_ARTIST_12', 'MODIFIER_SLTH_GREAT_PERSON_ADD_SCIENCE_CASTE_SYSTEM', 'GREAT_PERSON_ACTION_ATTACHMENT_TARGET_CITY'),
('SLTH_GREAT_ARTIST_13', 'MODIFIER_SLTH_GREAT_PERSON_ADD_SCIENCE_CASTE_SYSTEM', 'GREAT_PERSON_ACTION_ATTACHMENT_TARGET_CITY'),
('SLTH_GREAT_ARTIST_14', 'MODIFIER_SLTH_GREAT_PERSON_ADD_SCIENCE_CASTE_SYSTEM', 'GREAT_PERSON_ACTION_ATTACHMENT_TARGET_CITY'),
('SLTH_GREAT_ARTIST_15', 'MODIFIER_SLTH_GREAT_PERSON_ADD_SCIENCE_CASTE_SYSTEM', 'GREAT_PERSON_ACTION_ATTACHMENT_TARGET_CITY'),
('SLTH_GREAT_ARTIST_16', 'MODIFIER_SLTH_GREAT_PERSON_ADD_SCIENCE_CASTE_SYSTEM', 'GREAT_PERSON_ACTION_ATTACHMENT_TARGET_CITY'),
('SLTH_GREAT_ARTIST_17', 'MODIFIER_SLTH_GREAT_PERSON_ADD_SCIENCE_CASTE_SYSTEM', 'GREAT_PERSON_ACTION_ATTACHMENT_TARGET_CITY'),
('SLTH_GREAT_ARTIST_18', 'MODIFIER_SLTH_GREAT_PERSON_ADD_SCIENCE_CASTE_SYSTEM', 'GREAT_PERSON_ACTION_ATTACHMENT_TARGET_CITY'),
('SLTH_GREAT_ARTIST_19', 'MODIFIER_SLTH_GREAT_PERSON_ADD_SCIENCE_CASTE_SYSTEM', 'GREAT_PERSON_ACTION_ATTACHMENT_TARGET_CITY'),
('SLTH_GREAT_ARTIST_20', 'MODIFIER_SLTH_GREAT_PERSON_ADD_SCIENCE_CASTE_SYSTEM', 'GREAT_PERSON_ACTION_ATTACHMENT_TARGET_CITY'),
('SLTH_GREAT_ARTIST_1', 'MODIFIER_SLTH_GREAT_PERSON_ADD_CULTURE_CASTE_SYSTEM', 'GREAT_PERSON_ACTION_ATTACHMENT_TARGET_CITY'),
('SLTH_GREAT_ARTIST_2', 'MODIFIER_SLTH_GREAT_PERSON_ADD_CULTURE_CASTE_SYSTEM', 'GREAT_PERSON_ACTION_ATTACHMENT_TARGET_CITY'),
('SLTH_GREAT_ARTIST_3', 'MODIFIER_SLTH_GREAT_PERSON_ADD_CULTURE_CASTE_SYSTEM', 'GREAT_PERSON_ACTION_ATTACHMENT_TARGET_CITY'),
('SLTH_GREAT_ARTIST_4', 'MODIFIER_SLTH_GREAT_PERSON_ADD_CULTURE_CASTE_SYSTEM', 'GREAT_PERSON_ACTION_ATTACHMENT_TARGET_CITY'),
('SLTH_GREAT_ARTIST_5', 'MODIFIER_SLTH_GREAT_PERSON_ADD_CULTURE_CASTE_SYSTEM', 'GREAT_PERSON_ACTION_ATTACHMENT_TARGET_CITY'),
('SLTH_GREAT_ARTIST_6', 'MODIFIER_SLTH_GREAT_PERSON_ADD_CULTURE_CASTE_SYSTEM', 'GREAT_PERSON_ACTION_ATTACHMENT_TARGET_CITY'),
('SLTH_GREAT_ARTIST_7', 'MODIFIER_SLTH_GREAT_PERSON_ADD_CULTURE_CASTE_SYSTEM', 'GREAT_PERSON_ACTION_ATTACHMENT_TARGET_CITY'),
('SLTH_GREAT_ARTIST_8', 'MODIFIER_SLTH_GREAT_PERSON_ADD_CULTURE_CASTE_SYSTEM', 'GREAT_PERSON_ACTION_ATTACHMENT_TARGET_CITY'),
('SLTH_GREAT_ARTIST_9', 'MODIFIER_SLTH_GREAT_PERSON_ADD_CULTURE_CASTE_SYSTEM', 'GREAT_PERSON_ACTION_ATTACHMENT_TARGET_CITY'),
('SLTH_GREAT_ARTIST_10', 'MODIFIER_SLTH_GREAT_PERSON_ADD_CULTURE_CASTE_SYSTEM', 'GREAT_PERSON_ACTION_ATTACHMENT_TARGET_CITY'),
('SLTH_GREAT_ARTIST_11', 'MODIFIER_SLTH_GREAT_PERSON_ADD_CULTURE_CASTE_SYSTEM', 'GREAT_PERSON_ACTION_ATTACHMENT_TARGET_CITY'),
('SLTH_GREAT_ARTIST_12', 'MODIFIER_SLTH_GREAT_PERSON_ADD_CULTURE_CASTE_SYSTEM', 'GREAT_PERSON_ACTION_ATTACHMENT_TARGET_CITY'),
('SLTH_GREAT_ARTIST_13', 'MODIFIER_SLTH_GREAT_PERSON_ADD_CULTURE_CASTE_SYSTEM', 'GREAT_PERSON_ACTION_ATTACHMENT_TARGET_CITY'),
('SLTH_GREAT_ARTIST_14', 'MODIFIER_SLTH_GREAT_PERSON_ADD_CULTURE_CASTE_SYSTEM', 'GREAT_PERSON_ACTION_ATTACHMENT_TARGET_CITY'),
('SLTH_GREAT_ARTIST_15', 'MODIFIER_SLTH_GREAT_PERSON_ADD_CULTURE_CASTE_SYSTEM', 'GREAT_PERSON_ACTION_ATTACHMENT_TARGET_CITY'),
('SLTH_GREAT_ARTIST_16', 'MODIFIER_SLTH_GREAT_PERSON_ADD_CULTURE_CASTE_SYSTEM', 'GREAT_PERSON_ACTION_ATTACHMENT_TARGET_CITY'),
('SLTH_GREAT_ARTIST_17', 'MODIFIER_SLTH_GREAT_PERSON_ADD_CULTURE_CASTE_SYSTEM', 'GREAT_PERSON_ACTION_ATTACHMENT_TARGET_CITY'),
('SLTH_GREAT_ARTIST_18', 'MODIFIER_SLTH_GREAT_PERSON_ADD_CULTURE_CASTE_SYSTEM', 'GREAT_PERSON_ACTION_ATTACHMENT_TARGET_CITY'),
('SLTH_GREAT_ARTIST_19', 'MODIFIER_SLTH_GREAT_PERSON_ADD_CULTURE_CASTE_SYSTEM', 'GREAT_PERSON_ACTION_ATTACHMENT_TARGET_CITY'),
('SLTH_GREAT_ARTIST_20', 'MODIFIER_SLTH_GREAT_PERSON_ADD_CULTURE_CASTE_SYSTEM', 'GREAT_PERSON_ACTION_ATTACHMENT_TARGET_CITY'),
('SLTH_GREAT_ARTIST_1', 'MODIFIER_SLTH_GREAT_PERSON_ADD_SCIENCE_SCHOLARSHIP', 'GREAT_PERSON_ACTION_ATTACHMENT_TARGET_CITY'),
('SLTH_GREAT_ARTIST_2', 'MODIFIER_SLTH_GREAT_PERSON_ADD_SCIENCE_SCHOLARSHIP', 'GREAT_PERSON_ACTION_ATTACHMENT_TARGET_CITY'),
('SLTH_GREAT_ARTIST_3', 'MODIFIER_SLTH_GREAT_PERSON_ADD_SCIENCE_SCHOLARSHIP', 'GREAT_PERSON_ACTION_ATTACHMENT_TARGET_CITY'),
('SLTH_GREAT_ARTIST_4', 'MODIFIER_SLTH_GREAT_PERSON_ADD_SCIENCE_SCHOLARSHIP', 'GREAT_PERSON_ACTION_ATTACHMENT_TARGET_CITY'),
('SLTH_GREAT_ARTIST_5', 'MODIFIER_SLTH_GREAT_PERSON_ADD_SCIENCE_SCHOLARSHIP', 'GREAT_PERSON_ACTION_ATTACHMENT_TARGET_CITY'),
('SLTH_GREAT_ARTIST_6', 'MODIFIER_SLTH_GREAT_PERSON_ADD_SCIENCE_SCHOLARSHIP', 'GREAT_PERSON_ACTION_ATTACHMENT_TARGET_CITY'),
('SLTH_GREAT_ARTIST_7', 'MODIFIER_SLTH_GREAT_PERSON_ADD_SCIENCE_SCHOLARSHIP', 'GREAT_PERSON_ACTION_ATTACHMENT_TARGET_CITY'),
('SLTH_GREAT_ARTIST_8', 'MODIFIER_SLTH_GREAT_PERSON_ADD_SCIENCE_SCHOLARSHIP', 'GREAT_PERSON_ACTION_ATTACHMENT_TARGET_CITY'),
('SLTH_GREAT_ARTIST_9', 'MODIFIER_SLTH_GREAT_PERSON_ADD_SCIENCE_SCHOLARSHIP', 'GREAT_PERSON_ACTION_ATTACHMENT_TARGET_CITY'),
('SLTH_GREAT_ARTIST_10', 'MODIFIER_SLTH_GREAT_PERSON_ADD_SCIENCE_SCHOLARSHIP', 'GREAT_PERSON_ACTION_ATTACHMENT_TARGET_CITY'),
('SLTH_GREAT_ARTIST_11', 'MODIFIER_SLTH_GREAT_PERSON_ADD_SCIENCE_SCHOLARSHIP', 'GREAT_PERSON_ACTION_ATTACHMENT_TARGET_CITY'),
('SLTH_GREAT_ARTIST_12', 'MODIFIER_SLTH_GREAT_PERSON_ADD_SCIENCE_SCHOLARSHIP', 'GREAT_PERSON_ACTION_ATTACHMENT_TARGET_CITY'),
('SLTH_GREAT_ARTIST_13', 'MODIFIER_SLTH_GREAT_PERSON_ADD_SCIENCE_SCHOLARSHIP', 'GREAT_PERSON_ACTION_ATTACHMENT_TARGET_CITY'),
('SLTH_GREAT_ARTIST_14', 'MODIFIER_SLTH_GREAT_PERSON_ADD_SCIENCE_SCHOLARSHIP', 'GREAT_PERSON_ACTION_ATTACHMENT_TARGET_CITY'),
('SLTH_GREAT_ARTIST_15', 'MODIFIER_SLTH_GREAT_PERSON_ADD_SCIENCE_SCHOLARSHIP', 'GREAT_PERSON_ACTION_ATTACHMENT_TARGET_CITY'),
('SLTH_GREAT_ARTIST_16', 'MODIFIER_SLTH_GREAT_PERSON_ADD_SCIENCE_SCHOLARSHIP', 'GREAT_PERSON_ACTION_ATTACHMENT_TARGET_CITY'),
('SLTH_GREAT_ARTIST_17', 'MODIFIER_SLTH_GREAT_PERSON_ADD_SCIENCE_SCHOLARSHIP', 'GREAT_PERSON_ACTION_ATTACHMENT_TARGET_CITY'),
('SLTH_GREAT_ARTIST_18', 'MODIFIER_SLTH_GREAT_PERSON_ADD_SCIENCE_SCHOLARSHIP', 'GREAT_PERSON_ACTION_ATTACHMENT_TARGET_CITY'),
('SLTH_GREAT_ARTIST_19', 'MODIFIER_SLTH_GREAT_PERSON_ADD_SCIENCE_SCHOLARSHIP', 'GREAT_PERSON_ACTION_ATTACHMENT_TARGET_CITY'),
('SLTH_GREAT_ARTIST_20', 'MODIFIER_SLTH_GREAT_PERSON_ADD_SCIENCE_SCHOLARSHIP', 'GREAT_PERSON_ACTION_ATTACHMENT_TARGET_CITY'),
('SLTH_GREAT_ENGINEER_1', 'MODIFIER_SLTH_GREAT_PERSON_ADD_CULTURE_HALL_OF_KINGS', 'GREAT_PERSON_ACTION_ATTACHMENT_TARGET_CITY'),
('SLTH_GREAT_ENGINEER_2', 'MODIFIER_SLTH_GREAT_PERSON_ADD_CULTURE_HALL_OF_KINGS', 'GREAT_PERSON_ACTION_ATTACHMENT_TARGET_CITY'),
('SLTH_GREAT_ENGINEER_3', 'MODIFIER_SLTH_GREAT_PERSON_ADD_CULTURE_HALL_OF_KINGS', 'GREAT_PERSON_ACTION_ATTACHMENT_TARGET_CITY'),
('SLTH_GREAT_ENGINEER_4', 'MODIFIER_SLTH_GREAT_PERSON_ADD_CULTURE_HALL_OF_KINGS', 'GREAT_PERSON_ACTION_ATTACHMENT_TARGET_CITY'),
('SLTH_GREAT_ENGINEER_5', 'MODIFIER_SLTH_GREAT_PERSON_ADD_CULTURE_HALL_OF_KINGS', 'GREAT_PERSON_ACTION_ATTACHMENT_TARGET_CITY'),
('SLTH_GREAT_ENGINEER_6', 'MODIFIER_SLTH_GREAT_PERSON_ADD_CULTURE_HALL_OF_KINGS', 'GREAT_PERSON_ACTION_ATTACHMENT_TARGET_CITY'),
('SLTH_GREAT_ENGINEER_7', 'MODIFIER_SLTH_GREAT_PERSON_ADD_CULTURE_HALL_OF_KINGS', 'GREAT_PERSON_ACTION_ATTACHMENT_TARGET_CITY'),
('SLTH_GREAT_ENGINEER_8', 'MODIFIER_SLTH_GREAT_PERSON_ADD_CULTURE_HALL_OF_KINGS', 'GREAT_PERSON_ACTION_ATTACHMENT_TARGET_CITY'),
('SLTH_GREAT_ENGINEER_9', 'MODIFIER_SLTH_GREAT_PERSON_ADD_CULTURE_HALL_OF_KINGS', 'GREAT_PERSON_ACTION_ATTACHMENT_TARGET_CITY'),
('SLTH_GREAT_ENGINEER_10', 'MODIFIER_SLTH_GREAT_PERSON_ADD_CULTURE_HALL_OF_KINGS', 'GREAT_PERSON_ACTION_ATTACHMENT_TARGET_CITY'),
('SLTH_GREAT_ENGINEER_11', 'MODIFIER_SLTH_GREAT_PERSON_ADD_CULTURE_HALL_OF_KINGS', 'GREAT_PERSON_ACTION_ATTACHMENT_TARGET_CITY'),
('SLTH_GREAT_ENGINEER_12', 'MODIFIER_SLTH_GREAT_PERSON_ADD_CULTURE_HALL_OF_KINGS', 'GREAT_PERSON_ACTION_ATTACHMENT_TARGET_CITY'),
('SLTH_GREAT_ENGINEER_13', 'MODIFIER_SLTH_GREAT_PERSON_ADD_CULTURE_HALL_OF_KINGS', 'GREAT_PERSON_ACTION_ATTACHMENT_TARGET_CITY'),
('SLTH_GREAT_ENGINEER_14', 'MODIFIER_SLTH_GREAT_PERSON_ADD_CULTURE_HALL_OF_KINGS', 'GREAT_PERSON_ACTION_ATTACHMENT_TARGET_CITY'),
('SLTH_GREAT_ENGINEER_15', 'MODIFIER_SLTH_GREAT_PERSON_ADD_CULTURE_HALL_OF_KINGS', 'GREAT_PERSON_ACTION_ATTACHMENT_TARGET_CITY'),
('SLTH_GREAT_ENGINEER_16', 'MODIFIER_SLTH_GREAT_PERSON_ADD_CULTURE_HALL_OF_KINGS', 'GREAT_PERSON_ACTION_ATTACHMENT_TARGET_CITY'),
('SLTH_GREAT_ENGINEER_17', 'MODIFIER_SLTH_GREAT_PERSON_ADD_CULTURE_HALL_OF_KINGS', 'GREAT_PERSON_ACTION_ATTACHMENT_TARGET_CITY'),
('SLTH_GREAT_ENGINEER_18', 'MODIFIER_SLTH_GREAT_PERSON_ADD_CULTURE_HALL_OF_KINGS', 'GREAT_PERSON_ACTION_ATTACHMENT_TARGET_CITY'),
('SLTH_GREAT_ENGINEER_19', 'MODIFIER_SLTH_GREAT_PERSON_ADD_CULTURE_HALL_OF_KINGS', 'GREAT_PERSON_ACTION_ATTACHMENT_TARGET_CITY'),
('SLTH_GREAT_ENGINEER_20', 'MODIFIER_SLTH_GREAT_PERSON_ADD_CULTURE_HALL_OF_KINGS', 'GREAT_PERSON_ACTION_ATTACHMENT_TARGET_CITY'),
('SLTH_GREAT_MERCHANT_1', 'MODIFIER_SLTH_GREAT_PERSON_ADD_SCIENCE_SCHOLARSHIP', 'GREAT_PERSON_ACTION_ATTACHMENT_TARGET_CITY'),
('SLTH_GREAT_MERCHANT_2', 'MODIFIER_SLTH_GREAT_PERSON_ADD_SCIENCE_SCHOLARSHIP', 'GREAT_PERSON_ACTION_ATTACHMENT_TARGET_CITY'),
('SLTH_GREAT_MERCHANT_3', 'MODIFIER_SLTH_GREAT_PERSON_ADD_SCIENCE_SCHOLARSHIP', 'GREAT_PERSON_ACTION_ATTACHMENT_TARGET_CITY'),
('SLTH_GREAT_MERCHANT_4', 'MODIFIER_SLTH_GREAT_PERSON_ADD_SCIENCE_SCHOLARSHIP', 'GREAT_PERSON_ACTION_ATTACHMENT_TARGET_CITY'),
('SLTH_GREAT_MERCHANT_5', 'MODIFIER_SLTH_GREAT_PERSON_ADD_SCIENCE_SCHOLARSHIP', 'GREAT_PERSON_ACTION_ATTACHMENT_TARGET_CITY'),
('SLTH_GREAT_MERCHANT_6', 'MODIFIER_SLTH_GREAT_PERSON_ADD_SCIENCE_SCHOLARSHIP', 'GREAT_PERSON_ACTION_ATTACHMENT_TARGET_CITY'),
('SLTH_GREAT_MERCHANT_7', 'MODIFIER_SLTH_GREAT_PERSON_ADD_SCIENCE_SCHOLARSHIP', 'GREAT_PERSON_ACTION_ATTACHMENT_TARGET_CITY'),
('SLTH_GREAT_MERCHANT_8', 'MODIFIER_SLTH_GREAT_PERSON_ADD_SCIENCE_SCHOLARSHIP', 'GREAT_PERSON_ACTION_ATTACHMENT_TARGET_CITY'),
('SLTH_GREAT_MERCHANT_9', 'MODIFIER_SLTH_GREAT_PERSON_ADD_SCIENCE_SCHOLARSHIP', 'GREAT_PERSON_ACTION_ATTACHMENT_TARGET_CITY'),
('SLTH_GREAT_MERCHANT_10', 'MODIFIER_SLTH_GREAT_PERSON_ADD_SCIENCE_SCHOLARSHIP', 'GREAT_PERSON_ACTION_ATTACHMENT_TARGET_CITY'),
('SLTH_GREAT_MERCHANT_11', 'MODIFIER_SLTH_GREAT_PERSON_ADD_SCIENCE_SCHOLARSHIP', 'GREAT_PERSON_ACTION_ATTACHMENT_TARGET_CITY'),
('SLTH_GREAT_MERCHANT_12', 'MODIFIER_SLTH_GREAT_PERSON_ADD_SCIENCE_SCHOLARSHIP', 'GREAT_PERSON_ACTION_ATTACHMENT_TARGET_CITY'),
('SLTH_GREAT_MERCHANT_13', 'MODIFIER_SLTH_GREAT_PERSON_ADD_SCIENCE_SCHOLARSHIP', 'GREAT_PERSON_ACTION_ATTACHMENT_TARGET_CITY'),
('SLTH_GREAT_MERCHANT_14', 'MODIFIER_SLTH_GREAT_PERSON_ADD_SCIENCE_SCHOLARSHIP', 'GREAT_PERSON_ACTION_ATTACHMENT_TARGET_CITY'),
('SLTH_GREAT_MERCHANT_15', 'MODIFIER_SLTH_GREAT_PERSON_ADD_SCIENCE_SCHOLARSHIP', 'GREAT_PERSON_ACTION_ATTACHMENT_TARGET_CITY'),
('SLTH_GREAT_MERCHANT_16', 'MODIFIER_SLTH_GREAT_PERSON_ADD_SCIENCE_SCHOLARSHIP', 'GREAT_PERSON_ACTION_ATTACHMENT_TARGET_CITY'),
('SLTH_GREAT_MERCHANT_17', 'MODIFIER_SLTH_GREAT_PERSON_ADD_SCIENCE_SCHOLARSHIP', 'GREAT_PERSON_ACTION_ATTACHMENT_TARGET_CITY'),
('SLTH_GREAT_MERCHANT_18', 'MODIFIER_SLTH_GREAT_PERSON_ADD_SCIENCE_SCHOLARSHIP', 'GREAT_PERSON_ACTION_ATTACHMENT_TARGET_CITY'),
('SLTH_GREAT_MERCHANT_19', 'MODIFIER_SLTH_GREAT_PERSON_ADD_SCIENCE_SCHOLARSHIP', 'GREAT_PERSON_ACTION_ATTACHMENT_TARGET_CITY'),
('SLTH_GREAT_MERCHANT_20', 'MODIFIER_SLTH_GREAT_PERSON_ADD_SCIENCE_SCHOLARSHIP', 'GREAT_PERSON_ACTION_ATTACHMENT_TARGET_CITY'),
('SLTH_GREAT_PROPHET_1', 'MODIFIER_SLTH_GREAT_PERSON_ADD_CULTURE_HALL_OF_KINGS', 'GREAT_PERSON_ACTION_ATTACHMENT_TARGET_CITY'),
('SLTH_GREAT_PROPHET_2', 'MODIFIER_SLTH_GREAT_PERSON_ADD_CULTURE_HALL_OF_KINGS', 'GREAT_PERSON_ACTION_ATTACHMENT_TARGET_CITY'),
('SLTH_GREAT_PROPHET_3', 'MODIFIER_SLTH_GREAT_PERSON_ADD_CULTURE_HALL_OF_KINGS', 'GREAT_PERSON_ACTION_ATTACHMENT_TARGET_CITY'),
('SLTH_GREAT_PROPHET_4', 'MODIFIER_SLTH_GREAT_PERSON_ADD_CULTURE_HALL_OF_KINGS', 'GREAT_PERSON_ACTION_ATTACHMENT_TARGET_CITY'),
('SLTH_GREAT_PROPHET_5', 'MODIFIER_SLTH_GREAT_PERSON_ADD_CULTURE_HALL_OF_KINGS', 'GREAT_PERSON_ACTION_ATTACHMENT_TARGET_CITY'),
('SLTH_GREAT_PROPHET_6', 'MODIFIER_SLTH_GREAT_PERSON_ADD_CULTURE_HALL_OF_KINGS', 'GREAT_PERSON_ACTION_ATTACHMENT_TARGET_CITY'),
('SLTH_GREAT_PROPHET_7', 'MODIFIER_SLTH_GREAT_PERSON_ADD_CULTURE_HALL_OF_KINGS', 'GREAT_PERSON_ACTION_ATTACHMENT_TARGET_CITY'),
('SLTH_GREAT_PROPHET_8', 'MODIFIER_SLTH_GREAT_PERSON_ADD_CULTURE_HALL_OF_KINGS', 'GREAT_PERSON_ACTION_ATTACHMENT_TARGET_CITY'),
('SLTH_GREAT_PROPHET_9', 'MODIFIER_SLTH_GREAT_PERSON_ADD_CULTURE_HALL_OF_KINGS', 'GREAT_PERSON_ACTION_ATTACHMENT_TARGET_CITY'),
('SLTH_GREAT_PROPHET_10', 'MODIFIER_SLTH_GREAT_PERSON_ADD_CULTURE_HALL_OF_KINGS', 'GREAT_PERSON_ACTION_ATTACHMENT_TARGET_CITY'),
('SLTH_GREAT_PROPHET_11', 'MODIFIER_SLTH_GREAT_PERSON_ADD_CULTURE_HALL_OF_KINGS', 'GREAT_PERSON_ACTION_ATTACHMENT_TARGET_CITY'),
('SLTH_GREAT_PROPHET_12', 'MODIFIER_SLTH_GREAT_PERSON_ADD_CULTURE_HALL_OF_KINGS', 'GREAT_PERSON_ACTION_ATTACHMENT_TARGET_CITY'),
('SLTH_GREAT_PROPHET_13', 'MODIFIER_SLTH_GREAT_PERSON_ADD_CULTURE_HALL_OF_KINGS', 'GREAT_PERSON_ACTION_ATTACHMENT_TARGET_CITY'),
('SLTH_GREAT_PROPHET_14', 'MODIFIER_SLTH_GREAT_PERSON_ADD_CULTURE_HALL_OF_KINGS', 'GREAT_PERSON_ACTION_ATTACHMENT_TARGET_CITY'),
('SLTH_GREAT_PROPHET_15', 'MODIFIER_SLTH_GREAT_PERSON_ADD_CULTURE_HALL_OF_KINGS', 'GREAT_PERSON_ACTION_ATTACHMENT_TARGET_CITY'),
('SLTH_GREAT_PROPHET_16', 'MODIFIER_SLTH_GREAT_PERSON_ADD_CULTURE_HALL_OF_KINGS', 'GREAT_PERSON_ACTION_ATTACHMENT_TARGET_CITY'),
('SLTH_GREAT_PROPHET_17', 'MODIFIER_SLTH_GREAT_PERSON_ADD_CULTURE_HALL_OF_KINGS', 'GREAT_PERSON_ACTION_ATTACHMENT_TARGET_CITY'),
('SLTH_GREAT_PROPHET_18', 'MODIFIER_SLTH_GREAT_PERSON_ADD_CULTURE_HALL_OF_KINGS', 'GREAT_PERSON_ACTION_ATTACHMENT_TARGET_CITY'),
('SLTH_GREAT_PROPHET_19', 'MODIFIER_SLTH_GREAT_PERSON_ADD_CULTURE_HALL_OF_KINGS', 'GREAT_PERSON_ACTION_ATTACHMENT_TARGET_CITY'),
('SLTH_GREAT_PROPHET_20', 'MODIFIER_SLTH_GREAT_PERSON_ADD_CULTURE_HALL_OF_KINGS', 'GREAT_PERSON_ACTION_ATTACHMENT_TARGET_CITY'),
('SLTH_GREAT_PROPHET_1', 'MODIFIER_SLTH_GREAT_PERSON_ADD_SCIENCE_CASTE_SYSTEM', 'GREAT_PERSON_ACTION_ATTACHMENT_TARGET_CITY'),
('SLTH_GREAT_PROPHET_2', 'MODIFIER_SLTH_GREAT_PERSON_ADD_SCIENCE_CASTE_SYSTEM', 'GREAT_PERSON_ACTION_ATTACHMENT_TARGET_CITY'),
('SLTH_GREAT_PROPHET_3', 'MODIFIER_SLTH_GREAT_PERSON_ADD_SCIENCE_CASTE_SYSTEM', 'GREAT_PERSON_ACTION_ATTACHMENT_TARGET_CITY'),
('SLTH_GREAT_PROPHET_4', 'MODIFIER_SLTH_GREAT_PERSON_ADD_SCIENCE_CASTE_SYSTEM', 'GREAT_PERSON_ACTION_ATTACHMENT_TARGET_CITY'),
('SLTH_GREAT_PROPHET_5', 'MODIFIER_SLTH_GREAT_PERSON_ADD_SCIENCE_CASTE_SYSTEM', 'GREAT_PERSON_ACTION_ATTACHMENT_TARGET_CITY'),
('SLTH_GREAT_PROPHET_6', 'MODIFIER_SLTH_GREAT_PERSON_ADD_SCIENCE_CASTE_SYSTEM', 'GREAT_PERSON_ACTION_ATTACHMENT_TARGET_CITY'),
('SLTH_GREAT_PROPHET_7', 'MODIFIER_SLTH_GREAT_PERSON_ADD_SCIENCE_CASTE_SYSTEM', 'GREAT_PERSON_ACTION_ATTACHMENT_TARGET_CITY'),
('SLTH_GREAT_PROPHET_8', 'MODIFIER_SLTH_GREAT_PERSON_ADD_SCIENCE_CASTE_SYSTEM', 'GREAT_PERSON_ACTION_ATTACHMENT_TARGET_CITY'),
('SLTH_GREAT_PROPHET_9', 'MODIFIER_SLTH_GREAT_PERSON_ADD_SCIENCE_CASTE_SYSTEM', 'GREAT_PERSON_ACTION_ATTACHMENT_TARGET_CITY'),
('SLTH_GREAT_PROPHET_10', 'MODIFIER_SLTH_GREAT_PERSON_ADD_SCIENCE_CASTE_SYSTEM', 'GREAT_PERSON_ACTION_ATTACHMENT_TARGET_CITY'),
('SLTH_GREAT_PROPHET_11', 'MODIFIER_SLTH_GREAT_PERSON_ADD_SCIENCE_CASTE_SYSTEM', 'GREAT_PERSON_ACTION_ATTACHMENT_TARGET_CITY'),
('SLTH_GREAT_PROPHET_12', 'MODIFIER_SLTH_GREAT_PERSON_ADD_SCIENCE_CASTE_SYSTEM', 'GREAT_PERSON_ACTION_ATTACHMENT_TARGET_CITY'),
('SLTH_GREAT_PROPHET_13', 'MODIFIER_SLTH_GREAT_PERSON_ADD_SCIENCE_CASTE_SYSTEM', 'GREAT_PERSON_ACTION_ATTACHMENT_TARGET_CITY'),
('SLTH_GREAT_PROPHET_14', 'MODIFIER_SLTH_GREAT_PERSON_ADD_SCIENCE_CASTE_SYSTEM', 'GREAT_PERSON_ACTION_ATTACHMENT_TARGET_CITY'),
('SLTH_GREAT_PROPHET_15', 'MODIFIER_SLTH_GREAT_PERSON_ADD_SCIENCE_CASTE_SYSTEM', 'GREAT_PERSON_ACTION_ATTACHMENT_TARGET_CITY'),
('SLTH_GREAT_PROPHET_16', 'MODIFIER_SLTH_GREAT_PERSON_ADD_SCIENCE_CASTE_SYSTEM', 'GREAT_PERSON_ACTION_ATTACHMENT_TARGET_CITY'),
('SLTH_GREAT_PROPHET_17', 'MODIFIER_SLTH_GREAT_PERSON_ADD_SCIENCE_CASTE_SYSTEM', 'GREAT_PERSON_ACTION_ATTACHMENT_TARGET_CITY'),
('SLTH_GREAT_PROPHET_18', 'MODIFIER_SLTH_GREAT_PERSON_ADD_SCIENCE_CASTE_SYSTEM', 'GREAT_PERSON_ACTION_ATTACHMENT_TARGET_CITY'),
('SLTH_GREAT_PROPHET_19', 'MODIFIER_SLTH_GREAT_PERSON_ADD_SCIENCE_CASTE_SYSTEM', 'GREAT_PERSON_ACTION_ATTACHMENT_TARGET_CITY'),
('SLTH_GREAT_PROPHET_20', 'MODIFIER_SLTH_GREAT_PERSON_ADD_SCIENCE_CASTE_SYSTEM', 'GREAT_PERSON_ACTION_ATTACHMENT_TARGET_CITY'),
('SLTH_GREAT_PROPHET_1', 'MODIFIER_SLTH_GREAT_PERSON_ADD_CULTURE_CASTE_SYSTEM', 'GREAT_PERSON_ACTION_ATTACHMENT_TARGET_CITY'),
('SLTH_GREAT_PROPHET_2', 'MODIFIER_SLTH_GREAT_PERSON_ADD_CULTURE_CASTE_SYSTEM', 'GREAT_PERSON_ACTION_ATTACHMENT_TARGET_CITY'),
('SLTH_GREAT_PROPHET_3', 'MODIFIER_SLTH_GREAT_PERSON_ADD_CULTURE_CASTE_SYSTEM', 'GREAT_PERSON_ACTION_ATTACHMENT_TARGET_CITY'),
('SLTH_GREAT_PROPHET_4', 'MODIFIER_SLTH_GREAT_PERSON_ADD_CULTURE_CASTE_SYSTEM', 'GREAT_PERSON_ACTION_ATTACHMENT_TARGET_CITY'),
('SLTH_GREAT_PROPHET_5', 'MODIFIER_SLTH_GREAT_PERSON_ADD_CULTURE_CASTE_SYSTEM', 'GREAT_PERSON_ACTION_ATTACHMENT_TARGET_CITY'),
('SLTH_GREAT_PROPHET_6', 'MODIFIER_SLTH_GREAT_PERSON_ADD_CULTURE_CASTE_SYSTEM', 'GREAT_PERSON_ACTION_ATTACHMENT_TARGET_CITY'),
('SLTH_GREAT_PROPHET_7', 'MODIFIER_SLTH_GREAT_PERSON_ADD_CULTURE_CASTE_SYSTEM', 'GREAT_PERSON_ACTION_ATTACHMENT_TARGET_CITY'),
('SLTH_GREAT_PROPHET_8', 'MODIFIER_SLTH_GREAT_PERSON_ADD_CULTURE_CASTE_SYSTEM', 'GREAT_PERSON_ACTION_ATTACHMENT_TARGET_CITY'),
('SLTH_GREAT_PROPHET_9', 'MODIFIER_SLTH_GREAT_PERSON_ADD_CULTURE_CASTE_SYSTEM', 'GREAT_PERSON_ACTION_ATTACHMENT_TARGET_CITY'),
('SLTH_GREAT_PROPHET_10', 'MODIFIER_SLTH_GREAT_PERSON_ADD_CULTURE_CASTE_SYSTEM', 'GREAT_PERSON_ACTION_ATTACHMENT_TARGET_CITY'),
('SLTH_GREAT_PROPHET_11', 'MODIFIER_SLTH_GREAT_PERSON_ADD_CULTURE_CASTE_SYSTEM', 'GREAT_PERSON_ACTION_ATTACHMENT_TARGET_CITY'),
('SLTH_GREAT_PROPHET_12', 'MODIFIER_SLTH_GREAT_PERSON_ADD_CULTURE_CASTE_SYSTEM', 'GREAT_PERSON_ACTION_ATTACHMENT_TARGET_CITY'),
('SLTH_GREAT_PROPHET_13', 'MODIFIER_SLTH_GREAT_PERSON_ADD_CULTURE_CASTE_SYSTEM', 'GREAT_PERSON_ACTION_ATTACHMENT_TARGET_CITY'),
('SLTH_GREAT_PROPHET_14', 'MODIFIER_SLTH_GREAT_PERSON_ADD_CULTURE_CASTE_SYSTEM', 'GREAT_PERSON_ACTION_ATTACHMENT_TARGET_CITY'),
('SLTH_GREAT_PROPHET_15', 'MODIFIER_SLTH_GREAT_PERSON_ADD_CULTURE_CASTE_SYSTEM', 'GREAT_PERSON_ACTION_ATTACHMENT_TARGET_CITY'),
('SLTH_GREAT_PROPHET_16', 'MODIFIER_SLTH_GREAT_PERSON_ADD_CULTURE_CASTE_SYSTEM', 'GREAT_PERSON_ACTION_ATTACHMENT_TARGET_CITY'),
('SLTH_GREAT_PROPHET_17', 'MODIFIER_SLTH_GREAT_PERSON_ADD_CULTURE_CASTE_SYSTEM', 'GREAT_PERSON_ACTION_ATTACHMENT_TARGET_CITY'),
('SLTH_GREAT_PROPHET_18', 'MODIFIER_SLTH_GREAT_PERSON_ADD_CULTURE_CASTE_SYSTEM', 'GREAT_PERSON_ACTION_ATTACHMENT_TARGET_CITY'),
('SLTH_GREAT_PROPHET_19', 'MODIFIER_SLTH_GREAT_PERSON_ADD_CULTURE_CASTE_SYSTEM', 'GREAT_PERSON_ACTION_ATTACHMENT_TARGET_CITY'),
('SLTH_GREAT_PROPHET_20', 'MODIFIER_SLTH_GREAT_PERSON_ADD_CULTURE_CASTE_SYSTEM', 'GREAT_PERSON_ACTION_ATTACHMENT_TARGET_CITY'),
('SLTH_GREAT_PROPHET_1', 'MODIFIER_SLTH_GREAT_PERSON_ADD_SCIENCE_SCHOLARSHIP', 'GREAT_PERSON_ACTION_ATTACHMENT_TARGET_CITY'),
('SLTH_GREAT_PROPHET_2', 'MODIFIER_SLTH_GREAT_PERSON_ADD_SCIENCE_SCHOLARSHIP', 'GREAT_PERSON_ACTION_ATTACHMENT_TARGET_CITY'),
('SLTH_GREAT_PROPHET_3', 'MODIFIER_SLTH_GREAT_PERSON_ADD_SCIENCE_SCHOLARSHIP', 'GREAT_PERSON_ACTION_ATTACHMENT_TARGET_CITY'),
('SLTH_GREAT_PROPHET_4', 'MODIFIER_SLTH_GREAT_PERSON_ADD_SCIENCE_SCHOLARSHIP', 'GREAT_PERSON_ACTION_ATTACHMENT_TARGET_CITY'),
('SLTH_GREAT_PROPHET_5', 'MODIFIER_SLTH_GREAT_PERSON_ADD_SCIENCE_SCHOLARSHIP', 'GREAT_PERSON_ACTION_ATTACHMENT_TARGET_CITY'),
('SLTH_GREAT_PROPHET_6', 'MODIFIER_SLTH_GREAT_PERSON_ADD_SCIENCE_SCHOLARSHIP', 'GREAT_PERSON_ACTION_ATTACHMENT_TARGET_CITY'),
('SLTH_GREAT_PROPHET_7', 'MODIFIER_SLTH_GREAT_PERSON_ADD_SCIENCE_SCHOLARSHIP', 'GREAT_PERSON_ACTION_ATTACHMENT_TARGET_CITY'),
('SLTH_GREAT_PROPHET_8', 'MODIFIER_SLTH_GREAT_PERSON_ADD_SCIENCE_SCHOLARSHIP', 'GREAT_PERSON_ACTION_ATTACHMENT_TARGET_CITY'),
('SLTH_GREAT_PROPHET_9', 'MODIFIER_SLTH_GREAT_PERSON_ADD_SCIENCE_SCHOLARSHIP', 'GREAT_PERSON_ACTION_ATTACHMENT_TARGET_CITY'),
('SLTH_GREAT_PROPHET_10', 'MODIFIER_SLTH_GREAT_PERSON_ADD_SCIENCE_SCHOLARSHIP', 'GREAT_PERSON_ACTION_ATTACHMENT_TARGET_CITY'),
('SLTH_GREAT_PROPHET_11', 'MODIFIER_SLTH_GREAT_PERSON_ADD_SCIENCE_SCHOLARSHIP', 'GREAT_PERSON_ACTION_ATTACHMENT_TARGET_CITY'),
('SLTH_GREAT_PROPHET_12', 'MODIFIER_SLTH_GREAT_PERSON_ADD_SCIENCE_SCHOLARSHIP', 'GREAT_PERSON_ACTION_ATTACHMENT_TARGET_CITY'),
('SLTH_GREAT_PROPHET_13', 'MODIFIER_SLTH_GREAT_PERSON_ADD_SCIENCE_SCHOLARSHIP', 'GREAT_PERSON_ACTION_ATTACHMENT_TARGET_CITY'),
('SLTH_GREAT_PROPHET_14', 'MODIFIER_SLTH_GREAT_PERSON_ADD_SCIENCE_SCHOLARSHIP', 'GREAT_PERSON_ACTION_ATTACHMENT_TARGET_CITY'),
('SLTH_GREAT_PROPHET_15', 'MODIFIER_SLTH_GREAT_PERSON_ADD_SCIENCE_SCHOLARSHIP', 'GREAT_PERSON_ACTION_ATTACHMENT_TARGET_CITY'),
('SLTH_GREAT_PROPHET_16', 'MODIFIER_SLTH_GREAT_PERSON_ADD_SCIENCE_SCHOLARSHIP', 'GREAT_PERSON_ACTION_ATTACHMENT_TARGET_CITY'),
('SLTH_GREAT_PROPHET_17', 'MODIFIER_SLTH_GREAT_PERSON_ADD_SCIENCE_SCHOLARSHIP', 'GREAT_PERSON_ACTION_ATTACHMENT_TARGET_CITY'),
('SLTH_GREAT_PROPHET_18', 'MODIFIER_SLTH_GREAT_PERSON_ADD_SCIENCE_SCHOLARSHIP', 'GREAT_PERSON_ACTION_ATTACHMENT_TARGET_CITY'),
('SLTH_GREAT_PROPHET_19', 'MODIFIER_SLTH_GREAT_PERSON_ADD_SCIENCE_SCHOLARSHIP', 'GREAT_PERSON_ACTION_ATTACHMENT_TARGET_CITY'),
('SLTH_GREAT_PROPHET_20', 'MODIFIER_SLTH_GREAT_PERSON_ADD_SCIENCE_SCHOLARSHIP', 'GREAT_PERSON_ACTION_ATTACHMENT_TARGET_CITY');

INSERT INTO Modifiers(ModifierId, ModifierType, SubjectRequirementSetId) VALUES
('SLTH_GREAT_GENERAL_STRENGTH_AOE', 'MODIFIER_PLAYER_UNITS_GRANT_ABILITY', 'SLTH_GREAT_GENERAL_AOE_REQS'),
('SLTH_GREAT_GENERAL_MOVEMENT_AOE', 'MODIFIER_PLAYER_UNITS_GRANT_ABILITY', 'SLTH_GREAT_GENERAL_AOE_REQS');

INSERT INTO ModifierArguments(ModifierId, Name, Type, Value) VALUES
('SLTH_GREAT_GENERAL_STRENGTH_AOE', 'AbilityType', 'ARGTYPE_IDENTITY', 'ABILITY_GREAT_GENERAL_STRENGTH'),
('SLTH_GREAT_GENERAL_MOVEMENT_AOE', 'AbilityType', 'ARGTYPE_IDENTITY', 'ABILITY_GREAT_GENERAL_MOVEMENT');

INSERT INTO RequirementSetRequirements(RequirementSetId, RequirementId) VALUES
('SLTH_GREAT_GENERAL_AOE_REQS', 'AOE_REQUIRES_OWNER_ADJACENCY');
INSERT INTO RequirementSets(RequirementSetId, RequirementSetType) VALUES
('SLTH_GREAT_GENERAL_AOE_REQS', 'REQUIREMENTSET_TEST_ANY');

INSERT INTO TypeTags(Type, Tag) VALUES
('ABILITY_GREAT_GENERAL_STRENGTH', 'CLASS_ANIMAL'),
('ABILITY_GREAT_GENERAL_STRENGTH', 'CLASS_BEAST'),
('ABILITY_GREAT_GENERAL_STRENGTH', 'CLASS_ADEPT'),
('ABILITY_GREAT_GENERAL_STRENGTH', 'CLASS_DISCIPLE'),
('ABILITY_GREAT_GENERAL_MOVEMENT', 'CLASS_ANIMAL'),
('ABILITY_GREAT_GENERAL_MOVEMENT', 'CLASS_BEAST'),
('ABILITY_GREAT_GENERAL_MOVEMENT', 'CLASS_ADEPT'),
('ABILITY_GREAT_GENERAL_MOVEMENT', 'CLASS_DISCIPLE'),
('ABILITY_GREAT_GENERAL_STRENGTH', 'CLASS_NAVAL_MELEE'),
('ABILITY_GREAT_GENERAL_MOVEMENT', 'CLASS_NAVAL_MELEE');

INSERT INTO ModifierStrings(ModifierId, Context, Text) VALUES
('SLTH_GREAT_GENERAL_STRENGTH_AOE', 'Summary', 'LOC_GREATPERSON_COMANDANTE_STRENGTH_AOE_LAND'),
('SLTH_GREAT_GENERAL_MOVEMENT_AOE', 'Summary', 'LOC_GREATPERSON_MOVEMENT_AOE_LAND');


INSERT INTO GreatPersonIndividualBirthModifiers(GreatPersonIndividualType, ModifierId) VALUES
('SLTH_GREAT_GENERAL_1', 'SLTH_GREAT_GENERAL_STRENGTH_AOE'),
('SLTH_GREAT_GENERAL_2', 'SLTH_GREAT_GENERAL_STRENGTH_AOE'),
('SLTH_GREAT_GENERAL_3', 'SLTH_GREAT_GENERAL_STRENGTH_AOE'),
('SLTH_GREAT_GENERAL_4', 'SLTH_GREAT_GENERAL_STRENGTH_AOE'),
('SLTH_GREAT_GENERAL_5', 'SLTH_GREAT_GENERAL_STRENGTH_AOE'),
('SLTH_GREAT_GENERAL_6', 'SLTH_GREAT_GENERAL_STRENGTH_AOE'),
('SLTH_GREAT_GENERAL_7', 'SLTH_GREAT_GENERAL_STRENGTH_AOE'),
('SLTH_GREAT_GENERAL_8', 'SLTH_GREAT_GENERAL_STRENGTH_AOE'),
('SLTH_GREAT_GENERAL_9', 'SLTH_GREAT_GENERAL_STRENGTH_AOE'),
('SLTH_GREAT_GENERAL_10', 'SLTH_GREAT_GENERAL_STRENGTH_AOE'),
('SLTH_GREAT_GENERAL_11', 'SLTH_GREAT_GENERAL_STRENGTH_AOE'),
('SLTH_GREAT_GENERAL_12', 'SLTH_GREAT_GENERAL_STRENGTH_AOE'),
('SLTH_GREAT_GENERAL_13', 'SLTH_GREAT_GENERAL_STRENGTH_AOE'),
('SLTH_GREAT_GENERAL_14', 'SLTH_GREAT_GENERAL_STRENGTH_AOE'),
('SLTH_GREAT_GENERAL_15', 'SLTH_GREAT_GENERAL_STRENGTH_AOE'),
('SLTH_GREAT_GENERAL_16', 'SLTH_GREAT_GENERAL_STRENGTH_AOE'),
('SLTH_GREAT_GENERAL_17', 'SLTH_GREAT_GENERAL_STRENGTH_AOE'),
('SLTH_GREAT_GENERAL_18', 'SLTH_GREAT_GENERAL_STRENGTH_AOE'),
('SLTH_GREAT_GENERAL_19', 'SLTH_GREAT_GENERAL_STRENGTH_AOE'),
('SLTH_GREAT_GENERAL_20', 'SLTH_GREAT_GENERAL_STRENGTH_AOE'),
('SLTH_GREAT_GENERAL_1', 'SLTH_GREAT_GENERAL_MOVEMENT_AOE'),
('SLTH_GREAT_GENERAL_2', 'SLTH_GREAT_GENERAL_MOVEMENT_AOE'),
('SLTH_GREAT_GENERAL_3', 'SLTH_GREAT_GENERAL_MOVEMENT_AOE'),
('SLTH_GREAT_GENERAL_4', 'SLTH_GREAT_GENERAL_MOVEMENT_AOE'),
('SLTH_GREAT_GENERAL_5', 'SLTH_GREAT_GENERAL_MOVEMENT_AOE'),
('SLTH_GREAT_GENERAL_6', 'SLTH_GREAT_GENERAL_MOVEMENT_AOE'),
('SLTH_GREAT_GENERAL_7', 'SLTH_GREAT_GENERAL_MOVEMENT_AOE'),
('SLTH_GREAT_GENERAL_8', 'SLTH_GREAT_GENERAL_MOVEMENT_AOE'),
('SLTH_GREAT_GENERAL_9', 'SLTH_GREAT_GENERAL_MOVEMENT_AOE'),
('SLTH_GREAT_GENERAL_10', 'SLTH_GREAT_GENERAL_MOVEMENT_AOE'),
('SLTH_GREAT_GENERAL_11', 'SLTH_GREAT_GENERAL_MOVEMENT_AOE'),
('SLTH_GREAT_GENERAL_12', 'SLTH_GREAT_GENERAL_MOVEMENT_AOE'),
('SLTH_GREAT_GENERAL_13', 'SLTH_GREAT_GENERAL_MOVEMENT_AOE'),
('SLTH_GREAT_GENERAL_14', 'SLTH_GREAT_GENERAL_MOVEMENT_AOE'),
('SLTH_GREAT_GENERAL_15', 'SLTH_GREAT_GENERAL_MOVEMENT_AOE'),
('SLTH_GREAT_GENERAL_16', 'SLTH_GREAT_GENERAL_MOVEMENT_AOE'),
('SLTH_GREAT_GENERAL_17', 'SLTH_GREAT_GENERAL_MOVEMENT_AOE'),
('SLTH_GREAT_GENERAL_18', 'SLTH_GREAT_GENERAL_MOVEMENT_AOE'),
('SLTH_GREAT_GENERAL_19', 'SLTH_GREAT_GENERAL_MOVEMENT_AOE'),
('SLTH_GREAT_GENERAL_20', 'SLTH_GREAT_GENERAL_MOVEMENT_AOE');

INSERT INTO Types(Type, Kind) VALUES
('SLTH_GREAT_SCIENTIST_1', 'KIND_GREAT_PERSON_INDIVIDUAL'),
('SLTH_GREAT_SCIENTIST_2', 'KIND_GREAT_PERSON_INDIVIDUAL'),
('SLTH_GREAT_SCIENTIST_3', 'KIND_GREAT_PERSON_INDIVIDUAL'),
('SLTH_GREAT_SCIENTIST_4', 'KIND_GREAT_PERSON_INDIVIDUAL'),
('SLTH_GREAT_SCIENTIST_5', 'KIND_GREAT_PERSON_INDIVIDUAL'),
('SLTH_GREAT_SCIENTIST_6', 'KIND_GREAT_PERSON_INDIVIDUAL'),
('SLTH_GREAT_SCIENTIST_7', 'KIND_GREAT_PERSON_INDIVIDUAL'),
('SLTH_GREAT_SCIENTIST_8', 'KIND_GREAT_PERSON_INDIVIDUAL'),
('SLTH_GREAT_SCIENTIST_9', 'KIND_GREAT_PERSON_INDIVIDUAL'),
('SLTH_GREAT_SCIENTIST_10', 'KIND_GREAT_PERSON_INDIVIDUAL'),
('SLTH_GREAT_SCIENTIST_11', 'KIND_GREAT_PERSON_INDIVIDUAL'),
('SLTH_GREAT_SCIENTIST_12', 'KIND_GREAT_PERSON_INDIVIDUAL'),
('SLTH_GREAT_SCIENTIST_13', 'KIND_GREAT_PERSON_INDIVIDUAL'),
('SLTH_GREAT_SCIENTIST_14', 'KIND_GREAT_PERSON_INDIVIDUAL'),
('SLTH_GREAT_SCIENTIST_15', 'KIND_GREAT_PERSON_INDIVIDUAL'),
('SLTH_GREAT_SCIENTIST_16', 'KIND_GREAT_PERSON_INDIVIDUAL'),
('SLTH_GREAT_SCIENTIST_17', 'KIND_GREAT_PERSON_INDIVIDUAL'),
('SLTH_GREAT_SCIENTIST_18', 'KIND_GREAT_PERSON_INDIVIDUAL'),
('SLTH_GREAT_SCIENTIST_19', 'KIND_GREAT_PERSON_INDIVIDUAL'),
('SLTH_GREAT_SCIENTIST_20', 'KIND_GREAT_PERSON_INDIVIDUAL'),
('SLTH_GREAT_ADVENTURER_1', 'KIND_GREAT_PERSON_INDIVIDUAL'),
('SLTH_GREAT_ADVENTURER_2', 'KIND_GREAT_PERSON_INDIVIDUAL'),
('SLTH_GREAT_ADVENTURER_3', 'KIND_GREAT_PERSON_INDIVIDUAL'),
('SLTH_GREAT_ADVENTURER_4', 'KIND_GREAT_PERSON_INDIVIDUAL'),
('SLTH_GREAT_ADVENTURER_5', 'KIND_GREAT_PERSON_INDIVIDUAL'),
('SLTH_GREAT_ADVENTURER_6', 'KIND_GREAT_PERSON_INDIVIDUAL'),
('SLTH_GREAT_ADVENTURER_7', 'KIND_GREAT_PERSON_INDIVIDUAL'),
('SLTH_GREAT_ADVENTURER_8', 'KIND_GREAT_PERSON_INDIVIDUAL'),
('SLTH_GREAT_ADVENTURER_9', 'KIND_GREAT_PERSON_INDIVIDUAL'),
('SLTH_GREAT_ADVENTURER_10', 'KIND_GREAT_PERSON_INDIVIDUAL'),
('SLTH_GREAT_ADVENTURER_11', 'KIND_GREAT_PERSON_INDIVIDUAL'),
('SLTH_GREAT_ADVENTURER_12', 'KIND_GREAT_PERSON_INDIVIDUAL'),
('SLTH_GREAT_ADVENTURER_13', 'KIND_GREAT_PERSON_INDIVIDUAL'),
('SLTH_GREAT_ADVENTURER_14', 'KIND_GREAT_PERSON_INDIVIDUAL'),
('SLTH_GREAT_ADVENTURER_15', 'KIND_GREAT_PERSON_INDIVIDUAL'),
('SLTH_GREAT_ADVENTURER_16', 'KIND_GREAT_PERSON_INDIVIDUAL'),
('SLTH_GREAT_ADVENTURER_17', 'KIND_GREAT_PERSON_INDIVIDUAL'),
('SLTH_GREAT_ADVENTURER_18', 'KIND_GREAT_PERSON_INDIVIDUAL'),
('SLTH_GREAT_ADVENTURER_19', 'KIND_GREAT_PERSON_INDIVIDUAL'),
('SLTH_GREAT_ADVENTURER_20', 'KIND_GREAT_PERSON_INDIVIDUAL'),
('SLTH_GREAT_ARTIST_1', 'KIND_GREAT_PERSON_INDIVIDUAL'),
('SLTH_GREAT_ARTIST_2', 'KIND_GREAT_PERSON_INDIVIDUAL'),
('SLTH_GREAT_ARTIST_3', 'KIND_GREAT_PERSON_INDIVIDUAL'),
('SLTH_GREAT_ARTIST_4', 'KIND_GREAT_PERSON_INDIVIDUAL'),
('SLTH_GREAT_ARTIST_5', 'KIND_GREAT_PERSON_INDIVIDUAL'),
('SLTH_GREAT_ARTIST_6', 'KIND_GREAT_PERSON_INDIVIDUAL'),
('SLTH_GREAT_ARTIST_7', 'KIND_GREAT_PERSON_INDIVIDUAL'),
('SLTH_GREAT_ARTIST_8', 'KIND_GREAT_PERSON_INDIVIDUAL'),
('SLTH_GREAT_ARTIST_9', 'KIND_GREAT_PERSON_INDIVIDUAL'),
('SLTH_GREAT_ARTIST_10', 'KIND_GREAT_PERSON_INDIVIDUAL'),
('SLTH_GREAT_ARTIST_11', 'KIND_GREAT_PERSON_INDIVIDUAL'),
('SLTH_GREAT_ARTIST_12', 'KIND_GREAT_PERSON_INDIVIDUAL'),
('SLTH_GREAT_ARTIST_13', 'KIND_GREAT_PERSON_INDIVIDUAL'),
('SLTH_GREAT_ARTIST_14', 'KIND_GREAT_PERSON_INDIVIDUAL'),
('SLTH_GREAT_ARTIST_15', 'KIND_GREAT_PERSON_INDIVIDUAL'),
('SLTH_GREAT_ARTIST_16', 'KIND_GREAT_PERSON_INDIVIDUAL'),
('SLTH_GREAT_ARTIST_17', 'KIND_GREAT_PERSON_INDIVIDUAL'),
('SLTH_GREAT_ARTIST_18', 'KIND_GREAT_PERSON_INDIVIDUAL'),
('SLTH_GREAT_ARTIST_19', 'KIND_GREAT_PERSON_INDIVIDUAL'),
('SLTH_GREAT_ARTIST_20', 'KIND_GREAT_PERSON_INDIVIDUAL'),
('SLTH_GREAT_ENGINEER_1', 'KIND_GREAT_PERSON_INDIVIDUAL'),
('SLTH_GREAT_ENGINEER_2', 'KIND_GREAT_PERSON_INDIVIDUAL'),
('SLTH_GREAT_ENGINEER_3', 'KIND_GREAT_PERSON_INDIVIDUAL'),
('SLTH_GREAT_ENGINEER_4', 'KIND_GREAT_PERSON_INDIVIDUAL'),
('SLTH_GREAT_ENGINEER_5', 'KIND_GREAT_PERSON_INDIVIDUAL'),
('SLTH_GREAT_ENGINEER_6', 'KIND_GREAT_PERSON_INDIVIDUAL'),
('SLTH_GREAT_ENGINEER_7', 'KIND_GREAT_PERSON_INDIVIDUAL'),
('SLTH_GREAT_ENGINEER_8', 'KIND_GREAT_PERSON_INDIVIDUAL'),
('SLTH_GREAT_ENGINEER_9', 'KIND_GREAT_PERSON_INDIVIDUAL'),
('SLTH_GREAT_ENGINEER_10', 'KIND_GREAT_PERSON_INDIVIDUAL'),
('SLTH_GREAT_ENGINEER_11', 'KIND_GREAT_PERSON_INDIVIDUAL'),
('SLTH_GREAT_ENGINEER_12', 'KIND_GREAT_PERSON_INDIVIDUAL'),
('SLTH_GREAT_ENGINEER_13', 'KIND_GREAT_PERSON_INDIVIDUAL'),
('SLTH_GREAT_ENGINEER_14', 'KIND_GREAT_PERSON_INDIVIDUAL'),
('SLTH_GREAT_ENGINEER_15', 'KIND_GREAT_PERSON_INDIVIDUAL'),
('SLTH_GREAT_ENGINEER_16', 'KIND_GREAT_PERSON_INDIVIDUAL'),
('SLTH_GREAT_ENGINEER_17', 'KIND_GREAT_PERSON_INDIVIDUAL'),
('SLTH_GREAT_ENGINEER_18', 'KIND_GREAT_PERSON_INDIVIDUAL'),
('SLTH_GREAT_ENGINEER_19', 'KIND_GREAT_PERSON_INDIVIDUAL'),
('SLTH_GREAT_ENGINEER_20', 'KIND_GREAT_PERSON_INDIVIDUAL'),
('SLTH_GREAT_MERCHANT_1', 'KIND_GREAT_PERSON_INDIVIDUAL'),
('SLTH_GREAT_MERCHANT_2', 'KIND_GREAT_PERSON_INDIVIDUAL'),
('SLTH_GREAT_MERCHANT_3', 'KIND_GREAT_PERSON_INDIVIDUAL'),
('SLTH_GREAT_MERCHANT_4', 'KIND_GREAT_PERSON_INDIVIDUAL'),
('SLTH_GREAT_MERCHANT_5', 'KIND_GREAT_PERSON_INDIVIDUAL'),
('SLTH_GREAT_MERCHANT_6', 'KIND_GREAT_PERSON_INDIVIDUAL'),
('SLTH_GREAT_MERCHANT_7', 'KIND_GREAT_PERSON_INDIVIDUAL'),
('SLTH_GREAT_MERCHANT_8', 'KIND_GREAT_PERSON_INDIVIDUAL'),
('SLTH_GREAT_MERCHANT_9', 'KIND_GREAT_PERSON_INDIVIDUAL'),
('SLTH_GREAT_MERCHANT_10', 'KIND_GREAT_PERSON_INDIVIDUAL'),
('SLTH_GREAT_MERCHANT_11', 'KIND_GREAT_PERSON_INDIVIDUAL'),
('SLTH_GREAT_MERCHANT_12', 'KIND_GREAT_PERSON_INDIVIDUAL'),
('SLTH_GREAT_MERCHANT_13', 'KIND_GREAT_PERSON_INDIVIDUAL'),
('SLTH_GREAT_MERCHANT_14', 'KIND_GREAT_PERSON_INDIVIDUAL'),
('SLTH_GREAT_MERCHANT_15', 'KIND_GREAT_PERSON_INDIVIDUAL'),
('SLTH_GREAT_MERCHANT_16', 'KIND_GREAT_PERSON_INDIVIDUAL'),
('SLTH_GREAT_MERCHANT_17', 'KIND_GREAT_PERSON_INDIVIDUAL'),
('SLTH_GREAT_MERCHANT_18', 'KIND_GREAT_PERSON_INDIVIDUAL'),
('SLTH_GREAT_MERCHANT_19', 'KIND_GREAT_PERSON_INDIVIDUAL'),
('SLTH_GREAT_MERCHANT_20', 'KIND_GREAT_PERSON_INDIVIDUAL'),
('SLTH_GREAT_PROPHET_1', 'KIND_GREAT_PERSON_INDIVIDUAL'),
('SLTH_GREAT_PROPHET_2', 'KIND_GREAT_PERSON_INDIVIDUAL'),
('SLTH_GREAT_PROPHET_3', 'KIND_GREAT_PERSON_INDIVIDUAL'),
('SLTH_GREAT_PROPHET_4', 'KIND_GREAT_PERSON_INDIVIDUAL'),
('SLTH_GREAT_PROPHET_5', 'KIND_GREAT_PERSON_INDIVIDUAL'),
('SLTH_GREAT_PROPHET_6', 'KIND_GREAT_PERSON_INDIVIDUAL'),
('SLTH_GREAT_PROPHET_7', 'KIND_GREAT_PERSON_INDIVIDUAL'),
('SLTH_GREAT_PROPHET_8', 'KIND_GREAT_PERSON_INDIVIDUAL'),
('SLTH_GREAT_PROPHET_9', 'KIND_GREAT_PERSON_INDIVIDUAL'),
('SLTH_GREAT_PROPHET_10', 'KIND_GREAT_PERSON_INDIVIDUAL'),
('SLTH_GREAT_PROPHET_11', 'KIND_GREAT_PERSON_INDIVIDUAL'),
('SLTH_GREAT_PROPHET_12', 'KIND_GREAT_PERSON_INDIVIDUAL'),
('SLTH_GREAT_PROPHET_13', 'KIND_GREAT_PERSON_INDIVIDUAL'),
('SLTH_GREAT_PROPHET_14', 'KIND_GREAT_PERSON_INDIVIDUAL'),
('SLTH_GREAT_PROPHET_15', 'KIND_GREAT_PERSON_INDIVIDUAL'),
('SLTH_GREAT_PROPHET_16', 'KIND_GREAT_PERSON_INDIVIDUAL'),
('SLTH_GREAT_PROPHET_17', 'KIND_GREAT_PERSON_INDIVIDUAL'),
('SLTH_GREAT_PROPHET_18', 'KIND_GREAT_PERSON_INDIVIDUAL'),
('SLTH_GREAT_PROPHET_19', 'KIND_GREAT_PERSON_INDIVIDUAL'),
('SLTH_GREAT_PROPHET_20', 'KIND_GREAT_PERSON_INDIVIDUAL'),
('SLTH_GREAT_GENERAL_1', 'KIND_GREAT_PERSON_INDIVIDUAL'),
('SLTH_GREAT_GENERAL_2', 'KIND_GREAT_PERSON_INDIVIDUAL'),
('SLTH_GREAT_GENERAL_3', 'KIND_GREAT_PERSON_INDIVIDUAL'),
('SLTH_GREAT_GENERAL_4', 'KIND_GREAT_PERSON_INDIVIDUAL'),
('SLTH_GREAT_GENERAL_5', 'KIND_GREAT_PERSON_INDIVIDUAL'),
('SLTH_GREAT_GENERAL_6', 'KIND_GREAT_PERSON_INDIVIDUAL'),
('SLTH_GREAT_GENERAL_7', 'KIND_GREAT_PERSON_INDIVIDUAL'),
('SLTH_GREAT_GENERAL_8', 'KIND_GREAT_PERSON_INDIVIDUAL'),
('SLTH_GREAT_GENERAL_9', 'KIND_GREAT_PERSON_INDIVIDUAL'),
('SLTH_GREAT_GENERAL_10', 'KIND_GREAT_PERSON_INDIVIDUAL'),
('SLTH_GREAT_GENERAL_11', 'KIND_GREAT_PERSON_INDIVIDUAL'),
('SLTH_GREAT_GENERAL_12', 'KIND_GREAT_PERSON_INDIVIDUAL'),
('SLTH_GREAT_GENERAL_13', 'KIND_GREAT_PERSON_INDIVIDUAL'),
('SLTH_GREAT_GENERAL_14', 'KIND_GREAT_PERSON_INDIVIDUAL'),
('SLTH_GREAT_GENERAL_15', 'KIND_GREAT_PERSON_INDIVIDUAL'),
('SLTH_GREAT_GENERAL_16', 'KIND_GREAT_PERSON_INDIVIDUAL'),
('SLTH_GREAT_GENERAL_17', 'KIND_GREAT_PERSON_INDIVIDUAL'),
('SLTH_GREAT_GENERAL_18', 'KIND_GREAT_PERSON_INDIVIDUAL'),
('SLTH_GREAT_GENERAL_19', 'KIND_GREAT_PERSON_INDIVIDUAL'),
('SLTH_GREAT_GENERAL_20', 'KIND_GREAT_PERSON_INDIVIDUAL'),
('SLTH_BUILDING_ALTAR_OF_THE_LUONNOTAR', 'KIND_BUILDING'),
('SLTH_BUILDING_ALTAR_OF_THE_LUONNOTAR_ANOINTED', 'KIND_BUILDING'),
('SLTH_BUILDING_ALTAR_OF_THE_LUONNOTAR_BLESSED', 'KIND_BUILDING'),
('SLTH_BUILDING_ALTAR_OF_THE_LUONNOTAR_CONSECRATED', 'KIND_BUILDING'),
('SLTH_BUILDING_ALTAR_OF_THE_LUONNOTAR_DIVINE', 'KIND_BUILDING'),
('SLTH_BUILDING_ALTAR_OF_THE_LUONNOTAR_EXALTED', 'KIND_BUILDING'),
('SLTH_BUILDING_ALTAR_OF_THE_LUONNOTAR_FINAL', 'KIND_BUILDING'),
('SLTH_BUILDING_CODE_OF_JUNIL', 'KIND_BUILDING'),
('SLTH_BUILDING_TABLETS_OF_BAMBUR', 'KIND_BUILDING'),
('SLTH_BUILDING_SONG_OF_AUTUMN', 'KIND_BUILDING'),
('SLTH_BUILDING_STIGMATA_ON_THE_UNBORN', 'KIND_BUILDING'),
('SLTH_BUILDING_NOX_NOCTIS', 'KIND_BUILDING'),
('SLTH_BUILDING_THE_NECRONOMICON', 'KIND_BUILDING');
