-- STATUS: Granting buildings works. Losing building not implemented in Lua.
-- Currently though the civics dont give buildings to new cities as there is not the relevant district to place building in
-- BuildingConditions is also not a viable option as it stops the grant building

-- Scholarship
INSERT INTO PolicyModifiers (PolicyType, ModifierId) VALUES
('SLTH_POLICY_SCHOLARSHIP','GRANT_DUMMY_FOR_SUPERSPECIALIST_SCHOLARSHIP_CHECK_ATTACH');

INSERT INTO BuildingModifiers (BuildingType, ModifierId) VALUES
('SLTH_BUILDING_DUMMY_SCHOLARSHIP_SUPER_SPECIALIST_FLAG','GRANT_DUMMY_FOR_SPECIALISTS_SCHOLARSHIP_CAMPUS'),
('SLTH_BUILDING_DUMMY_SCHOLARSHIP_SUPER_SPECIALIST_FLAG','GRANT_DUMMY_FOR_SPECIALISTS_SCHOLARSHIP_THEATRE'),
('SLTH_BUILDING_DUMMY_SCHOLARSHIP_SUPER_SPECIALIST_FLAG','GRANT_DUMMY_FOR_SPECIALISTS_SCHOLARSHIP_HOLY_SITE'),
('SLTH_BUILDING_DUMMY_SCHOLARSHIP_SUPER_SPECIALIST_FLAG','GRANT_DUMMY_FOR_SPECIALISTS_SCHOLARSHIP_COMMERCE'),
('SLTH_BUILDING_DUMMY_SCHOLARSHIP_SUPER_SPECIALIST_FLAG','GRANT_DUMMY_FOR_SPECIALISTS_SCHOLARSHIP_IZ');

INSERT INTO Modifiers(ModifierId, ModifierType) VALUES
('GRANT_DUMMY_FOR_SUPERSPECIALIST_SCHOLARSHIP_CHECK_ATTACH', 'MODIFIER_PLAYER_CITIES_ATTACH_MODIFIER'),
('GRANT_DUMMY_FOR_SUPERSPECIALIST_SCHOLARSHIP_CHECK', 'MODIFIER_SINGLE_CITY_GRANT_BUILDING_IN_CITY_IGNORE');

INSERT INTO ModifierArguments(ModifierId, Name, Type, Value) VALUES
('GRANT_DUMMY_FOR_SUPERSPECIALIST_SCHOLARSHIP_CHECK_ATTACH', 'ModifierId', 'ARGTYPE_IDENTITY', 'GRANT_DUMMY_FOR_SUPERSPECIALIST_SCHOLARSHIP_CHECK'),
('GRANT_DUMMY_FOR_SUPERSPECIALIST_SCHOLARSHIP_CHECK', 'BuildingType', 'ARGTYPE_IDENTITY', 'SLTH_BUILDING_DUMMY_SCHOLARSHIP_SUPER_SPECIALIST_FLAG');

INSERT INTO Modifiers(ModifierId, ModifierType, RunOnce, Permanent, SubjectRequirementSetId) VALUES
('GRANT_DUMMY_FOR_SPECIALISTS_SCHOLARSHIP_CAMPUS', 'MODIFIER_SINGLE_CITY_GRANT_BUILDING_IN_CITY_IGNORE', '0', '0', 'CITY_HAS_CAMPUS_MACEDON'),
('GRANT_DUMMY_FOR_SPECIALISTS_SCHOLARSHIP_THEATRE', 'MODIFIER_SINGLE_CITY_GRANT_BUILDING_IN_CITY_IGNORE', '0', '0', 'CITY_HAS_THEATER_DISTRICT_MACEDON'),
('GRANT_DUMMY_FOR_SPECIALISTS_SCHOLARSHIP_HOLY_SITE', 'MODIFIER_SINGLE_CITY_GRANT_BUILDING_IN_CITY_IGNORE', '0', '0', 'CITY_HAS_HOLY_SITE'),
('GRANT_DUMMY_FOR_SPECIALISTS_SCHOLARSHIP_COMMERCE', 'MODIFIER_SINGLE_CITY_GRANT_BUILDING_IN_CITY_IGNORE', '0', '0', 'CITY_HAS_COMMERCIAL_HUB'),
('GRANT_DUMMY_FOR_SPECIALISTS_SCHOLARSHIP_IZ', 'MODIFIER_SINGLE_CITY_GRANT_BUILDING_IN_CITY_IGNORE', '0', '0', 'REQUIRES_CITY_HAS_INDUSTRIAL_ZONE');

INSERT INTO ModifierArguments(ModifierId, Name, Type, Value) VALUES
('GRANT_DUMMY_FOR_SPECIALISTS_SCHOLARSHIP_CAMPUS', 'BuildingType', 'ARGTYPE_IDENTITY', 'SLTH_BUILDING_DUMMY_SCHOLARSHIP_CAMPUS'),
('GRANT_DUMMY_FOR_SPECIALISTS_SCHOLARSHIP_THEATRE', 'BuildingType', 'ARGTYPE_IDENTITY', 'SLTH_BUILDING_DUMMY_SCHOLARSHIP_THEATRE'),
('GRANT_DUMMY_FOR_SPECIALISTS_SCHOLARSHIP_HOLY_SITE', 'BuildingType', 'ARGTYPE_IDENTITY', 'SLTH_BUILDING_DUMMY_SCHOLARSHIP_HOLY_SITE'),
('GRANT_DUMMY_FOR_SPECIALISTS_SCHOLARSHIP_COMMERCE', 'BuildingType', 'ARGTYPE_IDENTITY', 'SLTH_BUILDING_DUMMY_SCHOLARSHIP_COMMERCE'),
('GRANT_DUMMY_FOR_SPECIALISTS_SCHOLARSHIP_IZ', 'BuildingType', 'ARGTYPE_IDENTITY', 'SLTH_BUILDING_DUMMY_SCHOLARSHIP_IZ');


INSERT INTO Buildings(BuildingType, Name,  Cost, PrereqDistrict, Description,  AdvisorType, PurchaseYield, MustPurchase) VALUES
('SLTH_BUILDING_DUMMY_SCHOLARSHIP_CAMPUS', 'LOC_SLTH_BUILDING_DUMMY_NAME', '500', 'DISTRICT_CAMPUS', 'LOC_SLTH_BUILDING_DUMMY_DESCRIPTION', 'ADVISOR_RELIGIOUS', NULL, '1'),
('SLTH_BUILDING_DUMMY_SCHOLARSHIP_THEATRE', 'LOC_SLTH_BUILDING_DUMMY_NAME', '500', 'DISTRICT_THEATER', 'LOC_SLTH_BUILDING_DUMMY_DESCRIPTION', 'ADVISOR_RELIGIOUS', NULL, '1'),
('SLTH_BUILDING_DUMMY_SCHOLARSHIP_HOLY_SITE', 'LOC_SLTH_BUILDING_DUMMY_NAME', '500', 'DISTRICT_HOLY_SITE', 'LOC_SLTH_BUILDING_DUMMY_DESCRIPTION', 'ADVISOR_RELIGIOUS', NULL, '1'),
('SLTH_BUILDING_DUMMY_SCHOLARSHIP_COMMERCE', 'LOC_SLTH_BUILDING_DUMMY_NAME', '500', 'DISTRICT_COMMERCIAL_HUB', 'LOC_SLTH_BUILDING_DUMMY_DESCRIPTION', 'ADVISOR_RELIGIOUS', NULL, '1'),
('SLTH_BUILDING_DUMMY_SCHOLARSHIP_IZ', 'LOC_SLTH_BUILDING_DUMMY_NAME', '500', 'DISTRICT_INDUSTRIAL_ZONE', 'LOC_SLTH_BUILDING_DUMMY_DESCRIPTION', 'ADVISOR_RELIGIOUS', NULL, '1'),
('SLTH_BUILDING_DUMMY_SCHOLARSHIP_SUPER_SPECIALIST_FLAG', 'LOC_SLTH_BUILDING_DUMMY_NAME', '500', 'DISTRICT_CITY_CENTER', 'LOC_SLTH_BUILDING_DUMMY_DESCRIPTION', 'ADVISOR_RELIGIOUS', NULL, '1');

INSERT INTO Building_CitizenYieldChanges(BuildingType, YieldType, YieldChange) VALUES
('SLTH_BUILDING_DUMMY_SCHOLARSHIP_CAMPUS', 'YIELD_SCIENCE', '1'),
('SLTH_BUILDING_DUMMY_SCHOLARSHIP_THEATRE', 'YIELD_SCIENCE', '1'),
('SLTH_BUILDING_DUMMY_SCHOLARSHIP_HOLY_SITE', 'YIELD_SCIENCE', '1'),
('SLTH_BUILDING_DUMMY_SCHOLARSHIP_COMMERCE', 'YIELD_SCIENCE', '1'),
('SLTH_BUILDING_DUMMY_SCHOLARSHIP_IZ', 'YIELD_SCIENCE', '1');

-- Caste System (+1 Science, +2 Culture on specialists)
INSERT INTO PolicyModifiers (PolicyType, ModifierId) VALUES
('SLTH_POLICY_CASTE_SYSTEM','GRANT_DUMMY_FOR_SUPERSPECIALIST_CASTE_SYSTEM_CHECK_ATTACH');

INSERT INTO BuildingModifiers (BuildingType, ModifierId) VALUES
('SLTH_BUILDING_DUMMY_CASTE_SYSTEM_SUPER_SPECIALIST_FLAG', 'GRANT_DUMMY_FOR_SPECIALISTS_CASTE_SYSTEM_CAMPUS'),
('SLTH_BUILDING_DUMMY_CASTE_SYSTEM_SUPER_SPECIALIST_FLAG', 'GRANT_DUMMY_FOR_SPECIALISTS_CASTE_SYSTEM_THEATRE'),
('SLTH_BUILDING_DUMMY_CASTE_SYSTEM_SUPER_SPECIALIST_FLAG', 'GRANT_DUMMY_FOR_SPECIALISTS_CASTE_SYSTEM_HOLY_SITE'),
('SLTH_BUILDING_DUMMY_CASTE_SYSTEM_SUPER_SPECIALIST_FLAG', 'GRANT_DUMMY_FOR_SPECIALISTS_CASTE_SYSTEM_COMMERCE'),
('SLTH_BUILDING_DUMMY_CASTE_SYSTEM_SUPER_SPECIALIST_FLAG', 'GRANT_DUMMY_FOR_SPECIALISTS_CASTE_SYSTEM_IZ');

INSERT INTO Modifiers(ModifierId, ModifierType) VALUES
('GRANT_DUMMY_FOR_SUPERSPECIALIST_CASTE_SYSTEM_CHECK_ATTACH', 'MODIFIER_PLAYER_CITIES_ATTACH_MODIFIER'),

('GRANT_DUMMY_FOR_SUPERSPECIALIST_CASTE_SYSTEM_CHECK', 'MODIFIER_SINGLE_CITY_GRANT_BUILDING_IN_CITY_IGNORE');

INSERT INTO ModifierArguments(ModifierId, Name, Type, Value) VALUES
('GRANT_DUMMY_FOR_SUPERSPECIALIST_CASTE_SYSTEM_CHECK_ATTACH', 'ModifierId', 'ARGTYPE_IDENTITY', 'GRANT_DUMMY_FOR_SUPERSPECIALIST_CASTE_SYSTEM_CHECK'),
('GRANT_DUMMY_FOR_SUPERSPECIALIST_CASTE_SYSTEM_CHECK', 'BuildingType', 'ARGTYPE_IDENTITY', 'SLTH_BUILDING_DUMMY_CASTE_SYSTEM_SUPER_SPECIALIST_FLAG');

INSERT INTO Modifiers(ModifierId, ModifierType, RunOnce, Permanent, SubjectRequirementSetId) VALUES
('GRANT_DUMMY_FOR_SPECIALISTS_CASTE_SYSTEM_CAMPUS', 'MODIFIER_SINGLE_CITY_GRANT_BUILDING_IN_CITY_IGNORE', '0', '0', 'CITY_HAS_CAMPUS_MACEDON'),
('GRANT_DUMMY_FOR_SPECIALISTS_CASTE_SYSTEM_THEATRE', 'MODIFIER_SINGLE_CITY_GRANT_BUILDING_IN_CITY_IGNORE', '0', '0', 'CITY_HAS_THEATER_DISTRICT_MACEDON'),
('GRANT_DUMMY_FOR_SPECIALISTS_CASTE_SYSTEM_HOLY_SITE', 'MODIFIER_SINGLE_CITY_GRANT_BUILDING_IN_CITY_IGNORE', '0', '0', 'CITY_HAS_HOLY_SITE'),
('GRANT_DUMMY_FOR_SPECIALISTS_CASTE_SYSTEM_COMMERCE', 'MODIFIER_SINGLE_CITY_GRANT_BUILDING_IN_CITY_IGNORE', '0', '0', 'CITY_HAS_COMMERCIAL_HUB'),
('GRANT_DUMMY_FOR_SPECIALISTS_CASTE_SYSTEM_IZ', 'MODIFIER_SINGLE_CITY_GRANT_BUILDING_IN_CITY_IGNORE', '0', '0', 'REQUIRES_CITY_HAS_INDUSTRIAL_ZONE');

INSERT INTO ModifierArguments(ModifierId, Name, Type, Value) VALUES
('GRANT_DUMMY_FOR_SPECIALISTS_CASTE_SYSTEM_CAMPUS', 'BuildingType', 'ARGTYPE_IDENTITY', 'SLTH_BUILDING_DUMMY_CASTE_SYSTEM_CAMPUS'),
('GRANT_DUMMY_FOR_SPECIALISTS_CASTE_SYSTEM_THEATRE', 'BuildingType', 'ARGTYPE_IDENTITY', 'SLTH_BUILDING_DUMMY_CASTE_SYSTEM_THEATRE'),
('GRANT_DUMMY_FOR_SPECIALISTS_CASTE_SYSTEM_HOLY_SITE', 'BuildingType', 'ARGTYPE_IDENTITY', 'SLTH_BUILDING_DUMMY_CASTE_SYSTEM_HOLY_SITE'),
('GRANT_DUMMY_FOR_SPECIALISTS_CASTE_SYSTEM_COMMERCE', 'BuildingType', 'ARGTYPE_IDENTITY', 'SLTH_BUILDING_DUMMY_CASTE_SYSTEM_COMMERCE'),
('GRANT_DUMMY_FOR_SPECIALISTS_CASTE_SYSTEM_IZ', 'BuildingType', 'ARGTYPE_IDENTITY', 'SLTH_BUILDING_DUMMY_CASTE_SYSTEM_IZ');


INSERT INTO Buildings(BuildingType, Name,  Cost, PrereqDistrict, Description,  AdvisorType, PurchaseYield, MustPurchase) VALUES
('SLTH_BUILDING_DUMMY_CASTE_SYSTEM_CAMPUS', 'LOC_SLTH_BUILDING_DUMMY_NAME', '500', 'DISTRICT_CAMPUS', 'LOC_SLTH_BUILDING_DUMMY_DESCRIPTION', 'ADVISOR_RELIGIOUS', NULL, '1'),
('SLTH_BUILDING_DUMMY_CASTE_SYSTEM_THEATRE', 'LOC_SLTH_BUILDING_DUMMY_NAME', '500', 'DISTRICT_THEATER', 'LOC_SLTH_BUILDING_DUMMY_DESCRIPTION', 'ADVISOR_RELIGIOUS', NULL, '1'),
('SLTH_BUILDING_DUMMY_CASTE_SYSTEM_HOLY_SITE', 'LOC_SLTH_BUILDING_DUMMY_NAME', '500', 'DISTRICT_HOLY_SITE', 'LOC_SLTH_BUILDING_DUMMY_DESCRIPTION', 'ADVISOR_RELIGIOUS', NULL, '1'),
('SLTH_BUILDING_DUMMY_CASTE_SYSTEM_COMMERCE', 'LOC_SLTH_BUILDING_DUMMY_NAME', '500', 'DISTRICT_COMMERCIAL_HUB', 'LOC_SLTH_BUILDING_DUMMY_DESCRIPTION', 'ADVISOR_RELIGIOUS', NULL, '1'),
('SLTH_BUILDING_DUMMY_CASTE_SYSTEM_IZ', 'LOC_SLTH_BUILDING_DUMMY_NAME', '500', 'DISTRICT_INDUSTRIAL_ZONE', 'LOC_SLTH_BUILDING_DUMMY_DESCRIPTION', 'ADVISOR_RELIGIOUS', NULL, '1'),
('SLTH_BUILDING_DUMMY_CASTE_SYSTEM_SUPER_SPECIALIST_FLAG', 'LOC_SLTH_BUILDING_DUMMY_NAME', '500', 'DISTRICT_CITY_CENTER', 'LOC_SLTH_BUILDING_DUMMY_DESCRIPTION', 'ADVISOR_RELIGIOUS', NULL, '1');

INSERT INTO Building_CitizenYieldChanges(BuildingType, YieldType, YieldChange) VALUES
('SLTH_BUILDING_DUMMY_CASTE_SYSTEM_CAMPUS', 'YIELD_SCIENCE', '1'),
('SLTH_BUILDING_DUMMY_CASTE_SYSTEM_THEATRE', 'YIELD_SCIENCE', '1'),
('SLTH_BUILDING_DUMMY_CASTE_SYSTEM_HOLY_SITE', 'YIELD_SCIENCE', '1'),
('SLTH_BUILDING_DUMMY_CASTE_SYSTEM_COMMERCE', 'YIELD_SCIENCE', '1'),
('SLTH_BUILDING_DUMMY_CASTE_SYSTEM_IZ', 'YIELD_SCIENCE', '1'),
('SLTH_BUILDING_DUMMY_CASTE_SYSTEM_CAMPUS', 'YIELD_CULTURE', '2'),
('SLTH_BUILDING_DUMMY_CASTE_SYSTEM_THEATRE', 'YIELD_CULTURE', '2'),
('SLTH_BUILDING_DUMMY_CASTE_SYSTEM_HOLY_SITE', 'YIELD_CULTURE', '2'),
('SLTH_BUILDING_DUMMY_CASTE_SYSTEM_COMMERCE', 'YIELD_CULTURE', '2'),
('SLTH_BUILDING_DUMMY_CASTE_SYSTEM_IZ', 'YIELD_CULTURE', '2');

-- Hall Of Kings Wonder (+2 Culture for all specialists)
INSERT INTO BuildingModifiers (BuildingType, ModifierId) VALUES
('BUILDING_ST_BASILS_CATHEDRAL','GRANT_DUMMY_FOR_SPECIALISTS_HALL_OF_KINGS_CAMPUS_ATTACH'),
('BUILDING_ST_BASILS_CATHEDRAL','GRANT_DUMMY_FOR_SPECIALISTS_HALL_OF_KINGS_THEATRE_ATTACH'),
('BUILDING_ST_BASILS_CATHEDRAL','GRANT_DUMMY_FOR_SPECIALISTS_HALL_OF_KINGS_HOLY_SITE_ATTACH'),
('BUILDING_ST_BASILS_CATHEDRAL','GRANT_DUMMY_FOR_SPECIALISTS_HALL_OF_KINGS_COMMERCE_ATTACH'),
('BUILDING_ST_BASILS_CATHEDRAL','GRANT_DUMMY_FOR_SPECIALISTS_HALL_OF_KINGS_IZ_ATTACH');

INSERT INTO Modifiers(ModifierId, ModifierType) VALUES
('GRANT_DUMMY_FOR_SPECIALISTS_HALL_OF_KINGS_CAMPUS_ATTACH', 'MODIFIER_PLAYER_CITIES_ATTACH_MODIFIER'),
('GRANT_DUMMY_FOR_SPECIALISTS_HALL_OF_KINGS_THEATRE_ATTACH', 'MODIFIER_PLAYER_CITIES_ATTACH_MODIFIER'),
('GRANT_DUMMY_FOR_SPECIALISTS_HALL_OF_KINGS_HOLY_SITE_ATTACH', 'MODIFIER_PLAYER_CITIES_ATTACH_MODIFIER'),
('GRANT_DUMMY_FOR_SPECIALISTS_HALL_OF_KINGS_COMMERCE_ATTACH', 'MODIFIER_PLAYER_CITIES_ATTACH_MODIFIER'),
('GRANT_DUMMY_FOR_SPECIALISTS_HALL_OF_KINGS_IZ_ATTACH', 'MODIFIER_PLAYER_CITIES_ATTACH_MODIFIER');

INSERT INTO Modifiers(ModifierId, ModifierType, RunOnce, Permanent, SubjectRequirementSetId) VALUES
('GRANT_DUMMY_FOR_SPECIALISTS_HALL_OF_KINGS_CAMPUS', 'MODIFIER_SINGLE_CITY_GRANT_BUILDING_IN_CITY_IGNORE', '0', '0', 'CITY_HAS_CAMPUS_MACEDON'),
('GRANT_DUMMY_FOR_SPECIALISTS_HALL_OF_KINGS_THEATRE', 'MODIFIER_SINGLE_CITY_GRANT_BUILDING_IN_CITY_IGNORE', '0', '0', 'CITY_HAS_THEATER_DISTRICT_MACEDON'),
('GRANT_DUMMY_FOR_SPECIALISTS_HALL_OF_KINGS_HOLY_SITE', 'MODIFIER_SINGLE_CITY_GRANT_BUILDING_IN_CITY_IGNORE', '0', '0', 'CITY_HAS_HOLY_SITE'),
('GRANT_DUMMY_FOR_SPECIALISTS_HALL_OF_KINGS_COMMERCE', 'MODIFIER_SINGLE_CITY_GRANT_BUILDING_IN_CITY_IGNORE', '0', '0', 'CITY_HAS_COMMERCIAL_HUB'),
('GRANT_DUMMY_FOR_SPECIALISTS_HALL_OF_KINGS_IZ', 'MODIFIER_SINGLE_CITY_GRANT_BUILDING_IN_CITY_IGNORE', '0', '0', 'REQUIRES_CITY_HAS_INDUSTRIAL_ZONE');

INSERT INTO ModifierArguments(ModifierId, Name, Type, Value) VALUES
('GRANT_DUMMY_FOR_SPECIALISTS_HALL_OF_KINGS_CAMPUS_ATTACH', 'ModifierId', 'ARGTYPE_IDENTITY', 'GRANT_DUMMY_FOR_SPECIALISTS_HALL_OF_KINGS_CAMPUS'),
('GRANT_DUMMY_FOR_SPECIALISTS_HALL_OF_KINGS_THEATRE_ATTACH', 'ModifierId', 'ARGTYPE_IDENTITY', 'GRANT_DUMMY_FOR_SPECIALISTS_HALL_OF_KINGS_THEATRE'),
('GRANT_DUMMY_FOR_SPECIALISTS_HALL_OF_KINGS_HOLY_SITE_ATTACH', 'ModifierId', 'ARGTYPE_IDENTITY', 'GRANT_DUMMY_FOR_SPECIALISTS_HALL_OF_KINGS_HOLY_SITE'),
('GRANT_DUMMY_FOR_SPECIALISTS_HALL_OF_KINGS_COMMERCE_ATTACH', 'ModifierId', 'ARGTYPE_IDENTITY', 'GRANT_DUMMY_FOR_SPECIALISTS_HALL_OF_KINGS_COMMERCE'),
('GRANT_DUMMY_FOR_SPECIALISTS_HALL_OF_KINGS_IZ_ATTACH', 'ModifierId', 'ARGTYPE_IDENTITY', 'GRANT_DUMMY_FOR_SPECIALISTS_HALL_OF_KINGS_IZ');

INSERT INTO ModifierArguments(ModifierId, Name, Type, Value) VALUES
('GRANT_DUMMY_FOR_SPECIALISTS_HALL_OF_KINGS_CAMPUS', 'BuildingType', 'ARGTYPE_IDENTITY', 'SLTH_BUILDING_DUMMY_HALL_OF_KINGS_CAMPUS'),
('GRANT_DUMMY_FOR_SPECIALISTS_HALL_OF_KINGS_THEATRE', 'BuildingType', 'ARGTYPE_IDENTITY', 'SLTH_BUILDING_DUMMY_HALL_OF_KINGS_THEATRE'),
('GRANT_DUMMY_FOR_SPECIALISTS_HALL_OF_KINGS_HOLY_SITE', 'BuildingType', 'ARGTYPE_IDENTITY', 'SLTH_BUILDING_DUMMY_HALL_OF_KINGS_HOLY_SITE'),
('GRANT_DUMMY_FOR_SPECIALISTS_HALL_OF_KINGS_COMMERCE', 'BuildingType', 'ARGTYPE_IDENTITY', 'SLTH_BUILDING_DUMMY_HALL_OF_KINGS_COMMERCE'),
('GRANT_DUMMY_FOR_SPECIALISTS_HALL_OF_KINGS_IZ', 'BuildingType', 'ARGTYPE_IDENTITY', 'SLTH_BUILDING_DUMMY_HALL_OF_KINGS_IZ');

INSERT INTO Buildings(BuildingType, Name,  Cost, PrereqDistrict, Description,  AdvisorType, PurchaseYield, MustPurchase) VALUES
('SLTH_BUILDING_DUMMY_HALL_OF_KINGS_CAMPUS', 'LOC_SLTH_BUILDING_DUMMY_NAME', '500', 'DISTRICT_CAMPUS', 'LOC_SLTH_BUILDING_DUMMY_DESCRIPTION', 'ADVISOR_RELIGIOUS', NULL, '1'),
('SLTH_BUILDING_DUMMY_HALL_OF_KINGS_THEATRE', 'LOC_SLTH_BUILDING_DUMMY_NAME', '500', 'DISTRICT_THEATER', 'LOC_SLTH_BUILDING_DUMMY_DESCRIPTION', 'ADVISOR_RELIGIOUS', NULL, '1'),
('SLTH_BUILDING_DUMMY_HALL_OF_KINGS_HOLY_SITE', 'LOC_SLTH_BUILDING_DUMMY_NAME', '500', 'DISTRICT_HOLY_SITE', 'LOC_SLTH_BUILDING_DUMMY_DESCRIPTION', 'ADVISOR_RELIGIOUS', NULL, '1'),
('SLTH_BUILDING_DUMMY_HALL_OF_KINGS_COMMERCE', 'LOC_SLTH_BUILDING_DUMMY_NAME', '500', 'DISTRICT_COMMERCIAL_HUB', 'LOC_SLTH_BUILDING_DUMMY_DESCRIPTION', 'ADVISOR_RELIGIOUS', NULL, '1'),
('SLTH_BUILDING_DUMMY_HALL_OF_KINGS_IZ', 'LOC_SLTH_BUILDING_DUMMY_NAME', '500', 'DISTRICT_INDUSTRIAL_ZONE', 'LOC_SLTH_BUILDING_DUMMY_DESCRIPTION', 'ADVISOR_RELIGIOUS', NULL, '1');

INSERT INTO Building_CitizenYieldChanges(BuildingType, YieldType, YieldChange) VALUES
('SLTH_BUILDING_DUMMY_HALL_OF_KINGS_CAMPUS', 'YIELD_CULTURE', '2'),
('SLTH_BUILDING_DUMMY_HALL_OF_KINGS_THEATRE', 'YIELD_CULTURE', '2'),
('SLTH_BUILDING_DUMMY_HALL_OF_KINGS_HOLY_SITE', 'YIELD_CULTURE', '2'),
('SLTH_BUILDING_DUMMY_HALL_OF_KINGS_COMMERCE', 'YIELD_CULTURE', '2'),
('SLTH_BUILDING_DUMMY_HALL_OF_KINGS_IZ', 'YIELD_CULTURE', '2');

INSERT INTO TraitModifiers (TraitType, ModifierId) VALUES
('SLTH_TRAIT_CIVILIZATION_SIDAR_COOL','GRANT_DUMMY_FOR_SPECIALISTS_SIDAR_ARTIST_ATTACH'),
('SLTH_TRAIT_CIVILIZATION_SIDAR_COOL','GRANT_DUMMY_FOR_SPECIALISTS_SIDAR_MERCHANT_ATTACH'),
('SLTH_TRAIT_CIVILIZATION_SIDAR_COOL','GRANT_DUMMY_FOR_SPECIALISTS_SIDAR_ENGINEER_ATTACH'),
('SLTH_TRAIT_CIVILIZATION_SIDAR_COOL','GRANT_DUMMY_FOR_SPECIALISTS_SIDAR_SCIENTIST_ATTACH');

INSERT INTO Modifiers(ModifierId, ModifierType) VALUES
('GRANT_DUMMY_FOR_SPECIALISTS_SIDAR_SCIENTIST_ATTACH', 'MODIFIER_PLAYER_CITIES_ATTACH_MODIFIER'),
('GRANT_DUMMY_FOR_SPECIALISTS_SIDAR_ARTIST_ATTACH', 'MODIFIER_PLAYER_CITIES_ATTACH_MODIFIER'),
('GRANT_DUMMY_FOR_SPECIALISTS_SIDAR_MERCHANT_ATTACH', 'MODIFIER_PLAYER_CITIES_ATTACH_MODIFIER'),
('GRANT_DUMMY_FOR_SPECIALISTS_SIDAR_ENGINEER_ATTACH', 'MODIFIER_PLAYER_CITIES_ATTACH_MODIFIER');

INSERT INTO Modifiers(ModifierId, ModifierType, RunOnce, Permanent, SubjectRequirementSetId) VALUES
('GRANT_DUMMY_FOR_SPECIALISTS_SIDAR_SCIENTIST', 'MODIFIER_SINGLE_CITY_GRANT_BUILDING_IN_CITY_IGNORE', '0', '0', 'CITY_HAS_CAMPUS_MACEDON'),
('GRANT_DUMMY_FOR_SPECIALISTS_SIDAR_ARTIST', 'MODIFIER_SINGLE_CITY_GRANT_BUILDING_IN_CITY_IGNORE', '0', '0', 'CITY_HAS_THEATER_DISTRICT_MACEDON'),
('GRANT_DUMMY_FOR_SPECIALISTS_SIDAR_MERCHANT', 'MODIFIER_SINGLE_CITY_GRANT_BUILDING_IN_CITY_IGNORE', '0', '0', 'CITY_HAS_COMMERCIAL_HUB'),
('GRANT_DUMMY_FOR_SPECIALISTS_SIDAR_ENGINEER', 'MODIFIER_SINGLE_CITY_GRANT_BUILDING_IN_CITY_IGNORE', '0', '0', 'REQUIRES_CITY_HAS_INDUSTRIAL_ZONE');

INSERT INTO ModifierArguments(ModifierId, Name, Type, Value) VALUES
('GRANT_DUMMY_FOR_SPECIALISTS_SIDAR_SCIENTIST_ATTACH', 'ModifierId', 'ARGTYPE_IDENTITY', 'GRANT_DUMMY_FOR_SPECIALISTS_SIDAR_SCIENTIST'),
('GRANT_DUMMY_FOR_SPECIALISTS_SIDAR_ARTIST_ATTACH', 'ModifierId', 'ARGTYPE_IDENTITY', 'GRANT_DUMMY_FOR_SPECIALISTS_SIDAR_ARTIST'),
('GRANT_DUMMY_FOR_SPECIALISTS_SIDAR_MERCHANT_ATTACH', 'ModifierId', 'ARGTYPE_IDENTITY', 'GRANT_DUMMY_FOR_SPECIALISTS_SIDAR_MERCHANT'),
('GRANT_DUMMY_FOR_SPECIALISTS_SIDAR_ENGINEER_ATTACH', 'ModifierId', 'ARGTYPE_IDENTITY', 'GRANT_DUMMY_FOR_SPECIALISTS_SIDAR_ENGINEER');

INSERT INTO ModifierArguments(ModifierId, Name, Type, Value) VALUES
('GRANT_DUMMY_FOR_SPECIALISTS_SIDAR_SCIENTIST', 'BuildingType', 'ARGTYPE_IDENTITY', 'SLTH_BUILDING_DUMMY_SIDAR_SPEC_CAMPUS'),
('GRANT_DUMMY_FOR_SPECIALISTS_SIDAR_ARTIST', 'BuildingType', 'ARGTYPE_IDENTITY', 'SLTH_BUILDING_DUMMY_SIDAR_SPEC_THEATRE'),
('GRANT_DUMMY_FOR_SPECIALISTS_SIDAR_MERCHANT', 'BuildingType', 'ARGTYPE_IDENTITY', 'SLTH_BUILDING_DUMMY_SIDAR_SPEC_COMMERCE'),
('GRANT_DUMMY_FOR_SPECIALISTS_SIDAR_ENGINEER', 'BuildingType', 'ARGTYPE_IDENTITY', 'SLTH_BUILDING_DUMMY_SIDAR_SPEC_IZ');

INSERT INTO Buildings(BuildingType, Name,  Cost, PrereqDistrict, Description,  AdvisorType, PurchaseYield, MustPurchase) VALUES
('SLTH_BUILDING_DUMMY_SIDAR_SPEC_CAMPUS', 'LOC_SLTH_BUILDING_DUMMY_NAME', '500', 'DISTRICT_CAMPUS', 'LOC_SLTH_BUILDING_DUMMY_DESCRIPTION', 'ADVISOR_RELIGIOUS', NULL, '1'),
('SLTH_BUILDING_DUMMY_SIDAR_SPEC_THEATRE', 'LOC_SLTH_BUILDING_DUMMY_NAME', '500', 'DISTRICT_THEATER', 'LOC_SLTH_BUILDING_DUMMY_DESCRIPTION', 'ADVISOR_RELIGIOUS', NULL, '1'),
('SLTH_BUILDING_DUMMY_SIDAR_SPEC_COMMERCE', 'LOC_SLTH_BUILDING_DUMMY_NAME', '500', 'DISTRICT_COMMERCIAL_HUB', 'LOC_SLTH_BUILDING_DUMMY_DESCRIPTION', 'ADVISOR_RELIGIOUS', NULL, '1'),
('SLTH_BUILDING_DUMMY_SIDAR_SPEC_IZ', 'LOC_SLTH_BUILDING_DUMMY_NAME', '500', 'DISTRICT_INDUSTRIAL_ZONE', 'LOC_SLTH_BUILDING_DUMMY_DESCRIPTION', 'ADVISOR_RELIGIOUS', NULL, '1');

INSERT INTO Building_CitizenYieldChanges(BuildingType, YieldType, YieldChange) VALUES
('SLTH_BUILDING_DUMMY_SIDAR_SPEC_CAMPUS', 'YIELD_SCIENCE', '1'),
('SLTH_BUILDING_DUMMY_SIDAR_SPEC_THEATRE', 'YIELD_CULTURE', '1'),
('SLTH_BUILDING_DUMMY_SIDAR_SPEC_COMMERCE', 'YIELD_GOLD', '1'),
('SLTH_BUILDING_DUMMY_SIDAR_SPEC_IZ', 'YIELD_PRODUCTION', '1');
-- THEATURE_OF_DREAMS SPECIALIST_ARTIST and GREAT +2 CULTURE
-- GREAT_LIBRARY SPECIALIST_SCIENTIST and GREAT +1 SCIENCE
-- Guild of Hammers:  SPECIALIST_ENGINEER and GREAT_ENGINEER +1  PROD
-- Luonnotar BUILDINGCLASS_ALTAR_OF_THE_LUONNOTAR_BLESSED +1 prod: Divine +2 prod Final: +3 prod

INSERT INTO BuildingModifiers (BuildingType, ModifierId) VALUES
('BUILDING_BOLSHOI_THEATRE','GRANT_DUMMY_FOR_SPECIALISTS_THEATRE_OF_DREAMS_ATTACH'),
('SLTH_BUILDING_GUILD_OF_HAMMERS','GRANT_DUMMY_FOR_SPECIALISTS_GUILD_OF_HAMMERS_ATTACH'),
('BUILDING_GREAT_LIBRARY','GRANT_DUMMY_FOR_SPECIALISTS_GREAT_LIBRARY_ATTACH'),
('SLTH_BUILDING_ALTAR_OF_THE_LUONNOTAR_BLESSED','GRANT_DUMMY_FOR_SPECIALISTS_ALTAR_LUONNOTAR_BLESSED_ATTACH'),
('SLTH_BUILDING_ALTAR_OF_THE_LUONNOTAR_DIVINE','GRANT_DUMMY_FOR_SPECIALISTS_ALTAR_LUONNOTAR_DIVINE_ATTACH'),
('SLTH_BUILDING_ALTAR_OF_THE_LUONNOTAR_FINAL','GRANT_DUMMY_FOR_SPECIALISTS_ALTAR_LUONNOTAR_FINAL_ATTACH');

INSERT INTO Modifiers(ModifierId, ModifierType) VALUES
('GRANT_DUMMY_FOR_SPECIALISTS_GREAT_LIBRARY_ATTACH', 'MODIFIER_PLAYER_CITIES_ATTACH_MODIFIER'),
('GRANT_DUMMY_FOR_SPECIALISTS_THEATRE_OF_DREAMS_ATTACH', 'MODIFIER_PLAYER_CITIES_ATTACH_MODIFIER'),
('GRANT_DUMMY_FOR_SPECIALISTS_GUILD_OF_HAMMERS_ATTACH', 'MODIFIER_PLAYER_CITIES_ATTACH_MODIFIER'),
('GRANT_DUMMY_FOR_SPECIALISTS_ALTAR_LUONNOTAR_BLESSED_ATTACH', 'MODIFIER_PLAYER_CITIES_ATTACH_MODIFIER'),
('GRANT_DUMMY_FOR_SPECIALISTS_ALTAR_LUONNOTAR_DIVINE_ATTACH', 'MODIFIER_PLAYER_CITIES_ATTACH_MODIFIER'),
('GRANT_DUMMY_FOR_SPECIALISTS_ALTAR_LUONNOTAR_FINAL_ATTACH', 'MODIFIER_PLAYER_CITIES_ATTACH_MODIFIER');

INSERT INTO Modifiers(ModifierId, ModifierType, RunOnce, Permanent, SubjectRequirementSetId) VALUES
('GRANT_DUMMY_FOR_SPECIALISTS_GREAT_LIBRARY', 'MODIFIER_SINGLE_CITY_GRANT_BUILDING_IN_CITY_IGNORE', '0', '0', 'CITY_HAS_CAMPUS_MACEDON'),
('GRANT_DUMMY_FOR_SPECIALISTS_THEATRE_OF_DREAMS', 'MODIFIER_SINGLE_CITY_GRANT_BUILDING_IN_CITY_IGNORE', '0', '0', 'CITY_HAS_THEATER_DISTRICT_MACEDON'),
('GRANT_DUMMY_FOR_SPECIALISTS_GUILD_OF_HAMMERS', 'MODIFIER_SINGLE_CITY_GRANT_BUILDING_IN_CITY_IGNORE', '0', '0', 'REQUIRES_CITY_HAS_INDUSTRIAL_ZONE'),
('GRANT_DUMMY_FOR_SPECIALISTS_ALTAR_LUONNOTAR_BLESSED', 'MODIFIER_SINGLE_CITY_GRANT_BUILDING_IN_CITY_IGNORE', '0', '0', 'CITY_HAS_HOLY_SITE'),
('GRANT_DUMMY_FOR_SPECIALISTS_ALTAR_LUONNOTAR_DIVINE', 'MODIFIER_SINGLE_CITY_GRANT_BUILDING_IN_CITY_IGNORE', '0', '0', 'CITY_HAS_HOLY_SITE'),
('GRANT_DUMMY_FOR_SPECIALISTS_ALTAR_LUONNOTAR_FINAL', 'MODIFIER_SINGLE_CITY_GRANT_BUILDING_IN_CITY_IGNORE', '0', '0', 'CITY_HAS_HOLY_SITE');

INSERT INTO ModifierArguments(ModifierId, Name, Type, Value) VALUES
('GRANT_DUMMY_FOR_SPECIALISTS_GREAT_LIBRARY_ATTACH', 'ModifierId', 'ARGTYPE_IDENTITY', 'GRANT_DUMMY_FOR_SPECIALISTS_GREAT_LIBRARY'),
('GRANT_DUMMY_FOR_SPECIALISTS_THEATRE_OF_DREAMS_ATTACH', 'ModifierId', 'ARGTYPE_IDENTITY', 'GRANT_DUMMY_FOR_SPECIALISTS_THEATRE_OF_DREAMS'),
('GRANT_DUMMY_FOR_SPECIALISTS_GUILD_OF_HAMMERS_ATTACH', 'ModifierId', 'ARGTYPE_IDENTITY', 'GRANT_DUMMY_FOR_SPECIALISTS_GUILD_OF_HAMMERS'),
('GRANT_DUMMY_FOR_SPECIALISTS_ALTAR_LUONNOTAR_BLESSED_ATTACH', 'ModifierId', 'ARGTYPE_IDENTITY', 'GRANT_DUMMY_FOR_SPECIALISTS_ALTAR_LUONNOTAR_BLESSED'),
('GRANT_DUMMY_FOR_SPECIALISTS_ALTAR_LUONNOTAR_DIVINE_ATTACH', 'ModifierId', 'ARGTYPE_IDENTITY', 'GRANT_DUMMY_FOR_SPECIALISTS_ALTAR_LUONNOTAR_DIVINE'),
('GRANT_DUMMY_FOR_SPECIALISTS_ALTAR_LUONNOTAR_FINAL_ATTACH', 'ModifierId', 'ARGTYPE_IDENTITY', 'GRANT_DUMMY_FOR_SPECIALISTS_ALTAR_LUONNOTAR_FINAL');

INSERT INTO ModifierArguments(ModifierId, Name, Type, Value) VALUES
('GRANT_DUMMY_FOR_SPECIALISTS_GREAT_LIBRARY', 'BuildingType', 'ARGTYPE_IDENTITY', 'SLTH_BUILDING_DUMMY_GREAT_LIBRARY_SPEC'),
('GRANT_DUMMY_FOR_SPECIALISTS_THEATRE_OF_DREAMS', 'BuildingType', 'ARGTYPE_IDENTITY', 'SLTH_BUILDING_DUMMY_THEATRE_OF_DREAMS_SPEC'),
('GRANT_DUMMY_FOR_SPECIALISTS_GUILD_OF_HAMMERS', 'BuildingType', 'ARGTYPE_IDENTITY', 'SLTH_BUILDING_DUMMY_GUILD_OF_HAMMERS_SPEC'),
('GRANT_DUMMY_FOR_SPECIALISTS_ALTAR_LUONNOTAR_BLESSED', 'BuildingType', 'ARGTYPE_IDENTITY', 'SLTH_BUILDING_DUMMY_ALTAR_LUONNOTAR_BLESSED_SPEC'),
('GRANT_DUMMY_FOR_SPECIALISTS_ALTAR_LUONNOTAR_DIVINE', 'BuildingType', 'ARGTYPE_IDENTITY', 'SLTH_BUILDING_DUMMY_ALTAR_LUONNOTAR_DIVINE_SPEC'),
('GRANT_DUMMY_FOR_SPECIALISTS_ALTAR_LUONNOTAR_FINAL', 'BuildingType', 'ARGTYPE_IDENTITY', 'SLTH_BUILDING_DUMMY_ALTAR_LUONNOTAR_FINAL_SPEC');

INSERT INTO Buildings(BuildingType, Name,  Cost, PrereqDistrict, Description,  AdvisorType, PurchaseYield, MustPurchase) VALUES
('SLTH_BUILDING_DUMMY_GREAT_LIBRARY_SPEC', 'LOC_SLTH_BUILDING_DUMMY_NAME', '500', 'DISTRICT_CAMPUS', 'LOC_SLTH_BUILDING_DUMMY_DESCRIPTION', 'ADVISOR_RELIGIOUS', NULL, '1'),
('SLTH_BUILDING_DUMMY_THEATRE_OF_DREAMS_SPEC', 'LOC_SLTH_BUILDING_DUMMY_NAME', '500', 'DISTRICT_THEATER', 'LOC_SLTH_BUILDING_DUMMY_DESCRIPTION', 'ADVISOR_RELIGIOUS', NULL, '1'),
('SLTH_BUILDING_DUMMY_GUILD_OF_HAMMERS_SPEC', 'LOC_SLTH_BUILDING_DUMMY_NAME', '500', 'DISTRICT_INDUSTRIAL_ZONE', 'LOC_SLTH_BUILDING_DUMMY_DESCRIPTION', 'ADVISOR_RELIGIOUS', NULL, '1'),
('SLTH_BUILDING_DUMMY_ALTAR_LUONNOTAR_BLESSED_SPEC', 'LOC_SLTH_BUILDING_DUMMY_NAME', '500', 'DISTRICT_CAMPUS', 'LOC_SLTH_BUILDING_DUMMY_DESCRIPTION', 'ADVISOR_RELIGIOUS', NULL, '1'),
('SLTH_BUILDING_DUMMY_ALTAR_LUONNOTAR_DIVINE_SPEC', 'LOC_SLTH_BUILDING_DUMMY_NAME', '500', 'DISTRICT_CAMPUS', 'LOC_SLTH_BUILDING_DUMMY_DESCRIPTION', 'ADVISOR_RELIGIOUS', NULL, '1'),
('SLTH_BUILDING_DUMMY_ALTAR_LUONNOTAR_FINAL_SPEC', 'LOC_SLTH_BUILDING_DUMMY_NAME', '500', 'DISTRICT_CAMPUS', 'LOC_SLTH_BUILDING_DUMMY_DESCRIPTION', 'ADVISOR_RELIGIOUS', NULL, '1');

INSERT INTO Building_CitizenYieldChanges(BuildingType, YieldType, YieldChange) VALUES
('SLTH_BUILDING_DUMMY_GREAT_LIBRARY_SPEC', 'YIELD_SCIENCE', '1'),
('SLTH_BUILDING_DUMMY_THEATRE_OF_DREAMS_SPEC', 'YIELD_CULTURE', '1'),
('SLTH_BUILDING_DUMMY_GUILD_OF_HAMMERS_SPEC', 'YIELD_PRODUCTION', '1'),
('SLTH_BUILDING_DUMMY_ALTAR_LUONNOTAR_BLESSED_SPEC', 'YIELD_PRODUCTION', '1'),
('SLTH_BUILDING_DUMMY_ALTAR_LUONNOTAR_DIVINE_SPEC', 'YIELD_PRODUCTION', '1'),
('SLTH_BUILDING_DUMMY_ALTAR_LUONNOTAR_FINAL_SPEC', 'YIELD_PRODUCTION', '1');

INSERT INTO RequirementArguments(RequirementId, Name, Value) VALUES
('PLAYER_IS_SIDAR', 'CivilizationType', 'SLTH_CIVILIZATION_SIDAR');
INSERT INTO Requirements(RequirementId, RequirementType) VALUES
('PLAYER_IS_SIDAR', 'REQUIREMENT_PLAYER_TYPE_MATCHES');
INSERT INTO RequirementSetRequirements(RequirementSetId, RequirementId) VALUES
('SLTH_IS_SIDAR_REQS', 'PLAYER_IS_SIDAR');
INSERT INTO RequirementSets(RequirementSetId, RequirementSetType) VALUES
('SLTH_IS_SIDAR_REQS', 'REQUIREMENTSET_TEST_ANY');

INSERT INTO Requirements(RequirementId, RequirementType) VALUES
('SLTH_REQUIREMENT_HAS_HALL_OF_KINGS', 'REQUIREMENT_PLAYER_HAS_BUILDING');
INSERT INTO RequirementArguments(RequirementId, Name, Value) VALUES
('SLTH_REQUIREMENT_HAS_HALL_OF_KINGS', 'BuildingType', 'BUILDING_ST_BASILS_CATHEDRAL');
INSERT INTO RequirementSetRequirements(RequirementSetId, RequirementId) VALUES
('SLTH_HAS_HALL_OF_KINGS_REQS', 'SLTH_REQUIREMENT_HAS_HALL_OF_KINGS');
INSERT INTO RequirementSets(RequirementSetId, RequirementSetType) VALUES
('SLTH_HAS_HALL_OF_KINGS_REQS', 'REQUIREMENTSET_TEST_ANY');

INSERT INTO Requirements(RequirementId, RequirementType) VALUES
('SLTH_REQUIREMENT_HAS_GREAT_LIBRARY', 'REQUIREMENT_PLAYER_HAS_BUILDING');
INSERT INTO RequirementArguments(RequirementId, Name, Value) VALUES
('SLTH_REQUIREMENT_HAS_GREAT_LIBRARY', 'BuildingType', 'BUILDING_GREAT_LIBRARY');
INSERT INTO RequirementSetRequirements(RequirementSetId, RequirementId) VALUES
('SLTH_HAS_GREAT_LIBRARY_REQS', 'SLTH_REQUIREMENT_HAS_GREAT_LIBRARY');
INSERT INTO RequirementSets(RequirementSetId, RequirementSetType) VALUES
('SLTH_HAS_GREAT_LIBRARY_REQS', 'REQUIREMENTSET_TEST_ANY');

INSERT INTO Requirements(RequirementId, RequirementType) VALUES
('SLTH_REQUIREMENT_HAS_THEATRE_OF_DREAMS', 'REQUIREMENT_PLAYER_HAS_BUILDING');
INSERT INTO RequirementArguments(RequirementId, Name, Value) VALUES
('SLTH_REQUIREMENT_HAS_THEATRE_OF_DREAMS', 'BuildingType', 'BUILDING_BOLSHOI_THEATRE');
INSERT INTO RequirementSetRequirements(RequirementSetId, RequirementId) VALUES
('SLTH_HAS_THEATRE_OF_DREAMS_REQS', 'SLTH_REQUIREMENT_HAS_THEATRE_OF_DREAMS');
INSERT INTO RequirementSets(RequirementSetId, RequirementSetType) VALUES
('SLTH_HAS_THEATRE_OF_DREAMS_REQS', 'REQUIREMENTSET_TEST_ANY');

INSERT INTO Requirements(RequirementId, RequirementType) VALUES
('SLTH_REQUIREMENT_HAS_GUILD_OF_HAMMERS', 'REQUIREMENT_PLAYER_HAS_BUILDING');
INSERT INTO RequirementArguments(RequirementId, Name, Value) VALUES
('SLTH_REQUIREMENT_HAS_GUILD_OF_HAMMERS', 'BuildingType', 'SLTH_BUILDING_GUILD_OF_HAMMERS');
INSERT INTO RequirementSetRequirements(RequirementSetId, RequirementId) VALUES
('SLTH_HAS_GUILD_OF_HAMMERS_REQS', 'SLTH_REQUIREMENT_HAS_GUILD_OF_HAMMERS');
INSERT INTO RequirementSets(RequirementSetId, RequirementSetType) VALUES
('SLTH_HAS_GUILD_OF_HAMMERS_REQS', 'REQUIREMENTSET_TEST_ANY');

INSERT INTO Requirements(RequirementId, RequirementType) VALUES
('SLTH_REQUIREMENT_HAS_LUONNOTAR_BLESSED', 'REQUIREMENT_PLAYER_HAS_BUILDING');
INSERT INTO RequirementArguments(RequirementId, Name, Value) VALUES
('SLTH_REQUIREMENT_HAS_LUONNOTAR_BLESSED', 'BuildingType', 'SLTH_BUILDING_ALTAR_OF_THE_LUONNOTAR_BLESSED');
INSERT INTO RequirementSetRequirements(RequirementSetId, RequirementId) VALUES
('SLTH_HAS_LUONNOTAR_BLESSED_REQS', 'SLTH_REQUIREMENT_HAS_LUONNOTAR_BLESSED');
INSERT INTO RequirementSets(RequirementSetId, RequirementSetType) VALUES
('SLTH_HAS_LUONNOTAR_BLESSED_REQS', 'REQUIREMENTSET_TEST_ANY');

INSERT INTO Requirements(RequirementId, RequirementType) VALUES
('SLTH_REQUIREMENT_HAS_LUONNOTAR_DIVINE', 'REQUIREMENT_PLAYER_HAS_BUILDING');
INSERT INTO RequirementArguments(RequirementId, Name, Value) VALUES
('SLTH_REQUIREMENT_HAS_LUONNOTAR_DIVINE', 'BuildingType', 'SLTH_BUILDING_ALTAR_OF_THE_LUONNOTAR_DIVINE');
INSERT INTO RequirementSetRequirements(RequirementSetId, RequirementId) VALUES
('SLTH_HAS_LUONNOTAR_DIVINE_REQS', 'SLTH_REQUIREMENT_HAS_LUONNOTAR_DIVINE');
INSERT INTO RequirementSets(RequirementSetId, RequirementSetType) VALUES
('SLTH_HAS_LUONNOTAR_DIVINE_REQS', 'REQUIREMENTSET_TEST_ANY');

INSERT INTO Requirements(RequirementId, RequirementType) VALUES
('SLTH_REQUIREMENT_HAS_LUONNOTAR_FINAL', 'REQUIREMENT_PLAYER_HAS_BUILDING');
INSERT INTO RequirementArguments(RequirementId, Name, Value) VALUES
('SLTH_REQUIREMENT_HAS_LUONNOTAR_FINAL', 'BuildingType', 'SLTH_BUILDING_ALTAR_OF_THE_LUONNOTAR_FINAL');
INSERT INTO RequirementSetRequirements(RequirementSetId, RequirementId) VALUES
('SLTH_HAS_LUONNOTAR_FINAL_REQS', 'SLTH_REQUIREMENT_HAS_LUONNOTAR_FINAL');
INSERT INTO RequirementSets(RequirementSetId, RequirementSetType) VALUES
('SLTH_HAS_LUONNOTAR_FINAL_REQS', 'REQUIREMENTSET_TEST_ANY');

INSERT INTO Requirements(RequirementId, RequirementType) VALUES
('SLTH_REQUIREMENT_HAS_CASTE_SYSTEM', 'REQUIREMENT_PLAYER_HAS_BUILDING');
INSERT INTO RequirementArguments(RequirementId, Name, Value) VALUES
('SLTH_REQUIREMENT_HAS_CASTE_SYSTEM', 'BuildingType', 'SLTH_BUILDING_DUMMY_CASTE_SYSTEM_SUPER_SPECIALIST_FLAG');
INSERT INTO RequirementSetRequirements(RequirementSetId, RequirementId) VALUES
('SLTH_HAS_CASTE_SYSTEM_REQS', 'SLTH_REQUIREMENT_HAS_CASTE_SYSTEM');
INSERT INTO RequirementSets(RequirementSetId, RequirementSetType) VALUES
('SLTH_HAS_CASTE_SYSTEM_REQS', 'REQUIREMENTSET_TEST_ANY');

INSERT INTO Requirements(RequirementId, RequirementType) VALUES
('SLTH_REQUIREMENT_HAS_SCHOLARSHIP', 'REQUIREMENT_PLAYER_HAS_BUILDING');
INSERT INTO RequirementArguments(RequirementId, Name, Value) VALUES
('SLTH_REQUIREMENT_HAS_SCHOLARSHIP', 'BuildingType', 'SLTH_BUILDING_DUMMY_SCHOLARSHIP_SUPER_SPECIALIST_FLAG');
INSERT INTO RequirementSetRequirements(RequirementSetId, RequirementId) VALUES
('SLTH_HAS_SCHOLARSHIP_REQS', 'SLTH_REQUIREMENT_HAS_SCHOLARSHIP');
INSERT INTO RequirementSets(RequirementSetId, RequirementSetType) VALUES
('SLTH_HAS_SCHOLARSHIP_REQS', 'REQUIREMENTSET_TEST_ANY');

-- cant seem to do req check on policy. Make policy make a building, then remove it on leaving with lua?

INSERT INTO Modifiers(ModifierId, ModifierType, SubjectRequirementSetId) VALUES
('MODIFIER_SLTH_GREAT_PERSON_ADD_CULTURE_HALL_OF_KINGS', 'MODIFIER_SINGLE_CITY_ADJUST_YIELD_CHANGE', 'SLTH_HAS_HALL_OF_KINGS_REQS'),
('MODIFIER_SLTH_GREAT_PERSON_ADD_SCIENCE_CASTE_SYSTEM', 'MODIFIER_SINGLE_CITY_ADJUST_YIELD_CHANGE', 'SLTH_HAS_CASTE_SYSTEM_REQS'),
('MODIFIER_SLTH_GREAT_PERSON_ADD_CULTURE_CASTE_SYSTEM', 'MODIFIER_SINGLE_CITY_ADJUST_YIELD_CHANGE', 'SLTH_HAS_CASTE_SYSTEM_REQS'),
('MODIFIER_SLTH_GREAT_PERSON_ADD_SCIENCE_SCHOLARSHIP', 'MODIFIER_SINGLE_CITY_ADJUST_YIELD_CHANGE', 'SLTH_HAS_SCHOLARSHIP_REQS');

INSERT INTO ModifierArguments(ModifierId, Name, Type, Value) VALUES
('MODIFIER_SLTH_GREAT_PERSON_ADD_CULTURE_HALL_OF_KINGS', 'Amount', 'ARGTYPE_IDENTITY', '2'),
('MODIFIER_SLTH_GREAT_PERSON_ADD_CULTURE_HALL_OF_KINGS', 'YieldType', 'ARGTYPE_IDENTITY', 'YIELD_CULTURE'),
('MODIFIER_SLTH_GREAT_PERSON_ADD_SCIENCE_CASTE_SYSTEM', 'Amount', 'ARGTYPE_IDENTITY', '1'),
('MODIFIER_SLTH_GREAT_PERSON_ADD_SCIENCE_CASTE_SYSTEM', 'YieldType', 'ARGTYPE_IDENTITY', 'YIELD_SCIENCE'),
('MODIFIER_SLTH_GREAT_PERSON_ADD_CULTURE_CASTE_SYSTEM', 'Amount', 'ARGTYPE_IDENTITY', '2'),
('MODIFIER_SLTH_GREAT_PERSON_ADD_CULTURE_CASTE_SYSTEM', 'YieldType', 'ARGTYPE_IDENTITY', 'YIELD_CULTURE'),
('MODIFIER_SLTH_GREAT_PERSON_ADD_SCIENCE_SCHOLARSHIP', 'Amount', 'ARGTYPE_IDENTITY', '1'),
('MODIFIER_SLTH_GREAT_PERSON_ADD_SCIENCE_SCHOLARSHIP', 'YieldType', 'ARGTYPE_IDENTITY', 'YIELD_SCIENCE');

INSERT INTO Modifiers(ModifierId, ModifierType, SubjectRequirementSetId) VALUES
('MODIFIER_SLTH_GREAT_ARTIST_ADD_CULTURE', 'MODIFIER_SINGLE_CITY_ADJUST_YIELD_CHANGE', NULL),
('MODIFIER_SLTH_GREAT_ARTIST_ADD_GOLD', 'MODIFIER_SINGLE_CITY_ADJUST_YIELD_CHANGE', NULL),
('MODIFIER_SLTH_GREAT_ARTIST_ADD_CULTURE_SIDAR', 'MODIFIER_SINGLE_CITY_ADJUST_YIELD_CHANGE', 'SLTH_IS_SIDAR_REQS'),
('MODIFIER_SLTH_GREAT_ARTIST_ADD_CULTURE_THEATRE_OF_DREAMS', 'MODIFIER_SINGLE_CITY_ADJUST_YIELD_CHANGE', 'SLTH_HAS_THEATRE_OF_DREAMS_REQS');

INSERT INTO ModifierArguments(ModifierId, Name, Type, Value) VALUES
('MODIFIER_SLTH_GREAT_ARTIST_ADD_CULTURE', 'Amount', 'ARGTYPE_IDENTITY', '12'),
('MODIFIER_SLTH_GREAT_ARTIST_ADD_CULTURE', 'YieldType', 'ARGTYPE_IDENTITY', 'YIELD_CULTURE'),
('MODIFIER_SLTH_GREAT_ARTIST_ADD_GOLD', 'Amount', 'ARGTYPE_IDENTITY', '3'),
('MODIFIER_SLTH_GREAT_ARTIST_ADD_GOLD', 'YieldType', 'ARGTYPE_IDENTITY', 'YIELD_GOLD'),
('MODIFIER_SLTH_GREAT_ARTIST_ADD_CULTURE_SIDAR', 'Amount', 'ARGTYPE_IDENTITY', '1'),
('MODIFIER_SLTH_GREAT_ARTIST_ADD_CULTURE_SIDAR', 'YieldType', 'ARGTYPE_IDENTITY', 'YIELD_CULTURE'),
('MODIFIER_SLTH_GREAT_ARTIST_ADD_CULTURE_THEATRE_OF_DREAMS', 'Amount', 'ARGTYPE_IDENTITY', '2'),
('MODIFIER_SLTH_GREAT_ARTIST_ADD_CULTURE_THEATRE_OF_DREAMS', 'YieldType', 'ARGTYPE_IDENTITY', 'YIELD_CULTURE');

INSERT INTO Modifiers(ModifierId, ModifierType, SubjectRequirementSetId) VALUES
('MODIFIER_SLTH_GREAT_ENGINEER_ADD_SCIENCE', 'MODIFIER_SINGLE_CITY_ADJUST_YIELD_CHANGE', NULL),
('MODIFIER_SLTH_GREAT_ENGINEER_ADD_PRODUCTION', 'MODIFIER_SINGLE_CITY_ADJUST_YIELD_CHANGE', NULL),
('MODIFIER_SLTH_GREAT_ENGINEER_ADD_PRODUCTION_SIDAR', 'MODIFIER_SINGLE_CITY_ADJUST_YIELD_CHANGE', 'SLTH_IS_SIDAR_REQS'),
('MODIFIER_SLTH_GREAT_ENGINEER_ADD_PRODUCTION_GUILD_OF_HAMMERS', 'MODIFIER_SINGLE_CITY_ADJUST_YIELD_CHANGE', 'SLTH_HAS_GUILD_OF_HAMMERS_REQS');

INSERT INTO ModifierArguments(ModifierId, Name, Type, Value) VALUES
('MODIFIER_SLTH_GREAT_ENGINEER_ADD_SCIENCE', 'Amount', 'ARGTYPE_IDENTITY', '3'),
('MODIFIER_SLTH_GREAT_ENGINEER_ADD_SCIENCE', 'YieldType', 'ARGTYPE_IDENTITY', 'YIELD_SCIENCE'),
('MODIFIER_SLTH_GREAT_ENGINEER_ADD_PRODUCTION', 'Amount', 'ARGTYPE_IDENTITY', '3'),
('MODIFIER_SLTH_GREAT_ENGINEER_ADD_PRODUCTION', 'YieldType', 'ARGTYPE_IDENTITY', 'YIELD_PRODUCTION'),
('MODIFIER_SLTH_GREAT_ENGINEER_ADD_PRODUCTION_SIDAR', 'Amount', 'ARGTYPE_IDENTITY', '1'),
('MODIFIER_SLTH_GREAT_ENGINEER_ADD_PRODUCTION_SIDAR', 'YieldType', 'ARGTYPE_IDENTITY', 'YIELD_PRODUCTION'),
('MODIFIER_SLTH_GREAT_ENGINEER_ADD_PRODUCTION_GUILD_OF_HAMMERS', 'Amount', 'ARGTYPE_IDENTITY', '1'),
('MODIFIER_SLTH_GREAT_ENGINEER_ADD_PRODUCTION_GUILD_OF_HAMMERS', 'YieldType', 'ARGTYPE_IDENTITY', 'YIELD_PRODUCTION');

INSERT INTO Modifiers(ModifierId, ModifierType, SubjectRequirementSetId) VALUES
('MODIFIER_SLTH_GREAT_MERCHANT_ADD_FOOD', 'MODIFIER_SINGLE_CITY_ADJUST_YIELD_CHANGE', NULL),
('MODIFIER_SLTH_GREAT_MERCHANT_ADD_GOLD', 'MODIFIER_SINGLE_CITY_ADJUST_YIELD_CHANGE', NULL),
('MODIFIER_SLTH_GREAT_MERCHANT_ADD_GOLD_SIDAR', 'MODIFIER_SINGLE_CITY_ADJUST_YIELD_CHANGE', 'SLTH_IS_SIDAR_REQS');

INSERT INTO ModifierArguments(ModifierId, Name, Type, Value) VALUES
('MODIFIER_SLTH_GREAT_MERCHANT_ADD_FOOD', 'Amount', 'ARGTYPE_IDENTITY', '1'),
('MODIFIER_SLTH_GREAT_MERCHANT_ADD_FOOD', 'YieldType', 'ARGTYPE_IDENTITY', 'YIELD_FOOD'),
('MODIFIER_SLTH_GREAT_MERCHANT_ADD_GOLD', 'Amount', 'ARGTYPE_IDENTITY', '6'),
('MODIFIER_SLTH_GREAT_MERCHANT_ADD_GOLD', 'YieldType', 'ARGTYPE_IDENTITY', 'YIELD_GOLD'),
('MODIFIER_SLTH_GREAT_MERCHANT_ADD_GOLD_SIDAR', 'Amount', 'ARGTYPE_IDENTITY', '1'),
('MODIFIER_SLTH_GREAT_MERCHANT_ADD_GOLD_SIDAR', 'YieldType', 'ARGTYPE_IDENTITY', 'YIELD_GOLD');

INSERT INTO Modifiers(ModifierId, ModifierType, SubjectRequirementSetId) VALUES
('MODIFIER_SLTH_GREAT_PROPHET_ADD_PROD', 'MODIFIER_SINGLE_CITY_ADJUST_YIELD_CHANGE', NULL),
('MODIFIER_SLTH_GREAT_PROPHET_ADD_GOLD', 'MODIFIER_SINGLE_CITY_ADJUST_YIELD_CHANGE', NULL),
('MODIFIER_SLTH_GREAT_PROPHET_ADD_PROD_BLESSED', 'MODIFIER_SINGLE_CITY_ADJUST_YIELD_CHANGE', 'SLTH_HAS_LUONNOTAR_BLESSED_REQS'),
('MODIFIER_SLTH_GREAT_PROPHET_ADD_PROD_DIVINE', 'MODIFIER_SINGLE_CITY_ADJUST_YIELD_CHANGE', 'SLTH_HAS_LUONNOTAR_DIVINE_REQS'),
('MODIFIER_SLTH_GREAT_PROPHET_ADD_PROD_FINAL', 'MODIFIER_SINGLE_CITY_ADJUST_YIELD_CHANGE', 'SLTH_HAS_LUONNOTAR_FINAL_REQS');

INSERT INTO ModifierArguments(ModifierId, Name, Type, Value) VALUES
('MODIFIER_SLTH_GREAT_PROPHET_ADD_PROD', 'Amount', 'ARGTYPE_IDENTITY', '2'),
('MODIFIER_SLTH_GREAT_PROPHET_ADD_PROD', 'YieldType', 'ARGTYPE_IDENTITY', 'YIELD_PRODUCTION'),
('MODIFIER_SLTH_GREAT_PROPHET_ADD_GOLD', 'Amount', 'ARGTYPE_IDENTITY', '5'),
('MODIFIER_SLTH_GREAT_PROPHET_ADD_GOLD', 'YieldType', 'ARGTYPE_IDENTITY', 'YIELD_GOLD'),
('MODIFIER_SLTH_GREAT_PROPHET_ADD_PROD_BLESSED', 'Amount', 'ARGTYPE_IDENTITY', '1'),
('MODIFIER_SLTH_GREAT_PROPHET_ADD_PROD_BLESSED', 'YieldType', 'ARGTYPE_IDENTITY', 'YIELD_PRODUCTION'),
('MODIFIER_SLTH_GREAT_PROPHET_ADD_PROD_DIVINE', 'Amount', 'ARGTYPE_IDENTITY', '1'),
('MODIFIER_SLTH_GREAT_PROPHET_ADD_PROD_DIVINE', 'YieldType', 'ARGTYPE_IDENTITY', 'YIELD_PRODUCTION'),
('MODIFIER_SLTH_GREAT_PROPHET_ADD_PROD_FINAL', 'Amount', 'ARGTYPE_IDENTITY', '1'),
('MODIFIER_SLTH_GREAT_PROPHET_ADD_PROD_FINAL', 'YieldType', 'ARGTYPE_IDENTITY', 'YIELD_PRODUCTION');

INSERT INTO Modifiers(ModifierId, ModifierType, SubjectRequirementSetId) VALUES
('MODIFIER_SLTH_GREAT_SCIENTIST_ADD_PROD', 'MODIFIER_SINGLE_CITY_ADJUST_YIELD_CHANGE', NULL),
('MODIFIER_SLTH_GREAT_SCIENTIST_ADD_SCIENCE', 'MODIFIER_SINGLE_CITY_ADJUST_YIELD_CHANGE', NULL),
('MODIFIER_SLTH_GREAT_SCIENTIST_ADD_SCIENCE_SIDAR', 'MODIFIER_SINGLE_CITY_ADJUST_YIELD_CHANGE', 'SLTH_IS_SIDAR_REQS'),
('MODIFIER_SLTH_GREAT_SCIENTIST_ADD_SCIENCE_GREAT_LIB', 'MODIFIER_SINGLE_CITY_ADJUST_YIELD_CHANGE', 'SLTH_HAS_GREAT_LIBRARY_REQS');

INSERT INTO ModifierArguments(ModifierId, Name, Type, Value) VALUES
('MODIFIER_SLTH_GREAT_SCIENTIST_ADD_PROD', 'Amount', 'ARGTYPE_IDENTITY', '1'),
('MODIFIER_SLTH_GREAT_SCIENTIST_ADD_PROD', 'YieldType', 'ARGTYPE_IDENTITY', 'YIELD_PRODUCTION'),
('MODIFIER_SLTH_GREAT_SCIENTIST_ADD_SCIENCE', 'Amount', 'ARGTYPE_IDENTITY', '6'),
('MODIFIER_SLTH_GREAT_SCIENTIST_ADD_SCIENCE', 'YieldType', 'ARGTYPE_IDENTITY', 'YIELD_SCIENCE'),
('MODIFIER_SLTH_GREAT_SCIENTIST_ADD_SCIENCE_SIDAR', 'Amount', 'ARGTYPE_IDENTITY', '1'),
('MODIFIER_SLTH_GREAT_SCIENTIST_ADD_SCIENCE_SIDAR', 'YieldType', 'ARGTYPE_IDENTITY', 'YIELD_SCIENCE'),
('MODIFIER_SLTH_GREAT_SCIENTIST_ADD_SCIENCE_GREAT_LIB', 'Amount', 'ARGTYPE_IDENTITY', '1'),
('MODIFIER_SLTH_GREAT_SCIENTIST_ADD_SCIENCE_GREAT_LIB', 'YieldType', 'ARGTYPE_IDENTITY', 'YIELD_SCIENCE');

INSERT OR IGNORE INTO Buildings_XP2(BuildingType, Pillage)VALUES
('SLTH_BUILDING_DUMMY_HALL_OF_KINGS_CAMPUS', '0'),
('SLTH_BUILDING_DUMMY_HALL_OF_KINGS_THEATRE', '0'),
('SLTH_BUILDING_DUMMY_HALL_OF_KINGS_HOLY_SITE', '0'),
('SLTH_BUILDING_DUMMY_HALL_OF_KINGS_COMMERCE', '0'),
('SLTH_BUILDING_DUMMY_HALL_OF_KINGS_IZ', '0'),
('SLTH_BUILDING_DUMMY_CASTE_SYSTEM_CAMPUS', '0'),
('SLTH_BUILDING_DUMMY_CASTE_SYSTEM_THEATRE', '0'),
('SLTH_BUILDING_DUMMY_CASTE_SYSTEM_HOLY_SITE', '0'),
('SLTH_BUILDING_DUMMY_CASTE_SYSTEM_COMMERCE', '0'),
('SLTH_BUILDING_DUMMY_CASTE_SYSTEM_IZ', '0'),
('SLTH_BUILDING_DUMMY_SCHOLARSHIP_CAMPUS', '0'),
('SLTH_BUILDING_DUMMY_SCHOLARSHIP_THEATRE', '0'),
('SLTH_BUILDING_DUMMY_SCHOLARSHIP_HOLY_SITE', '0'),
('SLTH_BUILDING_DUMMY_SCHOLARSHIP_COMMERCE', '0'),
('SLTH_BUILDING_DUMMY_SCHOLARSHIP_IZ', '0'),
('SLTH_BUILDING_DUMMY_GREAT_LIBRARY_SPEC', '0'),
('SLTH_BUILDING_DUMMY_THEATRE_OF_DREAMS_SPEC', '0'),
('SLTH_BUILDING_DUMMY_GUILD_OF_HAMMERS_SPEC', '0'),
('SLTH_BUILDING_DUMMY_ALTAR_LUONNOTAR_BLESSED_SPEC', '0'),
('SLTH_BUILDING_DUMMY_ALTAR_LUONNOTAR_DIVINE_SPEC', '0'),
('SLTH_BUILDING_DUMMY_ALTAR_LUONNOTAR_FINAL_SPEC', '0'),
('SLTH_BUILDING_DUMMY_SIDAR_SPEC_CAMPUS', '0'),
('SLTH_BUILDING_DUMMY_SIDAR_SPEC_THEATRE', '0'),
('SLTH_BUILDING_DUMMY_SIDAR_SPEC_COMMERCE', '0'),
('SLTH_BUILDING_DUMMY_SIDAR_SPEC_IZ', '0'),
('SLTH_BUILDING_DUMMY_SCHOLARSHIP_SUPER_SPECIALIST_FLAG', '0'),
('SLTH_BUILDING_DUMMY_CASTE_SYSTEM_SUPER_SPECIALIST_FLAG', '0');

INSERT OR IGNORE INTO CivilopediaPageExcludes(SectionId, PageId) VALUES
('BUILDINGS', 'SLTH_BUILDING_DUMMY_HALL_OF_KINGS_CAMPUS'),
('BUILDINGS', 'SLTH_BUILDING_DUMMY_HALL_OF_KINGS_THEATRE'),
('BUILDINGS', 'SLTH_BUILDING_DUMMY_HALL_OF_KINGS_HOLY_SITE'),
('BUILDINGS', 'SLTH_BUILDING_DUMMY_HALL_OF_KINGS_COMMERCE'),
('BUILDINGS', 'SLTH_BUILDING_DUMMY_HALL_OF_KINGS_IZ'),
('BUILDINGS', 'SLTH_BUILDING_DUMMY_CASTE_SYSTEM_CAMPUS'),
('BUILDINGS', 'SLTH_BUILDING_DUMMY_CASTE_SYSTEM_THEATRE'),
('BUILDINGS', 'SLTH_BUILDING_DUMMY_CASTE_SYSTEM_HOLY_SITE'),
('BUILDINGS', 'SLTH_BUILDING_DUMMY_CASTE_SYSTEM_COMMERCE'),
('BUILDINGS', 'SLTH_BUILDING_DUMMY_CASTE_SYSTEM_IZ'),
('BUILDINGS', 'SLTH_BUILDING_DUMMY_SCHOLARSHIP_CAMPUS'),
('BUILDINGS', 'SLTH_BUILDING_DUMMY_SCHOLARSHIP_THEATRE'),
('BUILDINGS', 'SLTH_BUILDING_DUMMY_SCHOLARSHIP_HOLY_SITE'),
('BUILDINGS', 'SLTH_BUILDING_DUMMY_SCHOLARSHIP_COMMERCE'),
('BUILDINGS', 'SLTH_BUILDING_DUMMY_SCHOLARSHIP_IZ'),
('BUILDINGS', 'SLTH_BUILDING_DUMMY_GREAT_LIBRARY_SPEC'),
('BUILDINGS', 'SLTH_BUILDING_DUMMY_THEATRE_OF_DREAMS_SPEC'),
('BUILDINGS', 'SLTH_BUILDING_DUMMY_GUILD_OF_HAMMERS_SPEC'),
('BUILDINGS', 'SLTH_BUILDING_DUMMY_ALTAR_LUONNOTAR_BLESSED_SPEC'),
('BUILDINGS', 'SLTH_BUILDING_DUMMY_ALTAR_LUONNOTAR_DIVINE_SPEC'),
('BUILDINGS', 'SLTH_BUILDING_DUMMY_ALTAR_LUONNOTAR_FINAL_SPEC'),
('BUILDINGS', 'SLTH_BUILDING_DUMMY_SIDAR_SPEC_CAMPUS'),
('BUILDINGS', 'SLTH_BUILDING_DUMMY_SIDAR_SPEC_THEATRE'),
('BUILDINGS', 'SLTH_BUILDING_DUMMY_SIDAR_SPEC_COMMERCE'),
('BUILDINGS', 'SLTH_BUILDING_DUMMY_SIDAR_SPEC_IZ'),
('BUILDINGS', 'SLTH_BUILDING_DUMMY_SCHOLARSHIP_SUPER_SPECIALIST_FLAG'),
('BUILDINGS', 'SLTH_BUILDING_DUMMY_CASTE_SYSTEM_SUPER_SPECIALIST_FLAG');

INSERT INTO Types(Type, Kind) VALUES
('SLTH_BUILDING_DUMMY_HALL_OF_KINGS_CAMPUS', 'KIND_BUILDING'),
('SLTH_BUILDING_DUMMY_HALL_OF_KINGS_THEATRE', 'KIND_BUILDING'),
('SLTH_BUILDING_DUMMY_HALL_OF_KINGS_HOLY_SITE', 'KIND_BUILDING'),
('SLTH_BUILDING_DUMMY_HALL_OF_KINGS_COMMERCE', 'KIND_BUILDING'),
('SLTH_BUILDING_DUMMY_HALL_OF_KINGS_IZ', 'KIND_BUILDING'),
('SLTH_BUILDING_DUMMY_CASTE_SYSTEM_CAMPUS', 'KIND_BUILDING'),
('SLTH_BUILDING_DUMMY_CASTE_SYSTEM_THEATRE', 'KIND_BUILDING'),
('SLTH_BUILDING_DUMMY_CASTE_SYSTEM_HOLY_SITE', 'KIND_BUILDING'),
('SLTH_BUILDING_DUMMY_CASTE_SYSTEM_COMMERCE', 'KIND_BUILDING'),
('SLTH_BUILDING_DUMMY_CASTE_SYSTEM_IZ', 'KIND_BUILDING'),
('SLTH_BUILDING_DUMMY_SCHOLARSHIP_CAMPUS', 'KIND_BUILDING'),
('SLTH_BUILDING_DUMMY_SCHOLARSHIP_THEATRE', 'KIND_BUILDING'),
('SLTH_BUILDING_DUMMY_SCHOLARSHIP_HOLY_SITE', 'KIND_BUILDING'),
('SLTH_BUILDING_DUMMY_SCHOLARSHIP_COMMERCE', 'KIND_BUILDING'),
('SLTH_BUILDING_DUMMY_SCHOLARSHIP_IZ', 'KIND_BUILDING'),
('SLTH_BUILDING_DUMMY_GREAT_LIBRARY_SPEC', 'KIND_BUILDING'),
('SLTH_BUILDING_DUMMY_THEATRE_OF_DREAMS_SPEC', 'KIND_BUILDING'),
('SLTH_BUILDING_DUMMY_GUILD_OF_HAMMERS_SPEC', 'KIND_BUILDING'),
('SLTH_BUILDING_DUMMY_ALTAR_LUONNOTAR_BLESSED_SPEC', 'KIND_BUILDING'),
('SLTH_BUILDING_DUMMY_ALTAR_LUONNOTAR_DIVINE_SPEC', 'KIND_BUILDING'),
('SLTH_BUILDING_DUMMY_ALTAR_LUONNOTAR_FINAL_SPEC', 'KIND_BUILDING'),
('SLTH_BUILDING_DUMMY_SIDAR_SPEC_CAMPUS', 'KIND_BUILDING'),
('SLTH_BUILDING_DUMMY_SIDAR_SPEC_THEATRE', 'KIND_BUILDING'),
('SLTH_BUILDING_DUMMY_SIDAR_SPEC_COMMERCE', 'KIND_BUILDING'),
('SLTH_BUILDING_DUMMY_SIDAR_SPEC_IZ', 'KIND_BUILDING'),
('SLTH_BUILDING_DUMMY_SCHOLARSHIP_SUPER_SPECIALIST_FLAG', 'KIND_BUILDING'),
('SLTH_BUILDING_DUMMY_CASTE_SYSTEM_SUPER_SPECIALIST_FLAG', 'KIND_BUILDING');
